timestamp,zone_id,demand_units,festival_multiplier,precip_mm,traffic_index,salary_week_flag,temperature_c,is_fraud
2024-01-02 01:00:00,zone_000,35,1.0,0.2,0.16,0,32.8,1
2024-01-02 02:00:00,zone_000,18,1.0,3.0,0.58,0,31.5,1
2024-01-02 15:00:00,zone_000,36,1.0,0.7,0.23,0,34.1,1
2024-01-02 22:00:00,zone_000,26,1.0,0.4,0.15,0,30.8,1
2024-01-03 03:00:00,zone_000,27,1.0,1.3,0.43,1,27.5,1
2024-01-03 10:00:00,zone_000,39,1.0,0.4,0.74,0,39.1,1
2024-01-03 13:00:00,zone_000,30,1.0,0.2,0.53,1,35.2,1
2024-01-03 17:00:00,zone_000,65,1.0,3.7,0.28,1,23.9,1
2024-01-03 22:00:00,zone_000,39,1.0,0.7,0.49,0,33.7,1
2024-01-04 08:00:00,zone_000,29,1.0,2.6,0.24,0,25.7,1
2024-01-04 15:00:00,zone_000,39,1.0,0.8,0.74,0,34.2,1
2024-01-05 14:00:00,zone_000,12,1.0,0.1,0.88,1,34.1,1
2024-01-06 02:00:00,zone_000,66,1.0,5.3,0.58,1,26.5,1
2024-01-06 18:00:00,zone_000,49,1.0,5.0,0.19,1,36.1,1
2024-01-07 02:00:00,zone_000,17,1.0,0.6,0.36,0,30.1,1
2024-01-08 07:00:00,zone_000,50,1.0,2.7,0.35,0,34.2,1
2024-01-08 14:00:00,zone_000,19,1.0,0.6,0.46,0,31.2,1
2024-01-08 16:00:00,zone_000,29,1.0,1.3,0.43,0,27.5,1
2024-01-08 23:00:00,zone_000,50,1.0,0.0,0.58,0,37.2,1
2024-01-09 10:00:00,zone_000,56,1.0,0.3,0.16,0,28.9,1
2024-01-09 14:00:00,zone_000,42,1.0,2.6,0.78,0,30.9,1
2024-01-09 17:00:00,zone_000,227,1.0,0.8,0.7,0,34.2,1
2024-01-11 07:00:00,zone_000,23,1.0,0.6,0.64,1,30.5,1
2024-01-11 14:00:00,zone_000,15,1.0,1.0,0.53,0,32.3,1
2024-01-12 21:00:00,zone_000,12,1.0,0.7,0.79,0,28.0,1
2024-01-13 04:00:00,zone_000,24,1.0,1.3,0.14,0,29.6,1
2024-01-13 06:00:00,zone_000,39,1.0,1.2,0.44,0,24.5,1
2024-01-15 15:00:00,zone_000,69,1.0,0.3,0.59,2,37.9,1
2024-01-16 22:00:00,zone_000,11,1.0,2.3,0.64,0,34.9,1
2024-01-17 09:00:00,zone_000,82,1.0,0.4,0.47,0,33.9,1
2024-01-17 16:00:00,zone_000,14,1.0,0.5,0.3,0,36.3,1
2024-01-18 07:00:00,zone_000,22,1.0,1.9,0.46,0,32.5,1
2024-01-18 09:00:00,zone_000,35,1.0,6.3,0.49,1,30.5,1
2024-01-19 05:00:00,zone_000,16,1.0,0.7,0.33,0,29.5,1
2024-01-20 04:00:00,zone_000,88,1.0,10.5,0.8,0,29.4,1
2024-01-21 00:00:00,zone_000,31,1.0,0.3,0.53,1,30.8,1
2024-01-21 01:00:00,zone_000,20,1.0,1.0,0.75,0,32.2,1
2024-01-21 05:00:00,zone_000,16,1.0,2.0,0.16,0,33.8,1
2024-01-21 08:00:00,zone_000,76,1.0,0.7,0.43,0,28.3,1
2024-01-21 12:00:00,zone_000,34,1.0,2.2,0.72,2,32.1,1
2024-01-22 11:00:00,zone_000,48,1.0,0.5,0.47,1,30.7,1
2024-01-22 20:00:00,zone_000,22,1.0,1.7,0.51,1,25.6,1
2024-01-24 01:00:00,zone_000,37,1.0,4.5,0.76,0,32.1,1
2024-01-25 23:00:00,zone_000,39,1.0,0.3,0.27,0,30.3,1
2024-01-26 03:00:00,zone_000,65,1.0,2.1,0.52,1,37.1,1
2024-01-26 08:00:00,zone_000,13,1.0,2.3,0.61,1,30.0,1
2024-01-27 01:00:00,zone_000,25,1.0,3.0,0.39,0,32.5,1
2024-01-27 09:00:00,zone_000,26,1.0,4.2,0.6,1,29.9,1
2024-01-28 21:00:00,zone_000,57,1.0,10.2,0.81,0,37.4,1
2024-01-29 04:00:00,zone_000,19,1.0,0.2,0.6,0,26.3,1
2024-01-29 23:00:00,zone_000,28,1.0,0.2,0.81,0,30.5,1
2024-01-30 21:00:00,zone_000,35,1.0,0.8,0.64,1,38.7,1
2024-02-01 00:00:00,zone_000,42,1.0,0.9,0.45,0,32.7,1
2024-02-01 06:00:00,zone_000,20,1.0,1.5,0.69,0,32.2,1
2024-02-02 14:00:00,zone_000,40,1.0,1.1,0.32,2,28.0,1
2024-02-02 15:00:00,zone_000,44,1.0,1.1,0.42,1,21.8,1
2024-02-03 01:00:00,zone_000,17,1.0,0.4,0.22,1,38.6,1
2024-02-03 09:00:00,zone_000,25,1.0,1.0,0.81,0,32.6,1
2024-02-03 11:00:00,zone_000,26,1.0,0.8,0.87,0,34.0,1
2024-02-03 15:00:00,zone_000,26,1.0,2.3,0.88,1,29.7,1
2024-02-03 16:00:00,zone_000,62,1.0,0.9,0.29,0,35.5,1
2024-02-05 08:00:00,zone_000,24,1.0,0.2,0.36,1,31.5,1
2024-02-05 16:00:00,zone_000,21,1.0,0.7,0.65,1,31.5,1
2024-02-08 13:00:00,zone_000,15,1.0,0.8,0.32,0,33.5,1
2024-02-08 16:00:00,zone_000,72,1.0,0.6,0.8,1,28.9,1
2024-02-09 04:00:00,zone_000,17,1.0,0.9,0.21,0,33.8,1
2024-02-09 06:00:00,zone_000,45,1.0,0.7,0.37,0,36.5,1
2024-02-09 07:00:00,zone_000,31,1.0,1.6,0.63,0,33.4,1
2024-02-09 08:00:00,zone_000,83,1.0,5.2,0.39,1,28.7,1
2024-02-10 22:00:00,zone_000,20,1.0,1.7,0.42,2,30.9,1
2024-02-11 09:00:00,zone_000,23,1.0,0.7,0.67,0,36.1,1
2024-02-11 21:00:00,zone_000,40,1.0,1.1,0.42,0,25.3,1
2024-02-12 03:00:00,zone_000,36,1.0,1.2,0.75,0,20.3,1
2024-02-12 15:00:00,zone_000,96,1.0,5.0,0.63,0,35.9,1
2024-02-13 05:00:00,zone_000,15,1.0,7.6,0.44,2,28.3,1
2024-02-13 11:00:00,zone_000,32,1.0,4.4,0.6,0,33.3,1
2024-02-13 12:00:00,zone_000,30,1.0,5.4,0.78,0,28.2,1
2024-02-13 15:00:00,zone_000,15,1.0,1.3,0.43,0,26.3,1
2024-02-13 23:00:00,zone_000,23,1.0,1.4,0.34,2,36.5,1
2024-02-14 05:00:00,zone_000,7,1.0,2.9,0.18,0,32.1,1
2024-02-14 19:00:00,zone_000,25,1.0,0.6,0.53,1,32.3,1
2024-02-14 20:00:00,zone_000,15,1.0,0.5,0.49,0,34.8,1
2024-02-15 06:00:00,zone_000,55,1.0,0.2,0.25,0,33.4,1
2024-02-15 13:00:00,zone_000,33,1.0,1.3,0.53,1,35.4,1
2024-02-15 23:00:00,zone_000,30,1.0,2.4,0.76,0,26.9,1
2024-02-16 15:00:00,zone_000,55,1.0,4.8,0.41,0,30.7,1
2024-02-17 02:00:00,zone_000,38,1.0,0.6,0.49,0,29.8,1
2024-02-17 06:00:00,zone_000,29,1.0,0.2,0.41,0,28.3,1
2024-02-17 09:00:00,zone_000,17,1.0,2.8,0.78,0,37.0,1
2024-02-18 01:00:00,zone_000,17,1.0,1.0,0.19,2,34.1,1
2024-02-18 09:00:00,zone_000,104,1.0,0.0,0.11,0,39.1,1
2024-02-18 11:00:00,zone_000,14,1.0,3.3,0.17,1,31.5,1
2024-02-18 14:00:00,zone_000,66,1.0,0.7,0.78,0,34.2,1
2024-02-19 20:00:00,zone_000,32,1.0,1.6,0.36,1,32.1,1
2024-02-19 21:00:00,zone_000,43,1.0,0.6,0.84,0,32.0,1
2024-02-19 23:00:00,zone_000,65,1.0,0.1,0.11,0,36.1,1
2024-02-20 03:00:00,zone_000,43,1.0,2.2,0.26,0,35.5,1
2024-02-20 10:00:00,zone_000,17,1.0,6.7,0.35,1,32.7,1
2024-02-21 00:00:00,zone_000,30,1.0,0.6,0.49,0,29.6,1
2024-02-21 21:00:00,zone_000,17,1.0,1.5,0.55,0,40.7,1
2024-02-22 00:00:00,zone_000,37,1.0,2.2,0.52,0,23.2,1
2024-02-22 03:00:00,zone_000,50,1.0,0.8,0.62,1,33.9,1
2024-02-22 13:00:00,zone_000,34,1.0,0.0,0.25,0,30.8,1
2024-02-22 21:00:00,zone_000,61,1.0,3.9,0.7,0,34.7,1
2024-02-23 14:00:00,zone_000,13,1.0,0.2,0.4,0,34.3,1
2024-02-23 19:00:00,zone_000,115,1.0,0.9,0.55,0,30.0,1
2024-02-24 06:00:00,zone_000,30,1.0,2.0,0.75,0,31.4,1
2024-02-25 21:00:00,zone_000,33,1.0,2.7,0.66,0,36.7,1
2024-02-25 22:00:00,zone_000,41,1.0,1.7,0.38,0,31.0,1
2024-02-26 09:00:00,zone_000,48,1.0,1.0,0.84,0,31.6,1
2024-02-26 19:00:00,zone_000,20,1.0,1.8,0.13,0,33.9,1
2024-02-27 01:00:00,zone_000,21,1.0,0.1,0.85,1,33.3,1
2024-02-28 00:00:00,zone_000,90,1.0,0.2,0.7,0,35.1,1
2024-02-28 19:00:00,zone_000,43,1.0,3.9,0.34,0,28.5,1
2024-02-28 20:00:00,zone_000,41,1.0,0.7,0.43,0,28.2,1
2024-02-29 18:00:00,zone_000,30,1.0,1.2,0.63,0,33.8,1
2024-02-29 22:00:00,zone_000,42,1.0,4.4,0.6,2,34.0,1
2024-03-01 10:00:00,zone_000,38,1.0,0.2,0.59,1,23.8,1
2024-03-01 14:00:00,zone_000,43,1.0,0.2,0.47,0,35.6,1
2024-03-02 10:00:00,zone_000,22,1.0,2.7,0.55,0,28.0,1
2024-03-03 03:00:00,zone_000,118,1.0,0.5,0.46,0,38.5,1
2024-03-03 06:00:00,zone_000,71,1.0,1.1,0.47,0,20.6,1
2024-03-04 21:00:00,zone_000,30,1.0,1.0,0.68,2,34.5,1
2024-03-07 05:00:00,zone_000,34,1.0,0.8,0.51,1,28.3,1
2024-03-07 20:00:00,zone_000,26,1.0,3.6,0.32,1,30.6,1
2024-03-08 14:00:00,zone_000,52,1.0,0.1,0.7,0,33.4,1
2024-03-08 16:00:00,zone_000,84,1.0,0.0,0.43,2,30.1,1
2024-03-08 18:00:00,zone_000,26,1.0,0.9,0.14,0,38.2,1
2024-03-09 08:00:00,zone_000,33,1.0,0.2,0.15,1,29.1,1
2024-03-11 10:00:00,zone_000,44,1.0,1.1,0.55,0,25.9,1
2024-03-11 14:00:00,zone_000,35,1.0,6.1,0.48,2,36.1,1
2024-03-11 15:00:00,zone_000,87,1.0,2.5,0.35,1,33.5,1
2024-03-12 22:00:00,zone_000,25,1.0,1.2,0.74,2,33.0,1
2024-03-12 23:00:00,zone_000,49,1.0,3.8,0.36,2,33.3,1
2024-03-13 10:00:00,zone_000,53,1.0,3.3,0.66,0,39.4,1
2024-03-14 03:00:00,zone_000,65,1.0,0.0,0.37,0,29.0,1
2024-03-14 16:00:00,zone_000,35,1.0,2.7,0.49,0,42.5,1
2024-03-14 22:00:00,zone_000,22,1.0,0.2,0.21,0,31.7,1
2024-03-16 01:00:00,zone_000,32,1.0,0.4,0.2,0,38.0,1
2024-03-16 04:00:00,zone_000,13,1.0,0.6,0.47,0,37.6,1
2024-03-16 07:00:00,zone_000,42,1.0,1.3,0.29,0,33.2,1
2024-03-16 18:00:00,zone_000,29,1.0,2.8,0.84,1,32.7,1
2024-03-17 20:00:00,zone_000,35,1.0,0.4,0.23,0,33.8,1
2024-03-17 23:00:00,zone_000,21,1.0,0.1,0.49,0,33.5,1
2024-03-18 23:00:00,zone_000,29,1.0,0.5,0.33,0,26.8,1
2024-03-19 00:00:00,zone_000,28,1.0,3.8,0.66,0,31.1,1
2024-03-19 04:00:00,zone_000,25,1.0,1.9,0.55,1,34.6,1
2024-03-20 02:00:00,zone_000,43,1.0,0.5,0.33,0,32.6,1
2024-03-20 13:00:00,zone_000,35,1.0,3.0,0.13,0,28.9,1
2024-03-21 18:00:00,zone_000,56,1.0,1.7,0.13,0,33.6,1
2024-03-22 09:00:00,zone_000,23,1.0,0.7,0.27,1,29.3,1
2024-03-22 15:00:00,zone_000,37,1.0,0.9,0.63,0,32.1,1
2024-03-23 00:00:00,zone_000,30,1.0,1.2,0.48,0,33.1,1
2024-03-24 01:00:00,zone_000,47,1.0,3.3,0.75,0,28.4,1
2024-03-24 18:00:00,zone_000,14,1.0,0.0,0.36,0,29.0,1
2024-03-25 06:00:00,zone_000,65,1.0,2.5,0.54,2,31.7,1
2024-03-25 09:00:00,zone_000,36,1.0,1.1,0.18,0,30.1,1
2024-03-25 18:00:00,zone_000,56,1.0,3.4,0.38,0,32.5,1
2024-03-26 10:00:00,zone_000,50,1.0,0.8,0.34,1,27.0,1
2024-03-26 14:00:00,zone_000,16,1.0,0.4,0.87,0,33.7,1
2024-03-27 11:00:00,zone_000,28,1.0,0.6,0.16,0,32.5,1
2024-03-27 18:00:00,zone_000,16,1.0,0.3,0.4,0,30.9,1
2024-03-27 20:00:00,zone_000,25,1.0,3.0,0.43,1,35.3,1
2024-03-28 01:00:00,zone_000,68,1.0,0.5,0.13,0,26.6,1
2024-03-28 03:00:00,zone_000,38,1.0,0.5,0.79,0,33.0,1
2024-03-29 02:00:00,zone_000,47,1.0,0.0,0.34,0,32.1,1
2024-03-29 09:00:00,zone_000,49,1.0,0.7,0.23,0,28.9,1
2024-03-29 19:00:00,zone_000,33,1.0,2.6,0.23,1,33.2,1
2024-03-29 20:00:00,zone_000,46,1.0,0.7,0.26,1,35.8,1
2024-03-30 02:00:00,zone_000,17,1.0,1.5,0.36,0,30.4,1
2024-03-30 07:00:00,zone_000,37,1.0,0.4,0.11,0,35.6,1
2024-03-30 16:00:00,zone_000,33,1.0,0.3,0.32,1,32.1,1
2024-03-31 06:00:00,zone_000,22,1.0,1.4,0.83,0,28.9,1
2024-03-31 08:00:00,zone_000,29,1.0,0.4,0.14,0,33.0,1
2024-03-31 22:00:00,zone_000,30,1.0,1.5,0.29,0,30.5,1
2024-04-01 14:00:00,zone_000,24,1.0,0.9,0.16,0,31.7,1
2024-04-02 03:00:00,zone_000,44,1.0,0.5,0.57,1,30.7,1
2024-04-02 10:00:00,zone_000,94,1.0,2.6,0.28,0,36.6,1
2024-04-02 11:00:00,zone_000,29,1.0,2.5,0.36,0,32.9,1
2024-04-02 17:00:00,zone_000,64,1.0,2.9,0.24,0,24.0,1
2024-04-02 20:00:00,zone_000,13,1.0,1.6,0.87,0,29.8,1
2024-04-02 21:00:00,zone_000,54,1.0,3.3,0.24,1,29.3,1
2024-04-03 00:00:00,zone_000,12,1.0,0.1,0.66,0,29.9,1
2024-04-03 13:00:00,zone_000,34,1.0,0.2,0.57,0,34.7,1
2024-04-03 17:00:00,zone_000,52,1.0,1.9,0.15,0,24.8,1
2024-04-03 19:00:00,zone_000,70,1.0,1.8,0.21,0,35.4,1
2024-04-04 14:00:00,zone_000,39,1.0,0.8,0.8,0,32.6,1
2024-04-04 16:00:00,zone_000,23,1.0,0.0,0.87,1,32.8,1
2024-04-04 19:00:00,zone_000,19,1.0,1.8,0.66,1,34.7,1
2024-04-05 12:00:00,zone_000,34,1.0,1.2,0.11,1,34.6,1
2024-04-05 15:00:00,zone_000,43,1.0,1.5,0.51,0,34.8,1
2024-04-05 19:00:00,zone_000,15,1.0,1.8,0.1,0,31.7,1
2024-04-06 04:00:00,zone_000,43,1.0,2.6,0.79,0,34.7,1
2024-04-06 18:00:00,zone_000,41,1.0,1.3,0.74,1,27.9,1
2024-04-07 10:00:00,zone_000,33,1.0,4.3,0.54,2,31.8,1
2024-04-07 15:00:00,zone_000,25,1.0,2.7,0.28,0,30.9,1
2024-04-07 19:00:00,zone_000,21,1.0,0.9,0.62,0,37.5,1
2024-04-08 15:00:00,zone_000,14,1.0,0.8,0.64,2,32.2,1
2024-04-08 18:00:00,zone_000,30,1.0,0.4,0.19,0,31.2,1
2024-04-09 11:00:00,zone_000,20,1.0,0.9,0.19,1,27.6,1
2024-04-09 19:00:00,zone_000,16,1.0,0.3,0.69,0,32.2,1
2024-04-09 20:00:00,zone_000,20,1.0,0.8,0.8,0,26.1,1
2024-04-10 00:00:00,zone_000,23,1.0,5.0,0.25,0,35.4,1
2024-04-10 01:00:00,zone_000,36,1.0,0.7,0.81,1,34.1,1
2024-04-11 00:00:00,zone_000,15,1.0,1.5,0.5,0,32.7,1
2024-04-11 03:00:00,zone_000,32,1.0,0.1,0.19,0,36.2,1
2024-04-11 15:00:00,zone_000,14,1.0,3.3,0.38,0,37.0,1
2024-04-11 21:00:00,zone_000,37,1.0,9.2,0.4,0,31.5,1
2024-04-12 03:00:00,zone_000,21,1.0,0.9,0.87,0,30.7,1
2024-04-12 10:00:00,zone_000,42,1.0,0.9,0.42,0,26.0,1
2024-04-13 00:00:00,zone_000,22,1.0,3.7,0.45,0,37.9,1
2024-04-13 09:00:00,zone_000,78,1.0,1.2,0.67,0,28.4,1
2024-04-15 00:00:00,zone_000,36,1.0,2.4,0.7,1,26.1,1
2024-04-15 01:00:00,zone_000,147,1.0,2.1,0.26,0,29.0,1
2024-04-15 06:00:00,zone_000,40,1.0,1.3,0.83,0,35.6,1
2024-04-15 13:00:00,zone_000,20,1.0,0.7,0.26,0,33.7,1
2024-04-16 15:00:00,zone_000,52,1.0,0.3,0.46,0,33.5,1
2024-04-16 20:00:00,zone_000,21,1.0,0.8,0.87,0,32.9,1
2024-04-18 01:00:00,zone_000,34,1.0,0.4,0.31,2,34.0,1
2024-04-18 06:00:00,zone_000,60,1.0,1.0,0.7,0,34.5,1
2024-04-18 14:00:00,zone_000,24,1.0,2.0,0.66,0,28.1,1
2024-04-18 17:00:00,zone_000,62,1.0,3.7,0.59,0,33.1,1
2024-04-19 01:00:00,zone_000,34,1.0,1.2,0.42,0,30.1,1
2024-04-19 02:00:00,zone_000,41,1.0,2.8,0.5,1,29.6,1
2024-04-19 11:00:00,zone_000,46,1.0,1.1,0.7,0,33.5,1
2024-04-21 02:00:00,zone_000,50,1.0,1.4,0.67,1,33.8,1
2024-04-22 12:00:00,zone_000,40,1.0,0.6,0.29,0,32.2,1
2024-04-24 21:00:00,zone_000,22,1.0,0.4,0.4,2,37.1,1
2024-04-25 13:00:00,zone_000,15,1.0,2.0,0.61,1,33.2,1
2024-04-25 16:00:00,zone_000,29,1.0,1.2,0.73,0,29.4,1
2024-04-26 15:00:00,zone_000,38,1.0,2.8,0.34,0,29.8,1
2024-04-27 12:00:00,zone_000,28,1.0,0.8,0.15,1,32.3,1
2024-04-27 18:00:00,zone_000,61,1.0,1.2,0.23,1,40.2,1
2024-04-28 14:00:00,zone_000,24,1.0,1.6,0.66,1,33.4,1
2024-04-29 15:00:00,zone_000,41,1.0,0.4,0.51,0,44.9,1
2024-04-29 21:00:00,zone_000,23,1.0,1.2,0.41,0,31.7,1
2024-04-30 00:00:00,zone_000,10,1.0,0.6,0.31,0,30.8,1
2024-04-30 01:00:00,zone_000,11,1.0,2.5,0.61,0,30.6,1
2024-04-30 11:00:00,zone_000,11,1.0,0.8,0.9,0,35.7,1
2024-05-01 00:00:00,zone_000,15,1.0,0.8,0.62,1,31.2,1
2024-05-01 15:00:00,zone_000,63,1.0,1.2,0.42,0,31.9,1
2024-05-01 22:00:00,zone_000,31,1.0,2.8,0.35,1,32.7,1
2024-05-02 09:00:00,zone_000,29,1.0,0.9,0.86,0,26.7,1
2024-05-02 11:00:00,zone_000,27,1.0,0.3,0.16,0,30.0,1
2024-05-02 13:00:00,zone_000,26,1.0,0.0,0.65,1,29.5,1
2024-05-03 02:00:00,zone_000,20,1.0,0.7,0.7,1,37.5,1
2024-05-03 03:00:00,zone_000,79,1.0,0.2,0.27,0,34.6,1
2024-05-03 06:00:00,zone_000,58,1.0,1.6,0.17,1,27.3,1
2024-05-03 16:00:00,zone_000,13,1.0,0.2,0.81,1,32.4,1
2024-05-04 17:00:00,zone_000,29,1.0,1.3,0.13,1,34.1,1
2024-05-04 19:00:00,zone_000,34,1.0,1.1,0.64,1,30.4,1
2024-05-05 13:00:00,zone_000,16,1.0,1.4,0.58,1,34.3,1
2024-05-05 19:00:00,zone_000,43,1.0,1.9,0.83,0,33.3,1
2024-05-06 22:00:00,zone_000,59,1.0,2.5,0.58,0,33.5,1
2024-05-07 08:00:00,zone_000,25,1.0,0.5,0.26,0,28.5,1
2024-05-07 21:00:00,zone_000,46,1.0,1.3,0.73,2,32.1,1
2024-05-08 08:00:00,zone_000,60,1.0,0.4,0.83,1,34.1,1
2024-05-08 09:00:00,zone_000,35,1.0,0.2,0.88,0,28.4,1
2024-05-08 10:00:00,zone_000,12,1.0,3.4,0.44,0,29.5,1
2024-05-08 23:00:00,zone_000,62,1.0,3.4,0.33,0,30.6,1
2024-05-09 14:00:00,zone_000,18,1.0,4.7,0.21,0,29.0,1
2024-05-09 20:00:00,zone_000,30,1.0,4.7,0.18,0,26.3,1
2024-05-10 03:00:00,zone_000,27,1.0,3.4,0.43,1,28.8,1
2024-05-10 06:00:00,zone_000,12,1.0,3.6,0.83,1,25.9,1
2024-05-10 08:00:00,zone_000,34,1.0,2.7,0.14,1,34.3,1
2024-05-10 14:00:00,zone_000,33,1.0,1.4,0.17,0,31.3,1
2024-05-10 22:00:00,zone_000,31,1.0,0.1,0.44,1,33.4,1
2024-05-11 10:00:00,zone_000,19,1.0,0.6,0.11,0,34.5,1
2024-05-11 11:00:00,zone_000,14,1.0,1.3,0.77,2,31.2,1
2024-05-12 05:00:00,zone_000,48,1.0,0.7,0.55,1,31.3,1
2024-05-12 11:00:00,zone_000,42,1.0,1.5,0.61,0,29.3,1
2024-05-13 02:00:00,zone_000,15,1.0,2.6,0.15,1,31.8,1
2024-05-13 10:00:00,zone_000,37,1.0,1.2,0.52,0,31.5,1
2024-05-15 03:00:00,zone_000,56,1.0,0.3,0.44,0,32.4,1
2024-05-15 05:00:00,zone_000,48,1.0,1.6,0.75,0,36.8,1
2024-05-15 11:00:00,zone_000,38,1.0,3.0,0.58,0,38.8,1
2024-05-16 10:00:00,zone_000,20,1.0,0.8,0.72,0,29.1,1
2024-05-17 19:00:00,zone_000,39,1.0,0.1,0.16,1,32.4,1
2024-05-18 00:00:00,zone_000,93,1.0,0.5,0.83,0,28.2,1
2024-05-18 01:00:00,zone_000,19,1.0,0.6,0.51,0,32.4,1
2024-05-18 08:00:00,zone_000,36,1.0,0.1,0.5,0,37.2,1
2024-05-18 11:00:00,zone_000,37,1.0,0.6,0.23,0,31.0,1
2024-05-19 17:00:00,zone_000,34,1.0,0.0,0.55,0,37.5,1
2024-05-20 13:00:00,zone_000,81,1.0,2.7,0.59,0,32.7,1
2024-05-21 23:00:00,zone_000,35,1.0,1.5,0.22,0,38.3,1
2024-05-22 10:00:00,zone_000,17,1.0,1.6,0.88,1,31.4,1
2024-05-22 21:00:00,zone_000,57,1.0,1.2,0.5,0,35.9,1
2024-05-23 07:00:00,zone_000,38,1.0,1.7,0.53,1,35.6,1
2024-05-23 10:00:00,zone_000,35,1.0,3.2,0.15,1,28.0,1
2024-05-24 09:00:00,zone_000,16,1.0,2.8,0.72,0,33.0,1
2024-05-26 03:00:00,zone_000,32,1.0,1.5,0.64,0,25.9,1
2024-05-26 06:00:00,zone_000,60,1.0,2.7,0.4,0,32.2,1
2024-05-27 11:00:00,zone_000,30,1.0,0.8,0.54,0,31.0,1
2024-05-27 12:00:00,zone_000,39,1.0,1.9,0.82,0,42.2,1
2024-05-27 13:00:00,zone_000,68,1.0,1.1,0.63,0,30.5,1
2024-05-27 21:00:00,zone_000,32,1.0,1.3,0.22,0,33.2,1
2024-05-28 03:00:00,zone_000,32,1.0,0.4,0.82,1,31.1,1
2024-05-28 22:00:00,zone_000,17,1.0,0.2,0.51,0,32.7,1
2024-05-28 23:00:00,zone_000,38,1.0,0.7,0.22,0,32.1,1
2024-05-29 01:00:00,zone_000,24,1.0,1.0,0.28,0,37.2,1
2024-05-29 02:00:00,zone_000,22,1.0,0.1,0.13,0,37.1,1
2024-05-29 03:00:00,zone_000,19,1.0,0.8,0.8,0,34.3,1
2024-06-01 06:00:00,zone_000,35,1.0,0.2,0.67,2,30.9,1
2024-06-01 19:00:00,zone_000,44,1.0,0.3,0.84,0,35.8,1
2024-06-01 21:00:00,zone_000,39,1.0,0.6,0.7,1,35.5,1
2024-06-02 14:00:00,zone_000,114,1.0,0.0,0.28,1,34.6,1
2024-06-03 04:00:00,zone_000,56,1.0,0.5,0.5,0,34.0,1
2024-06-03 11:00:00,zone_000,65,1.0,0.7,0.81,2,28.9,1
2024-06-04 07:00:00,zone_000,56,1.0,0.1,0.18,2,27.6,1
2024-06-04 18:00:00,zone_000,27,1.0,0.7,0.74,0,33.3,1
2024-06-06 12:00:00,zone_000,30,1.0,1.9,0.69,0,30.1,1
2024-06-07 15:00:00,zone_000,12,1.0,1.8,0.17,0,31.7,1
2024-06-08 02:00:00,zone_000,27,1.0,1.5,0.67,0,22.4,1
2024-06-09 12:00:00,zone_000,63,1.0,0.7,0.22,0,42.4,1
2024-06-09 23:00:00,zone_000,29,1.0,3.1,0.14,0,29.0,1
2024-06-10 17:00:00,zone_000,36,1.0,0.1,0.25,0,29.4,1
2024-06-11 20:00:00,zone_000,44,1.0,0.4,0.54,0,32.3,1
2024-06-12 04:00:00,zone_000,31,1.0,5.3,0.81,0,36.7,1
2024-06-12 07:00:00,zone_000,32,1.0,1.2,0.15,0,36.9,1
2024-06-12 16:00:00,zone_000,18,1.0,2.1,0.2,0,29.7,1
2024-06-12 19:00:00,zone_000,71,1.0,0.3,0.58,2,27.7,1
2024-06-12 23:00:00,zone_000,40,1.0,1.7,0.74,0,31.4,1
2024-06-13 10:00:00,zone_000,43,1.0,0.3,0.63,1,28.7,1
2024-06-14 03:00:00,zone_000,48,1.0,1.1,0.16,0,36.0,1
2024-06-14 05:00:00,zone_000,39,1.0,3.5,0.37,0,27.9,1
2024-06-14 10:00:00,zone_000,27,1.0,0.2,0.51,0,31.9,1
2024-06-14 17:00:00,zone_000,68,1.0,0.5,0.64,0,31.0,1
2024-06-15 12:00:00,zone_000,11,1.0,1.8,0.81,0,35.4,1
2024-06-15 15:00:00,zone_000,39,1.0,1.1,0.1,0,25.9,1
2024-06-16 13:00:00,zone_000,16,1.0,2.0,0.54,0,28.7,1
2024-06-18 04:00:00,zone_000,48,1.0,1.1,0.22,0,29.7,1
2024-06-18 05:00:00,zone_000,38,1.0,0.3,0.8,0,35.5,1
2024-06-18 08:00:00,zone_000,20,1.0,0.0,0.84,0,32.4,1
2024-06-18 13:00:00,zone_000,56,1.0,0.1,0.49,2,34.4,1
2024-06-19 02:00:00,zone_000,76,1.0,3.4,0.77,0,30.2,1
2024-06-19 22:00:00,zone_000,65,1.0,1.8,0.64,0,34.4,1
2024-06-20 06:00:00,zone_000,58,1.0,2.3,0.62,1,33.4,1
2024-06-20 15:00:00,zone_000,19,1.0,5.0,0.18,1,36.2,1
2024-06-20 20:00:00,zone_000,38,1.0,0.6,0.53,0,31.1,1
2024-06-20 21:00:00,zone_000,19,1.0,0.5,0.34,0,32.2,1
2024-06-21 15:00:00,zone_000,38,1.0,2.3,0.58,0,32.0,1
2024-06-22 16:00:00,zone_000,54,1.0,2.0,0.42,1,26.4,1
2024-06-24 00:00:00,zone_000,37,1.0,0.2,0.38,0,25.1,1
2024-06-24 03:00:00,zone_000,20,1.0,0.2,0.15,0,23.1,1
2024-06-24 09:00:00,zone_000,18,1.0,0.3,0.86,0,34.6,1
2024-06-24 11:00:00,zone_000,25,1.0,3.7,0.74,0,36.7,1
2024-06-25 05:00:00,zone_000,33,1.0,0.9,0.23,0,30.9,1
2024-06-25 19:00:00,zone_000,46,1.0,0.2,0.3,2,32.8,1
2024-06-26 05:00:00,zone_000,19,1.0,1.1,0.3,0,32.2,1
2024-06-26 13:00:00,zone_000,28,1.0,1.0,0.38,0,36.0,1
2024-06-26 23:00:00,zone_000,25,1.0,0.1,0.43,1,30.4,1
2024-06-27 06:00:00,zone_000,32,1.0,1.1,0.75,0,32.6,1
2024-06-28 05:00:00,zone_000,16,1.0,0.5,0.82,0,31.4,1
2024-06-29 19:00:00,zone_000,28,1.0,0.4,0.71,1,31.6,1
2024-06-29 21:00:00,zone_000,36,1.0,1.4,0.68,1,29.3,1
2024-06-30 03:00:00,zone_000,15,1.0,0.9,0.77,0,38.0,1
2024-06-30 08:00:00,zone_000,29,1.0,0.8,0.64,0,31.4,1
2024-06-30 18:00:00,zone_000,38,1.0,2.7,0.39,1,35.9,1
2024-07-01 01:00:00,zone_000,37,1.0,0.9,0.29,1,35.9,1
2024-07-01 15:00:00,zone_000,36,1.0,0.6,0.75,2,38.2,1
2024-07-01 19:00:00,zone_000,16,1.0,0.2,0.49,2,32.2,1
2024-07-01 22:00:00,zone_000,42,1.0,0.9,0.62,1,31.9,1
2024-07-02 00:00:00,zone_000,38,1.0,3.1,0.63,0,31.9,1
2024-07-02 11:00:00,zone_000,39,1.0,0.7,0.37,0,26.9,1
2024-07-02 21:00:00,zone_000,9,1.0,2.0,0.27,0,32.4,1
2024-07-03 19:00:00,zone_000,46,1.0,2.2,0.47,0,27.7,1
2024-07-04 07:00:00,zone_000,34,1.0,4.2,0.52,0,33.1,1
2024-07-04 22:00:00,zone_000,50,1.0,2.8,0.39,0,35.2,1
2024-07-05 04:00:00,zone_000,34,1.0,2.5,0.79,2,31.5,1
2024-07-05 06:00:00,zone_000,38,1.0,1.9,0.26,1,32.1,1
2024-07-05 13:00:00,zone_000,48,1.0,2.9,0.27,1,42.7,1
2024-07-06 04:00:00,zone_000,24,1.0,0.2,0.51,0,29.6,1
2024-07-07 15:00:00,zone_000,48,1.0,0.5,0.39,0,28.2,1
2024-07-07 20:00:00,zone_000,42,1.0,3.0,0.56,0,29.1,1
2024-07-07 23:00:00,zone_000,24,1.0,2.3,0.78,0,32.2,1
2024-07-08 03:00:00,zone_000,48,1.0,1.4,0.5,0,34.8,1
2024-07-08 14:00:00,zone_000,66,1.0,1.7,0.32,0,25.4,1
2024-07-08 17:00:00,zone_000,20,1.0,2.1,0.82,1,43.1,1
2024-07-08 19:00:00,zone_000,28,1.0,1.6,0.65,0,39.0,1
2024-07-09 05:00:00,zone_000,24,1.0,2.6,0.12,0,28.6,1
2024-07-09 09:00:00,zone_000,33,1.0,2.9,0.7,1,30.8,1
2024-07-09 12:00:00,zone_000,49,1.0,0.5,0.89,0,33.8,1
2024-07-09 16:00:00,zone_000,18,1.0,0.9,0.8,0,35.3,1
2024-07-10 07:00:00,zone_000,36,1.0,2.6,0.9,0,31.8,1
2024-07-10 12:00:00,zone_000,28,1.0,2.6,0.9,0,29.1,1
2024-07-11 20:00:00,zone_000,57,1.0,1.5,0.66,0,28.5,1
2024-07-12 14:00:00,zone_000,16,1.0,2.6,0.76,0,30.0,1
2024-07-14 06:00:00,zone_000,22,1.0,0.2,0.75,0,33.7,1
2024-07-14 07:00:00,zone_000,20,1.0,1.2,0.42,0,27.0,1
2024-07-14 19:00:00,zone_000,26,1.0,0.3,0.57,2,21.5,1
2024-07-16 10:00:00,zone_000,16,1.0,3.8,0.37,0,34.1,1
2024-07-16 16:00:00,zone_000,73,1.0,4.5,0.14,0,34.4,1
2024-07-17 01:00:00,zone_000,27,1.0,1.6,0.77,1,40.4,1
2024-07-17 09:00:00,zone_000,46,1.0,0.2,0.48,0,36.0,1
2024-07-18 16:00:00,zone_000,31,1.0,1.6,0.51,2,36.3,1
2024-07-18 21:00:00,zone_000,12,1.0,2.0,0.57,0,33.0,1
2024-07-18 23:00:00,zone_000,47,1.0,0.7,0.35,0,30.6,1
2024-07-19 10:00:00,zone_000,48,1.0,0.7,0.73,0,28.5,1
2024-07-19 14:00:00,zone_000,38,1.0,0.4,0.85,0,35.0,1
2024-07-19 21:00:00,zone_000,30,1.0,0.1,0.24,0,32.3,1
2024-07-20 06:00:00,zone_000,51,1.0,1.8,0.44,1,28.9,1
2024-07-21 10:00:00,zone_000,35,1.0,0.1,0.18,1,28.1,1
2024-07-22 02:00:00,zone_000,24,1.0,0.4,0.46,0,39.4,1
2024-07-22 04:00:00,zone_000,16,1.0,0.7,0.67,0,27.2,1
2024-07-22 08:00:00,zone_000,54,1.0,3.3,0.25,0,35.3,1
2024-07-22 20:00:00,zone_000,24,1.0,0.0,0.85,0,33.8,1
2024-07-24 01:00:00,zone_000,38,1.0,1.9,0.89,0,28.8,1
2024-07-24 03:00:00,zone_000,67,1.0,0.0,0.23,0,36.6,1
2024-07-24 07:00:00,zone_000,37,1.0,1.1,0.34,0,32.8,1
2024-07-25 05:00:00,zone_000,41,1.0,2.1,0.25,0,34.4,1
2024-07-25 16:00:00,zone_000,28,1.0,0.7,0.39,0,35.4,1
2024-07-26 00:00:00,zone_000,28,1.0,0.6,0.22,1,28.8,1
2024-07-26 03:00:00,zone_000,31,1.0,1.5,0.29,2,37.0,1
2024-07-26 08:00:00,zone_000,65,1.0,0.2,0.42,2,31.7,1
2024-07-26 10:00:00,zone_000,40,1.0,5.2,0.81,0,30.1,1
2024-07-26 12:00:00,zone_000,18,1.0,2.3,0.7,0,32.0,1
2024-07-27 05:00:00,zone_000,157,1.0,0.6,0.74,0,29.9,1
2024-07-28 20:00:00,zone_000,98,1.0,0.2,0.77,0,32.7,1
2024-07-29 05:00:00,zone_000,56,1.0,1.9,0.65,0,29.2,1
2024-07-31 09:00:00,zone_000,18,1.0,0.7,0.78,1,29.9,1
2024-07-31 15:00:00,zone_000,34,1.0,2.0,0.77,0,34.7,1
2024-08-01 09:00:00,zone_000,26,1.0,0.9,0.43,0,33.9,1
2024-08-02 00:00:00,zone_000,42,1.0,0.9,0.8,2,31.8,1
2024-08-04 02:00:00,zone_000,27,1.0,0.1,0.72,1,32.9,1
2024-08-04 05:00:00,zone_000,78,1.0,0.2,0.28,0,29.9,1
2024-08-04 06:00:00,zone_000,24,1.0,0.6,0.56,0,27.8,1
2024-08-04 08:00:00,zone_000,43,1.0,0.6,0.68,0,35.5,1
2024-08-04 21:00:00,zone_000,50,1.0,6.0,0.37,1,33.4,1
2024-08-05 21:00:00,zone_000,53,1.0,0.2,0.53,2,34.5,1
2024-08-05 22:00:00,zone_000,81,1.0,7.8,0.37,0,29.3,1
2024-08-05 23:00:00,zone_000,42,1.0,0.9,0.87,0,39.4,1
2024-08-06 00:00:00,zone_000,19,1.0,0.3,0.11,0,33.3,1
2024-08-07 07:00:00,zone_000,40,1.0,0.7,0.79,0,28.0,1
2024-08-07 10:00:00,zone_000,57,1.0,2.3,0.77,0,38.5,1
2024-08-07 18:00:00,zone_000,26,1.0,3.7,0.76,0,29.8,1
2024-08-08 03:00:00,zone_000,44,1.0,3.4,0.72,2,31.1,1
2024-08-08 12:00:00,zone_000,15,1.0,0.5,0.75,1,32.9,1
2024-08-08 15:00:00,zone_000,30,1.0,1.4,0.35,0,36.0,1
2024-08-10 15:00:00,zone_000,25,1.0,8.9,0.79,0,29.9,1
2024-08-11 03:00:00,zone_000,51,1.0,1.8,0.72,0,29.0,1
2024-08-11 08:00:00,zone_000,32,1.0,1.7,0.64,0,32.7,1
2024-08-12 01:00:00,zone_000,10,1.0,1.2,0.31,1,29.3,1
2024-08-12 04:00:00,zone_000,24,1.0,1.2,0.44,0,38.3,1
2024-08-14 14:00:00,zone_000,39,1.0,0.2,0.14,0,36.4,1
2024-08-14 23:00:00,zone_000,80,1.0,1.5,0.21,0,38.4,1
2024-08-15 08:00:00,zone_000,24,1.0,0.8,0.53,0,37.0,1
2024-08-15 17:00:00,zone_000,32,1.0,0.1,0.89,0,37.0,1
2024-08-16 08:00:00,zone_000,88,1.0,5.2,0.32,0,35.1,1
2024-08-16 12:00:00,zone_000,10,1.0,1.2,0.54,1,33.9,1
2024-08-16 14:00:00,zone_000,35,1.0,3.7,0.74,0,22.9,1
2024-08-17 12:00:00,zone_000,29,1.0,2.0,0.23,1,30.3,1
2024-08-18 10:00:00,zone_000,63,1.0,0.8,0.67,0,37.0,1
2024-08-18 14:00:00,zone_000,30,1.0,0.3,0.58,0,34.9,1
2024-08-18 16:00:00,zone_000,19,1.0,2.5,0.59,0,33.3,1
2024-08-19 11:00:00,zone_000,16,1.0,1.2,0.46,0,34.9,1
2024-08-19 12:00:00,zone_000,34,1.0,0.7,0.81,0,29.6,1
2024-08-19 13:00:00,zone_000,55,1.0,1.2,0.64,0,34.8,1
2024-08-19 22:00:00,zone_000,57,1.0,1.7,0.44,1,29.1,1
2024-08-20 00:00:00,zone_000,37,1.0,0.5,0.13,1,31.1,1
2024-08-20 04:00:00,zone_000,27,1.0,1.1,0.68,0,34.5,1
2024-08-20 23:00:00,zone_000,29,1.0,0.5,0.16,1,35.4,1
2024-08-21 19:00:00,zone_000,80,1.0,2.4,0.78,0,31.3,1
2024-08-22 13:00:00,zone_000,39,1.0,1.9,0.79,2,25.4,1
2024-08-23 20:00:00,zone_000,32,1.0,0.0,0.51,1,29.9,1
2024-08-23 22:00:00,zone_000,33,1.0,0.7,0.75,0,36.2,1
2024-08-24 07:00:00,zone_000,33,1.0,0.1,0.86,0,34.1,1
2024-08-25 12:00:00,zone_000,32,1.0,0.9,0.38,0,29.0,1
2024-08-25 14:00:00,zone_000,34,1.0,0.7,0.48,0,39.2,1
2024-08-26 03:00:00,zone_000,26,1.0,0.2,0.38,0,29.8,1
2024-08-26 09:00:00,zone_000,78,1.0,0.4,0.45,0,36.0,1
2024-08-26 14:00:00,zone_000,10,1.0,0.4,0.42,1,28.9,1
2024-08-27 02:00:00,zone_000,24,1.0,0.3,0.49,0,34.7,1
2024-08-27 23:00:00,zone_000,50,1.0,0.5,0.81,1,30.9,1
2024-08-28 08:00:00,zone_000,36,1.0,0.1,0.88,0,27.3,1
2024-08-28 20:00:00,zone_000,17,1.0,0.4,0.53,0,22.9,1
2024-08-28 23:00:00,zone_000,94,1.0,3.6,0.59,0,33.4,1
2024-08-29 02:00:00,zone_000,31,1.0,0.4,0.65,1,32.6,1
2024-08-30 02:00:00,zone_000,57,1.0,2.8,0.8,2,32.6,1
2024-08-30 04:00:00,zone_000,36,1.0,5.4,0.2,0,33.5,1
2024-08-30 20:00:00,zone_000,35,1.0,0.9,0.62,0,27.7,1
2024-08-31 20:00:00,zone_000,44,1.0,2.2,0.2,0,34.6,1
2024-09-01 06:00:00,zone_000,28,1.0,1.2,0.62,0,35.7,1
2024-09-01 10:00:00,zone_000,23,1.0,0.4,0.46,1,33.6,1
2024-09-01 11:00:00,zone_000,23,1.0,0.5,0.26,1,27.5,1
2024-09-01 16:00:00,zone_000,39,1.0,0.4,0.79,0,33.0,1
2024-09-02 08:00:00,zone_000,10,1.0,0.8,0.72,2,25.1,1
2024-09-02 22:00:00,zone_000,30,1.0,2.2,0.22,1,32.8,1
2024-09-04 12:00:00,zone_000,17,1.0,2.1,0.47,1,33.4,1
2024-09-04 22:00:00,zone_000,35,1.0,3.9,0.61,0,31.8,1
2024-09-07 12:00:00,zone_000,36,1.0,0.4,0.35,0,30.4,1
2024-09-09 04:00:00,zone_000,27,1.0,0.3,0.8,0,31.4,1
2024-09-10 02:00:00,zone_000,77,1.0,0.6,0.55,1,30.7,1
2024-09-10 12:00:00,zone_000,31,1.0,4.9,0.86,0,30.7,1
2024-09-10 13:00:00,zone_000,28,1.0,1.6,0.49,1,27.2,1
2024-09-10 15:00:00,zone_000,15,1.0,1.2,0.51,2,35.6,1
2024-09-11 02:00:00,zone_000,37,1.0,0.8,0.75,0,35.8,1
2024-09-11 06:00:00,zone_000,18,1.0,0.0,0.27,0,32.2,1
2024-09-12 18:00:00,zone_000,33,1.0,0.1,0.73,1,32.3,1
2024-09-13 04:00:00,zone_000,15,1.0,1.4,0.81,0,27.0,1
2024-09-13 06:00:00,zone_000,85,1.0,1.6,0.46,0,32.7,1
2024-09-14 00:00:00,zone_000,30,1.0,1.8,0.72,2,28.8,1
2024-09-14 17:00:00,zone_000,22,1.0,0.5,0.8,0,36.3,1
2024-09-15 01:00:00,zone_000,53,1.0,0.4,0.56,1,29.0,1
2024-09-15 18:00:00,zone_000,54,1.0,4.3,0.83,0,30.0,1
2024-09-15 20:00:00,zone_000,26,1.0,1.9,0.12,0,37.7,1
2024-09-16 08:00:00,zone_000,42,1.0,3.1,0.28,0,35.0,1
2024-09-16 13:00:00,zone_000,24,1.0,0.3,0.69,0,34.6,1
2024-09-16 17:00:00,zone_000,9,1.0,4.4,0.88,0,30.6,1
2024-09-16 23:00:00,zone_000,39,1.0,0.2,0.34,0,36.0,1
2024-09-17 11:00:00,zone_000,27,1.0,0.5,0.47,0,34.3,1
2024-09-18 03:00:00,zone_000,53,1.0,0.5,0.71,2,32.9,1
2024-09-18 15:00:00,zone_000,34,1.0,0.0,0.24,0,35.9,1
2024-09-18 20:00:00,zone_000,24,1.0,1.6,0.81,1,30.5,1
2024-09-19 17:00:00,zone_000,54,1.0,0.1,0.44,1,27.7,1
2024-09-19 23:00:00,zone_000,60,1.0,2.1,0.46,1,28.3,1
2024-09-20 19:00:00,zone_000,16,1.0,3.7,0.59,0,24.2,1
2024-09-20 21:00:00,zone_000,28,1.0,0.9,0.19,0,34.4,1
2024-09-20 22:00:00,zone_000,31,1.0,1.5,0.16,0,27.6,1
2024-09-21 06:00:00,zone_000,30,1.0,0.5,0.73,0,27.0,1
2024-09-22 19:00:00,zone_000,34,1.0,1.1,0.26,1,26.0,1
2024-09-22 22:00:00,zone_000,25,1.0,0.7,0.64,2,32.8,1
2024-09-24 23:00:00,zone_000,8,1.0,0.6,0.54,1,35.3,1
2024-09-26 00:00:00,zone_000,18,1.0,0.5,0.86,0,33.6,1
2024-09-26 05:00:00,zone_000,17,1.0,5.1,0.19,1,36.3,1
2024-09-27 21:00:00,zone_000,18,1.0,5.5,0.49,0,30.1,1
2024-09-29 00:00:00,zone_000,33,1.0,2.0,0.85,0,36.5,1
2024-09-29 05:00:00,zone_000,62,1.0,1.4,0.62,1,25.8,1
2024-09-29 06:00:00,zone_000,23,1.0,1.2,0.36,1,25.2,1
2024-09-29 21:00:00,zone_000,44,1.0,1.1,0.63,0,35.5,1
2024-09-30 01:00:00,zone_000,22,1.0,1.2,0.86,0,29.4,1
2024-09-30 05:00:00,zone_000,57,1.0,1.5,0.85,0,34.8,1
2024-09-30 22:00:00,zone_000,35,1.0,3.3,0.74,0,30.4,1
2024-10-02 00:00:00,zone_000,17,1.0,2.3,0.89,0,36.3,1
2024-10-02 02:00:00,zone_000,52,1.0,1.7,0.43,0,33.1,1
2024-10-02 08:00:00,zone_000,22,1.0,0.3,0.4,0,27.5,1
2024-10-02 21:00:00,zone_000,36,1.0,0.6,0.65,0,26.4,1
2024-10-03 20:00:00,zone_000,20,1.0,0.7,0.66,0,31.5,1
2024-10-05 15:00:00,zone_000,20,1.0,0.8,0.28,0,30.9,1
2024-10-05 19:00:00,zone_000,23,1.0,1.8,0.16,0,33.0,1
2024-10-06 09:00:00,zone_000,18,1.0,0.1,0.21,0,37.0,1
2024-10-06 18:00:00,zone_000,12,1.0,3.6,0.28,0,29.1,1
2024-10-07 15:00:00,zone_000,42,1.0,1.1,0.38,0,33.7,1
2024-10-08 20:00:00,zone_000,11,1.0,0.3,0.25,0,33.4,1
2024-10-09 03:00:00,zone_000,33,1.0,0.3,0.87,1,35.7,1
2024-10-10 02:00:00,zone_000,29,1.0,2.7,0.41,0,33.5,1
2024-10-10 04:00:00,zone_000,71,1.0,0.7,0.52,2,31.5,1
2024-10-10 11:00:00,zone_000,76,1.0,0.0,0.13,0,33.9,1
2024-10-10 15:00:00,zone_000,46,1.0,3.0,0.3,0,34.9,1
2024-10-10 21:00:00,zone_000,11,1.0,2.5,0.86,0,31.3,1
2024-10-11 03:00:00,zone_000,25,1.0,0.3,0.76,1,29.2,1
2024-10-11 05:00:00,zone_000,82,1.0,2.3,0.3,1,35.0,1
2024-10-11 18:00:00,zone_000,40,1.0,2.9,0.36,0,26.0,1
2024-10-12 03:00:00,zone_000,21,1.0,0.4,0.73,0,36.4,1
2024-10-12 07:00:00,zone_000,42,1.0,0.1,0.39,2,28.6,1
2024-10-12 12:00:00,zone_000,33,1.0,0.6,0.29,0,39.8,1
2024-10-13 02:00:00,zone_000,57,1.0,0.2,0.23,0,30.0,1
2024-10-13 03:00:00,zone_000,22,1.0,3.0,0.21,0,36.1,1
2024-10-13 11:00:00,zone_000,21,1.0,0.4,0.26,1,38.4,1
2024-10-13 21:00:00,zone_000,22,1.0,2.6,0.47,0,31.0,1
2024-10-14 06:00:00,zone_000,23,1.0,0.3,0.15,1,30.5,1
2024-10-14 15:00:00,zone_000,26,1.0,0.1,0.66,0,34.5,1
2024-10-15 20:00:00,zone_000,37,1.0,1.9,0.28,0,23.4,1
2024-10-16 01:00:00,zone_000,26,1.0,0.4,0.26,2,29.7,1
2024-10-16 03:00:00,zone_000,17,1.0,0.3,0.21,0,32.7,1
2024-10-16 04:00:00,zone_000,26,1.0,3.0,0.57,0,35.5,1
2024-10-16 05:00:00,zone_000,53,1.0,0.2,0.59,0,34.7,1
2024-10-16 16:00:00,zone_000,15,1.0,0.0,0.3,0,24.7,1
2024-10-16 22:00:00,zone_000,125,1.0,1.5,0.51,1,33.1,1
2024-10-17 14:00:00,zone_000,65,1.0,0.4,0.33,0,33.1,1
2024-10-17 21:00:00,zone_000,63,1.0,3.4,0.23,0,32.5,1
2024-10-18 13:00:00,zone_000,25,1.0,1.9,0.17,0,36.1,1
2024-10-19 13:00:00,zone_000,14,1.0,0.0,0.72,2,32.6,1
2024-10-19 22:00:00,zone_000,16,1.0,0.2,0.69,1,28.5,1
2024-10-20 04:00:00,zone_000,15,1.0,7.0,0.64,0,38.7,1
2024-10-20 15:00:00,zone_000,31,1.0,1.6,0.89,1,29.9,1
2024-10-20 20:00:00,zone_000,55,1.0,0.2,0.53,2,35.4,1
2024-10-21 00:00:00,zone_000,28,1.0,3.5,0.61,1,29.2,1
2024-10-21 11:00:00,zone_000,29,1.0,2.1,0.18,0,27.1,1
2024-10-22 06:00:00,zone_000,35,1.0,0.2,0.5,0,25.5,1
2024-10-22 10:00:00,zone_000,26,1.0,0.1,0.67,0,34.5,1
2024-10-23 12:00:00,zone_000,79,1.0,0.5,0.75,1,29.0,1
2024-10-24 17:00:00,zone_000,42,1.0,1.1,0.25,0,39.9,1
2024-10-24 20:00:00,zone_000,65,1.0,1.0,0.36,0,36.9,1
2024-10-25 01:00:00,zone_000,46,1.0,3.1,0.15,0,32.7,1
2024-10-25 08:00:00,zone_000,37,1.0,1.0,0.69,2,36.6,1
2024-10-25 18:00:00,zone_000,26,1.0,0.3,0.18,0,31.3,1
2024-10-26 15:00:00,zone_000,33,1.0,0.4,0.6,1,22.3,1
2024-10-26 17:00:00,zone_000,54,1.0,1.1,0.84,0,34.8,1
2024-10-26 22:00:00,zone_000,80,1.0,4.5,0.56,0,37.7,1
2024-10-27 16:00:00,zone_000,24,1.0,7.3,0.12,0,33.1,1
2024-10-27 18:00:00,zone_000,18,1.0,1.1,0.42,2,35.9,1
2024-10-28 03:00:00,zone_000,32,1.0,0.4,0.77,1,31.9,1
2024-10-28 09:00:00,zone_000,47,1.0,0.0,0.71,1,34.1,1
2024-10-29 13:00:00,zone_000,33,1.0,4.8,0.63,1,33.4,1
2024-10-31 04:00:00,zone_000,23,1.0,2.3,0.37,1,35.9,1
2024-10-31 06:00:00,zone_000,26,1.0,1.9,0.55,0,29.0,1
2024-10-31 10:00:00,zone_000,55,1.0,0.9,0.71,0,27.4,1
2024-10-31 22:00:00,zone_000,39,1.0,1.9,0.4,0,31.3,1
2024-11-01 14:00:00,zone_000,37,1.0,6.0,0.61,0,29.4,1
2024-11-01 18:00:00,zone_000,33,1.0,0.2,0.55,0,28.4,1
2024-11-02 00:00:00,zone_000,26,1.0,0.5,0.49,0,29.3,1
2024-11-02 14:00:00,zone_000,18,1.0,0.3,0.51,0,31.7,1
2024-11-03 00:00:00,zone_000,17,1.0,1.3,0.89,0,34.2,1
2024-11-03 09:00:00,zone_000,44,1.0,1.0,0.25,0,29.2,1
2024-11-05 00:00:00,zone_000,48,1.0,0.3,0.45,0,32.2,1
2024-11-06 11:00:00,zone_000,41,1.0,4.3,0.51,1,41.0,1
2024-11-06 14:00:00,zone_000,19,1.0,0.9,0.85,0,31.5,1
2024-11-07 00:00:00,zone_000,95,1.0,2.1,0.29,0,26.2,1
2024-11-07 05:00:00,zone_000,45,1.0,1.0,0.85,2,36.1,1
2024-11-08 14:00:00,zone_000,48,1.0,0.2,0.35,0,30.9,1
2024-11-08 15:00:00,zone_000,34,1.0,0.5,0.49,1,32.8,1
2024-11-09 05:00:00,zone_000,29,1.0,1.8,0.56,0,33.3,1
2024-11-09 10:00:00,zone_000,36,1.0,0.3,0.7,0,29.7,1
2024-11-11 06:00:00,zone_000,27,1.0,0.9,0.27,0,32.4,1
2024-11-11 17:00:00,zone_000,32,1.0,3.7,0.28,0,28.1,1
2024-11-11 19:00:00,zone_000,16,1.0,0.9,0.75,0,30.7,1
2024-11-11 23:00:00,zone_000,65,1.0,0.5,0.87,0,34.0,1
2024-11-12 16:00:00,zone_000,31,1.0,0.5,0.2,1,32.1,1
2024-11-12 23:00:00,zone_000,24,1.0,0.9,0.18,0,35.7,1
2024-11-13 15:00:00,zone_000,22,1.0,1.8,0.13,0,36.0,1
2024-11-14 00:00:00,zone_000,53,1.0,0.5,0.87,2,29.3,1
2024-11-14 08:00:00,zone_000,11,1.0,1.4,0.58,2,27.5,1
2024-11-15 06:00:00,zone_000,23,1.0,1.7,0.13,0,33.2,1
2024-11-16 10:00:00,zone_000,40,1.0,0.9,0.23,0,34.6,1
2024-11-17 14:00:00,zone_000,28,1.0,1.9,0.31,0,25.9,1
2024-11-17 16:00:00,zone_000,30,1.0,1.6,0.11,2,31.7,1
2024-11-18 04:00:00,zone_000,27,1.0,0.6,0.81,0,30.3,1
2024-11-19 10:00:00,zone_000,19,1.0,0.5,0.68,0,32.4,1
2024-11-19 12:00:00,zone_000,68,1.0,0.8,0.51,1,33.3,1
2024-11-19 18:00:00,zone_000,51,1.0,0.5,0.51,2,36.6,1
2024-11-19 20:00:00,zone_000,28,1.0,3.1,0.37,1,34.5,1
2024-11-20 16:00:00,zone_000,20,1.0,1.0,0.59,0,30.2,1
2024-11-21 18:00:00,zone_000,26,1.0,1.8,0.39,2,31.4,1
2024-11-22 03:00:00,zone_000,29,1.0,0.9,0.6,2,26.9,1
2024-11-22 23:00:00,zone_000,34,1.0,3.7,0.63,0,36.4,1
2024-11-23 11:00:00,zone_000,43,1.0,4.9,0.66,2,32.8,1
2024-11-23 18:00:00,zone_000,50,1.0,0.9,0.23,0,30.3,1
2024-11-25 11:00:00,zone_000,28,1.0,0.7,0.85,0,29.1,1
2024-11-25 17:00:00,zone_000,43,1.0,0.8,0.83,0,32.2,1
2024-11-25 21:00:00,zone_000,26,1.0,0.7,0.57,0,33.0,1
2024-11-26 08:00:00,zone_000,38,1.0,0.4,0.84,1,34.2,1
2024-11-26 20:00:00,zone_000,12,1.0,0.7,0.18,0,27.9,1
2024-11-27 05:00:00,zone_000,33,1.0,2.5,0.72,0,32.2,1
2024-11-27 09:00:00,zone_000,16,1.0,0.3,0.88,0,31.4,1
2024-11-27 20:00:00,zone_000,25,1.0,1.7,0.25,0,36.1,1
2024-11-27 22:00:00,zone_000,55,1.0,1.2,0.21,0,33.6,1
2024-11-28 03:00:00,zone_000,45,1.0,0.4,0.36,0,24.8,1
2024-11-29 11:00:00,zone_000,47,1.0,0.3,0.5,0,34.1,1
2024-11-30 02:00:00,zone_000,95,1.0,0.4,0.25,0,34.6,1
2024-11-30 20:00:00,zone_000,15,1.0,0.1,0.23,0,35.4,1
2024-12-01 14:00:00,zone_000,25,1.0,0.8,0.13,0,26.1,1
2024-12-01 17:00:00,zone_000,28,1.0,3.5,0.42,2,37.8,1
2024-12-03 20:00:00,zone_000,57,1.0,1.2,0.22,0,35.9,1
2024-12-04 00:00:00,zone_000,13,1.0,2.6,0.48,0,29.2,1
2024-12-04 23:00:00,zone_000,31,1.0,1.8,0.51,0,29.3,1
2024-12-05 22:00:00,zone_000,41,1.0,2.3,0.8,0,31.3,1
2024-12-08 20:00:00,zone_000,29,1.0,0.0,0.17,0,28.1,1
2024-12-09 07:00:00,zone_000,20,1.0,0.3,0.85,0,41.5,1
2024-12-10 19:00:00,zone_000,40,1.0,1.2,0.69,0,40.8,1
2024-12-10 22:00:00,zone_000,21,1.0,0.5,0.87,0,33.5,1
2024-12-13 11:00:00,zone_000,30,1.0,3.9,0.6,0,34.8,1
2024-12-13 17:00:00,zone_000,39,1.0,0.6,0.1,0,34.1,1
2024-12-14 04:00:00,zone_000,32,1.0,2.9,0.87,0,33.1,1
2024-12-14 19:00:00,zone_000,20,1.0,0.1,0.57,0,27.6,1
2024-12-15 16:00:00,zone_000,72,1.0,3.1,0.45,0,33.1,1
2024-12-15 18:00:00,zone_000,21,1.0,0.1,0.84,0,30.2,1
2024-12-15 20:00:00,zone_000,52,1.0,0.0,0.14,1,26.9,1
2024-12-16 09:00:00,zone_000,32,1.0,0.2,0.12,0,24.1,1
2024-12-19 11:00:00,zone_000,17,1.0,1.2,0.36,0,32.1,1
2024-12-19 19:00:00,zone_000,20,1.0,1.5,0.54,0,38.6,1
2024-12-20 01:00:00,zone_000,60,1.0,0.7,0.11,0,35.5,1
2024-12-20 09:00:00,zone_000,28,1.0,2.6,0.8,1,28.3,1
2024-12-20 20:00:00,zone_000,20,1.0,0.3,0.52,2,35.0,1
2024-12-21 17:00:00,zone_000,77,1.0,2.0,0.72,0,33.2,1
2024-12-21 19:00:00,zone_000,45,1.0,1.9,0.7,1,35.5,1
2024-12-22 14:00:00,zone_000,31,1.0,0.7,0.24,0,30.1,1
2024-12-22 16:00:00,zone_000,27,1.0,0.6,0.75,0,39.0,1
2024-12-23 15:00:00,zone_000,45,1.0,0.4,0.29,0,31.2,1
2024-12-23 16:00:00,zone_000,28,1.0,1.5,0.72,0,24.2,1
2024-12-25 03:00:00,zone_000,73,1.0,0.9,0.37,1,31.3,1
2024-12-26 13:00:00,zone_000,30,1.0,0.1,0.75,1,34.8,1
2024-12-27 07:00:00,zone_000,72,1.0,4.7,0.55,0,32.0,1
2024-12-27 18:00:00,zone_000,14,1.0,0.0,0.72,0,31.8,1
2024-12-28 17:00:00,zone_000,46,1.0,2.3,0.87,0,34.5,1
2024-12-28 18:00:00,zone_000,36,1.0,3.6,0.25,2,33.7,1
2024-12-29 01:00:00,zone_000,28,1.0,1.4,0.5,0,34.3,1
2024-12-29 03:00:00,zone_000,43,1.0,0.1,0.69,1,38.4,1
2024-12-29 06:00:00,zone_000,43,1.0,4.6,0.52,0,37.2,1
2024-12-30 08:00:00,zone_000,92,1.0,2.0,0.85,0,32.6,1
2024-12-30 20:00:00,zone_000,25,1.0,0.4,0.21,0,37.2,1
2024-01-01 01:00:00,zone_001,18,1.0,2.7,0.54,1,28.7,1
2024-01-01 02:00:00,zone_001,44,1.0,4.1,0.85,0,32.1,1
2024-01-01 07:00:00,zone_001,33,1.0,0.1,0.48,1,28.0,1
2024-01-01 20:00:00,zone_001,53,1.0,0.0,0.27,0,27.4,1
2024-01-02 06:00:00,zone_001,26,1.0,0.1,0.26,0,30.7,1
2024-01-02 11:00:00,zone_001,25,1.0,1.3,0.73,0,34.3,1
2024-01-03 01:00:00,zone_001,35,1.0,0.3,0.35,0,31.9,1
2024-01-04 01:00:00,zone_001,47,1.0,0.6,0.27,1,31.2,1
2024-01-04 07:00:00,zone_001,23,1.0,1.4,0.73,1,33.0,1
2024-01-05 00:00:00,zone_001,35,1.0,1.2,0.78,0,34.1,1
2024-01-05 02:00:00,zone_001,13,1.0,1.2,0.55,0,27.8,1
2024-01-05 17:00:00,zone_001,41,1.0,1.6,0.25,0,31.3,1
2024-01-06 03:00:00,zone_001,78,1.0,0.8,0.13,0,30.0,1
2024-01-07 08:00:00,zone_001,38,1.0,2.8,0.68,0,27.5,1
2024-01-08 08:00:00,zone_001,101,1.0,0.1,0.79,0,37.4,1
2024-01-10 02:00:00,zone_001,29,1.0,0.2,0.43,0,28.0,1
2024-01-10 08:00:00,zone_001,76,1.0,0.2,0.27,0,38.5,1
2024-01-10 15:00:00,zone_001,30,1.0,1.5,0.76,0,27.4,1
2024-01-10 20:00:00,zone_001,73,1.0,1.1,0.88,0,43.5,1
2024-01-11 00:00:00,zone_001,56,1.0,0.1,0.8,0,32.9,1
2024-01-11 14:00:00,zone_001,20,1.0,2.8,0.19,0,34.0,1
2024-01-12 08:00:00,zone_001,18,1.0,0.5,0.5,1,35.1,1
2024-01-12 22:00:00,zone_001,32,1.0,1.4,0.27,1,36.3,1
2024-01-13 11:00:00,zone_001,31,1.0,3.0,0.13,0,32.3,1
2024-01-13 15:00:00,zone_001,41,1.0,0.8,0.44,1,35.1,1
2024-01-13 18:00:00,zone_001,44,1.0,0.7,0.66,1,36.6,1
2024-01-14 11:00:00,zone_001,65,1.0,0.8,0.62,0,20.7,1
2024-01-14 18:00:00,zone_001,27,1.0,1.0,0.47,0,35.9,1
2024-01-15 11:00:00,zone_001,71,1.0,5.0,0.14,0,31.2,1
2024-01-15 20:00:00,zone_001,47,1.0,2.9,0.8,0,23.1,1
2024-01-17 22:00:00,zone_001,20,1.0,2.4,0.13,0,38.9,1
2024-01-18 09:00:00,zone_001,19,1.0,0.1,0.2,1,28.3,1
2024-01-18 12:00:00,zone_001,27,1.0,3.9,0.24,0,33.9,1
2024-01-19 13:00:00,zone_001,56,1.0,1.3,0.64,0,35.6,1
2024-01-20 16:00:00,zone_001,30,1.0,0.9,0.2,0,27.6,1
2024-01-20 21:00:00,zone_001,21,1.0,6.4,0.76,0,31.8,1
2024-01-21 09:00:00,zone_001,22,1.0,0.7,0.65,0,36.9,1
2024-01-21 13:00:00,zone_001,36,1.0,0.9,0.21,0,29.1,1
2024-01-22 09:00:00,zone_001,23,1.0,0.3,0.17,1,27.1,1
2024-01-22 13:00:00,zone_001,26,1.0,0.8,0.46,2,35.1,1
2024-01-22 14:00:00,zone_001,28,1.0,1.5,0.58,0,35.2,1
2024-01-22 22:00:00,zone_001,40,1.0,0.0,0.85,0,26.7,1
2024-01-23 12:00:00,zone_001,50,1.0,0.1,0.75,1,36.0,1
2024-01-23 14:00:00,zone_001,13,1.0,0.1,0.27,1,27.4,1
2024-01-23 19:00:00,zone_001,36,1.0,0.4,0.39,2,34.0,1
2024-01-24 09:00:00,zone_001,34,1.0,0.4,0.54,0,32.7,1
2024-01-24 22:00:00,zone_001,30,1.0,1.9,0.2,1,29.9,1
2024-01-25 04:00:00,zone_001,34,1.0,0.4,0.87,2,29.5,1
2024-01-25 22:00:00,zone_001,38,1.0,0.9,0.84,0,32.5,1
2024-01-26 01:00:00,zone_001,32,1.0,1.0,0.1,0,35.3,1
2024-01-26 10:00:00,zone_001,32,1.0,7.5,0.59,0,35.6,1
2024-01-26 12:00:00,zone_001,39,1.0,5.2,0.82,1,33.4,1
2024-01-26 16:00:00,zone_001,61,1.0,1.5,0.46,0,37.2,1
2024-01-26 19:00:00,zone_001,33,1.0,0.5,0.66,2,33.5,1
2024-01-26 23:00:00,zone_001,23,1.0,0.0,0.4,1,25.8,1
2024-01-27 02:00:00,zone_001,79,1.0,0.0,0.18,1,32.1,1
2024-01-28 13:00:00,zone_001,38,1.0,0.2,0.44,1,28.4,1
2024-01-28 18:00:00,zone_001,24,1.0,0.9,0.23,0,24.0,1
2024-01-28 22:00:00,zone_001,21,1.0,0.0,0.51,0,28.3,1
2024-01-30 08:00:00,zone_001,17,1.0,1.6,0.27,0,26.1,1
2024-01-30 20:00:00,zone_001,73,1.0,0.7,0.79,0,36.8,1
2024-01-31 13:00:00,zone_001,20,1.0,0.1,0.67,0,36.2,1
2024-01-31 20:00:00,zone_001,64,1.0,0.7,0.56,0,31.5,1
2024-02-01 09:00:00,zone_001,36,1.0,2.2,0.39,0,38.7,1
2024-02-01 23:00:00,zone_001,36,1.0,1.7,0.19,0,33.3,1
2024-02-02 06:00:00,zone_001,26,1.0,0.2,0.14,0,36.9,1
2024-02-02 10:00:00,zone_001,28,1.0,0.4,0.26,0,30.1,1
2024-02-02 12:00:00,zone_001,24,1.0,0.5,0.71,0,29.7,1
2024-02-02 13:00:00,zone_001,48,1.0,0.4,0.3,1,33.2,1
2024-02-03 09:00:00,zone_001,44,1.0,2.6,0.26,1,30.4,1
2024-02-05 11:00:00,zone_001,25,1.0,0.3,0.31,0,36.1,1
2024-02-05 21:00:00,zone_001,36,1.0,0.6,0.37,1,36.5,1
2024-02-06 02:00:00,zone_001,110,1.0,2.7,0.76,2,34.0,1
2024-02-06 14:00:00,zone_001,29,1.0,0.1,0.33,0,32.4,1
2024-02-06 22:00:00,zone_001,32,1.0,0.3,0.54,0,36.4,1
2024-02-07 09:00:00,zone_001,63,1.0,4.5,0.13,0,34.3,1
2024-02-07 20:00:00,zone_001,37,1.0,0.3,0.82,0,40.0,1
2024-02-08 10:00:00,zone_001,22,1.0,0.5,0.12,0,32.9,1
2024-02-10 07:00:00,zone_001,26,1.0,1.3,0.62,0,29.1,1
2024-02-10 08:00:00,zone_001,40,1.0,1.3,0.44,0,32.8,1
2024-02-10 20:00:00,zone_001,18,1.0,3.5,0.85,0,30.9,1
2024-02-10 22:00:00,zone_001,36,1.0,3.6,0.53,2,35.4,1
2024-02-10 23:00:00,zone_001,44,1.0,0.3,0.14,2,29.4,1
2024-02-11 13:00:00,zone_001,31,1.0,6.7,0.38,0,34.2,1
2024-02-12 01:00:00,zone_001,4,1.0,2.8,0.17,0,28.8,1
2024-02-12 05:00:00,zone_001,28,1.0,5.4,0.27,0,31.0,1
2024-02-12 10:00:00,zone_001,39,1.0,0.5,0.35,0,28.3,1
2024-02-12 17:00:00,zone_001,36,1.0,0.3,0.39,2,29.3,1
2024-02-13 00:00:00,zone_001,20,1.0,0.1,0.46,0,28.1,1
2024-02-13 08:00:00,zone_001,42,1.0,2.2,0.64,0,30.4,1
2024-02-14 05:00:00,zone_001,22,1.0,2.2,0.67,2,33.6,1
2024-02-14 08:00:00,zone_001,15,1.0,0.7,0.16,0,30.4,1
2024-02-14 10:00:00,zone_001,24,1.0,1.6,0.88,1,23.5,1
2024-02-14 17:00:00,zone_001,97,1.0,0.3,0.86,0,38.2,1
2024-02-15 04:00:00,zone_001,29,1.0,2.1,0.62,1,31.6,1
2024-02-15 09:00:00,zone_001,24,1.0,0.6,0.8,0,35.7,1
2024-02-15 16:00:00,zone_001,27,1.0,1.3,0.15,0,30.0,1
2024-02-16 02:00:00,zone_001,35,1.0,2.0,0.78,1,32.3,1
2024-02-16 10:00:00,zone_001,32,1.0,1.0,0.16,0,37.4,1
2024-02-16 13:00:00,zone_001,19,1.0,0.1,0.41,2,29.5,1
2024-02-16 19:00:00,zone_001,43,1.0,1.1,0.85,0,31.3,1
2024-02-17 18:00:00,zone_001,105,1.0,0.1,0.13,0,31.7,1
2024-02-18 00:00:00,zone_001,49,1.0,0.3,0.14,0,32.5,1
2024-02-19 19:00:00,zone_001,40,1.0,9.7,0.26,0,28.3,1
2024-02-20 17:00:00,zone_001,19,1.0,0.6,0.33,0,33.4,1
2024-02-21 04:00:00,zone_001,22,1.0,0.9,0.45,0,33.3,1
2024-02-21 13:00:00,zone_001,42,1.0,0.8,0.82,0,30.8,1
2024-02-21 22:00:00,zone_001,22,1.0,1.8,0.83,0,38.2,1
2024-02-22 18:00:00,zone_001,29,1.0,0.0,0.55,0,29.2,1
2024-02-22 21:00:00,zone_001,49,1.0,0.5,0.23,0,26.2,1
2024-02-23 13:00:00,zone_001,41,1.0,1.2,0.27,0,27.4,1
2024-02-23 16:00:00,zone_001,41,1.0,0.2,0.6,0,33.3,1
2024-02-23 17:00:00,zone_001,13,1.0,0.9,0.62,0,30.9,1
2024-02-24 10:00:00,zone_001,41,1.0,4.0,0.31,1,35.1,1
2024-02-24 18:00:00,zone_001,28,1.0,2.5,0.12,1,36.5,1
2024-02-26 04:00:00,zone_001,63,1.0,2.5,0.53,0,37.9,1
2024-02-26 17:00:00,zone_001,46,1.0,2.3,0.62,0,33.2,1
2024-02-26 19:00:00,zone_001,28,1.0,3.3,0.38,1,32.1,1
2024-02-26 23:00:00,zone_001,35,1.0,0.6,0.35,0,33.0,1
2024-02-27 00:00:00,zone_001,18,1.0,1.0,0.53,0,31.4,1
2024-02-27 15:00:00,zone_001,37,1.0,1.2,0.78,2,27.9,1
2024-02-28 00:00:00,zone_001,16,1.0,1.5,0.87,0,33.6,1
2024-02-28 09:00:00,zone_001,38,1.0,0.2,0.34,0,31.1,1
2024-02-28 18:00:00,zone_001,52,1.0,1.1,0.85,0,34.6,1
2024-02-29 00:00:00,zone_001,43,1.0,6.8,0.8,0,33.9,1
2024-03-01 02:00:00,zone_001,34,1.0,3.0,0.11,1,32.0,1
2024-03-01 05:00:00,zone_001,70,1.0,1.7,0.14,0,32.1,1
2024-03-01 08:00:00,zone_001,23,1.0,0.1,0.4,0,32.1,1
2024-03-01 15:00:00,zone_001,51,1.0,0.5,0.24,0,34.6,1
2024-03-02 01:00:00,zone_001,23,1.0,4.3,0.4,0,27.6,1
2024-03-02 03:00:00,zone_001,25,1.0,2.0,0.5,0,31.6,1
2024-03-02 07:00:00,zone_001,21,1.0,7.0,0.87,0,24.9,1
2024-03-02 13:00:00,zone_001,15,1.0,3.7,0.55,1,31.4,1
2024-03-02 14:00:00,zone_001,50,1.0,0.7,0.26,1,30.0,1
2024-03-02 16:00:00,zone_001,23,1.0,0.2,0.23,0,36.7,1
2024-03-02 17:00:00,zone_001,26,1.0,3.2,0.46,0,28.7,1
2024-03-03 04:00:00,zone_001,22,1.0,1.5,0.46,0,33.6,1
2024-03-03 18:00:00,zone_001,31,1.0,0.6,0.32,0,35.4,1
2024-03-04 04:00:00,zone_001,40,1.0,2.3,0.81,0,26.2,1
2024-03-04 21:00:00,zone_001,34,1.0,0.8,0.72,1,35.3,1
2024-03-05 13:00:00,zone_001,34,1.0,0.3,0.43,1,28.6,1
2024-03-05 16:00:00,zone_001,49,1.0,2.5,0.73,2,33.3,1
2024-03-05 19:00:00,zone_001,61,1.0,0.2,0.76,2,39.4,1
2024-03-07 01:00:00,zone_001,51,1.0,2.4,0.55,2,31.8,1
2024-03-08 15:00:00,zone_001,28,1.0,1.1,0.86,2,30.3,1
2024-03-09 03:00:00,zone_001,26,1.0,1.3,0.37,0,28.1,1
2024-03-09 17:00:00,zone_001,33,1.0,2.0,0.51,0,21.3,1
2024-03-10 15:00:00,zone_001,38,1.0,0.2,0.57,2,40.2,1
2024-03-11 00:00:00,zone_001,25,1.0,1.9,0.48,2,31.8,1
2024-03-11 05:00:00,zone_001,48,1.0,0.7,0.61,0,29.9,1
2024-03-12 13:00:00,zone_001,85,1.0,2.6,0.26,0,25.5,1
2024-03-13 00:00:00,zone_001,22,1.0,1.5,0.71,0,30.4,1
2024-03-13 16:00:00,zone_001,48,1.0,0.2,0.12,1,36.7,1
2024-03-14 00:00:00,zone_001,16,1.0,3.5,0.46,0,32.3,1
2024-03-14 15:00:00,zone_001,58,1.0,0.1,0.28,0,37.6,1
2024-03-14 16:00:00,zone_001,33,1.0,0.6,0.73,0,32.3,1
2024-03-14 21:00:00,zone_001,14,1.0,0.4,0.35,0,29.7,1
2024-03-15 02:00:00,zone_001,84,1.0,0.4,0.36,0,29.5,1
2024-03-15 10:00:00,zone_001,52,1.0,5.6,0.32,0,32.4,1
2024-03-15 14:00:00,zone_001,16,1.0,3.3,0.77,0,34.6,1
2024-03-15 19:00:00,zone_001,37,1.0,3.8,0.33,0,26.5,1
2024-03-15 21:00:00,zone_001,31,1.0,0.1,0.62,0,34.5,1
2024-03-16 16:00:00,zone_001,26,1.0,1.9,0.21,0,31.8,1
2024-03-16 22:00:00,zone_001,10,1.0,2.3,0.37,0,32.9,1
2024-03-17 00:00:00,zone_001,17,1.0,2.8,0.26,0,22.7,1
2024-03-17 18:00:00,zone_001,18,1.0,2.6,0.44,1,39.0,1
2024-03-18 12:00:00,zone_001,41,1.0,3.8,0.12,0,22.8,1
2024-03-18 18:00:00,zone_001,23,1.0,4.2,0.45,2,29.2,1
2024-03-19 09:00:00,zone_001,56,1.0,2.5,0.28,1,27.6,1
2024-03-20 05:00:00,zone_001,53,1.0,0.8,0.47,0,27.9,1
2024-03-20 21:00:00,zone_001,25,1.0,2.7,0.18,0,31.7,1
2024-03-22 06:00:00,zone_001,95,1.0,2.7,0.78,1,36.3,1
2024-03-22 08:00:00,zone_001,12,1.0,0.7,0.7,0,33.4,1
2024-03-22 14:00:00,zone_001,36,1.0,0.5,0.23,0,30.3,1
2024-03-24 04:00:00,zone_001,31,1.0,0.2,0.45,0,25.1,1
2024-03-24 22:00:00,zone_001,36,1.0,2.5,0.19,0,36.1,1
2024-03-25 15:00:00,zone_001,34,1.0,0.2,0.14,0,33.1,1
2024-03-25 20:00:00,zone_001,26,1.0,0.5,0.18,0,29.3,1
2024-03-26 14:00:00,zone_001,27,1.0,1.3,0.61,1,27.1,1
2024-03-29 13:00:00,zone_001,21,1.0,0.6,0.5,1,20.4,1
2024-03-29 20:00:00,zone_001,43,1.0,1.7,0.14,1,37.5,1
2024-03-30 00:00:00,zone_001,23,1.0,0.1,0.11,0,35.0,1
2024-03-30 14:00:00,zone_001,39,1.0,2.4,0.45,0,38.7,1
2024-03-30 16:00:00,zone_001,43,1.0,1.8,0.75,0,28.6,1
2024-03-30 18:00:00,zone_001,32,1.0,0.8,0.46,0,34.9,1
2024-03-31 12:00:00,zone_001,34,1.0,0.1,0.13,2,38.4,1
2024-03-31 17:00:00,zone_001,9,1.0,2.8,0.47,0,38.6,1
2024-04-01 03:00:00,zone_001,22,1.0,7.3,0.89,0,29.7,1
2024-04-01 09:00:00,zone_001,23,1.0,0.1,0.62,2,36.4,1
2024-04-02 12:00:00,zone_001,38,1.0,0.7,0.28,0,30.8,1
2024-04-02 13:00:00,zone_001,27,1.0,1.8,0.19,1,31.4,1
2024-04-02 15:00:00,zone_001,53,1.0,2.2,0.29,0,29.1,1
2024-04-02 21:00:00,zone_001,31,1.0,3.2,0.41,0,37.7,1
2024-04-03 15:00:00,zone_001,32,1.0,0.2,0.79,0,43.0,1
2024-04-04 09:00:00,zone_001,36,1.0,0.5,0.5,1,28.9,1
2024-04-04 20:00:00,zone_001,41,1.0,0.9,0.17,0,33.7,1
2024-04-05 14:00:00,zone_001,22,1.0,1.9,0.45,0,33.6,1
2024-04-05 19:00:00,zone_001,18,1.0,1.4,0.83,0,37.1,1
2024-04-06 15:00:00,zone_001,51,1.0,5.3,0.69,0,34.4,1
2024-04-06 23:00:00,zone_001,7,1.0,1.1,0.6,0,33.5,1
2024-04-07 04:00:00,zone_001,35,1.0,4.1,0.71,0,27.9,1
2024-04-07 22:00:00,zone_001,53,1.0,2.8,0.25,0,27.7,1
2024-04-08 13:00:00,zone_001,19,1.0,0.9,0.79,0,33.0,1
2024-04-09 01:00:00,zone_001,25,1.0,0.3,0.21,0,38.1,1
2024-04-09 13:00:00,zone_001,31,1.0,6.5,0.73,0,24.8,1
2024-04-10 21:00:00,zone_001,48,1.0,3.1,0.13,0,25.0,1
2024-04-10 22:00:00,zone_001,27,1.0,1.7,0.8,0,33.9,1
2024-04-11 10:00:00,zone_001,50,1.0,0.7,0.41,0,28.7,1
2024-04-11 15:00:00,zone_001,52,1.0,0.2,0.66,1,30.3,1
2024-04-11 21:00:00,zone_001,41,1.0,0.0,0.14,0,36.1,1
2024-04-12 15:00:00,zone_001,50,1.0,1.3,0.18,0,26.4,1
2024-04-12 19:00:00,zone_001,29,1.0,5.2,0.66,0,31.7,1
2024-04-13 07:00:00,zone_001,29,1.0,0.9,0.73,0,35.2,1
2024-04-13 08:00:00,zone_001,58,1.0,2.6,0.46,0,28.7,1
2024-04-13 12:00:00,zone_001,31,1.0,0.8,0.42,0,27.8,1
2024-04-13 21:00:00,zone_001,28,1.0,1.0,0.35,0,39.1,1
2024-04-14 12:00:00,zone_001,61,1.0,2.9,0.65,0,30.8,1
2024-04-14 14:00:00,zone_001,25,1.0,0.3,0.83,2,33.5,1
2024-04-14 22:00:00,zone_001,20,1.0,0.2,0.18,0,34.9,1
2024-04-14 23:00:00,zone_001,96,1.0,3.1,0.71,0,30.6,1
2024-04-15 11:00:00,zone_001,59,1.0,0.5,0.15,1,32.7,1
2024-04-16 05:00:00,zone_001,31,1.0,0.6,0.31,0,32.9,1
2024-04-16 12:00:00,zone_001,40,1.0,1.0,0.88,0,31.4,1
2024-04-16 14:00:00,zone_001,22,1.0,2.2,0.38,1,33.7,1
2024-04-17 14:00:00,zone_001,33,1.0,2.8,0.36,2,34.2,1
2024-04-17 21:00:00,zone_001,16,1.0,1.7,0.49,1,31.1,1
2024-04-18 11:00:00,zone_001,29,1.0,0.6,0.2,0,28.3,1
2024-04-19 18:00:00,zone_001,23,1.0,1.4,0.59,1,35.5,1
2024-04-20 17:00:00,zone_001,28,1.0,0.7,0.81,0,37.4,1
2024-04-20 22:00:00,zone_001,27,1.0,0.6,0.6,0,29.7,1
2024-04-21 10:00:00,zone_001,18,1.0,0.0,0.25,1,32.9,1
2024-04-21 12:00:00,zone_001,62,1.0,4.1,0.88,0,32.7,1
2024-04-22 00:00:00,zone_001,14,1.0,1.7,0.73,0,26.6,1
2024-04-22 01:00:00,zone_001,24,1.0,2.0,0.56,1,34.2,1
2024-04-22 06:00:00,zone_001,44,1.0,0.2,0.78,0,30.3,1
2024-04-24 11:00:00,zone_001,59,1.0,3.2,0.42,0,32.0,1
2024-04-24 23:00:00,zone_001,63,1.0,3.0,0.31,0,41.5,1
2024-04-25 04:00:00,zone_001,39,1.0,0.7,0.24,0,30.8,1
2024-04-25 10:00:00,zone_001,40,1.0,1.2,0.12,0,29.9,1
2024-04-26 00:00:00,zone_001,63,1.0,2.7,0.1,0,24.5,1
2024-04-26 06:00:00,zone_001,31,1.0,0.7,0.39,0,39.7,1
2024-04-26 09:00:00,zone_001,41,1.0,1.3,0.57,0,25.7,1
2024-04-26 15:00:00,zone_001,36,1.0,0.9,0.3,2,32.8,1
2024-04-26 20:00:00,zone_001,33,1.0,0.0,0.55,1,30.7,1
2024-04-26 21:00:00,zone_001,36,1.0,2.2,0.2,0,31.7,1
2024-04-27 05:00:00,zone_001,24,1.0,0.1,0.65,0,33.6,1
2024-04-27 09:00:00,zone_001,60,1.0,0.1,0.63,2,36.1,1
2024-04-27 20:00:00,zone_001,20,1.0,2.8,0.51,1,38.5,1
2024-04-29 00:00:00,zone_001,52,1.0,0.3,0.11,0,33.1,1
2024-04-29 03:00:00,zone_001,28,1.0,0.0,0.57,0,28.1,1
2024-04-29 19:00:00,zone_001,32,1.0,1.2,0.39,0,36.3,1
2024-04-29 21:00:00,zone_001,29,1.0,0.5,0.24,0,30.3,1
2024-04-30 02:00:00,zone_001,7,1.0,0.9,0.4,0,37.1,1
2024-04-30 17:00:00,zone_001,43,1.0,2.8,0.79,0,33.3,1
2024-05-01 03:00:00,zone_001,31,1.0,3.0,0.25,0,30.2,1
2024-05-01 22:00:00,zone_001,8,1.0,2.7,0.8,0,30.2,1
2024-05-02 08:00:00,zone_001,17,1.0,3.8,0.24,0,34.6,1
2024-05-03 12:00:00,zone_001,23,1.0,3.6,0.27,1,34.9,1
2024-05-04 22:00:00,zone_001,37,1.0,4.2,0.65,1,27.5,1
2024-05-05 12:00:00,zone_001,41,1.0,0.9,0.52,1,26.7,1
2024-05-06 00:00:00,zone_001,37,1.0,0.4,0.36,1,25.7,1
2024-05-06 04:00:00,zone_001,46,1.0,2.3,0.46,1,35.6,1
2024-05-06 12:00:00,zone_001,22,1.0,1.1,0.49,0,29.2,1
2024-05-07 14:00:00,zone_001,61,1.0,0.1,0.52,2,31.1,1
2024-05-09 05:00:00,zone_001,45,1.0,5.6,0.35,0,24.6,1
2024-05-09 22:00:00,zone_001,24,1.0,1.8,0.6,0,29.2,1
2024-05-12 08:00:00,zone_001,24,1.0,0.3,0.35,1,31.7,1
2024-05-12 11:00:00,zone_001,54,1.0,1.4,0.74,0,31.2,1
2024-05-12 13:00:00,zone_001,49,1.0,2.3,0.62,0,28.3,1
2024-05-12 20:00:00,zone_001,18,1.0,0.6,0.61,0,35.4,1
2024-05-12 23:00:00,zone_001,27,1.0,0.0,0.87,0,29.5,1
2024-05-14 00:00:00,zone_001,16,1.0,0.8,0.28,0,31.8,1
2024-05-14 12:00:00,zone_001,77,1.0,0.3,0.28,2,35.3,1
2024-05-15 01:00:00,zone_001,28,1.0,1.8,0.64,0,29.9,1
2024-05-15 05:00:00,zone_001,44,1.0,2.1,0.9,1,29.6,1
2024-05-15 07:00:00,zone_001,27,1.0,1.4,0.11,0,35.4,1
2024-05-15 13:00:00,zone_001,33,1.0,0.1,0.8,0,26.1,1
2024-05-16 06:00:00,zone_001,18,1.0,0.0,0.7,0,24.0,1
2024-05-17 14:00:00,zone_001,36,1.0,0.1,0.82,0,23.5,1
2024-05-19 12:00:00,zone_001,28,1.0,2.2,0.24,1,35.2,1
2024-05-20 03:00:00,zone_001,51,1.0,1.7,0.68,0,35.9,1
2024-05-21 08:00:00,zone_001,18,1.0,1.9,0.21,0,28.4,1
2024-05-21 20:00:00,zone_001,46,1.0,0.1,0.57,0,22.2,1
2024-05-22 06:00:00,zone_001,28,1.0,0.2,0.82,0,37.5,1
2024-05-22 17:00:00,zone_001,40,1.0,0.2,0.5,0,37.3,1
2024-05-23 01:00:00,zone_001,47,1.0,2.0,0.2,0,30.0,1
2024-05-23 20:00:00,zone_001,61,1.0,0.7,0.62,0,32.8,1
2024-05-24 01:00:00,zone_001,33,1.0,2.7,0.1,0,34.1,1
2024-05-24 13:00:00,zone_001,38,1.0,0.1,0.79,1,29.5,1
2024-05-25 12:00:00,zone_001,50,1.0,0.6,0.41,1,39.5,1
2024-05-25 16:00:00,zone_001,59,1.0,0.0,0.56,0,32.1,1
2024-05-25 20:00:00,zone_001,31,1.0,1.6,0.74,0,32.9,1
2024-05-25 21:00:00,zone_001,57,1.0,4.0,0.54,0,36.7,1
2024-05-26 03:00:00,zone_001,21,1.0,1.9,0.32,0,34.5,1
2024-05-27 02:00:00,zone_001,17,1.0,1.2,0.29,1,31.0,1
2024-05-27 15:00:00,zone_001,21,1.0,1.4,0.56,0,31.4,1
2024-05-28 09:00:00,zone_001,12,1.0,1.7,0.45,1,31.1,1
2024-05-29 06:00:00,zone_001,48,1.0,0.3,0.41,0,31.7,1
2024-05-30 07:00:00,zone_001,47,1.0,6.9,0.2,1,34.2,1
2024-05-30 12:00:00,zone_001,20,1.0,0.7,0.31,1,32.6,1
2024-06-02 00:00:00,zone_001,39,1.0,1.3,0.19,0,33.7,1
2024-06-02 02:00:00,zone_001,29,1.0,1.3,0.7,1,32.5,1
2024-06-02 10:00:00,zone_001,16,1.0,1.2,0.41,0,30.6,1
2024-06-02 19:00:00,zone_001,43,1.0,0.4,0.82,0,34.6,1
2024-06-03 12:00:00,zone_001,48,1.0,3.5,0.52,0,25.3,1
2024-06-05 00:00:00,zone_001,59,1.0,2.2,0.33,0,31.7,1
2024-06-06 01:00:00,zone_001,33,1.0,0.5,0.16,0,27.9,1
2024-06-06 03:00:00,zone_001,37,1.0,0.3,0.33,0,31.1,1
2024-06-06 18:00:00,zone_001,36,1.0,0.2,0.78,2,29.9,1
2024-06-06 22:00:00,zone_001,14,1.0,0.3,0.28,0,27.8,1
2024-06-08 06:00:00,zone_001,74,1.0,0.4,0.33,1,35.6,1
2024-06-08 21:00:00,zone_001,49,1.0,2.8,0.27,0,32.0,1
2024-06-09 07:00:00,zone_001,11,1.0,0.5,0.21,1,36.3,1
2024-06-09 18:00:00,zone_001,37,1.0,1.0,0.36,0,40.2,1
2024-06-09 23:00:00,zone_001,10,1.0,0.6,0.1,0,33.8,1
2024-06-11 05:00:00,zone_001,35,1.0,1.3,0.84,2,27.5,1
2024-06-11 11:00:00,zone_001,27,1.0,1.0,0.87,2,32.9,1
2024-06-12 17:00:00,zone_001,27,1.0,0.9,0.36,0,27.1,1
2024-06-12 23:00:00,zone_001,67,1.0,0.3,0.72,0,28.3,1
2024-06-13 05:00:00,zone_001,20,1.0,1.2,0.28,0,36.9,1
2024-06-13 08:00:00,zone_001,52,1.0,0.2,0.89,1,31.1,1
2024-06-14 01:00:00,zone_001,20,1.0,0.1,0.84,0,30.2,1
2024-06-14 10:00:00,zone_001,44,1.0,1.6,0.37,0,26.9,1
2024-06-14 11:00:00,zone_001,15,1.0,2.0,0.33,1,32.0,1
2024-06-15 02:00:00,zone_001,22,1.0,1.1,0.55,0,30.6,1
2024-06-15 16:00:00,zone_001,65,1.0,3.8,0.76,1,30.6,1
2024-06-15 18:00:00,zone_001,34,1.0,0.3,0.7,0,37.8,1
2024-06-15 19:00:00,zone_001,36,1.0,4.3,0.81,0,36.3,1
2024-06-15 23:00:00,zone_001,29,1.0,1.6,0.62,0,34.5,1
2024-06-16 07:00:00,zone_001,19,1.0,1.2,0.49,0,34.7,1
2024-06-16 19:00:00,zone_001,20,1.0,0.1,0.67,0,33.3,1
2024-06-17 20:00:00,zone_001,47,1.0,1.1,0.6,2,39.6,1
2024-06-18 01:00:00,zone_001,18,1.0,0.6,0.4,0,39.6,1
2024-06-18 05:00:00,zone_001,36,1.0,0.4,0.32,0,26.0,1
2024-06-19 19:00:00,zone_001,75,1.0,6.2,0.27,0,32.2,1
2024-06-20 05:00:00,zone_001,36,1.0,1.9,0.41,0,31.8,1
2024-06-20 14:00:00,zone_001,50,1.0,4.2,0.62,0,34.2,1
2024-06-20 15:00:00,zone_001,38,1.0,2.9,0.56,0,33.2,1
2024-06-21 23:00:00,zone_001,79,1.0,4.3,0.4,0,39.8,1
2024-06-22 02:00:00,zone_001,39,1.0,1.3,0.37,1,27.3,1
2024-06-22 08:00:00,zone_001,40,1.0,0.5,0.81,1,34.9,1
2024-06-22 20:00:00,zone_001,32,1.0,0.0,0.22,0,35.8,1
2024-06-23 08:00:00,zone_001,50,1.0,1.1,0.41,0,29.6,1
2024-06-24 20:00:00,zone_001,31,1.0,0.3,0.84,1,31.9,1
2024-06-25 18:00:00,zone_001,20,1.0,1.2,0.38,0,38.5,1
2024-06-25 20:00:00,zone_001,21,1.0,1.3,0.27,0,34.2,1
2024-06-25 23:00:00,zone_001,45,1.0,1.0,0.49,0,34.6,1
2024-06-26 01:00:00,zone_001,56,1.0,1.8,0.5,0,26.8,1
2024-06-26 11:00:00,zone_001,30,1.0,2.2,0.22,0,30.6,1
2024-06-27 04:00:00,zone_001,24,1.0,0.1,0.71,0,28.7,1
2024-06-29 00:00:00,zone_001,27,1.0,0.5,0.22,0,35.8,1
2024-06-29 14:00:00,zone_001,45,1.0,1.3,0.85,0,33.4,1
2024-06-30 20:00:00,zone_001,9,1.0,2.3,0.14,1,36.8,1
2024-07-01 09:00:00,zone_001,44,1.0,3.7,0.28,0,28.7,1
2024-07-02 17:00:00,zone_001,20,1.0,1.7,0.17,2,33.6,1
2024-07-02 18:00:00,zone_001,58,1.0,2.8,0.39,0,35.2,1
2024-07-02 21:00:00,zone_001,45,1.0,5.9,0.68,2,30.7,1
2024-07-03 04:00:00,zone_001,18,1.0,3.8,0.17,0,26.9,1
2024-07-03 09:00:00,zone_001,21,1.0,1.1,0.54,0,28.0,1
2024-07-03 10:00:00,zone_001,59,1.0,0.6,0.12,0,32.0,1
2024-07-03 12:00:00,zone_001,32,1.0,2.0,0.85,1,28.4,1
2024-07-03 19:00:00,zone_001,64,1.0,0.2,0.6,0,40.3,1
2024-07-05 05:00:00,zone_001,14,1.0,0.5,0.9,0,26.1,1
2024-07-05 08:00:00,zone_001,71,1.0,0.6,0.87,1,36.3,1
2024-07-06 04:00:00,zone_001,26,1.0,3.5,0.21,1,21.8,1
2024-07-08 14:00:00,zone_001,52,1.0,2.3,0.13,0,34.0,1
2024-07-10 05:00:00,zone_001,20,1.0,1.0,0.5,0,23.3,1
2024-07-11 11:00:00,zone_001,50,1.0,2.1,0.67,0,26.0,1
2024-07-12 23:00:00,zone_001,11,1.0,0.9,0.84,0,25.8,1
2024-07-14 02:00:00,zone_001,39,1.0,0.2,0.74,0,36.1,1
2024-07-14 22:00:00,zone_001,19,1.0,0.9,0.44,0,27.5,1
2024-07-15 09:00:00,zone_001,15,1.0,0.3,0.53,1,32.1,1
2024-07-15 11:00:00,zone_001,27,1.0,1.3,0.29,1,31.0,1
2024-07-15 18:00:00,zone_001,39,1.0,0.7,0.58,0,31.0,1
2024-07-15 21:00:00,zone_001,43,1.0,0.3,0.81,2,31.8,1
2024-07-16 00:00:00,zone_001,24,1.0,2.5,0.24,0,32.7,1
2024-07-16 23:00:00,zone_001,13,1.0,4.2,0.41,2,41.1,1
2024-07-17 06:00:00,zone_001,24,1.0,1.2,0.6,1,38.9,1
2024-07-17 11:00:00,zone_001,23,1.0,0.1,0.14,0,28.0,1
2024-07-17 21:00:00,zone_001,41,1.0,2.5,0.84,1,32.2,1
2024-07-18 09:00:00,zone_001,19,1.0,0.2,0.51,0,35.3,1
2024-07-18 16:00:00,zone_001,48,1.0,3.3,0.26,0,29.3,1
2024-07-18 19:00:00,zone_001,13,1.0,0.6,0.32,0,25.9,1
2024-07-19 07:00:00,zone_001,24,1.0,1.8,0.88,0,35.7,1
2024-07-19 13:00:00,zone_001,34,1.0,6.7,0.79,0,32.6,1
2024-07-20 01:00:00,zone_001,24,1.0,2.2,0.68,2,33.5,1
2024-07-20 10:00:00,zone_001,25,1.0,2.1,0.71,2,28.3,1
2024-07-20 21:00:00,zone_001,46,1.0,5.7,0.69,1,33.7,1
2024-07-21 21:00:00,zone_001,22,1.0,2.7,0.43,0,34.6,1
2024-07-22 11:00:00,zone_001,62,1.0,0.0,0.12,0,34.2,1
2024-07-22 18:00:00,zone_001,79,1.0,2.6,0.85,0,34.8,1
2024-07-22 22:00:00,zone_001,28,1.0,3.8,0.57,0,32.3,1
2024-07-22 23:00:00,zone_001,92,1.0,1.3,0.25,0,31.3,1
2024-07-23 21:00:00,zone_001,67,1.0,1.2,0.25,0,31.3,1
2024-07-24 22:00:00,zone_001,22,1.0,0.2,0.43,0,31.5,1
2024-07-25 04:00:00,zone_001,45,1.0,1.4,0.56,0,31.0,1
2024-07-25 10:00:00,zone_001,10,1.0,1.6,0.28,1,29.4,1
2024-07-25 18:00:00,zone_001,105,1.0,2.9,0.68,0,31.5,1
2024-07-25 23:00:00,zone_001,38,1.0,1.4,0.81,1,30.1,1
2024-07-26 01:00:00,zone_001,37,1.0,1.0,0.33,1,32.2,1
2024-07-26 10:00:00,zone_001,13,1.0,0.2,0.13,0,33.1,1
2024-07-26 12:00:00,zone_001,20,1.0,1.7,0.2,0,35.7,1
2024-07-27 02:00:00,zone_001,21,1.0,1.9,0.38,0,34.3,1
2024-07-27 16:00:00,zone_001,34,1.0,2.4,0.23,2,31.3,1
2024-07-28 02:00:00,zone_001,36,1.0,0.8,0.79,0,34.4,1
2024-07-28 04:00:00,zone_001,22,1.0,1.9,0.88,2,31.9,1
2024-07-28 08:00:00,zone_001,57,1.0,1.4,0.42,0,29.7,1
2024-07-29 05:00:00,zone_001,22,1.0,0.8,0.82,0,41.6,1
2024-07-29 14:00:00,zone_001,19,1.0,2.9,0.62,0,38.4,1
2024-07-29 22:00:00,zone_001,48,1.0,0.6,0.63,0,31.9,1
2024-07-30 05:00:00,zone_001,42,1.0,2.5,0.56,0,30.6,1
2024-07-30 08:00:00,zone_001,55,1.0,4.0,0.85,0,31.4,1
2024-07-30 23:00:00,zone_001,35,1.0,0.3,0.21,0,26.9,1
2024-07-31 00:00:00,zone_001,58,1.0,0.1,0.16,0,34.3,1
2024-08-01 10:00:00,zone_001,88,1.0,3.4,0.64,0,31.8,1
2024-08-02 07:00:00,zone_001,15,1.0,0.2,0.33,0,32.0,1
2024-08-03 00:00:00,zone_001,38,1.0,1.3,0.51,0,31.2,1
2024-08-03 08:00:00,zone_001,32,1.0,0.8,0.19,0,29.9,1
2024-08-03 09:00:00,zone_001,36,1.0,5.6,0.43,1,25.7,1
2024-08-03 11:00:00,zone_001,22,1.0,1.3,0.35,0,24.8,1
2024-08-03 14:00:00,zone_001,27,1.0,0.8,0.58,0,31.7,1
2024-08-04 02:00:00,zone_001,46,1.0,0.4,0.29,0,30.6,1
2024-08-04 16:00:00,zone_001,39,1.0,1.1,0.88,0,35.2,1
2024-08-07 03:00:00,zone_001,28,1.0,1.3,0.53,0,27.1,1
2024-08-07 04:00:00,zone_001,20,1.0,2.0,0.21,0,35.6,1
2024-08-08 07:00:00,zone_001,22,1.0,0.0,0.31,0,30.3,1
2024-08-08 16:00:00,zone_001,23,1.0,1.7,0.86,0,43.7,1
2024-08-08 21:00:00,zone_001,21,1.0,2.0,0.67,0,35.6,1
2024-08-08 23:00:00,zone_001,32,1.0,3.9,0.88,1,29.2,1
2024-08-09 01:00:00,zone_001,46,1.0,1.3,0.5,0,21.3,1
2024-08-09 03:00:00,zone_001,20,1.0,0.4,0.72,0,28.9,1
2024-08-09 05:00:00,zone_001,31,1.0,0.8,0.15,0,34.8,1
2024-08-09 12:00:00,zone_001,43,1.0,2.7,0.43,0,35.3,1
2024-08-09 20:00:00,zone_001,25,1.0,3.7,0.21,1,32.5,1
2024-08-10 00:00:00,zone_001,25,1.0,0.9,0.23,0,35.9,1
2024-08-10 06:00:00,zone_001,24,1.0,0.0,0.13,0,32.8,1
2024-08-10 14:00:00,zone_001,26,1.0,0.8,0.81,1,28.3,1
2024-08-11 02:00:00,zone_001,40,1.0,4.0,0.43,0,29.0,1
2024-08-11 08:00:00,zone_001,28,1.0,0.1,0.71,0,28.9,1
2024-08-11 17:00:00,zone_001,46,1.0,0.1,0.58,2,27.2,1
2024-08-12 10:00:00,zone_001,109,1.0,1.3,0.11,0,35.0,1
2024-08-13 06:00:00,zone_001,42,1.0,0.1,0.16,1,33.4,1
2024-08-14 11:00:00,zone_001,35,1.0,0.5,0.33,2,32.2,1
2024-08-14 14:00:00,zone_001,30,1.0,0.5,0.39,0,33.0,1
2024-08-14 17:00:00,zone_001,17,1.0,0.1,0.38,0,35.3,1
2024-08-15 02:00:00,zone_001,77,1.0,0.7,0.59,2,27.4,1
2024-08-15 06:00:00,zone_001,27,1.0,0.2,0.14,0,28.9,1
2024-08-15 15:00:00,zone_001,18,1.0,0.3,0.87,0,31.0,1
2024-08-15 20:00:00,zone_001,44,1.0,1.9,0.61,0,29.6,1
2024-08-16 09:00:00,zone_001,13,1.0,0.1,0.72,0,25.9,1
2024-08-17 10:00:00,zone_001,50,1.0,0.1,0.7,0,26.9,1
2024-08-18 03:00:00,zone_001,27,1.0,2.1,0.23,0,31.8,1
2024-08-18 11:00:00,zone_001,21,1.0,4.5,0.65,0,39.4,1
2024-08-19 05:00:00,zone_001,33,1.0,0.6,0.45,0,30.9,1
2024-08-19 13:00:00,zone_001,44,1.0,0.4,0.1,0,27.8,1
2024-08-19 20:00:00,zone_001,29,1.0,1.7,0.2,1,23.2,1
2024-08-20 04:00:00,zone_001,19,1.0,0.8,0.59,1,33.8,1
2024-08-20 13:00:00,zone_001,42,1.0,6.1,0.82,2,37.4,1
2024-08-20 17:00:00,zone_001,23,1.0,3.1,0.67,1,28.4,1
2024-08-21 16:00:00,zone_001,18,1.0,1.6,0.27,2,29.5,1
2024-08-22 00:00:00,zone_001,87,1.0,0.3,0.66,0,25.7,1
2024-08-22 03:00:00,zone_001,31,1.0,0.2,0.12,1,39.3,1
2024-08-22 05:00:00,zone_001,76,1.0,0.3,0.64,0,37.1,1
2024-08-22 18:00:00,zone_001,24,1.0,1.5,0.68,1,38.8,1
2024-08-25 02:00:00,zone_001,35,1.0,0.1,0.62,0,29.3,1
2024-08-25 15:00:00,zone_001,82,1.0,0.1,0.79,1,32.5,1
2024-08-26 09:00:00,zone_001,18,1.0,2.8,0.56,1,35.1,1
2024-08-28 14:00:00,zone_001,15,1.0,0.2,0.25,0,36.1,1
2024-08-28 15:00:00,zone_001,37,1.0,0.1,0.7,0,30.1,1
2024-08-28 19:00:00,zone_001,38,1.0,0.0,0.48,1,29.5,1
2024-08-29 02:00:00,zone_001,32,1.0,1.9,0.76,0,30.4,1
2024-08-29 19:00:00,zone_001,18,1.0,0.4,0.67,2,27.7,1
2024-08-29 22:00:00,zone_001,41,1.0,0.0,0.65,1,27.8,1
2024-08-30 17:00:00,zone_001,59,1.0,1.7,0.74,1,32.5,1
2024-08-30 18:00:00,zone_001,26,1.0,0.6,0.61,1,29.4,1
2024-08-31 10:00:00,zone_001,42,1.0,1.1,0.55,0,28.6,1
2024-08-31 13:00:00,zone_001,24,1.0,0.8,0.73,0,36.2,1
2024-09-01 11:00:00,zone_001,22,1.0,0.2,0.57,0,34.5,1
2024-09-01 13:00:00,zone_001,23,1.0,1.6,0.16,0,28.8,1
2024-09-02 13:00:00,zone_001,6,1.0,0.3,0.3,0,31.6,1
2024-09-05 15:00:00,zone_001,39,1.0,3.6,0.46,0,32.0,1
2024-09-06 13:00:00,zone_001,59,1.0,2.0,0.64,0,27.1,1
2024-09-06 21:00:00,zone_001,22,1.0,1.1,0.69,0,34.0,1
2024-09-07 18:00:00,zone_001,25,1.0,1.6,0.88,0,32.8,1
2024-09-08 07:00:00,zone_001,33,1.0,1.1,0.15,1,36.5,1
2024-09-08 08:00:00,zone_001,15,1.0,0.5,0.18,0,28.2,1
2024-09-08 21:00:00,zone_001,34,1.0,2.8,0.36,0,30.6,1
2024-09-08 23:00:00,zone_001,22,1.0,0.3,0.27,0,35.9,1
2024-09-09 08:00:00,zone_001,22,1.0,0.2,0.51,1,31.8,1
2024-09-09 10:00:00,zone_001,38,1.0,0.4,0.74,1,32.9,1
2024-09-10 08:00:00,zone_001,37,1.0,0.4,0.47,2,26.8,1
2024-09-10 15:00:00,zone_001,62,1.0,0.5,0.39,1,27.6,1
2024-09-10 20:00:00,zone_001,24,1.0,1.6,0.84,0,29.9,1
2024-09-11 00:00:00,zone_001,31,1.0,1.1,0.14,1,27.1,1
2024-09-11 05:00:00,zone_001,28,1.0,3.1,0.88,0,26.2,1
2024-09-11 08:00:00,zone_001,31,1.0,1.0,0.34,0,28.0,1
2024-09-12 02:00:00,zone_001,39,1.0,1.2,0.25,1,31.3,1
2024-09-14 22:00:00,zone_001,33,1.0,0.1,0.48,0,29.1,1
2024-09-15 01:00:00,zone_001,42,1.0,8.9,0.59,0,28.3,1
2024-09-15 05:00:00,zone_001,24,1.0,1.6,0.35,0,32.1,1
2024-09-18 01:00:00,zone_001,34,1.0,3.3,0.85,1,29.3,1
2024-09-18 08:00:00,zone_001,79,1.0,0.7,0.62,2,35.5,1
2024-09-19 04:00:00,zone_001,29,1.0,2.3,0.12,2,32.8,1
2024-09-19 19:00:00,zone_001,27,1.0,2.3,0.58,1,33.9,1
2024-09-20 09:00:00,zone_001,33,1.0,0.1,0.86,0,29.7,1
2024-09-20 12:00:00,zone_001,33,1.0,1.2,0.31,0,31.7,1
2024-09-20 13:00:00,zone_001,10,1.0,0.4,0.2,1,32.7,1
2024-09-20 16:00:00,zone_001,11,1.0,2.2,0.18,0,28.7,1
2024-09-20 20:00:00,zone_001,36,1.0,4.5,0.43,0,33.4,1
2024-09-21 07:00:00,zone_001,44,1.0,0.8,0.23,0,32.4,1
2024-09-21 08:00:00,zone_001,84,1.0,0.6,0.39,0,27.2,1
2024-09-21 10:00:00,zone_001,29,1.0,0.9,0.15,0,29.2,1
2024-09-22 08:00:00,zone_001,15,1.0,1.4,0.89,2,30.6,1
2024-09-22 12:00:00,zone_001,33,1.0,12.7,0.36,2,32.3,1
2024-09-22 14:00:00,zone_001,80,1.0,1.8,0.28,0,33.6,1
2024-09-23 03:00:00,zone_001,70,1.0,0.3,0.21,0,37.7,1
2024-09-23 06:00:00,zone_001,31,1.0,1.1,0.32,0,39.7,1
2024-09-24 13:00:00,zone_001,27,1.0,2.7,0.73,1,31.1,1
2024-09-24 19:00:00,zone_001,37,1.0,1.3,0.49,0,36.5,1
2024-09-25 02:00:00,zone_001,25,1.0,0.6,0.73,0,33.6,1
2024-09-28 09:00:00,zone_001,40,1.0,2.6,0.37,0,33.5,1
2024-09-28 11:00:00,zone_001,17,1.0,4.0,0.13,0,33.0,1
2024-09-30 04:00:00,zone_001,29,1.0,0.7,0.12,1,28.4,1
2024-09-30 08:00:00,zone_001,39,1.0,0.9,0.57,1,32.2,1
2024-09-30 15:00:00,zone_001,33,1.0,2.4,0.32,1,35.5,1
2024-10-01 02:00:00,zone_001,29,1.0,1.5,0.88,0,34.0,1
2024-10-02 01:00:00,zone_001,24,1.0,3.2,0.7,0,34.7,1
2024-10-02 06:00:00,zone_001,20,1.0,1.4,0.58,2,33.8,1
2024-10-02 12:00:00,zone_001,35,1.0,2.4,0.24,0,36.6,1
2024-10-02 23:00:00,zone_001,51,1.0,0.2,0.86,0,28.3,1
2024-10-03 00:00:00,zone_001,51,1.0,5.2,0.21,0,32.3,1
2024-10-03 15:00:00,zone_001,35,1.0,1.2,0.61,0,33.1,1
2024-10-03 16:00:00,zone_001,48,1.0,0.9,0.84,0,30.6,1
2024-10-04 12:00:00,zone_001,28,1.0,2.3,0.61,0,32.3,1
2024-10-05 15:00:00,zone_001,52,1.0,7.8,0.59,0,37.1,1
2024-10-05 20:00:00,zone_001,50,1.0,1.9,0.11,0,29.3,1
2024-10-07 02:00:00,zone_001,25,1.0,0.4,0.56,1,38.8,1
2024-10-08 02:00:00,zone_001,29,1.0,1.7,0.29,0,33.8,1
2024-10-08 12:00:00,zone_001,46,1.0,0.6,0.56,1,31.8,1
2024-10-09 01:00:00,zone_001,65,1.0,4.0,0.86,2,35.8,1
2024-10-09 07:00:00,zone_001,58,1.0,0.1,0.75,0,42.3,1
2024-10-09 14:00:00,zone_001,22,1.0,0.7,0.85,1,29.1,1
2024-10-10 10:00:00,zone_001,9,1.0,0.5,0.27,1,26.5,1
2024-10-10 13:00:00,zone_001,21,1.0,0.8,0.64,0,35.6,1
2024-10-11 11:00:00,zone_001,19,1.0,0.9,0.2,0,30.0,1
2024-10-11 15:00:00,zone_001,23,1.0,1.0,0.54,0,26.5,1
2024-10-12 03:00:00,zone_001,22,1.0,2.8,0.27,0,33.0,1
2024-10-12 12:00:00,zone_001,41,1.0,0.1,0.22,0,29.3,1
2024-10-13 11:00:00,zone_001,90,1.0,1.4,0.12,0,33.3,1
2024-10-13 17:00:00,zone_001,25,1.0,0.3,0.8,0,29.6,1
2024-10-14 04:00:00,zone_001,40,1.0,0.2,0.44,0,37.7,1
2024-10-15 12:00:00,zone_001,37,1.0,0.6,0.3,0,29.4,1
2024-10-15 16:00:00,zone_001,25,1.0,1.7,0.33,0,31.5,1
2024-10-15 22:00:00,zone_001,29,1.0,0.6,0.88,0,31.6,1
2024-10-16 10:00:00,zone_001,23,1.0,3.1,0.28,0,24.0,1
2024-10-16 12:00:00,zone_001,16,1.0,1.7,0.77,0,38.1,1
2024-10-16 21:00:00,zone_001,23,1.0,0.4,0.73,0,24.9,1
2024-10-17 05:00:00,zone_001,65,1.0,1.9,0.54,1,34.0,1
2024-10-18 10:00:00,zone_001,21,1.0,1.5,0.31,1,33.5,1
2024-10-18 13:00:00,zone_001,26,1.0,0.5,0.21,0,39.8,1
2024-10-18 23:00:00,zone_001,31,1.0,4.3,0.18,2,28.9,1
2024-10-19 14:00:00,zone_001,22,1.0,0.3,0.64,1,37.4,1
2024-10-20 03:00:00,zone_001,28,1.0,4.0,0.43,0,34.1,1
2024-10-20 04:00:00,zone_001,37,1.0,0.4,0.32,0,30.4,1
2024-10-20 16:00:00,zone_001,33,1.0,1.6,0.74,0,36.6,1
2024-10-20 20:00:00,zone_001,27,1.0,0.4,0.2,0,29.8,1
2024-10-21 09:00:00,zone_001,18,1.0,0.3,0.88,0,27.4,1
2024-10-21 10:00:00,zone_001,29,1.0,0.1,0.32,0,35.8,1
2024-10-21 13:00:00,zone_001,32,1.0,0.3,0.4,0,37.8,1
2024-10-21 19:00:00,zone_001,34,1.0,0.2,0.39,0,31.9,1
2024-10-22 19:00:00,zone_001,88,1.0,0.1,0.22,0,30.0,1
2024-10-22 21:00:00,zone_001,26,1.0,3.0,0.18,1,31.5,1
2024-10-23 08:00:00,zone_001,36,1.0,3.6,0.71,0,38.5,1
2024-10-23 09:00:00,zone_001,53,1.0,1.0,0.67,1,33.4,1
2024-10-24 02:00:00,zone_001,32,1.0,0.1,0.74,1,30.5,1
2024-10-25 02:00:00,zone_001,42,1.0,1.9,0.18,0,35.7,1
2024-10-25 13:00:00,zone_001,20,1.0,3.8,0.54,0,36.7,1
2024-10-25 14:00:00,zone_001,34,1.0,0.2,0.15,1,33.2,1
2024-10-27 05:00:00,zone_001,27,1.0,1.1,0.62,1,36.4,1
2024-10-27 12:00:00,zone_001,130,1.0,0.5,0.54,0,27.4,1
2024-10-27 21:00:00,zone_001,60,1.0,0.6,0.16,0,33.0,1
2024-10-27 23:00:00,zone_001,23,1.0,0.2,0.4,1,27.8,1
2024-10-29 14:00:00,zone_001,29,1.0,0.3,0.47,2,24.0,1
2024-10-29 15:00:00,zone_001,22,1.0,1.0,0.58,1,34.7,1
2024-10-30 00:00:00,zone_001,62,1.0,1.7,0.72,1,37.4,1
2024-10-30 14:00:00,zone_001,17,1.0,0.9,0.33,2,31.6,1
2024-10-30 20:00:00,zone_001,26,1.0,1.3,0.27,2,35.0,1
2024-10-31 00:00:00,zone_001,47,1.0,2.2,0.73,0,28.6,1
2024-10-31 03:00:00,zone_001,28,1.0,0.5,0.64,1,31.4,1
2024-10-31 10:00:00,zone_001,25,1.0,1.1,0.42,0,26.2,1
2024-10-31 23:00:00,zone_001,29,1.0,0.4,0.85,1,34.3,1
2024-11-02 01:00:00,zone_001,34,1.0,1.6,0.19,0,34.0,1
2024-11-02 02:00:00,zone_001,49,1.0,6.3,0.49,0,41.2,1
2024-11-03 07:00:00,zone_001,25,1.0,0.7,0.81,1,25.8,1
2024-11-03 23:00:00,zone_001,25,1.0,0.4,0.42,0,31.1,1
2024-11-04 11:00:00,zone_001,26,1.0,2.7,0.69,0,25.9,1
2024-11-05 08:00:00,zone_001,25,1.0,1.9,0.69,0,34.4,1
2024-11-05 10:00:00,zone_001,35,1.0,2.7,0.78,0,34.1,1
2024-11-06 12:00:00,zone_001,85,1.0,0.9,0.54,0,30.2,1
2024-11-07 14:00:00,zone_001,35,1.0,3.7,0.64,0,38.1,1
2024-11-07 23:00:00,zone_001,41,1.0,0.5,0.26,0,38.1,1
2024-11-08 00:00:00,zone_001,55,1.0,2.9,0.53,0,31.0,1
2024-11-08 19:00:00,zone_001,28,1.0,0.2,0.44,0,29.6,1
2024-11-09 15:00:00,zone_001,38,1.0,0.3,0.19,1,28.1,1
2024-11-09 20:00:00,zone_001,55,1.0,4.7,0.86,0,31.9,1
2024-11-11 04:00:00,zone_001,48,1.0,1.2,0.27,0,21.5,1
2024-11-11 06:00:00,zone_001,30,1.0,2.0,0.6,0,34.0,1
2024-11-11 10:00:00,zone_001,34,1.0,0.5,0.57,0,30.3,1
2024-11-11 17:00:00,zone_001,29,1.0,1.9,0.61,0,35.0,1
2024-11-12 11:00:00,zone_001,21,1.0,0.3,0.88,1,28.7,1
2024-11-13 03:00:00,zone_001,38,1.0,0.4,0.55,0,33.4,1
2024-11-13 23:00:00,zone_001,70,1.0,1.6,0.55,0,27.8,1
2024-11-14 01:00:00,zone_001,40,1.0,0.1,0.36,1,27.8,1
2024-11-14 06:00:00,zone_001,47,1.0,1.9,0.9,0,35.8,1
2024-11-14 12:00:00,zone_001,34,1.0,0.5,0.44,0,29.6,1
2024-11-15 11:00:00,zone_001,18,1.0,2.2,0.87,1,30.2,1
2024-11-15 22:00:00,zone_001,47,1.0,2.5,0.72,0,29.9,1
2024-11-16 12:00:00,zone_001,23,1.0,2.2,0.3,1,33.4,1
2024-11-17 04:00:00,zone_001,37,1.0,2.2,0.37,0,32.9,1
2024-11-17 19:00:00,zone_001,22,1.0,9.9,0.15,1,29.9,1
2024-11-18 06:00:00,zone_001,24,1.0,1.1,0.39,0,38.4,1
2024-11-18 07:00:00,zone_001,44,1.0,0.1,0.7,0,36.7,1
2024-11-18 23:00:00,zone_001,31,1.0,2.0,0.37,0,34.9,1
2024-11-19 21:00:00,zone_001,18,1.0,0.5,0.56,2,33.6,1
2024-11-20 05:00:00,zone_001,37,1.0,0.1,0.23,0,30.9,1
2024-11-20 11:00:00,zone_001,69,1.0,3.1,0.73,2,37.4,1
2024-11-22 01:00:00,zone_001,22,1.0,0.5,0.26,0,25.5,1
2024-11-22 07:00:00,zone_001,53,1.0,0.2,0.24,0,31.1,1
2024-11-22 21:00:00,zone_001,19,1.0,1.2,0.58,0,35.3,1
2024-11-23 02:00:00,zone_001,27,1.0,0.7,0.8,2,30.7,1
2024-11-23 17:00:00,zone_001,16,1.0,0.3,0.78,0,36.2,1
2024-11-24 09:00:00,zone_001,37,1.0,1.9,0.48,1,27.1,1
2024-11-24 11:00:00,zone_001,74,1.0,0.2,0.89,2,22.5,1
2024-11-24 23:00:00,zone_001,24,1.0,0.0,0.88,1,32.3,1
2024-11-25 21:00:00,zone_001,28,1.0,0.0,0.33,0,33.2,1
2024-11-26 05:00:00,zone_001,25,1.0,0.1,0.26,0,33.1,1
2024-11-26 22:00:00,zone_001,44,1.0,0.6,0.85,0,37.0,1
2024-11-27 05:00:00,zone_001,19,1.0,1.7,0.23,0,34.7,1
2024-11-27 17:00:00,zone_001,27,1.0,2.8,0.45,0,30.1,1
2024-11-27 22:00:00,zone_001,27,1.0,4.2,0.44,0,30.0,1
2024-11-28 04:00:00,zone_001,21,1.0,0.1,0.13,0,33.2,1
2024-11-28 06:00:00,zone_001,33,1.0,0.0,0.38,1,39.3,1
2024-11-28 08:00:00,zone_001,20,1.0,2.7,0.79,1,29.4,1
2024-11-28 19:00:00,zone_001,31,1.0,1.8,0.67,0,31.8,1
2024-11-29 00:00:00,zone_001,24,1.0,0.9,0.64,0,36.4,1
2024-11-29 01:00:00,zone_001,53,1.0,2.1,0.35,1,33.9,1
2024-11-29 06:00:00,zone_001,29,1.0,2.7,0.84,2,28.8,1
2024-11-29 08:00:00,zone_001,68,1.0,0.9,0.32,0,34.8,1
2024-11-30 00:00:00,zone_001,43,1.0,0.1,0.3,2,26.2,1
2024-12-01 05:00:00,zone_001,97,1.0,2.8,0.74,0,31.5,1
2024-12-01 10:00:00,zone_001,60,1.0,0.9,0.47,0,26.5,1
2024-12-01 23:00:00,zone_001,70,1.0,1.5,0.8,0,37.3,1
2024-12-02 06:00:00,zone_001,49,1.0,0.3,0.26,0,29.4,1
2024-12-03 11:00:00,zone_001,52,1.0,0.2,0.35,0,30.3,1
2024-12-03 14:00:00,zone_001,19,1.0,1.2,0.11,0,31.1,1
2024-12-04 02:00:00,zone_001,29,1.0,8.6,0.66,0,42.1,1
2024-12-04 11:00:00,zone_001,36,1.0,2.6,0.12,0,37.2,1
2024-12-05 03:00:00,zone_001,39,1.0,1.0,0.24,0,38.5,1
2024-12-05 08:00:00,zone_001,74,1.0,0.4,0.6,0,31.6,1
2024-12-06 01:00:00,zone_001,51,1.0,2.0,0.64,2,28.6,1
2024-12-06 14:00:00,zone_001,19,1.0,0.6,0.46,0,35.8,1
2024-12-07 14:00:00,zone_001,50,1.0,0.5,0.6,2,39.1,1
2024-12-08 11:00:00,zone_001,34,1.0,2.4,0.23,2,28.6,1
2024-12-09 21:00:00,zone_001,37,1.0,0.3,0.17,0,36.0,1
2024-12-10 08:00:00,zone_001,38,1.0,0.5,0.32,2,27.8,1
2024-12-10 09:00:00,zone_001,29,1.0,0.0,0.12,2,32.4,1
2024-12-10 19:00:00,zone_001,37,1.0,0.7,0.15,0,32.3,1
2024-12-11 03:00:00,zone_001,26,1.0,0.8,0.34,0,36.8,1
2024-12-11 19:00:00,zone_001,51,1.0,0.1,0.28,1,37.7,1
2024-12-12 01:00:00,zone_001,35,1.0,4.5,0.81,0,35.6,1
2024-12-12 09:00:00,zone_001,29,1.0,0.5,0.76,0,34.0,1
2024-12-12 15:00:00,zone_001,57,1.0,0.8,0.17,1,33.3,1
2024-12-12 23:00:00,zone_001,58,1.0,3.0,0.22,1,38.3,1
2024-12-13 15:00:00,zone_001,60,1.0,2.8,0.58,0,34.3,1
2024-12-14 05:00:00,zone_001,41,1.0,0.4,0.59,0,34.0,1
2024-12-14 18:00:00,zone_001,81,1.0,2.9,0.35,0,30.4,1
2024-12-15 14:00:00,zone_001,76,1.0,9.2,0.22,1,31.8,1
2024-12-16 00:00:00,zone_001,88,1.0,1.6,0.4,0,34.9,1
2024-12-16 03:00:00,zone_001,25,1.0,4.5,0.15,0,24.6,1
2024-12-16 08:00:00,zone_001,38,1.0,0.0,0.85,0,29.7,1
2024-12-16 22:00:00,zone_001,40,1.0,1.6,0.59,2,33.1,1
2024-12-17 02:00:00,zone_001,23,1.0,1.1,0.6,0,31.6,1
2024-12-17 14:00:00,zone_001,33,1.0,0.0,0.68,0,39.8,1
2024-12-17 18:00:00,zone_001,33,1.0,2.1,0.42,0,25.6,1
2024-12-18 12:00:00,zone_001,54,1.0,2.6,0.16,1,34.0,1
2024-12-18 14:00:00,zone_001,37,1.0,1.4,0.34,0,33.0,1
2024-12-18 23:00:00,zone_001,18,1.0,1.9,0.68,1,38.2,1
2024-12-19 12:00:00,zone_001,26,1.0,1.2,0.81,0,30.2,1
2024-12-19 13:00:00,zone_001,22,1.0,0.1,0.84,0,30.3,1
2024-12-19 16:00:00,zone_001,55,1.0,0.4,0.48,1,35.3,1
2024-12-20 09:00:00,zone_001,57,1.0,1.5,0.86,2,30.0,1
2024-12-21 19:00:00,zone_001,13,1.0,6.9,0.6,1,31.2,1
2024-12-23 03:00:00,zone_001,35,1.0,2.3,0.59,0,31.2,1
2024-12-23 19:00:00,zone_001,50,1.0,0.1,0.13,2,33.1,1
2024-12-25 06:00:00,zone_001,27,1.0,1.2,0.6,0,26.2,1
2024-12-25 18:00:00,zone_001,23,1.0,3.1,0.66,0,30.0,1
2024-12-26 00:00:00,zone_001,30,1.0,1.1,0.21,0,27.2,1
2024-12-26 04:00:00,zone_001,46,1.0,3.6,0.67,0,35.6,1
2024-12-26 09:00:00,zone_001,13,1.0,3.0,0.59,1,32.7,1
2024-12-26 11:00:00,zone_001,16,1.0,0.2,0.82,0,36.2,1
2024-12-26 13:00:00,zone_001,25,1.0,0.4,0.71,0,29.3,1
2024-12-26 16:00:00,zone_001,37,1.0,3.6,0.78,0,34.6,1
2024-12-29 11:00:00,zone_001,60,1.0,2.9,0.6,2,27.6,1
2024-12-30 04:00:00,zone_001,38,1.0,0.1,0.84,1,35.0,1
2024-12-30 10:00:00,zone_001,27,1.0,0.4,0.74,0,30.4,1
2024-12-30 22:00:00,zone_001,36,1.0,1.9,0.45,0,29.6,1
2024-01-01 05:00:00,zone_002,54,1.0,0.3,0.13,2,36.0,1
2024-01-02 15:00:00,zone_002,86,1.0,3.5,0.11,0,36.1,1
2024-01-02 20:00:00,zone_002,67,1.0,1.7,0.42,0,36.5,1
2024-01-03 05:00:00,zone_002,22,1.0,1.1,0.41,2,33.6,1
2024-01-03 10:00:00,zone_002,66,1.0,0.2,0.23,2,27.7,1
2024-01-04 04:00:00,zone_002,18,1.0,1.0,0.51,0,31.6,1
2024-01-05 01:00:00,zone_002,130,1.0,0.8,0.23,0,29.4,1
2024-01-05 15:00:00,zone_002,21,1.0,1.5,0.31,2,34.0,1
2024-01-05 21:00:00,zone_002,14,1.0,0.6,0.29,0,34.2,1
2024-01-06 03:00:00,zone_002,31,1.0,2.0,0.79,0,31.1,1
2024-01-06 15:00:00,zone_002,54,1.0,1.5,0.47,0,36.9,1
2024-01-07 04:00:00,zone_002,18,1.0,0.2,0.36,0,27.0,1
2024-01-07 09:00:00,zone_002,24,1.0,0.9,0.29,0,31.1,1
2024-01-07 15:00:00,zone_002,28,1.0,1.1,0.5,1,29.6,1
2024-01-08 07:00:00,zone_002,31,1.0,3.0,0.61,1,28.9,1
2024-01-09 17:00:00,zone_002,10,1.0,0.3,0.4,0,28.2,1
2024-01-09 18:00:00,zone_002,36,1.0,1.9,0.21,0,25.0,1
2024-01-11 14:00:00,zone_002,43,1.0,8.2,0.85,1,31.5,1
2024-01-12 00:00:00,zone_002,38,1.0,0.2,0.34,0,42.8,1
2024-01-12 10:00:00,zone_002,22,1.0,0.5,0.65,0,35.7,1
2024-01-12 20:00:00,zone_002,31,1.0,0.3,0.16,1,37.0,1
2024-01-13 04:00:00,zone_002,42,1.0,0.7,0.55,1,37.8,1
2024-01-14 07:00:00,zone_002,27,1.0,0.8,0.12,0,38.2,1
2024-01-14 10:00:00,zone_002,11,1.0,0.8,0.79,2,26.7,1
2024-01-14 19:00:00,zone_002,22,1.0,3.5,0.79,0,32.9,1
2024-01-14 22:00:00,zone_002,12,1.0,2.8,0.55,1,29.8,1
2024-01-15 08:00:00,zone_002,15,1.0,1.0,0.85,0,35.1,1
2024-01-15 09:00:00,zone_002,29,1.0,0.5,0.87,0,33.3,1
2024-01-16 04:00:00,zone_002,34,1.0,0.2,0.16,0,36.5,1
2024-01-17 10:00:00,zone_002,89,1.0,0.9,0.27,0,32.9,1
2024-01-18 03:00:00,zone_002,33,1.0,0.5,0.59,0,27.3,1
2024-01-18 08:00:00,zone_002,55,1.0,1.0,0.79,0,31.2,1
2024-01-18 15:00:00,zone_002,18,1.0,0.9,0.21,0,25.4,1
2024-01-18 22:00:00,zone_002,28,1.0,1.2,0.13,0,29.2,1
2024-01-19 01:00:00,zone_002,40,1.0,1.5,0.58,0,30.2,1
2024-01-19 07:00:00,zone_002,24,1.0,4.0,0.54,0,42.2,1
2024-01-19 15:00:00,zone_002,19,1.0,0.1,0.4,1,27.3,1
2024-01-20 19:00:00,zone_002,49,1.0,0.6,0.81,0,32.9,1
2024-01-21 09:00:00,zone_002,74,1.0,0.8,0.81,1,34.5,1
2024-01-21 19:00:00,zone_002,95,1.0,4.3,0.87,0,27.3,1
2024-01-21 22:00:00,zone_002,52,1.0,1.2,0.42,0,34.6,1
2024-01-23 03:00:00,zone_002,40,1.0,4.7,0.51,0,24.2,1
2024-01-23 14:00:00,zone_002,54,1.0,0.5,0.82,0,32.4,1
2024-01-24 04:00:00,zone_002,16,1.0,1.0,0.62,1,31.3,1
2024-01-24 14:00:00,zone_002,33,1.0,0.1,0.48,0,37.3,1
2024-01-24 23:00:00,zone_002,18,1.0,0.5,0.54,0,40.7,1
2024-01-25 10:00:00,zone_002,28,1.0,1.8,0.17,1,38.0,1
2024-01-25 16:00:00,zone_002,49,1.0,0.5,0.86,0,32.8,1
2024-01-26 03:00:00,zone_002,48,1.0,4.3,0.25,0,34.0,1
2024-01-26 09:00:00,zone_002,28,1.0,3.5,0.15,0,27.8,1
2024-01-26 14:00:00,zone_002,23,1.0,0.3,0.3,0,33.4,1
2024-01-26 15:00:00,zone_002,34,1.0,0.5,0.13,2,32.2,1
2024-01-26 18:00:00,zone_002,67,1.0,1.6,0.84,0,32.9,1
2024-01-27 19:00:00,zone_002,49,1.0,0.2,0.49,0,31.1,1
2024-01-27 23:00:00,zone_002,19,1.0,2.0,0.81,1,39.0,1
2024-01-28 18:00:00,zone_002,25,1.0,0.7,0.88,0,31.8,1
2024-01-28 22:00:00,zone_002,33,1.0,1.2,0.89,0,36.1,1
2024-01-29 03:00:00,zone_002,29,1.0,1.8,0.56,0,28.2,1
2024-01-29 04:00:00,zone_002,23,1.0,1.6,0.42,0,33.4,1
2024-01-29 23:00:00,zone_002,25,1.0,0.7,0.15,0,43.3,1
2024-01-30 00:00:00,zone_002,30,1.0,0.3,0.5,0,35.6,1
2024-01-30 09:00:00,zone_002,51,1.0,0.9,0.19,2,22.8,1
2024-01-31 13:00:00,zone_002,100,1.0,1.9,0.64,0,27.7,1
2024-01-31 14:00:00,zone_002,30,1.0,0.5,0.17,0,35.8,1
2024-01-31 22:00:00,zone_002,26,1.0,0.8,0.79,0,31.9,1
2024-02-01 10:00:00,zone_002,25,1.0,1.1,0.34,0,34.3,1
2024-02-02 01:00:00,zone_002,33,1.0,1.2,0.2,0,26.6,1
2024-02-02 09:00:00,zone_002,51,1.0,0.9,0.77,2,27.5,1
2024-02-03 11:00:00,zone_002,44,1.0,2.2,0.54,2,29.2,1
2024-02-03 22:00:00,zone_002,22,1.0,0.4,0.49,2,32.8,1
2024-02-04 00:00:00,zone_002,98,1.0,1.3,0.76,0,26.8,1
2024-02-04 04:00:00,zone_002,57,1.0,0.1,0.37,1,36.7,1
2024-02-04 15:00:00,zone_002,55,1.0,0.1,0.24,0,28.0,1
2024-02-06 20:00:00,zone_002,64,1.0,3.4,0.7,0,31.8,1
2024-02-07 11:00:00,zone_002,30,1.0,0.2,0.41,0,31.1,1
2024-02-07 20:00:00,zone_002,32,1.0,0.0,0.59,0,35.7,1
2024-02-08 00:00:00,zone_002,27,1.0,0.2,0.48,0,33.6,1
2024-02-08 02:00:00,zone_002,36,1.0,0.4,0.34,0,28.7,1
2024-02-08 11:00:00,zone_002,60,1.0,0.7,0.89,0,22.8,1
2024-02-09 05:00:00,zone_002,29,1.0,0.6,0.26,1,32.5,1
2024-02-09 14:00:00,zone_002,12,1.0,3.1,0.72,1,26.6,1
2024-02-10 02:00:00,zone_002,51,1.0,4.1,0.8,0,28.9,1
2024-02-10 04:00:00,zone_002,12,1.0,0.0,0.22,0,34.8,1
2024-02-10 23:00:00,zone_002,16,1.0,0.9,0.73,0,25.6,1
2024-02-11 05:00:00,zone_002,49,1.0,1.3,0.43,0,33.6,1
2024-02-11 09:00:00,zone_002,52,1.0,12.5,0.77,0,32.9,1
2024-02-12 12:00:00,zone_002,24,1.0,0.3,0.16,0,31.4,1
2024-02-12 14:00:00,zone_002,38,1.0,0.3,0.26,0,32.3,1
2024-02-12 23:00:00,zone_002,47,1.0,1.2,0.3,0,31.1,1
2024-02-13 04:00:00,zone_002,116,1.0,0.1,0.38,0,29.8,1
2024-02-13 05:00:00,zone_002,35,1.0,0.3,0.13,0,33.2,1
2024-02-13 13:00:00,zone_002,18,1.0,3.5,0.31,0,33.5,1
2024-02-14 07:00:00,zone_002,18,1.0,0.1,0.54,0,26.0,1
2024-02-14 08:00:00,zone_002,95,1.0,0.0,0.31,0,25.6,1
2024-02-14 16:00:00,zone_002,33,1.0,0.9,0.65,0,34.4,1
2024-02-14 17:00:00,zone_002,40,1.0,3.6,0.66,2,34.8,1
2024-02-15 03:00:00,zone_002,29,1.0,1.8,0.16,1,33.3,1
2024-02-15 12:00:00,zone_002,27,1.0,2.1,0.8,1,27.2,1
2024-02-15 17:00:00,zone_002,34,1.0,0.9,0.44,0,26.2,1
2024-02-16 09:00:00,zone_002,25,1.0,0.9,0.56,0,37.5,1
2024-02-17 11:00:00,zone_002,13,1.0,0.4,0.79,0,25.1,1
2024-02-17 13:00:00,zone_002,30,1.0,1.9,0.43,0,35.4,1
2024-02-17 16:00:00,zone_002,28,1.0,0.6,0.83,0,30.3,1
2024-02-17 19:00:00,zone_002,25,1.0,0.3,0.38,0,35.0,1
2024-02-18 10:00:00,zone_002,33,1.0,0.1,0.46,0,38.0,1
2024-02-18 12:00:00,zone_002,30,1.0,6.1,0.43,0,35.0,1
2024-02-19 16:00:00,zone_002,35,1.0,0.2,0.3,0,30.8,1
2024-02-21 07:00:00,zone_002,32,1.0,4.4,0.71,1,27.5,1
2024-02-22 16:00:00,zone_002,42,1.0,0.7,0.84,1,26.5,1
2024-02-23 07:00:00,zone_002,63,1.0,0.3,0.2,1,31.2,1
2024-02-24 03:00:00,zone_002,25,1.0,2.2,0.68,0,26.0,1
2024-02-25 08:00:00,zone_002,59,1.0,0.3,0.49,0,25.6,1
2024-02-25 14:00:00,zone_002,16,1.0,1.5,0.45,0,23.4,1
2024-02-25 18:00:00,zone_002,32,1.0,0.9,0.45,0,35.0,1
2024-02-25 19:00:00,zone_002,56,1.0,0.5,0.42,0,28.2,1
2024-02-26 04:00:00,zone_002,57,1.0,1.1,0.53,0,30.5,1
2024-02-26 14:00:00,zone_002,17,1.0,0.1,0.39,0,31.3,1
2024-02-26 18:00:00,zone_002,12,1.0,0.4,0.15,0,30.5,1
2024-02-26 22:00:00,zone_002,27,1.0,1.0,0.66,0,29.9,1
2024-02-27 10:00:00,zone_002,28,1.0,2.1,0.16,0,31.2,1
2024-02-27 18:00:00,zone_002,38,1.0,1.0,0.68,0,33.0,1
2024-02-27 20:00:00,zone_002,51,1.0,2.7,0.75,1,33.9,1
2024-02-28 03:00:00,zone_002,32,1.0,0.7,0.58,1,30.8,1
2024-02-28 11:00:00,zone_002,16,1.0,0.1,0.43,1,28.9,1
2024-02-29 08:00:00,zone_002,23,1.0,1.1,0.62,0,32.9,1
2024-03-01 09:00:00,zone_002,67,1.0,1.3,0.83,0,34.8,1
2024-03-01 14:00:00,zone_002,37,1.0,0.2,0.52,0,33.3,1
2024-03-01 16:00:00,zone_002,21,1.0,4.2,0.16,2,36.6,1
2024-03-01 21:00:00,zone_002,23,1.0,2.3,0.43,1,31.2,1
2024-03-05 17:00:00,zone_002,32,1.0,1.2,0.73,0,30.0,1
2024-03-07 02:00:00,zone_002,87,1.0,0.2,0.13,1,37.2,1
2024-03-07 21:00:00,zone_002,23,1.0,0.0,0.16,1,36.5,1
2024-03-08 12:00:00,zone_002,18,1.0,1.1,0.23,2,36.6,1
2024-03-10 00:00:00,zone_002,73,1.0,1.1,0.83,0,31.4,1
2024-03-10 11:00:00,zone_002,89,1.0,3.9,0.77,1,29.3,1
2024-03-10 21:00:00,zone_002,47,1.0,1.7,0.53,0,28.7,1
2024-03-11 13:00:00,zone_002,27,1.0,4.0,0.66,0,33.2,1
2024-03-11 14:00:00,zone_002,93,1.0,0.4,0.38,0,33.8,1
2024-03-11 23:00:00,zone_002,38,1.0,1.9,0.82,1,25.1,1
2024-03-13 04:00:00,zone_002,110,1.0,0.0,0.29,2,33.1,1
2024-03-13 09:00:00,zone_002,25,1.0,0.9,0.69,0,25.3,1
2024-03-13 17:00:00,zone_002,18,1.0,0.2,0.53,0,29.7,1
2024-03-13 19:00:00,zone_002,34,1.0,1.2,0.22,0,23.4,1
2024-03-14 07:00:00,zone_002,56,1.0,3.7,0.85,0,36.1,1
2024-03-14 15:00:00,zone_002,44,1.0,1.2,0.24,2,31.9,1
2024-03-15 12:00:00,zone_002,19,1.0,0.1,0.34,0,34.2,1
2024-03-16 04:00:00,zone_002,42,1.0,0.5,0.39,2,37.5,1
2024-03-17 17:00:00,zone_002,20,1.0,0.0,0.72,0,31.2,1
2024-03-17 20:00:00,zone_002,61,1.0,3.9,0.19,2,36.0,1
2024-03-18 13:00:00,zone_002,53,1.0,1.1,0.86,0,34.0,1
2024-03-19 00:00:00,zone_002,21,1.0,0.1,0.85,1,26.9,1
2024-03-19 02:00:00,zone_002,45,1.0,0.2,0.64,0,35.7,1
2024-03-19 14:00:00,zone_002,46,1.0,1.1,0.47,1,32.9,1
2024-03-19 17:00:00,zone_002,26,1.0,2.4,0.42,0,32.7,1
2024-03-20 12:00:00,zone_002,86,1.0,1.4,0.22,0,33.8,1
2024-03-20 22:00:00,zone_002,88,1.0,0.9,0.49,0,32.1,1
2024-03-21 04:00:00,zone_002,24,1.0,4.0,0.36,0,29.9,1
2024-03-21 17:00:00,zone_002,64,1.0,1.2,0.38,0,35.5,1
2024-03-22 01:00:00,zone_002,53,1.0,0.1,0.25,0,28.9,1
2024-03-23 11:00:00,zone_002,34,1.0,0.7,0.81,0,27.5,1
2024-03-24 03:00:00,zone_002,20,1.0,3.4,0.1,0,36.8,1
2024-03-24 11:00:00,zone_002,88,1.0,1.4,0.55,0,24.1,1
2024-03-24 21:00:00,zone_002,26,1.0,2.4,0.78,0,25.8,1
2024-03-25 05:00:00,zone_002,40,1.0,0.6,0.62,1,27.0,1
2024-03-25 14:00:00,zone_002,35,1.0,0.6,0.19,2,23.0,1
2024-03-25 17:00:00,zone_002,15,1.0,0.2,0.9,0,29.1,1
2024-03-26 16:00:00,zone_002,52,1.0,2.6,0.41,0,36.8,1
2024-03-26 19:00:00,zone_002,22,1.0,3.5,0.85,1,28.0,1
2024-03-27 04:00:00,zone_002,33,1.0,0.8,0.5,0,36.8,1
2024-03-29 20:00:00,zone_002,40,1.0,1.7,0.17,0,28.5,1
2024-03-31 08:00:00,zone_002,41,1.0,0.0,0.17,0,28.9,1
2024-03-31 22:00:00,zone_002,35,1.0,0.2,0.78,0,34.8,1
2024-04-01 05:00:00,zone_002,88,1.0,2.0,0.81,0,32.4,1
2024-04-01 13:00:00,zone_002,39,1.0,0.3,0.89,1,42.8,1
2024-04-01 15:00:00,zone_002,35,1.0,0.3,0.35,0,33.9,1
2024-04-02 14:00:00,zone_002,31,1.0,0.1,0.41,1,29.5,1
2024-04-04 00:00:00,zone_002,27,1.0,0.8,0.4,0,33.5,1
2024-04-04 15:00:00,zone_002,34,1.0,0.3,0.75,0,23.9,1
2024-04-05 01:00:00,zone_002,32,1.0,1.2,0.12,1,33.5,1
2024-04-05 21:00:00,zone_002,43,1.0,1.9,0.58,1,37.3,1
2024-04-06 19:00:00,zone_002,24,1.0,0.3,0.29,0,31.9,1
2024-04-07 07:00:00,zone_002,33,1.0,2.4,0.88,0,39.0,1
2024-04-08 07:00:00,zone_002,46,1.0,0.1,0.18,0,26.2,1
2024-04-08 09:00:00,zone_002,69,1.0,1.5,0.11,0,37.1,1
2024-04-08 22:00:00,zone_002,37,1.0,4.8,0.64,0,28.6,1
2024-04-09 03:00:00,zone_002,25,1.0,2.4,0.85,0,24.8,1
2024-04-09 05:00:00,zone_002,37,1.0,5.5,0.54,0,32.2,1
2024-04-09 22:00:00,zone_002,12,1.0,1.2,0.34,0,40.0,1
2024-04-10 04:00:00,zone_002,23,1.0,3.2,0.77,0,35.5,1
2024-04-10 05:00:00,zone_002,14,1.0,0.8,0.24,0,36.6,1
2024-04-10 18:00:00,zone_002,23,1.0,2.7,0.15,0,34.2,1
2024-04-10 22:00:00,zone_002,79,1.0,1.1,0.23,2,35.6,1
2024-04-10 23:00:00,zone_002,28,1.0,1.7,0.77,1,30.2,1
2024-04-11 02:00:00,zone_002,41,1.0,0.6,0.23,0,30.2,1
2024-04-11 10:00:00,zone_002,18,1.0,0.2,0.56,0,41.6,1
2024-04-11 18:00:00,zone_002,47,1.0,0.6,0.56,0,33.3,1
2024-04-12 02:00:00,zone_002,21,1.0,3.7,0.45,0,38.4,1
2024-04-12 15:00:00,zone_002,20,1.0,0.0,0.6,1,30.9,1
2024-04-13 19:00:00,zone_002,19,1.0,4.4,0.34,0,32.8,1
2024-04-13 22:00:00,zone_002,16,1.0,5.8,0.18,0,29.9,1
2024-04-14 03:00:00,zone_002,36,1.0,4.5,0.64,2,30.1,1
2024-04-14 17:00:00,zone_002,30,1.0,1.2,0.4,2,41.5,1
2024-04-14 20:00:00,zone_002,60,1.0,2.7,0.13,0,34.2,1
2024-04-15 13:00:00,zone_002,51,1.0,0.3,0.18,1,32.2,1
2024-04-15 19:00:00,zone_002,25,1.0,1.3,0.71,0,34.3,1
2024-04-16 02:00:00,zone_002,35,1.0,3.0,0.4,0,31.3,1
2024-04-16 03:00:00,zone_002,21,1.0,1.3,0.74,1,29.6,1
2024-04-16 04:00:00,zone_002,48,1.0,0.3,0.52,1,34.3,1
2024-04-16 15:00:00,zone_002,24,1.0,0.1,0.84,0,36.8,1
2024-04-16 19:00:00,zone_002,24,1.0,1.9,0.55,2,39.8,1
2024-04-17 21:00:00,zone_002,35,1.0,1.9,0.63,0,33.5,1
2024-04-18 03:00:00,zone_002,21,1.0,1.1,0.84,0,34.0,1
2024-04-18 11:00:00,zone_002,67,1.0,2.4,0.14,0,28.1,1
2024-04-18 13:00:00,zone_002,33,1.0,0.3,0.89,1,32.8,1
2024-04-18 15:00:00,zone_002,54,1.0,0.9,0.38,0,31.8,1
2024-04-18 16:00:00,zone_002,54,1.0,0.5,0.26,0,26.2,1
2024-04-19 05:00:00,zone_002,24,1.0,0.1,0.6,0,37.0,1
2024-04-19 11:00:00,zone_002,11,1.0,0.3,0.29,1,35.0,1
2024-04-19 16:00:00,zone_002,75,1.0,2.1,0.54,0,37.5,1
2024-04-20 03:00:00,zone_002,23,1.0,0.8,0.23,2,28.9,1
2024-04-20 04:00:00,zone_002,30,1.0,2.8,0.14,0,37.6,1
2024-04-21 12:00:00,zone_002,10,1.0,1.5,0.4,2,36.6,1
2024-04-22 01:00:00,zone_002,33,1.0,0.2,0.71,0,32.9,1
2024-04-22 08:00:00,zone_002,32,1.0,2.1,0.11,1,36.0,1
2024-04-23 14:00:00,zone_002,30,1.0,4.0,0.25,0,29.7,1
2024-04-24 09:00:00,zone_002,21,1.0,2.0,0.15,1,30.2,1
2024-04-25 07:00:00,zone_002,19,1.0,0.4,0.63,0,32.7,1
2024-04-25 08:00:00,zone_002,20,1.0,0.7,0.78,0,33.7,1
2024-04-25 10:00:00,zone_002,55,1.0,0.0,0.27,2,33.1,1
2024-04-25 11:00:00,zone_002,39,1.0,2.3,0.69,1,27.4,1
2024-04-26 12:00:00,zone_002,18,1.0,1.9,0.53,2,30.1,1
2024-04-27 23:00:00,zone_002,73,1.0,1.8,0.4,0,28.2,1
2024-04-28 04:00:00,zone_002,47,1.0,0.7,0.64,0,31.6,1
2024-04-29 05:00:00,zone_002,48,1.0,2.2,0.39,1,30.4,1
2024-04-30 07:00:00,zone_002,36,1.0,3.4,0.89,0,36.8,1
2024-04-30 11:00:00,zone_002,17,1.0,1.0,0.44,1,36.7,1
2024-05-01 13:00:00,zone_002,20,1.0,1.3,0.45,0,23.4,1
2024-05-02 02:00:00,zone_002,32,1.0,0.7,0.51,0,28.0,1
2024-05-02 10:00:00,zone_002,36,1.0,3.1,0.45,0,20.9,1
2024-05-03 03:00:00,zone_002,44,1.0,1.1,0.29,0,42.8,1
2024-05-03 14:00:00,zone_002,34,1.0,0.2,0.69,0,29.1,1
2024-05-03 20:00:00,zone_002,66,1.0,4.4,0.57,1,31.3,1
2024-05-04 02:00:00,zone_002,19,1.0,0.7,0.4,0,28.4,1
2024-05-04 04:00:00,zone_002,51,1.0,0.9,0.65,0,36.8,1
2024-05-04 05:00:00,zone_002,33,1.0,1.1,0.58,1,34.8,1
2024-05-04 10:00:00,zone_002,28,1.0,0.4,0.14,0,42.7,1
2024-05-04 13:00:00,zone_002,28,1.0,0.1,0.48,0,24.9,1
2024-05-04 17:00:00,zone_002,34,1.0,0.1,0.33,1,28.4,1
2024-05-05 02:00:00,zone_002,72,1.0,0.1,0.18,0,27.6,1
2024-05-05 11:00:00,zone_002,38,1.0,0.0,0.23,0,29.5,1
2024-05-05 14:00:00,zone_002,29,1.0,1.7,0.83,0,28.1,1
2024-05-05 16:00:00,zone_002,93,1.0,0.4,0.47,2,27.7,1
2024-05-05 21:00:00,zone_002,41,1.0,0.4,0.21,0,43.5,1
2024-05-06 08:00:00,zone_002,29,1.0,1.1,0.55,0,36.9,1
2024-05-07 19:00:00,zone_002,42,1.0,1.0,0.23,0,31.5,1
2024-05-10 05:00:00,zone_002,42,1.0,4.1,0.77,0,34.4,1
2024-05-10 18:00:00,zone_002,59,1.0,0.1,0.12,0,31.7,1
2024-05-10 23:00:00,zone_002,68,1.0,1.5,0.66,0,30.2,1
2024-05-11 07:00:00,zone_002,65,1.0,0.3,0.31,1,31.1,1
2024-05-13 01:00:00,zone_002,45,1.0,3.5,0.14,1,32.3,1
2024-05-13 21:00:00,zone_002,30,1.0,0.1,0.64,0,30.3,1
2024-05-14 05:00:00,zone_002,41,1.0,1.6,0.7,0,29.4,1
2024-05-14 09:00:00,zone_002,20,1.0,0.3,0.66,0,35.2,1
2024-05-14 16:00:00,zone_002,9,1.0,1.0,0.83,0,28.0,1
2024-05-14 18:00:00,zone_002,29,1.0,5.2,0.76,1,33.2,1
2024-05-16 16:00:00,zone_002,72,1.0,2.1,0.44,0,25.8,1
2024-05-16 21:00:00,zone_002,11,1.0,1.3,0.2,0,29.2,1
2024-05-17 11:00:00,zone_002,34,1.0,0.2,0.35,0,39.5,1
2024-05-18 15:00:00,zone_002,42,1.0,0.9,0.31,0,33.3,1
2024-05-18 22:00:00,zone_002,38,1.0,1.8,0.29,1,30.0,1
2024-05-19 18:00:00,zone_002,29,1.0,3.0,0.55,1,31.9,1
2024-05-19 19:00:00,zone_002,27,1.0,7.0,0.22,0,41.2,1
2024-05-19 20:00:00,zone_002,15,1.0,6.9,0.71,0,35.8,1
2024-05-20 06:00:00,zone_002,40,1.0,3.4,0.66,2,35.5,1
2024-05-21 12:00:00,zone_002,32,1.0,1.2,0.44,0,35.6,1
2024-05-22 16:00:00,zone_002,65,1.0,0.4,0.33,0,36.1,1
2024-05-23 20:00:00,zone_002,32,1.0,0.7,0.61,0,26.2,1
2024-05-24 01:00:00,zone_002,15,1.0,0.0,0.88,0,25.1,1
2024-05-24 15:00:00,zone_002,46,1.0,3.0,0.21,1,36.3,1
2024-05-25 17:00:00,zone_002,56,1.0,0.1,0.13,0,30.3,1
2024-05-25 18:00:00,zone_002,22,1.0,1.7,0.16,1,30.8,1
2024-05-26 07:00:00,zone_002,17,1.0,1.6,0.32,0,31.2,1
2024-05-26 12:00:00,zone_002,25,1.0,4.3,0.69,1,35.0,1
2024-05-26 18:00:00,zone_002,18,1.0,0.1,0.57,1,36.2,1
2024-05-26 21:00:00,zone_002,28,1.0,4.0,0.45,0,24.6,1
2024-05-28 05:00:00,zone_002,20,1.0,0.3,0.71,0,35.0,1
2024-05-28 10:00:00,zone_002,39,1.0,1.6,0.26,0,40.7,1
2024-05-29 00:00:00,zone_002,14,1.0,1.3,0.69,2,28.4,1
2024-05-29 09:00:00,zone_002,17,1.0,2.1,0.67,0,34.2,1
2024-05-29 15:00:00,zone_002,35,1.0,2.5,0.18,0,27.8,1
2024-05-30 05:00:00,zone_002,21,1.0,1.3,0.32,1,34.2,1
2024-05-30 13:00:00,zone_002,34,1.0,3.7,0.42,0,33.8,1
2024-05-30 17:00:00,zone_002,24,1.0,0.2,0.13,0,33.0,1
2024-05-30 19:00:00,zone_002,39,1.0,2.7,0.69,0,32.6,1
2024-05-30 20:00:00,zone_002,24,1.0,3.6,0.7,1,30.2,1
2024-06-01 04:00:00,zone_002,26,1.0,0.3,0.46,0,31.9,1
2024-06-01 07:00:00,zone_002,39,1.0,1.3,0.36,0,31.0,1
2024-06-01 19:00:00,zone_002,25,1.0,3.9,0.86,0,34.6,1
2024-06-02 03:00:00,zone_002,37,1.0,1.2,0.66,0,35.2,1
2024-06-02 05:00:00,zone_002,31,1.0,1.7,0.13,0,29.9,1
2024-06-02 09:00:00,zone_002,23,1.0,0.6,0.39,0,25.6,1
2024-06-03 11:00:00,zone_002,26,1.0,2.8,0.83,0,33.7,1
2024-06-03 16:00:00,zone_002,37,1.0,0.2,0.89,0,33.7,1
2024-06-04 12:00:00,zone_002,15,1.0,3.1,0.54,0,27.0,1
2024-06-04 14:00:00,zone_002,34,1.0,0.2,0.41,0,30.1,1
2024-06-04 16:00:00,zone_002,29,1.0,0.8,0.38,0,34.6,1
2024-06-04 17:00:00,zone_002,19,1.0,0.8,0.43,1,35.4,1
2024-06-04 23:00:00,zone_002,46,1.0,0.3,0.41,0,28.0,1
2024-06-05 09:00:00,zone_002,34,1.0,1.8,0.84,2,24.7,1
2024-06-06 18:00:00,zone_002,32,1.0,1.9,0.21,0,30.8,1
2024-06-07 16:00:00,zone_002,81,1.0,0.2,0.3,0,27.8,1
2024-06-11 03:00:00,zone_002,19,1.0,2.0,0.79,0,26.4,1
2024-06-11 23:00:00,zone_002,15,1.0,0.4,0.23,1,31.8,1
2024-06-12 00:00:00,zone_002,13,1.0,1.1,0.81,0,28.1,1
2024-06-12 19:00:00,zone_002,33,1.0,1.7,0.49,0,34.1,1
2024-06-12 20:00:00,zone_002,33,1.0,1.0,0.38,0,30.2,1
2024-06-13 01:00:00,zone_002,29,1.0,0.1,0.24,0,30.0,1
2024-06-13 03:00:00,zone_002,23,1.0,0.7,0.44,1,35.5,1
2024-06-13 11:00:00,zone_002,20,1.0,1.3,0.67,0,35.6,1
2024-06-14 04:00:00,zone_002,27,1.0,0.3,0.86,1,34.5,1
2024-06-14 08:00:00,zone_002,25,1.0,0.9,0.9,1,34.5,1
2024-06-14 09:00:00,zone_002,65,1.0,2.6,0.68,0,24.7,1
2024-06-15 03:00:00,zone_002,23,1.0,0.3,0.65,1,41.8,1
2024-06-15 04:00:00,zone_002,18,1.0,0.9,0.79,0,31.2,1
2024-06-15 13:00:00,zone_002,22,1.0,2.6,0.77,1,36.7,1
2024-06-15 14:00:00,zone_002,25,1.0,5.3,0.59,1,28.9,1
2024-06-15 16:00:00,zone_002,68,1.0,0.2,0.73,1,35.0,1
2024-06-16 01:00:00,zone_002,25,1.0,1.8,0.18,1,33.9,1
2024-06-16 12:00:00,zone_002,19,1.0,1.3,0.39,0,34.9,1
2024-06-16 15:00:00,zone_002,33,1.0,1.7,0.71,2,33.0,1
2024-06-16 20:00:00,zone_002,28,1.0,3.5,0.83,1,35.6,1
2024-06-17 03:00:00,zone_002,54,1.0,2.4,0.44,1,36.4,1
2024-06-17 05:00:00,zone_002,34,1.0,2.3,0.7,0,37.8,1
2024-06-17 19:00:00,zone_002,37,1.0,2.8,0.48,0,30.8,1
2024-06-18 12:00:00,zone_002,38,1.0,3.9,0.29,1,31.7,1
2024-06-18 20:00:00,zone_002,54,1.0,0.0,0.24,0,27.6,1
2024-06-19 02:00:00,zone_002,41,1.0,1.0,0.57,0,32.7,1
2024-06-19 19:00:00,zone_002,60,1.0,1.8,0.17,0,31.8,1
2024-06-20 06:00:00,zone_002,19,1.0,0.9,0.64,0,34.1,1
2024-06-20 07:00:00,zone_002,67,1.0,3.2,0.55,0,33.5,1
2024-06-20 10:00:00,zone_002,17,1.0,2.5,0.42,0,34.7,1
2024-06-20 11:00:00,zone_002,27,1.0,3.1,0.85,2,28.3,1
2024-06-21 01:00:00,zone_002,21,1.0,2.8,0.89,0,33.9,1
2024-06-21 14:00:00,zone_002,15,1.0,7.2,0.68,0,26.1,1
2024-06-21 16:00:00,zone_002,44,1.0,1.7,0.47,0,41.5,1
2024-06-21 18:00:00,zone_002,31,1.0,1.2,0.52,1,31.2,1
2024-06-22 05:00:00,zone_002,62,1.0,0.7,0.22,2,32.3,1
2024-06-23 02:00:00,zone_002,25,1.0,1.1,0.41,0,32.9,1
2024-06-23 05:00:00,zone_002,79,1.0,1.4,0.88,0,26.7,1
2024-06-24 05:00:00,zone_002,48,1.0,0.7,0.76,1,33.3,1
2024-06-24 07:00:00,zone_002,16,1.0,0.3,0.31,2,30.7,1
2024-06-24 17:00:00,zone_002,14,1.0,1.0,0.27,2,27.1,1
2024-06-24 21:00:00,zone_002,28,1.0,0.6,0.74,0,24.7,1
2024-06-25 15:00:00,zone_002,36,1.0,1.5,0.85,1,33.4,1
2024-06-25 19:00:00,zone_002,54,1.0,2.3,0.48,0,29.2,1
2024-06-26 08:00:00,zone_002,35,1.0,0.7,0.79,0,34.8,1
2024-06-26 13:00:00,zone_002,28,1.0,0.8,0.59,1,36.3,1
2024-06-26 15:00:00,zone_002,17,1.0,0.7,0.56,1,28.6,1
2024-06-27 04:00:00,zone_002,49,1.0,3.0,0.27,0,30.7,1
2024-06-27 06:00:00,zone_002,25,1.0,0.1,0.74,1,34.0,1
2024-06-28 05:00:00,zone_002,33,1.0,1.5,0.21,0,35.3,1
2024-06-28 06:00:00,zone_002,63,1.0,0.3,0.13,0,34.6,1
2024-06-28 07:00:00,zone_002,67,1.0,2.6,0.81,0,32.3,1
2024-06-28 08:00:00,zone_002,27,1.0,3.3,0.19,2,33.6,1
2024-06-28 15:00:00,zone_002,23,1.0,5.2,0.66,0,31.9,1
2024-06-29 07:00:00,zone_002,29,1.0,0.8,0.58,2,38.9,1
2024-06-29 12:00:00,zone_002,32,1.0,0.7,0.78,1,28.5,1
2024-06-30 08:00:00,zone_002,20,1.0,0.5,0.6,1,31.9,1
2024-07-02 10:00:00,zone_002,65,1.0,0.5,0.37,1,30.9,1
2024-07-02 23:00:00,zone_002,36,1.0,2.7,0.53,1,30.9,1
2024-07-03 12:00:00,zone_002,30,1.0,0.1,0.35,0,29.3,1
2024-07-04 03:00:00,zone_002,50,1.0,1.3,0.22,0,30.2,1
2024-07-04 13:00:00,zone_002,28,1.0,0.2,0.6,0,32.1,1
2024-07-04 20:00:00,zone_002,25,1.0,1.2,0.23,0,31.2,1
2024-07-05 16:00:00,zone_002,58,1.0,3.6,0.83,0,28.7,1
2024-07-06 09:00:00,zone_002,34,1.0,3.7,0.56,0,37.8,1
2024-07-09 02:00:00,zone_002,28,1.0,2.1,0.79,0,24.2,1
2024-07-09 12:00:00,zone_002,63,1.0,0.8,0.22,0,23.9,1
2024-07-10 00:00:00,zone_002,42,1.0,2.4,0.77,2,25.8,1
2024-07-10 06:00:00,zone_002,38,1.0,0.1,0.62,0,37.0,1
2024-07-10 11:00:00,zone_002,37,1.0,1.6,0.71,0,37.1,1
2024-07-11 03:00:00,zone_002,17,1.0,0.6,0.3,1,34.7,1
2024-07-11 05:00:00,zone_002,23,1.0,1.5,0.28,0,29.6,1
2024-07-11 07:00:00,zone_002,52,1.0,0.3,0.45,0,29.6,1
2024-07-11 11:00:00,zone_002,23,1.0,1.5,0.75,0,38.2,1
2024-07-12 03:00:00,zone_002,62,1.0,0.3,0.8,2,30.2,1
2024-07-12 15:00:00,zone_002,19,1.0,1.0,0.57,0,27.3,1
2024-07-13 09:00:00,zone_002,13,1.0,4.9,0.38,0,29.3,1
2024-07-14 00:00:00,zone_002,42,1.0,0.3,0.32,0,26.2,1
2024-07-15 01:00:00,zone_002,9,1.0,2.2,0.44,0,29.3,1
2024-07-15 04:00:00,zone_002,23,1.0,3.1,0.77,1,30.9,1
2024-07-15 08:00:00,zone_002,33,1.0,0.1,0.32,0,36.0,1
2024-07-15 14:00:00,zone_002,24,1.0,0.6,0.25,0,30.2,1
2024-07-15 22:00:00,zone_002,25,1.0,0.2,0.36,0,34.9,1
2024-07-16 10:00:00,zone_002,42,1.0,2.3,0.11,0,33.8,1
2024-07-16 13:00:00,zone_002,35,1.0,4.4,0.48,0,26.6,1
2024-07-16 14:00:00,zone_002,19,1.0,1.3,0.54,0,29.9,1
2024-07-18 14:00:00,zone_002,18,1.0,0.8,0.67,1,32.9,1
2024-07-18 21:00:00,zone_002,29,1.0,0.7,0.12,0,31.7,1
2024-07-19 15:00:00,zone_002,34,1.0,0.3,0.52,0,30.1,1
2024-07-19 18:00:00,zone_002,34,1.0,0.7,0.23,0,29.2,1
2024-07-20 10:00:00,zone_002,76,1.0,0.8,0.63,1,28.3,1
2024-07-20 22:00:00,zone_002,38,1.0,0.3,0.44,0,24.8,1
2024-07-21 02:00:00,zone_002,17,1.0,1.1,0.69,0,33.7,1
2024-07-21 10:00:00,zone_002,36,1.0,2.1,0.65,0,25.4,1
2024-07-21 20:00:00,zone_002,28,1.0,1.0,0.89,0,36.6,1
2024-07-24 02:00:00,zone_002,95,1.0,1.7,0.19,0,34.6,1
2024-07-25 04:00:00,zone_002,9,1.0,0.5,0.48,0,32.5,1
2024-07-26 04:00:00,zone_002,5,1.0,3.2,0.68,1,26.6,1
2024-07-26 19:00:00,zone_002,56,1.0,3.1,0.55,0,32.0,1
2024-07-29 03:00:00,zone_002,27,1.0,4.6,0.68,2,39.1,1
2024-07-29 09:00:00,zone_002,53,1.0,5.0,0.16,0,38.7,1
2024-07-29 10:00:00,zone_002,29,1.0,1.7,0.61,0,34.7,1
2024-07-29 14:00:00,zone_002,21,1.0,2.1,0.72,2,36.4,1
2024-07-30 04:00:00,zone_002,31,1.0,5.3,0.74,0,24.7,1
2024-07-30 06:00:00,zone_002,61,1.0,0.5,0.26,2,32.4,1
2024-07-30 15:00:00,zone_002,41,1.0,2.4,0.24,1,30.3,1
2024-07-30 16:00:00,zone_002,12,1.0,0.4,0.65,0,36.2,1
2024-07-31 20:00:00,zone_002,36,1.0,2.9,0.31,0,37.1,1
2024-08-02 04:00:00,zone_002,50,1.0,2.2,0.88,1,30.9,1
2024-08-03 05:00:00,zone_002,25,1.0,0.3,0.26,0,39.7,1
2024-08-03 09:00:00,zone_002,39,1.0,0.3,0.23,0,33.3,1
2024-08-03 10:00:00,zone_002,45,1.0,0.8,0.57,2,34.6,1
2024-08-04 05:00:00,zone_002,19,1.0,0.1,0.24,0,28.0,1
2024-08-04 08:00:00,zone_002,29,1.0,0.2,0.67,0,40.8,1
2024-08-04 16:00:00,zone_002,51,1.0,0.2,0.39,0,44.1,1
2024-08-06 06:00:00,zone_002,55,1.0,0.5,0.11,1,30.2,1
2024-08-07 04:00:00,zone_002,58,1.0,0.6,0.67,1,39.5,1
2024-08-07 09:00:00,zone_002,41,1.0,13.4,0.24,2,31.3,1
2024-08-08 00:00:00,zone_002,14,1.0,0.5,0.4,0,33.4,1
2024-08-09 11:00:00,zone_002,75,1.0,0.1,0.85,0,35.1,1
2024-08-10 03:00:00,zone_002,37,1.0,0.3,0.82,0,33.2,1
2024-08-10 04:00:00,zone_002,49,1.0,7.7,0.9,0,29.4,1
2024-08-10 05:00:00,zone_002,12,1.0,0.0,0.58,0,34.3,1
2024-08-11 09:00:00,zone_002,31,1.0,1.1,0.33,0,29.5,1
2024-08-11 19:00:00,zone_002,27,1.0,1.1,0.71,0,34.0,1
2024-08-12 22:00:00,zone_002,18,1.0,0.3,0.45,1,36.7,1
2024-08-13 09:00:00,zone_002,34,1.0,1.6,0.52,0,36.8,1
2024-08-13 16:00:00,zone_002,28,1.0,1.1,0.62,0,32.0,1
2024-08-13 21:00:00,zone_002,36,1.0,2.0,0.61,2,32.7,1
2024-08-13 23:00:00,zone_002,60,1.0,2.0,0.14,0,33.9,1
2024-08-14 14:00:00,zone_002,47,1.0,0.2,0.65,0,29.9,1
2024-08-16 09:00:00,zone_002,53,1.0,0.0,0.32,1,36.4,1
2024-08-16 19:00:00,zone_002,75,1.0,0.2,0.3,0,29.2,1
2024-08-17 04:00:00,zone_002,65,1.0,0.3,0.16,0,30.3,1
2024-08-18 17:00:00,zone_002,22,1.0,0.6,0.77,1,26.4,1
2024-08-18 19:00:00,zone_002,23,1.0,0.1,0.43,0,28.2,1
2024-08-19 01:00:00,zone_002,28,1.0,1.4,0.77,0,35.3,1
2024-08-19 08:00:00,zone_002,9,1.0,0.0,0.11,1,36.1,1
2024-08-19 13:00:00,zone_002,33,1.0,0.4,0.84,0,25.6,1
2024-08-20 03:00:00,zone_002,32,1.0,1.9,0.24,0,26.9,1
2024-08-21 01:00:00,zone_002,30,1.0,0.3,0.14,0,31.9,1
2024-08-22 10:00:00,zone_002,18,1.0,0.5,0.29,0,37.6,1
2024-08-22 15:00:00,zone_002,65,1.0,0.1,0.76,0,31.1,1
2024-08-22 21:00:00,zone_002,28,1.0,2.2,0.59,0,33.6,1
2024-08-23 01:00:00,zone_002,58,1.0,0.5,0.19,2,31.0,1
2024-08-24 03:00:00,zone_002,148,1.0,1.5,0.79,1,32.3,1
2024-08-24 21:00:00,zone_002,144,1.0,1.0,0.38,0,27.6,1
2024-08-24 22:00:00,zone_002,27,1.0,2.5,0.27,0,29.8,1
2024-08-25 04:00:00,zone_002,51,1.0,1.7,0.78,0,30.1,1
2024-08-26 04:00:00,zone_002,52,1.0,0.4,0.86,1,27.3,1
2024-08-26 14:00:00,zone_002,40,1.0,0.7,0.29,0,31.1,1
2024-08-27 03:00:00,zone_002,42,1.0,1.3,0.65,0,30.6,1
2024-08-27 05:00:00,zone_002,39,1.0,0.4,0.26,0,30.0,1
2024-08-27 11:00:00,zone_002,48,1.0,1.2,0.72,0,34.1,1
2024-08-27 13:00:00,zone_002,17,1.0,7.3,0.19,0,30.1,1
2024-08-27 18:00:00,zone_002,27,1.0,4.1,0.75,0,23.8,1
2024-08-28 05:00:00,zone_002,34,1.0,0.6,0.85,0,27.2,1
2024-08-28 22:00:00,zone_002,22,1.0,1.3,0.32,0,36.5,1
2024-08-29 19:00:00,zone_002,51,1.0,3.7,0.5,0,34.1,1
2024-08-30 00:00:00,zone_002,93,1.0,0.4,0.22,0,36.4,1
2024-08-30 04:00:00,zone_002,32,1.0,3.3,0.8,0,29.5,1
2024-08-30 10:00:00,zone_002,40,1.0,1.1,0.26,0,27.3,1
2024-08-31 21:00:00,zone_002,48,1.0,1.4,0.75,1,25.1,1
2024-09-01 13:00:00,zone_002,17,1.0,2.5,0.11,0,32.8,1
2024-09-01 16:00:00,zone_002,22,1.0,0.2,0.18,2,31.7,1
2024-09-02 03:00:00,zone_002,21,1.0,0.8,0.16,1,31.2,1
2024-09-02 11:00:00,zone_002,17,1.0,1.6,0.39,0,37.1,1
2024-09-02 12:00:00,zone_002,33,1.0,1.3,0.62,0,22.6,1
2024-09-02 23:00:00,zone_002,36,1.0,0.7,0.8,1,37.5,1
2024-09-03 06:00:00,zone_002,43,1.0,1.9,0.58,1,24.6,1
2024-09-04 00:00:00,zone_002,41,1.0,1.4,0.89,1,33.9,1
2024-09-06 16:00:00,zone_002,30,1.0,5.3,0.36,0,33.8,1
2024-09-07 19:00:00,zone_002,30,1.0,4.9,0.83,2,33.0,1
2024-09-08 01:00:00,zone_002,20,1.0,1.5,0.31,0,37.1,1
2024-09-08 06:00:00,zone_002,13,1.0,0.1,0.6,0,32.5,1
2024-09-08 19:00:00,zone_002,31,1.0,0.4,0.59,0,33.1,1
2024-09-08 22:00:00,zone_002,21,1.0,0.4,0.28,0,27.5,1
2024-09-09 20:00:00,zone_002,31,1.0,0.2,0.36,2,38.0,1
2024-09-10 04:00:00,zone_002,36,1.0,2.9,0.45,0,37.0,1
2024-09-10 12:00:00,zone_002,22,1.0,9.3,0.35,0,29.2,1
2024-09-11 20:00:00,zone_002,27,1.0,1.1,0.42,1,27.9,1
2024-09-12 00:00:00,zone_002,38,1.0,0.5,0.71,2,30.0,1
2024-09-13 04:00:00,zone_002,25,1.0,0.7,0.14,0,37.2,1
2024-09-14 04:00:00,zone_002,58,1.0,0.8,0.78,0,31.6,1
2024-09-14 05:00:00,zone_002,26,1.0,0.1,0.65,0,32.9,1
2024-09-14 08:00:00,zone_002,31,1.0,0.7,0.12,1,31.2,1
2024-09-14 20:00:00,zone_002,34,1.0,2.2,0.69,0,39.0,1
2024-09-15 13:00:00,zone_002,34,1.0,2.5,0.32,0,36.0,1
2024-09-15 17:00:00,zone_002,23,1.0,0.6,0.25,0,26.0,1
2024-09-16 09:00:00,zone_002,69,1.0,0.5,0.66,0,37.0,1
2024-09-16 12:00:00,zone_002,51,1.0,5.9,0.35,1,30.3,1
2024-09-16 17:00:00,zone_002,24,1.0,0.1,0.65,1,30.2,1
2024-09-18 03:00:00,zone_002,34,1.0,3.8,0.79,0,32.9,1
2024-09-18 17:00:00,zone_002,29,1.0,2.3,0.62,2,27.5,1
2024-09-18 19:00:00,zone_002,34,1.0,0.0,0.27,0,28.7,1
2024-09-18 20:00:00,zone_002,25,1.0,4.0,0.49,0,32.2,1
2024-09-19 21:00:00,zone_002,38,1.0,2.3,0.46,0,30.4,1
2024-09-21 04:00:00,zone_002,31,1.0,0.9,0.69,1,42.2,1
2024-09-22 03:00:00,zone_002,18,1.0,1.5,0.51,0,35.6,1
2024-09-22 11:00:00,zone_002,26,1.0,0.1,0.35,0,30.9,1
2024-09-23 02:00:00,zone_002,60,1.0,0.9,0.76,0,32.0,1
2024-09-23 05:00:00,zone_002,10,1.0,1.7,0.28,0,30.2,1
2024-09-23 17:00:00,zone_002,23,1.0,2.9,0.69,0,43.8,1
2024-09-24 05:00:00,zone_002,22,1.0,8.2,0.28,0,31.3,1
2024-09-24 14:00:00,zone_002,103,1.0,6.8,0.25,0,29.2,1
2024-09-26 07:00:00,zone_002,20,1.0,5.5,0.38,0,34.2,1
2024-09-26 17:00:00,zone_002,59,1.0,0.2,0.69,0,27.9,1
2024-09-26 18:00:00,zone_002,46,1.0,0.2,0.71,0,30.7,1
2024-09-27 14:00:00,zone_002,28,1.0,0.6,0.29,0,32.4,1
2024-09-28 02:00:00,zone_002,57,1.0,1.2,0.84,2,22.3,1
2024-09-29 12:00:00,zone_002,54,1.0,1.9,0.6,0,33.1,1
2024-09-29 13:00:00,zone_002,59,1.0,3.0,0.81,2,29.3,1
2024-09-29 18:00:00,zone_002,23,1.0,0.1,0.29,0,35.1,1
2024-10-02 02:00:00,zone_002,65,1.0,3.0,0.27,0,29.1,1
2024-10-02 04:00:00,zone_002,24,1.0,0.3,0.81,0,32.2,1
2024-10-03 02:00:00,zone_002,48,1.0,7.1,0.82,0,35.9,1
2024-10-03 21:00:00,zone_002,41,1.0,0.5,0.57,0,34.1,1
2024-10-03 22:00:00,zone_002,45,1.0,4.7,0.57,0,29.5,1
2024-10-03 23:00:00,zone_002,25,1.0,5.4,0.72,0,33.2,1
2024-10-04 19:00:00,zone_002,26,1.0,0.3,0.22,0,32.7,1
2024-10-05 00:00:00,zone_002,27,1.0,0.5,0.44,1,36.9,1
2024-10-05 12:00:00,zone_002,44,1.0,0.7,0.61,1,30.4,1
2024-10-05 17:00:00,zone_002,22,1.0,0.7,0.5,2,37.7,1
2024-10-06 04:00:00,zone_002,31,1.0,1.5,0.87,1,33.0,1
2024-10-06 22:00:00,zone_002,17,1.0,2.3,0.27,0,37.4,1
2024-10-07 12:00:00,zone_002,33,1.0,2.6,0.44,0,28.7,1
2024-10-07 17:00:00,zone_002,57,1.0,0.5,0.24,0,30.8,1
2024-10-08 09:00:00,zone_002,33,1.0,0.1,0.39,0,29.7,1
2024-10-08 10:00:00,zone_002,21,1.0,2.8,0.78,0,24.6,1
2024-10-08 20:00:00,zone_002,98,1.0,0.7,0.87,0,31.0,1
2024-10-09 02:00:00,zone_002,43,1.0,1.5,0.55,2,27.4,1
2024-10-09 07:00:00,zone_002,28,1.0,0.1,0.57,1,25.2,1
2024-10-09 22:00:00,zone_002,48,1.0,2.1,0.59,2,32.6,1
2024-10-10 12:00:00,zone_002,9,1.0,0.6,0.69,0,23.7,1
2024-10-10 16:00:00,zone_002,138,1.0,1.4,0.15,1,35.8,1
2024-10-11 16:00:00,zone_002,49,1.0,0.1,0.64,0,28.1,1
2024-10-11 21:00:00,zone_002,58,1.0,0.9,0.18,1,34.6,1
2024-10-11 23:00:00,zone_002,27,1.0,2.4,0.53,0,29.2,1
2024-10-12 06:00:00,zone_002,14,1.0,3.0,0.58,0,30.6,1
2024-10-12 08:00:00,zone_002,36,1.0,0.4,0.6,0,31.2,1
2024-10-12 11:00:00,zone_002,32,1.0,1.8,0.2,1,36.3,1
2024-10-12 13:00:00,zone_002,43,1.0,1.7,0.37,0,26.4,1
2024-10-13 00:00:00,zone_002,27,1.0,0.4,0.87,0,27.1,1
2024-10-13 02:00:00,zone_002,50,1.0,0.1,0.58,0,26.3,1
2024-10-13 11:00:00,zone_002,43,1.0,1.3,0.15,1,32.8,1
2024-10-14 00:00:00,zone_002,52,1.0,1.2,0.64,2,33.6,1
2024-10-14 04:00:00,zone_002,30,1.0,2.5,0.67,0,26.8,1
2024-10-15 01:00:00,zone_002,46,1.0,0.2,0.81,1,36.2,1
2024-10-15 14:00:00,zone_002,59,1.0,1.3,0.36,0,33.8,1
2024-10-15 15:00:00,zone_002,52,1.0,0.4,0.59,0,22.9,1
2024-10-16 06:00:00,zone_002,34,1.0,0.6,0.49,0,32.8,1
2024-10-16 08:00:00,zone_002,28,1.0,0.3,0.52,0,30.1,1
2024-10-17 05:00:00,zone_002,35,1.0,0.7,0.58,0,34.0,1
2024-10-17 07:00:00,zone_002,29,1.0,2.1,0.36,0,36.3,1
2024-10-17 11:00:00,zone_002,13,1.0,3.0,0.21,1,30.6,1
2024-10-18 00:00:00,zone_002,25,1.0,0.4,0.4,1,28.7,1
2024-10-18 08:00:00,zone_002,41,1.0,0.5,0.38,0,38.8,1
2024-10-18 10:00:00,zone_002,87,1.0,3.1,0.49,0,32.5,1
2024-10-18 23:00:00,zone_002,82,1.0,4.1,0.33,2,32.2,1
2024-10-19 08:00:00,zone_002,12,1.0,0.5,0.47,0,24.4,1
2024-10-19 20:00:00,zone_002,57,1.0,0.9,0.51,0,25.3,1
2024-10-21 07:00:00,zone_002,22,1.0,0.0,0.46,0,30.5,1
2024-10-21 20:00:00,zone_002,46,1.0,0.0,0.79,1,23.9,1
2024-10-22 06:00:00,zone_002,19,1.0,0.3,0.51,0,37.6,1
2024-10-22 12:00:00,zone_002,40,1.0,0.7,0.34,0,34.7,1
2024-10-23 07:00:00,zone_002,37,1.0,1.1,0.38,0,31.7,1
2024-10-23 20:00:00,zone_002,22,1.0,1.5,0.32,0,29.6,1
2024-10-24 15:00:00,zone_002,22,1.0,0.3,0.25,2,35.2,1
2024-10-25 01:00:00,zone_002,80,1.0,0.1,0.26,0,30.9,1
2024-10-25 04:00:00,zone_002,29,1.0,1.2,0.1,0,27.3,1
2024-10-25 11:00:00,zone_002,59,1.0,1.1,0.82,0,35.1,1
2024-10-25 21:00:00,zone_002,35,1.0,1.4,0.35,0,29.8,1
2024-10-26 00:00:00,zone_002,60,1.0,0.4,0.88,0,33.4,1
2024-10-27 05:00:00,zone_002,28,1.0,0.6,0.73,0,34.5,1
2024-10-28 08:00:00,zone_002,53,1.0,0.2,0.52,1,35.3,1
2024-10-28 14:00:00,zone_002,21,1.0,0.4,0.81,1,30.1,1
2024-10-29 00:00:00,zone_002,59,1.0,1.0,0.66,2,33.5,1
2024-10-29 16:00:00,zone_002,19,1.0,2.8,0.68,0,35.5,1
2024-10-30 17:00:00,zone_002,34,1.0,0.8,0.68,0,36.4,1
2024-10-31 19:00:00,zone_002,17,1.0,2.1,0.29,0,29.5,1
2024-10-31 23:00:00,zone_002,52,1.0,1.9,0.59,1,31.8,1
2024-11-01 22:00:00,zone_002,44,1.0,0.8,0.41,0,30.0,1
2024-11-01 23:00:00,zone_002,17,1.0,0.5,0.7,1,29.9,1
2024-11-02 01:00:00,zone_002,33,1.0,4.9,0.89,1,33.6,1
2024-11-02 05:00:00,zone_002,32,1.0,0.9,0.77,0,25.1,1
2024-11-02 17:00:00,zone_002,18,1.0,0.0,0.31,0,34.7,1
2024-11-03 00:00:00,zone_002,23,1.0,2.3,0.46,0,34.1,1
2024-11-03 10:00:00,zone_002,43,1.0,0.1,0.15,0,36.7,1
2024-11-04 01:00:00,zone_002,23,1.0,2.4,0.32,1,29.0,1
2024-11-04 08:00:00,zone_002,48,1.0,0.6,0.12,0,32.8,1
2024-11-04 19:00:00,zone_002,35,1.0,5.5,0.31,0,35.1,1
2024-11-06 03:00:00,zone_002,27,1.0,3.6,0.83,0,34.7,1
2024-11-06 06:00:00,zone_002,29,1.0,3.2,0.24,1,33.3,1
2024-11-06 08:00:00,zone_002,25,1.0,0.1,0.39,0,35.5,1
2024-11-06 19:00:00,zone_002,29,1.0,1.4,0.12,0,31.1,1
2024-11-06 20:00:00,zone_002,77,1.0,0.3,0.33,1,32.7,1
2024-11-06 21:00:00,zone_002,23,1.0,0.5,0.82,0,25.7,1
2024-11-07 04:00:00,zone_002,28,1.0,0.9,0.21,1,34.0,1
2024-11-07 10:00:00,zone_002,28,1.0,0.4,0.19,0,30.8,1
2024-11-08 02:00:00,zone_002,47,1.0,0.5,0.59,0,36.0,1
2024-11-08 06:00:00,zone_002,23,1.0,1.4,0.29,0,27.5,1
2024-11-08 07:00:00,zone_002,15,1.0,1.9,0.81,0,35.9,1
2024-11-08 19:00:00,zone_002,25,1.0,1.7,0.53,1,24.9,1
2024-11-08 21:00:00,zone_002,18,1.0,0.3,0.45,0,33.4,1
2024-11-08 22:00:00,zone_002,47,1.0,2.2,0.26,0,32.4,1
2024-11-09 02:00:00,zone_002,14,1.0,0.5,0.31,1,32.4,1
2024-11-09 16:00:00,zone_002,38,1.0,2.4,0.32,0,29.4,1
2024-11-10 00:00:00,zone_002,49,1.0,0.2,0.43,2,27.2,1
2024-11-10 02:00:00,zone_002,38,1.0,1.0,0.71,0,28.3,1
2024-11-11 02:00:00,zone_002,35,1.0,2.1,0.75,0,25.4,1
2024-11-12 04:00:00,zone_002,53,1.0,0.8,0.34,0,31.9,1
2024-11-12 11:00:00,zone_002,42,1.0,2.8,0.67,0,26.4,1
2024-11-12 12:00:00,zone_002,38,1.0,0.5,0.21,0,30.0,1
2024-11-13 05:00:00,zone_002,62,1.0,0.4,0.34,0,34.7,1
2024-11-13 08:00:00,zone_002,55,1.0,1.1,0.61,2,34.2,1
2024-11-13 14:00:00,zone_002,19,1.0,1.1,0.87,1,30.3,1
2024-11-14 07:00:00,zone_002,10,1.0,1.3,0.11,0,28.2,1
2024-11-14 22:00:00,zone_002,38,1.0,0.6,0.37,0,27.3,1
2024-11-15 01:00:00,zone_002,31,1.0,3.4,0.64,0,26.1,1
2024-11-16 02:00:00,zone_002,42,1.0,4.0,0.51,1,33.5,1
2024-11-16 05:00:00,zone_002,22,1.0,2.2,0.87,0,34.4,1
2024-11-16 17:00:00,zone_002,28,1.0,1.3,0.53,0,35.6,1
2024-11-17 09:00:00,zone_002,36,1.0,0.6,0.65,0,33.7,1
2024-11-17 11:00:00,zone_002,74,1.0,4.5,0.72,2,34.5,1
2024-11-19 15:00:00,zone_002,17,1.0,0.2,0.38,0,35.4,1
2024-11-19 21:00:00,zone_002,51,1.0,0.7,0.89,1,29.9,1
2024-11-20 06:00:00,zone_002,16,1.0,0.8,0.4,0,29.6,1
2024-11-20 18:00:00,zone_002,27,1.0,3.2,0.8,0,41.4,1
2024-11-21 06:00:00,zone_002,13,1.0,5.2,0.42,0,32.4,1
2024-11-21 07:00:00,zone_002,19,1.0,1.9,0.85,1,27.2,1
2024-11-21 15:00:00,zone_002,41,1.0,5.9,0.76,0,25.8,1
2024-11-22 03:00:00,zone_002,20,1.0,1.5,0.45,0,39.2,1
2024-11-22 12:00:00,zone_002,14,1.0,0.6,0.11,0,36.1,1
2024-11-23 06:00:00,zone_002,53,1.0,3.9,0.37,1,31.2,1
2024-11-23 13:00:00,zone_002,23,1.0,3.5,0.85,0,37.7,1
2024-11-23 14:00:00,zone_002,44,1.0,0.2,0.33,1,32.2,1
2024-11-23 15:00:00,zone_002,20,1.0,0.6,0.12,2,39.1,1
2024-11-24 06:00:00,zone_002,55,1.0,5.4,0.56,0,31.9,1
2024-11-27 10:00:00,zone_002,62,1.0,1.7,0.65,0,30.2,1
2024-11-28 03:00:00,zone_002,21,1.0,0.9,0.38,1,27.0,1
2024-11-28 15:00:00,zone_002,14,1.0,0.1,0.38,1,35.7,1
2024-11-29 05:00:00,zone_002,19,1.0,3.9,0.66,2,33.2,1
2024-11-29 07:00:00,zone_002,32,1.0,0.9,0.13,0,35.2,1
2024-11-29 18:00:00,zone_002,51,1.0,5.8,0.35,1,28.2,1
2024-11-29 21:00:00,zone_002,39,1.0,4.0,0.51,0,32.2,1
2024-11-30 01:00:00,zone_002,41,1.0,4.5,0.68,0,32.3,1
2024-11-30 08:00:00,zone_002,73,1.0,1.5,0.65,0,31.0,1
2024-11-30 18:00:00,zone_002,31,1.0,1.0,0.5,0,25.1,1
2024-11-30 20:00:00,zone_002,30,1.0,9.2,0.12,1,29.2,1
2024-12-01 05:00:00,zone_002,39,1.0,0.5,0.89,0,38.4,1
2024-12-01 11:00:00,zone_002,85,1.0,1.8,0.12,0,29.0,1
2024-12-01 13:00:00,zone_002,87,1.0,0.6,0.24,0,30.2,1
2024-12-02 09:00:00,zone_002,39,1.0,2.5,0.86,0,32.4,1
2024-12-02 23:00:00,zone_002,40,1.0,0.1,0.34,1,34.5,1
2024-12-03 06:00:00,zone_002,30,1.0,0.9,0.33,2,27.6,1
2024-12-03 23:00:00,zone_002,41,1.0,0.7,0.74,0,36.6,1
2024-12-04 09:00:00,zone_002,13,1.0,0.6,0.87,0,34.5,1
2024-12-04 15:00:00,zone_002,37,1.0,1.1,0.79,0,29.4,1
2024-12-05 05:00:00,zone_002,28,1.0,0.9,0.6,1,34.2,1
2024-12-05 08:00:00,zone_002,28,1.0,0.3,0.79,0,30.3,1
2024-12-05 17:00:00,zone_002,83,1.0,2.3,0.62,0,28.3,1
2024-12-06 23:00:00,zone_002,17,1.0,0.0,0.49,0,25.5,1
2024-12-07 11:00:00,zone_002,18,1.0,2.2,0.52,0,32.1,1
2024-12-07 16:00:00,zone_002,17,1.0,0.6,0.86,0,26.8,1
2024-12-07 23:00:00,zone_002,19,1.0,0.8,0.66,0,35.6,1
2024-12-08 03:00:00,zone_002,30,1.0,1.7,0.63,0,33.1,1
2024-12-08 23:00:00,zone_002,42,1.0,0.4,0.15,0,35.5,1
2024-12-09 15:00:00,zone_002,57,1.0,0.0,0.31,0,33.7,1
2024-12-10 11:00:00,zone_002,39,1.0,0.3,0.31,0,31.8,1
2024-12-11 15:00:00,zone_002,23,1.0,0.4,0.88,0,22.6,1
2024-12-12 05:00:00,zone_002,70,1.0,0.4,0.7,1,29.0,1
2024-12-13 09:00:00,zone_002,19,1.0,0.3,0.19,2,30.8,1
2024-12-14 01:00:00,zone_002,28,1.0,1.1,0.8,2,34.7,1
2024-12-14 08:00:00,zone_002,34,1.0,1.3,0.46,1,29.5,1
2024-12-14 10:00:00,zone_002,42,1.0,1.5,0.46,0,34.7,1
2024-12-14 16:00:00,zone_002,49,1.0,2.5,0.22,1,28.3,1
2024-12-14 20:00:00,zone_002,47,1.0,2.2,0.46,0,32.4,1
2024-12-15 12:00:00,zone_002,34,1.0,0.9,0.69,0,30.4,1
2024-12-17 13:00:00,zone_002,19,1.0,1.3,0.74,0,29.9,1
2024-12-18 02:00:00,zone_002,35,1.0,0.8,0.19,0,27.9,1
2024-12-18 10:00:00,zone_002,17,1.0,0.4,0.16,0,26.0,1
2024-12-18 13:00:00,zone_002,72,1.0,0.6,0.82,2,34.1,1
2024-12-18 21:00:00,zone_002,23,1.0,3.9,0.4,0,32.3,1
2024-12-19 00:00:00,zone_002,22,1.0,0.4,0.22,1,31.5,1
2024-12-19 08:00:00,zone_002,31,1.0,1.8,0.88,1,34.9,1
2024-12-20 02:00:00,zone_002,46,1.0,5.9,0.59,0,28.1,1
2024-12-20 23:00:00,zone_002,31,1.0,1.0,0.84,0,30.8,1
2024-12-21 16:00:00,zone_002,37,1.0,0.8,0.28,1,34.5,1
2024-12-21 21:00:00,zone_002,45,1.0,2.7,0.46,0,39.3,1
2024-12-22 05:00:00,zone_002,28,1.0,2.3,0.81,0,29.7,1
2024-12-23 09:00:00,zone_002,16,1.0,0.4,0.78,0,29.2,1
2024-12-24 01:00:00,zone_002,27,1.0,2.5,0.17,1,37.0,1
2024-12-24 11:00:00,zone_002,14,1.0,2.6,0.4,1,36.6,1
2024-12-24 20:00:00,zone_002,39,1.0,1.1,0.35,0,28.5,1
2024-12-25 23:00:00,zone_002,20,1.0,0.1,0.59,0,32.7,1
2024-12-26 14:00:00,zone_002,78,1.0,1.8,0.88,1,31.7,1
2024-12-26 16:00:00,zone_002,51,1.0,3.0,0.16,0,35.6,1
2024-12-26 19:00:00,zone_002,54,1.0,1.6,0.25,2,32.6,1
2024-12-26 20:00:00,zone_002,42,1.0,1.7,0.77,1,28.7,1
2024-12-27 00:00:00,zone_002,25,1.0,0.5,0.71,0,34.8,1
2024-12-27 20:00:00,zone_002,28,1.0,3.4,0.89,0,33.1,1
2024-12-28 09:00:00,zone_002,26,1.0,0.7,0.15,0,25.1,1
2024-12-28 10:00:00,zone_002,59,1.0,0.3,0.16,1,27.9,1
2024-12-28 22:00:00,zone_002,26,1.0,3.9,0.53,0,36.0,1
2024-12-29 11:00:00,zone_002,25,1.0,0.2,0.69,0,40.0,1
2024-12-30 05:00:00,zone_002,57,1.0,4.2,0.47,1,37.1,1
2024-12-30 17:00:00,zone_002,16,1.0,0.0,0.1,0,30.0,1
2024-12-30 18:00:00,zone_002,57,1.0,1.7,0.72,0,29.8,1
2024-12-30 21:00:00,zone_002,30,1.0,0.6,0.39,2,29.2,1
2024-01-01 17:00:00,zone_003,44,1.0,1.0,0.66,1,31.9,1
2024-01-02 01:00:00,zone_003,51,1.0,0.2,0.58,1,30.1,1
2024-01-02 16:00:00,zone_003,58,1.0,2.7,0.8,0,35.8,1
2024-01-02 23:00:00,zone_003,30,1.0,2.1,0.53,0,29.0,1
2024-01-03 00:00:00,zone_003,21,1.0,1.4,0.57,0,32.3,1
2024-01-03 01:00:00,zone_003,54,1.0,0.0,0.88,1,39.6,1
2024-01-04 22:00:00,zone_003,26,1.0,3.6,0.17,0,29.6,1
2024-01-05 13:00:00,zone_003,54,1.0,0.7,0.29,0,33.2,1
2024-01-06 10:00:00,zone_003,29,1.0,2.2,0.86,0,35.5,1
2024-01-07 12:00:00,zone_003,34,1.0,0.1,0.61,0,28.5,1
2024-01-07 16:00:00,zone_003,51,1.0,2.0,0.5,0,26.7,1
2024-01-08 00:00:00,zone_003,32,1.0,0.6,0.6,2,35.6,1
2024-01-08 05:00:00,zone_003,30,1.0,2.6,0.16,0,35.5,1
2024-01-08 17:00:00,zone_003,28,1.0,0.2,0.46,0,34.9,1
2024-01-09 08:00:00,zone_003,48,1.0,0.1,0.54,0,26.4,1
2024-01-09 19:00:00,zone_003,56,1.0,3.5,0.4,2,31.5,1
2024-01-10 09:00:00,zone_003,30,1.0,0.1,0.42,2,28.6,1
2024-01-10 23:00:00,zone_003,108,1.0,0.7,0.4,0,36.7,1
2024-01-11 05:00:00,zone_003,34,1.0,1.6,0.84,0,32.8,1
2024-01-11 14:00:00,zone_003,35,1.0,0.0,0.25,1,31.6,1
2024-01-11 15:00:00,zone_003,24,1.0,0.4,0.24,0,40.2,1
2024-01-12 03:00:00,zone_003,32,1.0,0.0,0.39,2,29.8,1
2024-01-12 14:00:00,zone_003,42,1.0,0.3,0.53,0,34.9,1
2024-01-15 05:00:00,zone_003,39,1.0,1.4,0.14,0,31.3,1
2024-01-15 07:00:00,zone_003,24,1.0,1.1,0.87,0,29.2,1
2024-01-15 14:00:00,zone_003,19,1.0,0.4,0.49,0,36.2,1
2024-01-16 20:00:00,zone_003,26,1.0,0.9,0.44,0,36.6,1
2024-01-17 06:00:00,zone_003,56,1.0,1.9,0.71,0,35.6,1
2024-01-17 17:00:00,zone_003,7,1.0,0.4,0.86,0,28.6,1
2024-01-18 02:00:00,zone_003,17,1.0,2.0,0.8,1,29.3,1
2024-01-19 08:00:00,zone_003,31,1.0,6.2,0.67,0,28.9,1
2024-01-19 21:00:00,zone_003,20,1.0,13.3,0.39,2,30.2,1
2024-01-20 08:00:00,zone_003,41,1.0,1.4,0.73,0,36.8,1
2024-01-20 09:00:00,zone_003,23,1.0,0.6,0.47,0,27.0,1
2024-01-21 00:00:00,zone_003,25,1.0,0.2,0.58,1,34.3,1
2024-01-21 04:00:00,zone_003,42,1.0,4.1,0.77,0,36.6,1
2024-01-21 14:00:00,zone_003,62,1.0,4.0,0.31,2,22.1,1
2024-01-22 06:00:00,zone_003,31,1.0,2.1,0.56,0,39.1,1
2024-01-22 17:00:00,zone_003,46,1.0,2.4,0.63,0,26.9,1
2024-01-23 00:00:00,zone_003,16,1.0,0.6,0.84,0,30.3,1
2024-01-23 14:00:00,zone_003,18,1.0,0.5,0.68,0,27.6,1
2024-01-23 20:00:00,zone_003,33,1.0,3.9,0.68,0,35.1,1
2024-01-24 09:00:00,zone_003,40,1.0,2.1,0.75,0,28.0,1
2024-01-25 01:00:00,zone_003,21,1.0,0.4,0.56,0,34.8,1
2024-01-25 02:00:00,zone_003,44,1.0,1.5,0.62,1,32.3,1
2024-01-26 00:00:00,zone_003,15,1.0,0.1,0.49,0,31.8,1
2024-01-26 19:00:00,zone_003,20,1.0,0.6,0.29,0,29.8,1
2024-01-27 04:00:00,zone_003,16,1.0,0.1,0.48,0,36.4,1
2024-01-27 08:00:00,zone_003,29,1.0,1.7,0.33,0,33.3,1
2024-01-27 20:00:00,zone_003,22,1.0,0.6,0.36,0,33.0,1
2024-01-29 21:00:00,zone_003,63,1.0,2.4,0.23,0,32.1,1
2024-01-30 00:00:00,zone_003,21,1.0,1.9,0.82,0,32.8,1
2024-01-30 04:00:00,zone_003,29,1.0,1.5,0.7,0,26.4,1
2024-01-30 19:00:00,zone_003,35,1.0,1.4,0.37,1,31.1,1
2024-01-31 05:00:00,zone_003,50,1.0,0.4,0.25,1,29.0,1
2024-01-31 23:00:00,zone_003,52,1.0,0.2,0.55,1,28.4,1
2024-02-02 01:00:00,zone_003,27,1.0,1.3,0.69,0,36.6,1
2024-02-02 06:00:00,zone_003,41,1.0,0.5,0.11,0,26.5,1
2024-02-03 02:00:00,zone_003,31,1.0,0.1,0.1,0,28.1,1
2024-02-03 03:00:00,zone_003,55,1.0,1.0,0.69,0,35.5,1
2024-02-03 10:00:00,zone_003,46,1.0,1.0,0.71,0,27.9,1
2024-02-05 02:00:00,zone_003,9,1.0,4.4,0.24,1,37.0,1
2024-02-05 14:00:00,zone_003,20,1.0,1.8,0.61,1,32.2,1
2024-02-05 22:00:00,zone_003,38,1.0,2.3,0.18,0,29.1,1
2024-02-07 09:00:00,zone_003,29,1.0,0.3,0.23,0,28.1,1
2024-02-07 11:00:00,zone_003,21,1.0,0.3,0.82,0,24.2,1
2024-02-07 21:00:00,zone_003,18,1.0,0.4,0.37,0,33.0,1
2024-02-08 01:00:00,zone_003,11,1.0,0.3,0.77,1,33.2,1
2024-02-08 03:00:00,zone_003,40,1.0,0.3,0.11,2,33.2,1
2024-02-08 14:00:00,zone_003,32,1.0,1.6,0.81,0,31.6,1
2024-02-08 18:00:00,zone_003,30,1.0,0.3,0.18,0,29.2,1
2024-02-08 22:00:00,zone_003,36,1.0,0.1,0.42,0,29.1,1
2024-02-09 07:00:00,zone_003,52,1.0,1.4,0.78,0,28.3,1
2024-02-09 11:00:00,zone_003,42,1.0,0.1,0.14,0,33.6,1
2024-02-09 16:00:00,zone_003,19,1.0,3.3,0.73,0,29.9,1
2024-02-10 06:00:00,zone_003,48,1.0,0.2,0.58,1,29.5,1
2024-02-11 10:00:00,zone_003,49,1.0,0.5,0.62,0,35.2,1
2024-02-11 20:00:00,zone_003,24,1.0,2.3,0.55,0,31.8,1
2024-02-12 22:00:00,zone_003,36,1.0,3.3,0.29,0,27.2,1
2024-02-13 00:00:00,zone_003,42,1.0,0.7,0.28,0,22.5,1
2024-02-13 15:00:00,zone_003,52,1.0,0.1,0.4,0,30.9,1
2024-02-14 20:00:00,zone_003,28,1.0,0.5,0.74,0,29.3,1
2024-02-15 10:00:00,zone_003,21,1.0,0.5,0.17,2,35.5,1
2024-02-15 21:00:00,zone_003,16,1.0,1.0,0.86,0,32.8,1
2024-02-16 16:00:00,zone_003,28,1.0,0.9,0.3,0,28.2,1
2024-02-16 21:00:00,zone_003,54,1.0,2.1,0.57,0,38.9,1
2024-02-17 05:00:00,zone_003,36,1.0,2.8,0.32,2,32.7,1
2024-02-17 12:00:00,zone_003,51,1.0,0.2,0.53,0,34.1,1
2024-02-18 16:00:00,zone_003,12,1.0,0.6,0.48,1,32.5,1
2024-02-18 17:00:00,zone_003,55,1.0,0.2,0.49,0,33.3,1
2024-02-20 08:00:00,zone_003,13,1.0,0.6,0.8,0,26.7,1
2024-02-20 20:00:00,zone_003,63,1.0,0.3,0.67,0,39.7,1
2024-02-21 03:00:00,zone_003,37,1.0,2.9,0.43,0,32.3,1
2024-02-21 20:00:00,zone_003,27,1.0,0.8,0.34,0,31.3,1
2024-02-22 09:00:00,zone_003,45,1.0,0.1,0.14,2,31.5,1
2024-02-22 22:00:00,zone_003,54,1.0,0.8,0.29,1,26.2,1
2024-02-22 23:00:00,zone_003,21,1.0,0.6,0.53,1,36.6,1
2024-02-23 04:00:00,zone_003,41,1.0,0.7,0.57,0,33.7,1
2024-02-23 15:00:00,zone_003,21,1.0,4.4,0.77,0,29.6,1
2024-02-24 04:00:00,zone_003,51,1.0,0.3,0.88,0,26.1,1
2024-02-24 17:00:00,zone_003,68,1.0,0.3,0.75,0,29.4,1
2024-02-25 09:00:00,zone_003,16,1.0,0.5,0.65,0,31.5,1
2024-02-25 13:00:00,zone_003,29,1.0,0.1,0.76,0,33.1,1
2024-02-26 04:00:00,zone_003,50,1.0,0.2,0.22,0,38.5,1
2024-02-26 08:00:00,zone_003,44,1.0,2.5,0.49,0,32.7,1
2024-02-27 07:00:00,zone_003,87,1.0,1.7,0.81,0,35.6,1
2024-02-27 13:00:00,zone_003,22,1.0,3.9,0.64,0,35.0,1
2024-02-27 21:00:00,zone_003,42,1.0,1.2,0.61,0,32.9,1
2024-02-29 17:00:00,zone_003,26,1.0,3.4,0.26,0,28.1,1
2024-03-01 19:00:00,zone_003,30,1.0,0.7,0.14,0,34.8,1
2024-03-01 23:00:00,zone_003,32,1.0,0.7,0.8,0,32.8,1
2024-03-02 02:00:00,zone_003,27,1.0,1.0,0.82,0,34.4,1
2024-03-03 05:00:00,zone_003,17,1.0,3.2,0.16,0,32.1,1
2024-03-03 18:00:00,zone_003,75,1.0,0.8,0.47,0,31.2,1
2024-03-05 10:00:00,zone_003,57,1.0,6.1,0.23,0,35.0,1
2024-03-06 01:00:00,zone_003,36,1.0,0.3,0.73,2,31.5,1
2024-03-06 03:00:00,zone_003,65,1.0,2.0,0.66,1,38.2,1
2024-03-06 19:00:00,zone_003,38,1.0,2.1,0.89,0,31.4,1
2024-03-06 20:00:00,zone_003,28,1.0,1.1,0.46,2,33.5,1
2024-03-07 06:00:00,zone_003,36,1.0,1.1,0.54,0,31.2,1
2024-03-07 21:00:00,zone_003,40,1.0,0.2,0.89,0,25.5,1
2024-03-08 14:00:00,zone_003,23,1.0,0.9,0.62,1,32.4,1
2024-03-08 18:00:00,zone_003,61,1.0,1.5,0.77,0,33.2,1
2024-03-09 21:00:00,zone_003,49,1.0,0.1,0.47,2,40.8,1
2024-03-10 14:00:00,zone_003,40,1.0,3.2,0.25,0,36.2,1
2024-03-11 07:00:00,zone_003,17,1.0,1.8,0.42,1,33.4,1
2024-03-11 08:00:00,zone_003,53,1.0,1.1,0.57,0,27.8,1
2024-03-11 12:00:00,zone_003,19,1.0,0.0,0.66,1,26.8,1
2024-03-12 08:00:00,zone_003,35,1.0,1.0,0.41,0,35.0,1
2024-03-12 13:00:00,zone_003,80,1.0,3.6,0.83,0,31.9,1
2024-03-12 16:00:00,zone_003,21,1.0,0.6,0.9,2,32.6,1
2024-03-12 18:00:00,zone_003,65,1.0,0.0,0.68,2,28.9,1
2024-03-13 10:00:00,zone_003,70,1.0,0.2,0.41,2,24.8,1
2024-03-13 23:00:00,zone_003,30,1.0,0.2,0.38,0,26.1,1
2024-03-15 11:00:00,zone_003,18,1.0,0.3,0.16,0,38.0,1
2024-03-16 08:00:00,zone_003,40,1.0,1.5,0.43,0,31.5,1
2024-03-17 12:00:00,zone_003,14,1.0,2.8,0.74,0,31.6,1
2024-03-17 22:00:00,zone_003,20,1.0,0.2,0.7,2,33.0,1
2024-03-17 23:00:00,zone_003,25,1.0,3.1,0.77,0,37.8,1
2024-03-18 06:00:00,zone_003,28,1.0,2.0,0.78,2,36.1,1
2024-03-19 06:00:00,zone_003,51,1.0,0.7,0.87,0,29.3,1
2024-03-19 11:00:00,zone_003,50,1.0,1.3,0.63,1,35.9,1
2024-03-20 04:00:00,zone_003,57,1.0,0.7,0.3,1,33.3,1
2024-03-21 07:00:00,zone_003,27,1.0,0.6,0.62,1,30.7,1
2024-03-21 13:00:00,zone_003,20,1.0,0.6,0.65,0,35.2,1
2024-03-21 19:00:00,zone_003,21,1.0,0.3,0.61,2,27.5,1
2024-03-21 20:00:00,zone_003,52,1.0,1.3,0.74,0,24.9,1
2024-03-23 03:00:00,zone_003,49,1.0,0.1,0.38,0,30.4,1
2024-03-23 04:00:00,zone_003,12,1.0,0.5,0.62,2,30.9,1
2024-03-23 12:00:00,zone_003,20,1.0,2.8,0.67,0,38.9,1
2024-03-24 19:00:00,zone_003,35,1.0,0.8,0.25,0,38.0,1
2024-03-24 23:00:00,zone_003,27,1.0,1.3,0.41,0,35.6,1
2024-03-25 06:00:00,zone_003,28,1.0,0.5,0.37,0,25.7,1
2024-03-26 01:00:00,zone_003,115,1.0,0.2,0.73,0,35.5,1
2024-03-26 09:00:00,zone_003,17,1.0,2.7,0.29,0,28.1,1
2024-03-26 18:00:00,zone_003,9,1.0,2.5,0.43,1,29.8,1
2024-03-27 04:00:00,zone_003,32,1.0,1.6,0.55,1,39.7,1
2024-03-27 15:00:00,zone_003,31,1.0,0.9,0.1,0,40.0,1
2024-03-27 20:00:00,zone_003,41,1.0,2.9,0.54,0,32.0,1
2024-03-28 11:00:00,zone_003,48,1.0,1.9,0.47,0,26.3,1
2024-03-28 23:00:00,zone_003,17,1.0,4.2,0.46,0,25.0,1
2024-03-31 00:00:00,zone_003,25,1.0,0.3,0.61,1,31.1,1
2024-03-31 10:00:00,zone_003,19,1.0,0.1,0.16,0,34.5,1
2024-04-01 13:00:00,zone_003,27,1.0,0.5,0.7,0,34.0,1
2024-04-01 14:00:00,zone_003,37,1.0,0.6,0.16,0,36.0,1
2024-04-02 17:00:00,zone_003,70,1.0,3.4,0.69,1,38.2,1
2024-04-02 19:00:00,zone_003,39,1.0,2.3,0.47,2,34.6,1
2024-04-03 18:00:00,zone_003,43,1.0,0.4,0.43,0,36.0,1
2024-04-04 05:00:00,zone_003,60,1.0,2.9,0.15,0,35.2,1
2024-04-05 03:00:00,zone_003,50,1.0,1.5,0.37,0,37.5,1
2024-04-05 20:00:00,zone_003,108,1.0,1.6,0.43,0,27.9,1
2024-04-06 02:00:00,zone_003,34,1.0,2.1,0.36,0,35.0,1
2024-04-06 04:00:00,zone_003,27,1.0,1.2,0.89,1,23.7,1
2024-04-06 09:00:00,zone_003,15,1.0,1.6,0.4,0,36.2,1
2024-04-06 16:00:00,zone_003,35,1.0,0.4,0.19,0,28.4,1
2024-04-08 04:00:00,zone_003,45,1.0,0.9,0.7,0,30.9,1
2024-04-08 06:00:00,zone_003,21,1.0,0.0,0.11,0,34.5,1
2024-04-08 12:00:00,zone_003,15,1.0,0.7,0.49,0,36.5,1
2024-04-09 02:00:00,zone_003,32,1.0,0.8,0.35,0,26.1,1
2024-04-09 05:00:00,zone_003,19,1.0,2.1,0.17,0,32.1,1
2024-04-09 13:00:00,zone_003,27,1.0,2.9,0.65,0,27.7,1
2024-04-10 00:00:00,zone_003,18,1.0,1.7,0.76,0,40.9,1
2024-04-10 02:00:00,zone_003,30,1.0,6.2,0.72,0,32.7,1
2024-04-11 01:00:00,zone_003,31,1.0,1.3,0.35,0,28.9,1
2024-04-11 09:00:00,zone_003,20,1.0,0.0,0.14,2,37.5,1
2024-04-11 11:00:00,zone_003,46,1.0,0.2,0.85,1,35.0,1
2024-04-11 15:00:00,zone_003,31,1.0,0.4,0.21,0,37.9,1
2024-04-11 17:00:00,zone_003,53,1.0,1.1,0.4,0,23.7,1
2024-04-13 02:00:00,zone_003,31,1.0,0.7,0.76,2,38.8,1
2024-04-13 05:00:00,zone_003,16,1.0,0.8,0.64,0,33.7,1
2024-04-13 13:00:00,zone_003,54,1.0,0.1,0.5,0,28.9,1
2024-04-13 18:00:00,zone_003,34,1.0,0.1,0.15,0,36.6,1
2024-04-14 00:00:00,zone_003,129,1.0,0.4,0.24,0,35.0,1
2024-04-14 01:00:00,zone_003,30,1.0,0.4,0.76,1,26.5,1
2024-04-14 03:00:00,zone_003,60,1.0,0.9,0.18,0,27.5,1
2024-04-15 09:00:00,zone_003,64,1.0,0.1,0.14,1,31.5,1
2024-04-15 20:00:00,zone_003,20,1.0,1.1,0.37,1,29.7,1
2024-04-16 13:00:00,zone_003,28,1.0,1.2,0.29,0,33.3,1
2024-04-16 22:00:00,zone_003,34,1.0,1.2,0.83,0,27.8,1
2024-04-18 16:00:00,zone_003,14,1.0,0.7,0.52,2,27.6,1
2024-04-19 02:00:00,zone_003,63,1.0,1.0,0.55,1,33.8,1
2024-04-20 23:00:00,zone_003,48,1.0,1.0,0.78,0,31.7,1
2024-04-21 19:00:00,zone_003,54,1.0,0.7,0.78,0,33.5,1
2024-04-22 16:00:00,zone_003,29,1.0,0.6,0.84,2,31.6,1
2024-04-22 17:00:00,zone_003,33,1.0,1.0,0.19,2,37.7,1
2024-04-22 23:00:00,zone_003,16,1.0,1.1,0.15,1,30.1,1
2024-04-23 00:00:00,zone_003,46,1.0,0.2,0.4,2,33.0,1
2024-04-23 03:00:00,zone_003,83,1.0,0.8,0.74,0,39.0,1
2024-04-24 06:00:00,zone_003,29,1.0,4.5,0.75,0,36.3,1
2024-04-25 13:00:00,zone_003,37,1.0,2.4,0.62,0,34.7,1
2024-04-25 18:00:00,zone_003,45,1.0,2.6,0.22,0,31.7,1
2024-04-25 21:00:00,zone_003,15,1.0,1.1,0.37,1,36.1,1
2024-04-26 04:00:00,zone_003,24,1.0,2.3,0.49,0,24.5,1
2024-04-26 10:00:00,zone_003,25,1.0,1.6,0.46,0,29.6,1
2024-04-26 16:00:00,zone_003,43,1.0,0.4,0.78,0,37.1,1
2024-04-26 18:00:00,zone_003,26,1.0,0.6,0.76,1,42.1,1
2024-04-27 10:00:00,zone_003,56,1.0,0.9,0.7,0,31.1,1
2024-04-28 03:00:00,zone_003,55,1.0,1.7,0.49,0,32.6,1
2024-04-28 20:00:00,zone_003,43,1.0,0.3,0.47,0,36.9,1
2024-04-28 22:00:00,zone_003,56,1.0,1.0,0.21,0,27.8,1
2024-04-29 12:00:00,zone_003,73,1.0,1.8,0.81,0,28.4,1
2024-04-29 13:00:00,zone_003,32,1.0,0.8,0.68,0,34.0,1
2024-04-30 08:00:00,zone_003,41,1.0,1.1,0.13,0,30.7,1
2024-04-30 10:00:00,zone_003,21,1.0,0.0,0.49,0,32.2,1
2024-04-30 15:00:00,zone_003,40,1.0,0.4,0.44,0,30.6,1
2024-05-01 06:00:00,zone_003,22,1.0,2.8,0.44,0,32.2,1
2024-05-02 19:00:00,zone_003,22,1.0,0.1,0.45,0,28.2,1
2024-05-02 23:00:00,zone_003,27,1.0,0.1,0.73,0,33.0,1
2024-05-03 16:00:00,zone_003,60,1.0,5.0,0.81,1,35.9,1
2024-05-03 20:00:00,zone_003,58,1.0,2.7,0.7,0,32.7,1
2024-05-05 13:00:00,zone_003,14,1.0,0.1,0.71,0,35.2,1
2024-05-06 16:00:00,zone_003,17,1.0,0.9,0.53,0,33.6,1
2024-05-07 00:00:00,zone_003,22,1.0,1.4,0.79,0,34.5,1
2024-05-07 23:00:00,zone_003,76,1.0,0.3,0.54,0,32.1,1
2024-05-09 12:00:00,zone_003,35,1.0,0.4,0.61,0,36.3,1
2024-05-09 15:00:00,zone_003,57,1.0,0.2,0.56,1,37.0,1
2024-05-10 23:00:00,zone_003,25,1.0,0.3,0.81,0,37.5,1
2024-05-11 03:00:00,zone_003,14,1.0,1.0,0.14,1,37.5,1
2024-05-11 10:00:00,zone_003,55,1.0,2.6,0.62,0,37.9,1
2024-05-12 04:00:00,zone_003,76,1.0,0.0,0.17,2,27.8,1
2024-05-12 05:00:00,zone_003,39,1.0,4.8,0.1,0,33.3,1
2024-05-12 07:00:00,zone_003,19,1.0,0.1,0.83,2,29.3,1
2024-05-12 11:00:00,zone_003,12,1.0,4.0,0.68,0,32.0,1
2024-05-13 06:00:00,zone_003,29,1.0,0.8,0.4,0,39.4,1
2024-05-15 03:00:00,zone_003,52,1.0,3.5,0.46,0,30.0,1
2024-05-16 01:00:00,zone_003,24,1.0,0.2,0.43,0,27.3,1
2024-05-16 07:00:00,zone_003,37,1.0,3.7,0.3,0,30.5,1
2024-05-16 18:00:00,zone_003,20,1.0,3.4,0.41,0,33.0,1
2024-05-18 04:00:00,zone_003,21,1.0,1.5,0.83,1,33.9,1
2024-05-18 14:00:00,zone_003,20,1.0,1.3,0.66,0,31.9,1
2024-05-18 16:00:00,zone_003,35,1.0,5.3,0.62,0,35.7,1
2024-05-19 17:00:00,zone_003,76,1.0,0.0,0.75,2,33.5,1
2024-05-21 07:00:00,zone_003,97,1.0,0.4,0.3,1,32.6,1
2024-05-21 19:00:00,zone_003,48,1.0,1.0,0.43,0,34.8,1
2024-05-24 11:00:00,zone_003,75,1.0,2.3,0.54,0,29.7,1
2024-05-25 03:00:00,zone_003,64,1.0,0.8,0.63,0,31.2,1
2024-05-25 13:00:00,zone_003,15,1.0,0.1,0.86,0,31.7,1
2024-05-25 16:00:00,zone_003,26,1.0,0.8,0.48,1,42.7,1
2024-05-25 23:00:00,zone_003,21,1.0,3.1,0.5,2,27.4,1
2024-05-26 06:00:00,zone_003,35,1.0,3.5,0.15,0,23.0,1
2024-05-26 16:00:00,zone_003,31,1.0,1.0,0.41,0,34.8,1
2024-05-27 02:00:00,zone_003,28,1.0,3.2,0.16,0,23.9,1
2024-05-27 03:00:00,zone_003,29,1.0,0.3,0.76,0,23.6,1
2024-05-27 07:00:00,zone_003,32,1.0,3.6,0.63,1,33.0,1
2024-05-28 07:00:00,zone_003,10,1.0,2.1,0.2,0,36.4,1
2024-05-28 12:00:00,zone_003,34,1.0,2.1,0.17,0,28.2,1
2024-05-29 15:00:00,zone_003,13,1.0,3.2,0.85,0,29.1,1
2024-05-29 22:00:00,zone_003,40,1.0,0.1,0.24,1,25.8,1
2024-05-30 16:00:00,zone_003,29,1.0,1.4,0.61,0,28.1,1
2024-05-31 15:00:00,zone_003,25,1.0,0.9,0.2,0,37.9,1
2024-06-01 02:00:00,zone_003,20,1.0,3.2,0.15,0,29.4,1
2024-06-01 07:00:00,zone_003,32,1.0,0.6,0.7,1,25.8,1
2024-06-01 20:00:00,zone_003,26,1.0,0.5,0.35,1,22.6,1
2024-06-02 00:00:00,zone_003,21,1.0,1.6,0.88,0,30.7,1
2024-06-02 06:00:00,zone_003,15,1.0,3.4,0.59,1,35.4,1
2024-06-03 01:00:00,zone_003,14,1.0,1.2,0.79,1,33.6,1
2024-06-03 12:00:00,zone_003,82,1.0,1.9,0.26,0,25.9,1
2024-06-04 03:00:00,zone_003,18,1.0,0.6,0.76,0,28.7,1
2024-06-04 11:00:00,zone_003,7,1.0,0.6,0.21,0,38.8,1
2024-06-04 20:00:00,zone_003,26,1.0,1.0,0.4,0,28.0,1
2024-06-06 03:00:00,zone_003,46,1.0,2.3,0.21,0,32.9,1
2024-06-06 18:00:00,zone_003,53,1.0,0.3,0.55,0,30.9,1
2024-06-06 21:00:00,zone_003,40,1.0,1.3,0.29,0,27.4,1
2024-06-08 04:00:00,zone_003,42,1.0,1.6,0.67,0,32.3,1
2024-06-09 10:00:00,zone_003,70,1.0,0.8,0.46,0,30.2,1
2024-06-09 17:00:00,zone_003,42,1.0,0.1,0.75,1,29.1,1
2024-06-10 07:00:00,zone_003,36,1.0,0.9,0.54,0,38.0,1
2024-06-10 17:00:00,zone_003,57,1.0,2.2,0.12,2,38.3,1
2024-06-10 20:00:00,zone_003,53,1.0,0.5,0.11,1,27.2,1
2024-06-11 02:00:00,zone_003,42,1.0,0.8,0.28,0,35.1,1
2024-06-11 14:00:00,zone_003,55,1.0,1.9,0.2,0,30.1,1
2024-06-11 16:00:00,zone_003,30,1.0,0.3,0.48,0,27.6,1
2024-06-11 21:00:00,zone_003,26,1.0,0.1,0.89,0,34.1,1
2024-06-12 13:00:00,zone_003,19,1.0,1.9,0.56,1,24.2,1
2024-06-12 23:00:00,zone_003,31,1.0,2.2,0.36,1,27.7,1
2024-06-13 06:00:00,zone_003,28,1.0,6.7,0.23,0,33.9,1
2024-06-13 10:00:00,zone_003,54,1.0,0.4,0.53,0,34.7,1
2024-06-13 19:00:00,zone_003,42,1.0,0.6,0.78,0,40.3,1
2024-06-14 00:00:00,zone_003,53,1.0,0.5,0.71,0,36.8,1
2024-06-14 04:00:00,zone_003,55,1.0,1.9,0.19,1,28.7,1
2024-06-14 08:00:00,zone_003,41,1.0,1.3,0.65,0,31.3,1
2024-06-14 17:00:00,zone_003,22,1.0,0.9,0.8,0,29.2,1
2024-06-14 19:00:00,zone_003,31,1.0,3.5,0.58,0,28.2,1
2024-06-14 23:00:00,zone_003,26,1.0,0.6,0.2,0,27.7,1
2024-06-15 14:00:00,zone_003,78,1.0,1.7,0.88,0,36.0,1
2024-06-15 15:00:00,zone_003,49,1.0,0.5,0.17,0,28.9,1
2024-06-15 23:00:00,zone_003,45,1.0,0.0,0.54,2,37.8,1
2024-06-16 07:00:00,zone_003,49,1.0,4.1,0.56,0,23.9,1
2024-06-16 13:00:00,zone_003,20,1.0,0.1,0.2,0,35.6,1
2024-06-16 23:00:00,zone_003,38,1.0,2.1,0.53,0,35.5,1
2024-06-17 10:00:00,zone_003,29,1.0,0.3,0.48,1,36.8,1
2024-06-17 21:00:00,zone_003,13,1.0,2.5,0.75,1,30.0,1
2024-06-18 21:00:00,zone_003,49,1.0,0.8,0.77,0,31.5,1
2024-06-19 20:00:00,zone_003,26,1.0,1.0,0.28,0,33.0,1
2024-06-20 19:00:00,zone_003,38,1.0,0.4,0.51,2,31.5,1
2024-06-21 09:00:00,zone_003,17,1.0,1.7,0.76,0,37.9,1
2024-06-21 15:00:00,zone_003,125,1.0,4.9,0.37,2,34.8,1
2024-06-21 21:00:00,zone_003,25,1.0,0.6,0.46,0,29.8,1
2024-06-22 04:00:00,zone_003,48,1.0,1.8,0.19,0,31.1,1
2024-06-22 11:00:00,zone_003,24,1.0,2.3,0.48,0,34.6,1
2024-06-22 13:00:00,zone_003,27,1.0,0.1,0.39,0,28.2,1
2024-06-23 02:00:00,zone_003,54,1.0,2.3,0.48,0,30.9,1
2024-06-24 18:00:00,zone_003,65,1.0,0.7,0.49,0,32.0,1
2024-06-24 19:00:00,zone_003,36,1.0,9.6,0.75,0,29.7,1
2024-06-26 00:00:00,zone_003,71,1.0,1.9,0.34,0,31.8,1
2024-06-26 05:00:00,zone_003,9,1.0,1.3,0.87,0,28.4,1
2024-06-26 06:00:00,zone_003,39,1.0,0.1,0.62,0,20.6,1
2024-06-26 16:00:00,zone_003,29,1.0,2.4,0.87,0,30.4,1
2024-06-26 19:00:00,zone_003,90,1.0,1.0,0.49,0,26.1,1
2024-06-27 18:00:00,zone_003,17,1.0,0.7,0.8,0,38.5,1
2024-06-28 16:00:00,zone_003,30,1.0,0.6,0.72,0,36.9,1
2024-06-29 07:00:00,zone_003,29,1.0,1.1,0.22,0,33.8,1
2024-06-29 09:00:00,zone_003,20,1.0,0.6,0.67,2,30.2,1
2024-06-29 10:00:00,zone_003,27,1.0,0.2,0.88,0,38.3,1
2024-06-29 14:00:00,zone_003,100,1.0,0.9,0.89,0,30.9,1
2024-06-30 22:00:00,zone_003,20,1.0,6.0,0.5,0,29.5,1
2024-07-01 09:00:00,zone_003,20,1.0,4.4,0.17,0,27.6,1
2024-07-01 12:00:00,zone_003,43,1.0,1.6,0.56,1,38.3,1
2024-07-05 12:00:00,zone_003,24,1.0,0.7,0.52,0,31.7,1
2024-07-05 13:00:00,zone_003,64,1.0,2.4,0.85,0,31.9,1
2024-07-05 16:00:00,zone_003,32,1.0,2.0,0.2,1,27.0,1
2024-07-05 17:00:00,zone_003,30,1.0,0.2,0.12,0,26.6,1
2024-07-07 16:00:00,zone_003,27,1.0,0.3,0.48,0,27.3,1
2024-07-07 20:00:00,zone_003,54,1.0,0.4,0.85,0,28.4,1
2024-07-08 03:00:00,zone_003,52,1.0,0.6,0.67,0,37.6,1
2024-07-08 12:00:00,zone_003,9,1.0,1.5,0.27,0,27.6,1
2024-07-09 07:00:00,zone_003,22,1.0,0.0,0.17,2,32.8,1
2024-07-10 02:00:00,zone_003,20,1.0,0.2,0.54,1,32.8,1
2024-07-11 00:00:00,zone_003,46,1.0,1.4,0.11,2,35.6,1
2024-07-11 18:00:00,zone_003,15,1.0,3.9,0.77,0,28.6,1
2024-07-12 07:00:00,zone_003,30,1.0,0.4,0.62,1,33.7,1
2024-07-12 19:00:00,zone_003,33,1.0,1.2,0.61,0,33.7,1
2024-07-13 14:00:00,zone_003,26,1.0,0.7,0.4,0,35.1,1
2024-07-14 02:00:00,zone_003,24,1.0,3.2,0.17,1,26.4,1
2024-07-15 06:00:00,zone_003,17,1.0,0.0,0.63,1,39.3,1
2024-07-16 02:00:00,zone_003,21,1.0,0.3,0.56,0,37.8,1
2024-07-17 15:00:00,zone_003,34,1.0,0.1,0.8,0,27.7,1
2024-07-18 01:00:00,zone_003,18,1.0,0.7,0.21,0,29.6,1
2024-07-18 04:00:00,zone_003,13,1.0,1.4,0.34,0,23.3,1
2024-07-18 20:00:00,zone_003,34,1.0,3.4,0.7,1,30.1,1
2024-07-19 20:00:00,zone_003,14,1.0,0.0,0.44,0,35.7,1
2024-07-21 03:00:00,zone_003,27,1.0,0.4,0.77,2,29.4,1
2024-07-21 12:00:00,zone_003,32,1.0,1.3,0.32,2,34.6,1
2024-07-22 14:00:00,zone_003,83,1.0,0.6,0.12,0,22.8,1
2024-07-23 05:00:00,zone_003,34,1.0,0.3,0.46,0,34.4,1
2024-07-24 06:00:00,zone_003,48,1.0,0.0,0.81,1,33.7,1
2024-07-24 07:00:00,zone_003,12,1.0,0.3,0.52,0,28.7,1
2024-07-24 12:00:00,zone_003,22,1.0,0.1,0.49,0,34.0,1
2024-07-24 22:00:00,zone_003,36,1.0,4.1,0.28,0,22.1,1
2024-07-25 03:00:00,zone_003,97,1.0,0.8,0.73,0,32.3,1
2024-07-25 06:00:00,zone_003,36,1.0,1.2,0.2,0,31.6,1
2024-07-25 09:00:00,zone_003,26,1.0,0.8,0.18,1,34.8,1
2024-07-25 10:00:00,zone_003,39,1.0,0.7,0.87,0,33.0,1
2024-07-25 11:00:00,zone_003,51,1.0,0.4,0.45,0,35.1,1
2024-07-25 12:00:00,zone_003,15,1.0,2.8,0.36,0,33.4,1
2024-07-25 14:00:00,zone_003,31,1.0,1.3,0.27,1,38.0,1
2024-07-26 13:00:00,zone_003,65,1.0,1.9,0.85,0,29.6,1
2024-07-27 11:00:00,zone_003,45,1.0,0.9,0.3,2,29.3,1
2024-07-28 23:00:00,zone_003,30,1.0,0.8,0.48,1,37.1,1
2024-07-29 02:00:00,zone_003,37,1.0,0.0,0.79,0,28.1,1
2024-07-29 06:00:00,zone_003,35,1.0,5.1,0.5,0,33.6,1
2024-07-29 08:00:00,zone_003,25,1.0,0.4,0.45,1,35.1,1
2024-07-30 02:00:00,zone_003,56,1.0,2.0,0.38,0,34.7,1
2024-07-31 03:00:00,zone_003,24,1.0,0.8,0.6,1,26.3,1
2024-08-01 06:00:00,zone_003,27,1.0,0.1,0.27,0,34.7,1
2024-08-01 14:00:00,zone_003,47,1.0,2.3,0.55,0,30.7,1
2024-08-01 21:00:00,zone_003,14,1.0,3.4,0.42,0,27.3,1
2024-08-01 22:00:00,zone_003,33,1.0,5.1,0.46,0,33.8,1
2024-08-03 08:00:00,zone_003,22,1.0,4.1,0.18,0,32.6,1
2024-08-03 17:00:00,zone_003,75,1.0,3.4,0.38,0,36.0,1
2024-08-03 20:00:00,zone_003,92,1.0,2.3,0.3,0,28.5,1
2024-08-04 11:00:00,zone_003,36,1.0,0.2,0.64,1,31.6,1
2024-08-06 08:00:00,zone_003,52,1.0,0.2,0.88,0,30.4,1
2024-08-06 11:00:00,zone_003,59,1.0,0.9,0.87,0,33.2,1
2024-08-07 01:00:00,zone_003,34,1.0,5.8,0.32,2,31.3,1
2024-08-07 03:00:00,zone_003,22,1.0,0.1,0.75,2,28.1,1
2024-08-07 21:00:00,zone_003,12,1.0,0.8,0.62,0,32.8,1
2024-08-08 03:00:00,zone_003,21,1.0,3.8,0.44,0,23.3,1
2024-08-08 14:00:00,zone_003,13,1.0,1.7,0.42,0,28.7,1
2024-08-09 07:00:00,zone_003,55,1.0,0.0,0.68,0,33.4,1
2024-08-09 09:00:00,zone_003,15,1.0,0.9,0.76,0,31.8,1
2024-08-09 21:00:00,zone_003,29,1.0,3.5,0.46,1,37.6,1
2024-08-10 01:00:00,zone_003,79,1.0,2.2,0.11,0,30.7,1
2024-08-10 05:00:00,zone_003,46,1.0,2.4,0.12,0,27.2,1
2024-08-11 15:00:00,zone_003,42,1.0,2.2,0.79,1,37.5,1
2024-08-11 18:00:00,zone_003,17,1.0,1.1,0.65,1,30.0,1
2024-08-11 19:00:00,zone_003,35,1.0,0.1,0.19,0,32.7,1
2024-08-12 15:00:00,zone_003,49,1.0,1.6,0.19,0,32.6,1
2024-08-13 02:00:00,zone_003,37,1.0,0.8,0.32,0,35.8,1
2024-08-13 07:00:00,zone_003,48,1.0,0.2,0.21,0,26.9,1
2024-08-13 15:00:00,zone_003,35,1.0,2.1,0.2,0,35.9,1
2024-08-13 18:00:00,zone_003,33,1.0,2.8,0.27,0,31.1,1
2024-08-14 12:00:00,zone_003,31,1.0,1.0,0.29,0,27.3,1
2024-08-14 13:00:00,zone_003,18,1.0,1.4,0.25,1,32.7,1
2024-08-15 04:00:00,zone_003,16,1.0,1.7,0.13,0,35.8,1
2024-08-15 05:00:00,zone_003,45,1.0,2.6,0.37,0,38.1,1
2024-08-15 09:00:00,zone_003,51,1.0,0.6,0.36,0,30.6,1
2024-08-17 05:00:00,zone_003,46,1.0,1.6,0.36,2,30.7,1
2024-08-17 08:00:00,zone_003,52,1.0,0.0,0.6,0,31.8,1
2024-08-18 09:00:00,zone_003,32,1.0,1.8,0.56,0,37.7,1
2024-08-19 07:00:00,zone_003,118,1.0,2.1,0.58,0,30.2,1
2024-08-19 14:00:00,zone_003,23,1.0,2.9,0.55,0,34.2,1
2024-08-20 15:00:00,zone_003,15,1.0,0.5,0.74,0,28.2,1
2024-08-20 20:00:00,zone_003,38,1.0,0.5,0.75,0,34.4,1
2024-08-21 10:00:00,zone_003,25,1.0,0.1,0.56,1,32.6,1
2024-08-21 19:00:00,zone_003,31,1.0,2.3,0.55,0,28.9,1
2024-08-22 01:00:00,zone_003,16,1.0,1.2,0.85,1,34.7,1
2024-08-23 07:00:00,zone_003,27,1.0,0.5,0.28,1,41.9,1
2024-08-25 09:00:00,zone_003,104,1.0,0.6,0.31,0,26.1,1
2024-08-25 22:00:00,zone_003,98,1.0,2.1,0.24,1,28.6,1
2024-08-27 09:00:00,zone_003,28,1.0,0.2,0.23,1,31.2,1
2024-08-27 15:00:00,zone_003,29,1.0,2.3,0.53,0,40.1,1
2024-08-27 19:00:00,zone_003,99,1.0,1.4,0.75,0,33.8,1
2024-08-28 07:00:00,zone_003,18,1.0,0.8,0.29,2,36.0,1
2024-08-28 21:00:00,zone_003,61,1.0,2.4,0.49,2,30.0,1
2024-08-28 22:00:00,zone_003,37,1.0,6.8,0.47,0,31.5,1
2024-08-29 05:00:00,zone_003,51,1.0,1.5,0.31,0,32.9,1
2024-08-31 01:00:00,zone_003,40,1.0,4.2,0.15,0,31.9,1
2024-08-31 18:00:00,zone_003,36,1.0,0.7,0.85,1,34.0,1
2024-09-01 09:00:00,zone_003,23,1.0,2.1,0.33,1,29.5,1
2024-09-01 19:00:00,zone_003,30,1.0,2.6,0.82,0,30.9,1
2024-09-02 07:00:00,zone_003,34,1.0,0.8,0.19,1,37.0,1
2024-09-02 16:00:00,zone_003,30,1.0,1.0,0.87,0,33.9,1
2024-09-03 05:00:00,zone_003,21,1.0,0.7,0.16,0,33.8,1
2024-09-03 09:00:00,zone_003,47,1.0,1.4,0.9,2,34.5,1
2024-09-03 19:00:00,zone_003,45,1.0,0.4,0.44,0,29.6,1
2024-09-03 23:00:00,zone_003,60,1.0,1.8,0.37,2,31.2,1
2024-09-06 02:00:00,zone_003,53,1.0,1.3,0.21,0,28.2,1
2024-09-06 04:00:00,zone_003,42,1.0,0.9,0.78,0,36.1,1
2024-09-06 05:00:00,zone_003,46,1.0,1.3,0.35,0,36.9,1
2024-09-06 07:00:00,zone_003,22,1.0,3.5,0.89,2,34.8,1
2024-09-07 00:00:00,zone_003,39,1.0,0.4,0.48,2,28.8,1
2024-09-07 20:00:00,zone_003,41,1.0,0.4,0.33,0,31.9,1
2024-09-07 22:00:00,zone_003,28,1.0,0.9,0.48,0,31.2,1
2024-09-08 14:00:00,zone_003,35,1.0,0.1,0.12,0,32.4,1
2024-09-08 20:00:00,zone_003,66,1.0,0.1,0.18,2,34.8,1
2024-09-09 11:00:00,zone_003,46,1.0,0.2,0.86,0,37.3,1
2024-09-10 16:00:00,zone_003,85,1.0,0.4,0.7,0,28.8,1
2024-09-10 19:00:00,zone_003,15,1.0,2.8,0.42,0,38.5,1
2024-09-12 12:00:00,zone_003,35,1.0,0.3,0.58,1,34.5,1
2024-09-12 14:00:00,zone_003,37,1.0,2.0,0.68,0,34.5,1
2024-09-12 20:00:00,zone_003,35,1.0,2.5,0.59,0,33.4,1
2024-09-13 09:00:00,zone_003,25,1.0,2.7,0.86,0,32.8,1
2024-09-13 21:00:00,zone_003,34,1.0,2.3,0.75,2,33.3,1
2024-09-13 22:00:00,zone_003,33,1.0,1.2,0.28,0,33.7,1
2024-09-14 10:00:00,zone_003,41,1.0,0.1,0.19,0,23.9,1
2024-09-15 08:00:00,zone_003,16,1.0,1.9,0.17,0,31.5,1
2024-09-15 12:00:00,zone_003,44,1.0,1.6,0.11,2,43.5,1
2024-09-15 14:00:00,zone_003,53,1.0,3.0,0.68,0,39.0,1
2024-09-16 15:00:00,zone_003,36,1.0,0.9,0.36,0,38.1,1
2024-09-17 08:00:00,zone_003,25,1.0,0.8,0.68,0,34.4,1
2024-09-18 02:00:00,zone_003,32,1.0,1.1,0.27,1,26.8,1
2024-09-18 09:00:00,zone_003,48,1.0,0.9,0.45,0,37.1,1
2024-09-18 10:00:00,zone_003,19,1.0,1.2,0.75,0,34.8,1
2024-09-18 19:00:00,zone_003,47,1.0,0.2,0.16,0,36.7,1
2024-09-18 22:00:00,zone_003,19,1.0,3.7,0.73,2,33.8,1
2024-09-19 05:00:00,zone_003,42,1.0,3.6,0.43,1,34.2,1
2024-09-19 19:00:00,zone_003,33,1.0,4.7,0.33,1,33.0,1
2024-09-22 01:00:00,zone_003,109,1.0,1.5,0.1,0,32.6,1
2024-09-23 05:00:00,zone_003,43,1.0,1.3,0.29,0,35.5,1
2024-09-24 02:00:00,zone_003,27,1.0,0.8,0.85,0,35.0,1
2024-09-24 06:00:00,zone_003,53,1.0,1.2,0.83,0,25.2,1
2024-09-24 07:00:00,zone_003,42,1.0,1.5,0.79,0,33.6,1
2024-09-24 08:00:00,zone_003,20,1.0,0.7,0.38,0,31.9,1
2024-09-25 05:00:00,zone_003,35,1.0,3.7,0.83,0,35.3,1
2024-09-25 15:00:00,zone_003,73,1.0,1.2,0.42,0,38.3,1
2024-09-27 05:00:00,zone_003,19,1.0,2.7,0.54,0,39.3,1
2024-09-27 16:00:00,zone_003,21,1.0,1.9,0.43,0,32.7,1
2024-09-28 02:00:00,zone_003,25,1.0,4.9,0.35,0,26.1,1
2024-09-28 03:00:00,zone_003,34,1.0,1.1,0.27,0,35.8,1
2024-09-28 11:00:00,zone_003,20,1.0,0.2,0.28,2,34.7,1
2024-09-28 19:00:00,zone_003,38,1.0,0.6,0.17,0,29.9,1
2024-09-29 19:00:00,zone_003,25,1.0,0.2,0.87,0,39.7,1
2024-10-01 05:00:00,zone_003,14,1.0,2.5,0.9,2,35.6,1
2024-10-02 05:00:00,zone_003,26,1.0,0.3,0.21,0,30.2,1
2024-10-02 08:00:00,zone_003,31,1.0,0.1,0.66,0,30.7,1
2024-10-02 12:00:00,zone_003,15,1.0,0.3,0.87,0,32.8,1
2024-10-02 15:00:00,zone_003,28,1.0,0.2,0.87,0,26.9,1
2024-10-02 21:00:00,zone_003,101,1.0,0.4,0.31,0,36.0,1
2024-10-04 22:00:00,zone_003,31,1.0,2.0,0.59,0,36.1,1
2024-10-06 04:00:00,zone_003,69,1.0,0.3,0.84,0,30.5,1
2024-10-06 20:00:00,zone_003,20,1.0,1.1,0.63,0,22.4,1
2024-10-07 00:00:00,zone_003,28,1.0,2.1,0.19,0,32.5,1
2024-10-07 08:00:00,zone_003,73,1.0,2.3,0.37,0,25.9,1
2024-10-07 11:00:00,zone_003,34,1.0,3.8,0.89,2,30.5,1
2024-10-07 15:00:00,zone_003,66,1.0,2.9,0.53,1,27.5,1
2024-10-07 16:00:00,zone_003,83,1.0,2.5,0.73,0,39.3,1
2024-10-08 07:00:00,zone_003,54,1.0,1.1,0.31,0,35.8,1
2024-10-08 14:00:00,zone_003,30,1.0,1.0,0.62,1,30.3,1
2024-10-08 16:00:00,zone_003,22,1.0,1.0,0.89,0,37.2,1
2024-10-09 08:00:00,zone_003,27,1.0,1.3,0.22,0,26.8,1
2024-10-09 10:00:00,zone_003,72,1.0,1.0,0.14,2,32.6,1
2024-10-09 18:00:00,zone_003,27,1.0,4.6,0.12,1,29.0,1
2024-10-09 22:00:00,zone_003,19,1.0,4.5,0.19,0,33.4,1
2024-10-10 02:00:00,zone_003,28,1.0,0.3,0.85,0,34.9,1
2024-10-10 08:00:00,zone_003,28,1.0,0.2,0.71,0,37.8,1
2024-10-11 06:00:00,zone_003,17,1.0,0.8,0.46,1,28.1,1
2024-10-12 20:00:00,zone_003,22,1.0,0.4,0.16,0,34.3,1
2024-10-12 23:00:00,zone_003,23,1.0,0.4,0.43,1,31.3,1
2024-10-13 02:00:00,zone_003,51,1.0,0.0,0.7,2,37.0,1
2024-10-13 05:00:00,zone_003,38,1.0,0.2,0.35,0,33.0,1
2024-10-13 10:00:00,zone_003,50,1.0,2.3,0.76,0,34.4,1
2024-10-14 02:00:00,zone_003,34,1.0,1.4,0.7,0,28.2,1
2024-10-14 04:00:00,zone_003,57,1.0,0.7,0.8,2,34.0,1
2024-10-15 18:00:00,zone_003,45,1.0,0.8,0.17,0,31.1,1
2024-10-16 00:00:00,zone_003,34,1.0,0.1,0.85,1,39.4,1
2024-10-16 09:00:00,zone_003,32,1.0,0.2,0.7,0,27.1,1
2024-10-17 03:00:00,zone_003,86,1.0,1.5,0.71,1,39.4,1
2024-10-17 13:00:00,zone_003,19,1.0,1.1,0.44,0,27.7,1
2024-10-17 21:00:00,zone_003,21,1.0,0.6,0.48,2,29.2,1
2024-10-18 19:00:00,zone_003,61,1.0,0.3,0.58,0,30.7,1
2024-10-18 21:00:00,zone_003,22,1.0,0.8,0.35,0,33.1,1
2024-10-18 22:00:00,zone_003,57,1.0,0.1,0.21,0,29.4,1
2024-10-19 01:00:00,zone_003,27,1.0,6.0,0.67,2,33.2,1
2024-10-19 05:00:00,zone_003,60,1.0,1.7,0.81,0,38.0,1
2024-10-19 08:00:00,zone_003,33,1.0,2.5,0.18,0,31.2,1
2024-10-19 13:00:00,zone_003,13,1.0,0.3,0.24,0,34.5,1
2024-10-19 20:00:00,zone_003,24,1.0,0.3,0.5,0,32.9,1
2024-10-20 17:00:00,zone_003,24,1.0,0.8,0.84,0,31.0,1
2024-10-21 01:00:00,zone_003,18,1.0,1.3,0.3,0,33.4,1
2024-10-21 03:00:00,zone_003,37,1.0,1.4,0.85,0,28.7,1
2024-10-21 06:00:00,zone_003,13,1.0,6.5,0.55,0,40.4,1
2024-10-21 19:00:00,zone_003,36,1.0,1.2,0.46,1,22.1,1
2024-10-22 19:00:00,zone_003,54,1.0,1.1,0.19,0,26.5,1
2024-10-23 09:00:00,zone_003,21,1.0,0.6,0.58,0,27.7,1
2024-10-24 20:00:00,zone_003,19,1.0,0.6,0.57,1,38.2,1
2024-10-25 07:00:00,zone_003,24,1.0,0.3,0.45,0,34.6,1
2024-10-26 00:00:00,zone_003,51,1.0,0.1,0.49,0,33.0,1
2024-10-26 03:00:00,zone_003,21,1.0,0.7,0.19,2,31.1,1
2024-10-28 00:00:00,zone_003,43,1.0,0.0,0.44,0,30.1,1
2024-10-29 00:00:00,zone_003,15,1.0,0.9,0.21,0,35.2,1
2024-10-29 08:00:00,zone_003,14,1.0,0.2,0.68,0,21.5,1
2024-10-29 09:00:00,zone_003,21,1.0,0.4,0.54,0,31.2,1
2024-10-29 17:00:00,zone_003,75,1.0,1.3,0.51,0,31.4,1
2024-10-30 03:00:00,zone_003,45,1.0,1.0,0.12,1,29.6,1
2024-10-30 06:00:00,zone_003,21,1.0,0.5,0.35,0,33.1,1
2024-10-30 09:00:00,zone_003,50,1.0,0.3,0.88,0,36.8,1
2024-10-31 03:00:00,zone_003,22,1.0,0.1,0.23,0,31.4,1
2024-10-31 11:00:00,zone_003,34,1.0,1.4,0.41,1,28.7,1
2024-10-31 19:00:00,zone_003,25,1.0,0.7,0.87,0,39.4,1
2024-10-31 21:00:00,zone_003,52,1.0,1.7,0.31,0,33.8,1
2024-11-01 22:00:00,zone_003,22,1.0,1.6,0.63,0,33.7,1
2024-11-02 01:00:00,zone_003,11,1.0,2.0,0.45,1,34.7,1
2024-11-02 12:00:00,zone_003,65,1.0,1.7,0.41,1,25.8,1
2024-11-03 01:00:00,zone_003,61,1.0,2.3,0.29,0,27.7,1
2024-11-03 17:00:00,zone_003,26,1.0,0.6,0.84,1,37.5,1
2024-11-04 04:00:00,zone_003,12,1.0,0.1,0.27,0,31.1,1
2024-11-04 11:00:00,zone_003,32,1.0,0.3,0.29,0,27.1,1
2024-11-05 21:00:00,zone_003,10,1.0,2.6,0.59,0,42.1,1
2024-11-06 07:00:00,zone_003,25,1.0,0.5,0.38,0,33.9,1
2024-11-07 07:00:00,zone_003,30,1.0,1.2,0.25,0,32.0,1
2024-11-07 14:00:00,zone_003,28,1.0,0.3,0.52,0,36.5,1
2024-11-08 04:00:00,zone_003,42,1.0,1.2,0.44,0,25.7,1
2024-11-09 18:00:00,zone_003,27,1.0,1.7,0.23,0,31.6,1
2024-11-13 20:00:00,zone_003,29,1.0,0.5,0.42,2,32.1,1
2024-11-14 03:00:00,zone_003,33,1.0,0.3,0.14,0,31.8,1
2024-11-14 13:00:00,zone_003,32,1.0,2.1,0.56,0,29.1,1
2024-11-14 16:00:00,zone_003,41,1.0,1.9,0.45,1,32.5,1
2024-11-15 08:00:00,zone_003,25,1.0,0.8,0.83,0,31.3,1
2024-11-16 00:00:00,zone_003,30,1.0,2.7,0.48,0,29.7,1
2024-11-17 01:00:00,zone_003,55,1.0,0.6,0.13,1,35.5,1
2024-11-17 23:00:00,zone_003,36,1.0,4.4,0.45,0,38.7,1
2024-11-18 07:00:00,zone_003,14,1.0,0.6,0.86,2,30.2,1
2024-11-18 13:00:00,zone_003,67,1.0,1.6,0.88,0,32.3,1
2024-11-18 19:00:00,zone_003,14,1.0,4.1,0.23,2,37.2,1
2024-11-19 01:00:00,zone_003,14,1.0,1.9,0.68,2,34.4,1
2024-11-19 08:00:00,zone_003,67,1.0,0.6,0.33,2,27.4,1
2024-11-19 23:00:00,zone_003,37,1.0,0.7,0.82,0,34.2,1
2024-11-20 15:00:00,zone_003,36,1.0,2.7,0.88,0,30.3,1
2024-11-20 19:00:00,zone_003,33,1.0,0.1,0.66,2,31.7,1
2024-11-20 20:00:00,zone_003,25,1.0,0.2,0.34,2,34.6,1
2024-11-21 07:00:00,zone_003,15,1.0,4.3,0.22,2,33.5,1
2024-11-21 23:00:00,zone_003,24,1.0,1.5,0.5,0,35.7,1
2024-11-22 03:00:00,zone_003,23,1.0,0.1,0.31,1,34.4,1
2024-11-22 07:00:00,zone_003,10,1.0,0.2,0.39,0,29.1,1
2024-11-22 12:00:00,zone_003,43,1.0,5.2,0.75,1,31.6,1
2024-11-23 02:00:00,zone_003,61,1.0,0.5,0.36,2,36.3,1
2024-11-23 16:00:00,zone_003,20,1.0,2.3,0.2,0,32.9,1
2024-11-23 19:00:00,zone_003,51,1.0,1.4,0.12,0,40.0,1
2024-11-24 03:00:00,zone_003,26,1.0,0.9,0.86,0,33.0,1
2024-11-24 13:00:00,zone_003,32,1.0,4.2,0.3,0,37.4,1
2024-11-25 08:00:00,zone_003,42,1.0,5.7,0.66,0,34.5,1
2024-11-25 16:00:00,zone_003,27,1.0,0.1,0.81,0,29.3,1
2024-11-26 00:00:00,zone_003,45,1.0,1.0,0.11,2,36.6,1
2024-11-26 06:00:00,zone_003,55,1.0,1.6,0.52,1,27.3,1
2024-11-26 07:00:00,zone_003,12,1.0,0.1,0.55,1,32.2,1
2024-11-26 08:00:00,zone_003,19,1.0,1.5,0.21,0,35.6,1
2024-11-27 10:00:00,zone_003,15,1.0,2.6,0.38,1,21.5,1
2024-11-27 20:00:00,zone_003,28,1.0,0.4,0.72,0,29.1,1
2024-11-28 01:00:00,zone_003,15,1.0,0.4,0.81,0,30.9,1
2024-11-28 06:00:00,zone_003,17,1.0,0.4,0.32,0,34.6,1
2024-11-28 21:00:00,zone_003,24,1.0,0.1,0.3,0,32.4,1
2024-11-28 22:00:00,zone_003,54,1.0,0.5,0.45,1,30.8,1
2024-11-29 08:00:00,zone_003,46,1.0,0.9,0.32,0,33.1,1
2024-11-30 23:00:00,zone_003,13,1.0,0.4,0.87,0,30.3,1
2024-12-01 23:00:00,zone_003,91,1.0,1.6,0.67,0,37.3,1
2024-12-02 20:00:00,zone_003,45,1.0,0.5,0.67,0,30.5,1
2024-12-03 00:00:00,zone_003,50,1.0,0.3,0.57,0,25.7,1
2024-12-03 15:00:00,zone_003,48,1.0,0.5,0.48,0,33.8,1
2024-12-04 02:00:00,zone_003,53,1.0,0.4,0.14,0,26.1,1
2024-12-04 05:00:00,zone_003,24,1.0,0.0,0.77,1,37.8,1
2024-12-04 13:00:00,zone_003,39,1.0,0.5,0.64,1,29.2,1
2024-12-04 20:00:00,zone_003,12,1.0,0.0,0.78,0,33.5,1
2024-12-05 06:00:00,zone_003,17,1.0,4.3,0.76,0,28.5,1
2024-12-05 19:00:00,zone_003,30,1.0,0.1,0.51,2,30.6,1
2024-12-05 21:00:00,zone_003,32,1.0,1.3,0.71,0,31.7,1
2024-12-06 15:00:00,zone_003,11,1.0,1.8,0.42,2,25.7,1
2024-12-07 02:00:00,zone_003,17,1.0,0.8,0.5,0,34.7,1
2024-12-07 13:00:00,zone_003,28,1.0,3.5,0.43,0,24.4,1
2024-12-07 17:00:00,zone_003,45,1.0,2.3,0.28,0,30.2,1
2024-12-08 01:00:00,zone_003,39,1.0,0.8,0.54,0,30.7,1
2024-12-08 03:00:00,zone_003,29,1.0,0.3,0.75,0,33.1,1
2024-12-08 06:00:00,zone_003,38,1.0,2.3,0.21,0,35.8,1
2024-12-08 13:00:00,zone_003,30,1.0,0.0,0.58,1,31.3,1
2024-12-09 13:00:00,zone_003,26,1.0,1.3,0.63,2,35.4,1
2024-12-09 19:00:00,zone_003,74,1.0,1.7,0.59,0,38.2,1
2024-12-09 22:00:00,zone_003,71,1.0,1.5,0.59,2,28.8,1
2024-12-10 00:00:00,zone_003,23,1.0,0.2,0.46,1,33.0,1
2024-12-11 04:00:00,zone_003,50,1.0,3.0,0.66,1,29.4,1
2024-12-11 16:00:00,zone_003,17,1.0,1.0,0.65,0,28.2,1
2024-12-11 23:00:00,zone_003,24,1.0,0.4,0.13,0,29.1,1
2024-12-12 12:00:00,zone_003,62,1.0,0.9,0.89,2,30.7,1
2024-12-14 23:00:00,zone_003,10,1.0,1.1,0.54,2,28.3,1
2024-12-16 12:00:00,zone_003,41,1.0,1.5,0.36,0,30.6,1
2024-12-16 18:00:00,zone_003,73,1.0,6.1,0.58,1,32.1,1
2024-12-17 00:00:00,zone_003,64,1.0,0.8,0.29,2,32.7,1
2024-12-17 04:00:00,zone_003,131,1.0,0.9,0.59,0,38.2,1
2024-12-17 06:00:00,zone_003,53,1.0,0.7,0.28,0,26.1,1
2024-12-17 10:00:00,zone_003,35,1.0,0.0,0.14,1,32.6,1
2024-12-17 12:00:00,zone_003,86,1.0,2.2,0.21,0,28.9,1
2024-12-19 01:00:00,zone_003,24,1.0,6.3,0.43,0,29.1,1
2024-12-19 02:00:00,zone_003,28,1.0,0.3,0.6,0,25.6,1
2024-12-20 10:00:00,zone_003,31,1.0,0.4,0.64,0,31.5,1
2024-12-20 17:00:00,zone_003,34,1.0,0.0,0.25,1,35.2,1
2024-12-20 23:00:00,zone_003,46,1.0,1.8,0.25,0,29.8,1
2024-12-21 06:00:00,zone_003,31,1.0,4.7,0.26,0,38.0,1
2024-12-21 13:00:00,zone_003,31,1.0,1.4,0.12,0,37.5,1
2024-12-21 15:00:00,zone_003,47,1.0,0.8,0.14,0,32.5,1
2024-12-21 22:00:00,zone_003,28,1.0,1.2,0.22,0,35.5,1
2024-12-22 14:00:00,zone_003,40,1.0,4.4,0.12,0,29.6,1
2024-12-22 15:00:00,zone_003,29,1.0,0.7,0.79,0,38.9,1
2024-12-22 19:00:00,zone_003,36,1.0,0.8,0.19,1,30.9,1
2024-12-23 23:00:00,zone_003,18,1.0,0.5,0.23,0,30.2,1
2024-12-24 20:00:00,zone_003,19,1.0,0.1,0.16,0,31.3,1
2024-12-24 22:00:00,zone_003,21,1.0,4.5,0.7,0,34.3,1
2024-12-25 04:00:00,zone_003,28,1.0,1.6,0.13,0,28.1,1
2024-12-25 05:00:00,zone_003,27,1.0,2.0,0.77,0,30.3,1
2024-12-25 14:00:00,zone_003,47,1.0,2.0,0.21,0,26.0,1
2024-12-26 04:00:00,zone_003,17,1.0,0.4,0.71,1,30.6,1
2024-12-26 07:00:00,zone_003,63,1.0,0.1,0.19,0,26.3,1
2024-12-27 01:00:00,zone_003,48,1.0,1.0,0.74,0,34.5,1
2024-12-27 12:00:00,zone_003,38,1.0,2.1,0.66,0,36.7,1
2024-12-28 16:00:00,zone_003,52,1.0,0.0,0.22,0,34.8,1
2024-12-28 18:00:00,zone_003,22,1.0,1.1,0.41,1,27.2,1
2024-12-28 21:00:00,zone_003,52,1.0,0.3,0.84,0,27.9,1
2024-12-29 22:00:00,zone_003,19,1.0,0.4,0.61,0,33.4,1
2024-12-30 21:00:00,zone_003,27,1.0,0.2,0.17,2,36.6,1
2024-01-01 02:00:00,zone_004,12,1.0,0.3,0.39,2,25.9,1
2024-01-02 05:00:00,zone_004,26,1.0,0.3,0.14,0,33.2,1
2024-01-03 16:00:00,zone_004,14,1.0,5.0,0.67,1,29.5,1
2024-01-03 23:00:00,zone_004,19,1.0,2.6,0.19,0,25.8,1
2024-01-04 03:00:00,zone_004,20,1.0,0.3,0.24,0,28.8,1
2024-01-04 15:00:00,zone_004,38,1.0,2.2,0.43,0,34.9,1
2024-01-04 16:00:00,zone_004,57,1.0,0.1,0.48,0,32.5,1
2024-01-05 17:00:00,zone_004,24,1.0,0.7,0.27,0,37.3,1
2024-01-05 21:00:00,zone_004,32,1.0,1.1,0.81,0,22.4,1
2024-01-05 22:00:00,zone_004,18,1.0,0.3,0.15,0,31.4,1
2024-01-06 05:00:00,zone_004,29,1.0,0.1,0.1,0,26.1,1
2024-01-06 15:00:00,zone_004,19,1.0,1.7,0.34,1,31.6,1
2024-01-07 06:00:00,zone_004,49,1.0,0.9,0.74,0,31.8,1
2024-01-07 09:00:00,zone_004,50,1.0,1.3,0.64,2,33.0,1
2024-01-07 21:00:00,zone_004,18,1.0,2.0,0.88,0,28.4,1
2024-01-08 01:00:00,zone_004,39,1.0,0.3,0.56,0,33.3,1
2024-01-08 21:00:00,zone_004,30,1.0,0.4,0.35,1,25.8,1
2024-01-09 07:00:00,zone_004,59,1.0,0.2,0.49,0,36.8,1
2024-01-09 13:00:00,zone_004,43,1.0,1.1,0.21,1,28.1,1
2024-01-10 13:00:00,zone_004,45,1.0,3.3,0.21,0,40.3,1
2024-01-10 23:00:00,zone_004,22,1.0,2.7,0.4,0,29.9,1
2024-01-11 00:00:00,zone_004,53,1.0,0.6,0.41,0,22.4,1
2024-01-11 05:00:00,zone_004,16,1.0,1.9,0.12,1,31.9,1
2024-01-12 08:00:00,zone_004,56,1.0,0.1,0.14,0,33.9,1
2024-01-12 15:00:00,zone_004,13,1.0,2.1,0.63,0,34.5,1
2024-01-13 04:00:00,zone_004,25,1.0,2.7,0.19,2,28.0,1
2024-01-13 09:00:00,zone_004,29,1.0,1.9,0.3,2,29.7,1
2024-01-13 18:00:00,zone_004,14,1.0,0.2,0.73,1,29.3,1
2024-01-14 02:00:00,zone_004,34,1.0,0.2,0.39,0,31.3,1
2024-01-14 03:00:00,zone_004,17,1.0,0.5,0.79,0,26.9,1
2024-01-14 04:00:00,zone_004,35,1.0,2.2,0.23,0,30.5,1
2024-01-14 05:00:00,zone_004,32,1.0,7.7,0.26,1,34.0,1
2024-01-15 11:00:00,zone_004,18,1.0,0.3,0.18,0,29.6,1
2024-01-16 06:00:00,zone_004,25,1.0,0.2,0.59,2,43.2,1
2024-01-16 07:00:00,zone_004,24,1.0,0.9,0.15,0,29.6,1
2024-01-16 11:00:00,zone_004,28,1.0,1.2,0.54,0,28.9,1
2024-01-19 00:00:00,zone_004,40,1.0,0.9,0.48,1,20.5,1
2024-01-20 02:00:00,zone_004,53,1.0,1.0,0.42,0,36.2,1
2024-01-20 05:00:00,zone_004,31,1.0,8.5,0.24,2,31.9,1
2024-01-20 08:00:00,zone_004,23,1.0,1.1,0.73,0,30.4,1
2024-01-20 18:00:00,zone_004,31,1.0,2.7,0.24,1,32.0,1
2024-01-21 04:00:00,zone_004,39,1.0,3.4,0.72,1,29.7,1
2024-01-21 08:00:00,zone_004,114,1.0,0.0,0.79,0,28.3,1
2024-01-22 02:00:00,zone_004,31,1.0,2.4,0.7,2,35.2,1
2024-01-22 23:00:00,zone_004,45,1.0,0.4,0.7,1,30.0,1
2024-01-23 23:00:00,zone_004,28,1.0,0.9,0.57,0,31.6,1
2024-01-24 12:00:00,zone_004,36,1.0,0.2,0.77,0,30.4,1
2024-01-24 19:00:00,zone_004,65,1.0,0.6,0.69,0,30.9,1
2024-01-24 20:00:00,zone_004,31,1.0,1.7,0.74,1,33.7,1
2024-01-24 23:00:00,zone_004,48,1.0,1.2,0.77,0,25.0,1
2024-01-26 04:00:00,zone_004,21,1.0,0.2,0.15,0,28.2,1
2024-01-27 06:00:00,zone_004,19,1.0,2.3,0.36,0,34.3,1
2024-01-27 19:00:00,zone_004,8,1.0,3.4,0.81,0,34.0,1
2024-01-28 10:00:00,zone_004,52,1.0,2.0,0.33,0,37.3,1
2024-01-29 06:00:00,zone_004,40,1.0,7.7,0.37,0,28.0,1
2024-01-29 17:00:00,zone_004,33,1.0,0.4,0.19,0,28.3,1
2024-01-30 07:00:00,zone_004,65,1.0,0.8,0.2,0,30.5,1
2024-01-30 21:00:00,zone_004,29,1.0,2.3,0.64,2,31.3,1
2024-02-02 04:00:00,zone_004,26,1.0,3.2,0.5,0,35.2,1
2024-02-04 08:00:00,zone_004,50,1.0,1.6,0.89,0,40.2,1
2024-02-05 22:00:00,zone_004,26,1.0,0.4,0.42,0,28.0,1
2024-02-05 23:00:00,zone_004,27,1.0,7.1,0.19,1,35.3,1
2024-02-06 07:00:00,zone_004,41,1.0,2.3,0.42,1,26.3,1
2024-02-06 14:00:00,zone_004,19,1.0,1.8,0.54,0,29.1,1
2024-02-07 01:00:00,zone_004,16,1.0,1.9,0.69,0,31.9,1
2024-02-07 05:00:00,zone_004,35,1.0,1.3,0.34,0,28.4,1
2024-02-07 09:00:00,zone_004,59,1.0,1.4,0.49,0,28.1,1
2024-02-07 18:00:00,zone_004,21,1.0,0.0,0.9,1,33.3,1
2024-02-08 10:00:00,zone_004,46,1.0,1.4,0.12,1,34.5,1
2024-02-08 19:00:00,zone_004,11,1.0,0.7,0.51,0,32.1,1
2024-02-09 13:00:00,zone_004,41,1.0,0.1,0.56,0,27.2,1
2024-02-10 11:00:00,zone_004,63,1.0,1.1,0.52,0,37.0,1
2024-02-11 10:00:00,zone_004,29,1.0,1.3,0.48,0,30.7,1
2024-02-11 11:00:00,zone_004,83,1.0,0.9,0.17,0,30.3,1
2024-02-11 16:00:00,zone_004,100,1.0,0.7,0.33,2,30.5,1
2024-02-11 21:00:00,zone_004,19,1.0,2.1,0.68,0,29.5,1
2024-02-12 21:00:00,zone_004,16,1.0,2.1,0.25,2,27.1,1
2024-02-12 23:00:00,zone_004,40,1.0,0.5,0.8,0,34.5,1
2024-02-13 12:00:00,zone_004,67,1.0,0.1,0.83,0,30.5,1
2024-02-14 04:00:00,zone_004,35,1.0,5.2,0.57,0,32.7,1
2024-02-15 19:00:00,zone_004,33,1.0,2.3,0.15,0,35.8,1
2024-02-16 02:00:00,zone_004,37,1.0,1.4,0.58,0,33.3,1
2024-02-16 19:00:00,zone_004,72,1.0,0.5,0.81,2,35.2,1
2024-02-17 08:00:00,zone_004,13,1.0,1.2,0.25,0,32.9,1
2024-02-17 20:00:00,zone_004,11,1.0,0.1,0.58,0,37.5,1
2024-02-17 22:00:00,zone_004,75,1.0,4.3,0.62,0,26.3,1
2024-02-17 23:00:00,zone_004,72,1.0,0.3,0.69,2,28.1,1
2024-02-18 01:00:00,zone_004,19,1.0,0.4,0.88,2,31.2,1
2024-02-18 05:00:00,zone_004,19,1.0,2.4,0.52,2,35.3,1
2024-02-18 11:00:00,zone_004,70,1.0,5.6,0.31,0,25.6,1
2024-02-18 21:00:00,zone_004,9,1.0,6.3,0.6,0,30.3,1
2024-02-19 15:00:00,zone_004,25,1.0,0.6,0.6,0,30.3,1
2024-02-20 03:00:00,zone_004,22,1.0,2.1,0.89,0,26.7,1
2024-02-20 06:00:00,zone_004,51,1.0,0.5,0.22,2,29.1,1
2024-02-20 21:00:00,zone_004,17,1.0,1.0,0.25,0,28.3,1
2024-02-21 13:00:00,zone_004,30,1.0,1.8,0.66,0,29.6,1
2024-02-21 15:00:00,zone_004,41,1.0,0.6,0.79,1,31.4,1
2024-02-22 10:00:00,zone_004,25,1.0,0.8,0.11,0,40.6,1
2024-02-22 15:00:00,zone_004,67,1.0,3.0,0.29,0,30.0,1
2024-02-23 12:00:00,zone_004,54,1.0,0.8,0.38,1,35.3,1
2024-02-23 13:00:00,zone_004,23,1.0,0.3,0.62,0,32.3,1
2024-02-24 07:00:00,zone_004,66,1.0,1.7,0.57,0,29.5,1
2024-02-24 18:00:00,zone_004,27,1.0,0.0,0.47,0,33.4,1
2024-02-25 03:00:00,zone_004,80,1.0,0.6,0.47,0,25.1,1
2024-02-25 04:00:00,zone_004,67,1.0,0.2,0.26,0,40.2,1
2024-02-25 12:00:00,zone_004,38,1.0,1.7,0.16,0,29.5,1
2024-02-25 22:00:00,zone_004,25,1.0,0.5,0.49,1,32.9,1
2024-02-26 04:00:00,zone_004,40,1.0,0.3,0.61,0,37.5,1
2024-02-26 11:00:00,zone_004,47,1.0,1.7,0.39,1,24.1,1
2024-02-27 01:00:00,zone_004,23,1.0,1.5,0.52,0,28.2,1
2024-02-27 12:00:00,zone_004,43,1.0,4.7,0.39,2,36.4,1
2024-02-28 07:00:00,zone_004,53,1.0,0.0,0.48,0,27.7,1
2024-02-28 17:00:00,zone_004,22,1.0,1.5,0.75,0,33.1,1
2024-02-28 19:00:00,zone_004,41,1.0,0.9,0.23,2,29.8,1
2024-02-29 01:00:00,zone_004,23,1.0,0.4,0.88,0,30.0,1
2024-02-29 16:00:00,zone_004,61,1.0,0.5,0.5,1,32.8,1
2024-02-29 19:00:00,zone_004,43,1.0,0.6,0.36,1,34.6,1
2024-03-01 00:00:00,zone_004,41,1.0,1.5,0.42,0,29.7,1
2024-03-01 02:00:00,zone_004,38,1.0,3.1,0.74,0,33.9,1
2024-03-01 05:00:00,zone_004,18,1.0,0.5,0.16,0,34.0,1
2024-03-01 17:00:00,zone_004,57,1.0,0.6,0.81,0,28.7,1
2024-03-03 10:00:00,zone_004,100,1.0,2.3,0.16,1,29.0,1
2024-03-04 01:00:00,zone_004,27,1.0,0.4,0.39,1,34.0,1
2024-03-04 17:00:00,zone_004,17,1.0,1.2,0.43,2,25.7,1
2024-03-05 03:00:00,zone_004,45,1.0,1.3,0.48,0,36.9,1
2024-03-05 04:00:00,zone_004,36,1.0,0.4,0.27,0,33.9,1
2024-03-05 23:00:00,zone_004,40,1.0,0.4,0.58,0,31.0,1
2024-03-06 09:00:00,zone_004,48,1.0,2.0,0.82,0,26.5,1
2024-03-07 20:00:00,zone_004,23,1.0,0.8,0.62,0,32.4,1
2024-03-08 02:00:00,zone_004,37,1.0,2.7,0.26,0,31.6,1
2024-03-08 07:00:00,zone_004,27,1.0,0.2,0.57,0,30.2,1
2024-03-08 17:00:00,zone_004,36,1.0,0.2,0.2,0,25.8,1
2024-03-09 11:00:00,zone_004,56,1.0,0.6,0.55,1,29.6,1
2024-03-09 14:00:00,zone_004,37,1.0,1.1,0.65,0,32.8,1
2024-03-09 17:00:00,zone_004,14,1.0,2.0,0.26,2,32.2,1
2024-03-09 22:00:00,zone_004,68,1.0,0.4,0.34,0,35.4,1
2024-03-10 13:00:00,zone_004,28,1.0,2.2,0.64,0,34.8,1
2024-03-11 00:00:00,zone_004,27,1.0,0.6,0.79,0,30.5,1
2024-03-11 18:00:00,zone_004,54,1.0,1.1,0.55,2,30.4,1
2024-03-12 16:00:00,zone_004,32,1.0,1.6,0.24,0,31.4,1
2024-03-13 11:00:00,zone_004,27,1.0,2.2,0.78,1,25.8,1
2024-03-13 21:00:00,zone_004,31,1.0,0.4,0.89,0,33.2,1
2024-03-13 22:00:00,zone_004,49,1.0,3.9,0.58,0,25.8,1
2024-03-14 20:00:00,zone_004,32,1.0,0.8,0.49,0,29.7,1
2024-03-15 10:00:00,zone_004,33,1.0,4.6,0.44,0,45.0,1
2024-03-15 23:00:00,zone_004,31,1.0,0.5,0.35,0,33.6,1
2024-03-16 04:00:00,zone_004,32,1.0,0.9,0.73,0,33.1,1
2024-03-16 22:00:00,zone_004,27,1.0,0.2,0.53,0,30.0,1
2024-03-17 00:00:00,zone_004,42,1.0,0.1,0.36,0,33.3,1
2024-03-17 11:00:00,zone_004,18,1.0,1.1,0.51,2,29.0,1
2024-03-18 09:00:00,zone_004,77,1.0,0.3,0.56,0,30.2,1
2024-03-19 00:00:00,zone_004,13,1.0,0.0,0.61,0,35.4,1
2024-03-19 23:00:00,zone_004,21,1.0,2.0,0.4,2,33.8,1
2024-03-20 03:00:00,zone_004,16,1.0,0.3,0.27,0,27.3,1
2024-03-23 07:00:00,zone_004,15,1.0,2.2,0.69,0,32.5,1
2024-03-24 13:00:00,zone_004,75,1.0,3.0,0.37,0,37.5,1
2024-03-25 03:00:00,zone_004,56,1.0,0.2,0.62,1,32.9,1
2024-03-25 06:00:00,zone_004,51,1.0,1.4,0.4,0,34.3,1
2024-03-25 15:00:00,zone_004,25,1.0,0.3,0.49,0,35.1,1
2024-03-26 05:00:00,zone_004,41,1.0,0.4,0.21,0,29.3,1
2024-03-26 13:00:00,zone_004,29,1.0,0.4,0.21,0,31.1,1
2024-03-26 18:00:00,zone_004,37,1.0,0.4,0.2,0,24.8,1
2024-03-26 21:00:00,zone_004,27,1.0,1.1,0.49,0,26.8,1
2024-03-27 02:00:00,zone_004,24,1.0,0.2,0.58,0,25.8,1
2024-03-27 06:00:00,zone_004,18,1.0,1.1,0.31,0,40.2,1
2024-03-27 10:00:00,zone_004,32,1.0,0.1,0.66,0,31.7,1
2024-03-27 11:00:00,zone_004,30,1.0,0.2,0.51,0,31.7,1
2024-03-27 13:00:00,zone_004,84,1.0,3.3,0.31,0,27.5,1
2024-03-29 04:00:00,zone_004,69,1.0,1.8,0.6,2,24.4,1
2024-03-29 08:00:00,zone_004,72,1.0,0.2,0.81,1,30.8,1
2024-03-30 03:00:00,zone_004,25,1.0,1.6,0.34,0,29.9,1
2024-03-30 05:00:00,zone_004,38,1.0,1.8,0.26,0,36.1,1
2024-03-30 16:00:00,zone_004,17,1.0,3.1,0.36,0,30.9,1
2024-03-31 09:00:00,zone_004,23,1.0,3.8,0.37,0,35.4,1
2024-03-31 17:00:00,zone_004,34,1.0,1.3,0.21,0,27.7,1
2024-04-01 02:00:00,zone_004,16,1.0,0.0,0.39,0,30.2,1
2024-04-03 05:00:00,zone_004,13,1.0,11.2,0.31,0,35.0,1
2024-04-03 11:00:00,zone_004,28,1.0,0.7,0.33,0,34.1,1
2024-04-03 15:00:00,zone_004,24,1.0,0.9,0.87,1,28.4,1
2024-04-04 17:00:00,zone_004,53,1.0,0.5,0.5,0,33.6,1
2024-04-05 13:00:00,zone_004,48,1.0,2.8,0.15,0,31.2,1
2024-04-06 20:00:00,zone_004,52,1.0,0.9,0.38,0,25.8,1
2024-04-07 17:00:00,zone_004,29,1.0,2.5,0.31,0,35.1,1
2024-04-07 19:00:00,zone_004,41,1.0,7.3,0.58,0,38.4,1
2024-04-07 22:00:00,zone_004,33,1.0,2.4,0.87,1,31.8,1
2024-04-08 04:00:00,zone_004,19,1.0,2.2,0.45,0,27.6,1
2024-04-09 15:00:00,zone_004,99,1.0,1.2,0.16,0,35.4,1
2024-04-10 07:00:00,zone_004,39,1.0,2.4,0.15,0,25.5,1
2024-04-10 11:00:00,zone_004,37,1.0,0.5,0.74,0,31.2,1
2024-04-10 16:00:00,zone_004,28,1.0,2.5,0.45,0,33.4,1
2024-04-11 05:00:00,zone_004,41,1.0,0.1,0.25,0,34.3,1
2024-04-11 18:00:00,zone_004,26,1.0,0.2,0.9,0,30.6,1
2024-04-12 05:00:00,zone_004,42,1.0,1.2,0.71,0,33.9,1
2024-04-12 06:00:00,zone_004,26,1.0,0.7,0.52,2,47.8,1
2024-04-12 15:00:00,zone_004,29,1.0,1.4,0.55,0,24.8,1
2024-04-14 04:00:00,zone_004,33,1.0,1.4,0.85,2,41.1,1
2024-04-14 08:00:00,zone_004,32,1.0,0.0,0.65,0,33.5,1
2024-04-14 22:00:00,zone_004,15,1.0,4.9,0.31,0,32.4,1
2024-04-15 07:00:00,zone_004,47,1.0,2.0,0.41,1,31.2,1
2024-04-15 18:00:00,zone_004,41,1.0,0.5,0.19,0,29.5,1
2024-04-16 01:00:00,zone_004,47,1.0,1.0,0.79,0,35.4,1
2024-04-17 11:00:00,zone_004,13,1.0,0.3,0.58,0,31.9,1
2024-04-17 19:00:00,zone_004,44,1.0,0.5,0.33,0,30.7,1
2024-04-17 20:00:00,zone_004,75,1.0,0.3,0.48,0,31.0,1
2024-04-18 07:00:00,zone_004,76,1.0,0.1,0.43,1,31.0,1
2024-04-18 11:00:00,zone_004,44,1.0,0.7,0.51,0,32.2,1
2024-04-18 19:00:00,zone_004,32,1.0,3.6,0.76,2,36.5,1
2024-04-20 11:00:00,zone_004,25,1.0,1.4,0.26,0,32.0,1
2024-04-20 14:00:00,zone_004,38,1.0,0.3,0.53,0,27.4,1
2024-04-21 07:00:00,zone_004,39,1.0,0.3,0.85,0,30.1,1
2024-04-21 22:00:00,zone_004,21,1.0,3.6,0.55,0,28.8,1
2024-04-22 03:00:00,zone_004,45,1.0,2.2,0.78,0,28.6,1
2024-04-22 21:00:00,zone_004,29,1.0,3.3,0.43,2,33.3,1
2024-04-23 05:00:00,zone_004,45,1.0,1.6,0.69,1,31.8,1
2024-04-23 16:00:00,zone_004,29,1.0,4.3,0.86,0,29.3,1
2024-04-24 10:00:00,zone_004,23,1.0,2.1,0.6,1,28.7,1
2024-04-24 14:00:00,zone_004,45,1.0,1.4,0.4,0,31.9,1
2024-04-24 15:00:00,zone_004,22,1.0,0.2,0.54,0,32.7,1
2024-04-24 16:00:00,zone_004,12,1.0,2.9,0.39,2,42.7,1
2024-04-25 07:00:00,zone_004,30,1.0,1.4,0.68,0,31.7,1
2024-04-25 09:00:00,zone_004,24,1.0,0.4,0.86,0,31.7,1
2024-04-25 14:00:00,zone_004,24,1.0,2.3,0.61,2,35.7,1
2024-04-26 16:00:00,zone_004,21,1.0,4.9,0.33,0,35.5,1
2024-04-27 07:00:00,zone_004,14,1.0,0.4,0.58,0,26.9,1
2024-04-28 20:00:00,zone_004,57,1.0,0.2,0.15,0,31.1,1
2024-04-28 23:00:00,zone_004,25,1.0,0.3,0.86,0,39.0,1
2024-04-29 17:00:00,zone_004,17,1.0,0.5,0.71,1,29.6,1
2024-04-30 15:00:00,zone_004,41,1.0,0.3,0.81,0,36.4,1
2024-05-01 11:00:00,zone_004,67,1.0,4.0,0.81,1,35.0,1
2024-05-02 01:00:00,zone_004,38,1.0,2.6,0.82,0,33.7,1
2024-05-02 10:00:00,zone_004,31,1.0,1.9,0.55,0,28.5,1
2024-05-03 15:00:00,zone_004,25,1.0,0.2,0.24,0,29.7,1
2024-05-04 03:00:00,zone_004,51,1.0,0.0,0.48,0,33.2,1
2024-05-04 11:00:00,zone_004,43,1.0,1.2,0.63,0,37.9,1
2024-05-04 13:00:00,zone_004,31,1.0,1.4,0.27,1,30.2,1
2024-05-04 23:00:00,zone_004,14,1.0,0.2,0.74,2,29.4,1
2024-05-05 10:00:00,zone_004,24,1.0,0.9,0.87,0,30.6,1
2024-05-05 16:00:00,zone_004,22,1.0,0.2,0.44,2,30.3,1
2024-05-06 01:00:00,zone_004,29,1.0,0.6,0.58,1,26.1,1
2024-05-06 05:00:00,zone_004,32,1.0,1.1,0.19,0,28.1,1
2024-05-06 15:00:00,zone_004,69,1.0,2.6,0.76,0,36.4,1
2024-05-07 00:00:00,zone_004,42,1.0,0.9,0.31,0,33.4,1
2024-05-08 13:00:00,zone_004,30,1.0,0.1,0.84,1,40.4,1
2024-05-10 15:00:00,zone_004,38,1.0,0.7,0.37,0,30.2,1
2024-05-11 05:00:00,zone_004,32,1.0,0.2,0.45,1,40.7,1
2024-05-11 22:00:00,zone_004,18,1.0,2.7,0.83,1,35.5,1
2024-05-12 07:00:00,zone_004,42,1.0,0.3,0.36,0,34.3,1
2024-05-13 05:00:00,zone_004,29,1.0,0.3,0.37,0,35.9,1
2024-05-13 06:00:00,zone_004,27,1.0,1.3,0.26,0,45.1,1
2024-05-13 07:00:00,zone_004,39,1.0,0.7,0.52,0,31.0,1
2024-05-13 18:00:00,zone_004,39,1.0,0.7,0.76,0,35.4,1
2024-05-14 07:00:00,zone_004,40,1.0,0.8,0.39,0,30.4,1
2024-05-14 12:00:00,zone_004,45,1.0,1.1,0.51,0,38.1,1
2024-05-14 21:00:00,zone_004,15,1.0,1.4,0.17,0,30.5,1
2024-05-15 10:00:00,zone_004,28,1.0,3.6,0.46,0,32.0,1
2024-05-15 17:00:00,zone_004,23,1.0,1.0,0.3,0,33.9,1
2024-05-16 18:00:00,zone_004,22,1.0,0.9,0.18,0,21.3,1
2024-05-17 17:00:00,zone_004,31,1.0,2.2,0.44,0,29.0,1
2024-05-17 21:00:00,zone_004,44,1.0,0.5,0.62,0,33.1,1
2024-05-18 05:00:00,zone_004,16,1.0,0.6,0.39,1,22.6,1
2024-05-18 18:00:00,zone_004,49,1.0,1.1,0.6,0,33.8,1
2024-05-19 08:00:00,zone_004,23,1.0,0.3,0.8,1,26.9,1
2024-05-19 16:00:00,zone_004,39,1.0,0.2,0.27,0,29.4,1
2024-05-20 01:00:00,zone_004,42,1.0,1.2,0.79,1,34.8,1
2024-05-20 11:00:00,zone_004,33,1.0,2.9,0.51,2,34.6,1
2024-05-21 01:00:00,zone_004,88,1.0,3.5,0.19,1,31.0,1
2024-05-21 07:00:00,zone_004,17,1.0,2.8,0.31,0,28.5,1
2024-05-21 22:00:00,zone_004,46,1.0,0.2,0.25,0,30.7,1
2024-05-22 02:00:00,zone_004,35,1.0,3.2,0.37,0,33.0,1
2024-05-23 05:00:00,zone_004,66,1.0,1.5,0.42,2,27.8,1
2024-05-23 07:00:00,zone_004,39,1.0,0.4,0.62,0,31.0,1
2024-05-23 21:00:00,zone_004,42,1.0,1.4,0.48,1,29.3,1
2024-05-24 09:00:00,zone_004,27,1.0,0.1,0.63,0,28.8,1
2024-05-24 13:00:00,zone_004,57,1.0,0.9,0.34,0,33.8,1
2024-05-24 14:00:00,zone_004,30,1.0,3.3,0.84,2,36.6,1
2024-05-27 03:00:00,zone_004,29,1.0,1.1,0.22,0,33.6,1
2024-05-29 23:00:00,zone_004,33,1.0,0.3,0.61,0,32.2,1
2024-05-30 08:00:00,zone_004,42,1.0,3.5,0.31,1,26.7,1
2024-05-30 12:00:00,zone_004,31,1.0,0.3,0.62,0,28.5,1
2024-05-30 15:00:00,zone_004,51,1.0,1.8,0.58,0,31.3,1
2024-06-01 04:00:00,zone_004,19,1.0,0.4,0.56,0,37.5,1
2024-06-01 10:00:00,zone_004,27,1.0,0.3,0.86,0,37.8,1
2024-06-04 06:00:00,zone_004,28,1.0,0.3,0.65,0,36.8,1
2024-06-05 06:00:00,zone_004,30,1.0,2.3,0.36,0,24.3,1
2024-06-05 13:00:00,zone_004,21,1.0,0.7,0.68,0,27.6,1
2024-06-05 18:00:00,zone_004,26,1.0,2.7,0.21,0,31.3,1
2024-06-05 21:00:00,zone_004,27,1.0,5.2,0.28,0,35.8,1
2024-06-05 23:00:00,zone_004,21,1.0,0.6,0.12,0,34.0,1
2024-06-06 12:00:00,zone_004,39,1.0,0.4,0.44,0,34.3,1
2024-06-06 19:00:00,zone_004,30,1.0,4.2,0.51,0,33.1,1
2024-06-06 21:00:00,zone_004,15,1.0,0.0,0.16,1,36.3,1
2024-06-06 23:00:00,zone_004,19,1.0,1.2,0.83,0,37.1,1
2024-06-07 02:00:00,zone_004,37,1.0,1.1,0.36,0,26.6,1
2024-06-07 07:00:00,zone_004,59,1.0,1.8,0.83,0,30.2,1
2024-06-08 07:00:00,zone_004,72,1.0,0.1,0.42,0,31.7,1
2024-06-08 23:00:00,zone_004,21,1.0,0.3,0.36,1,29.0,1
2024-06-09 03:00:00,zone_004,41,1.0,0.1,0.51,0,34.0,1
2024-06-09 05:00:00,zone_004,24,1.0,0.7,0.67,1,30.4,1
2024-06-10 00:00:00,zone_004,22,1.0,0.4,0.29,1,29.4,1
2024-06-10 06:00:00,zone_004,25,1.0,1.0,0.14,0,30.7,1
2024-06-11 12:00:00,zone_004,47,1.0,0.9,0.44,1,36.8,1
2024-06-11 16:00:00,zone_004,40,1.0,0.6,0.72,0,33.5,1
2024-06-12 04:00:00,zone_004,36,1.0,3.8,0.57,0,30.4,1
2024-06-12 11:00:00,zone_004,14,1.0,0.2,0.73,0,29.9,1
2024-06-12 17:00:00,zone_004,54,1.0,1.5,0.65,0,34.1,1
2024-06-13 02:00:00,zone_004,40,1.0,0.4,0.55,1,35.9,1
2024-06-13 06:00:00,zone_004,68,1.0,0.4,0.23,0,32.4,1
2024-06-14 03:00:00,zone_004,40,1.0,0.8,0.6,0,39.4,1
2024-06-14 08:00:00,zone_004,22,1.0,1.4,0.54,0,31.4,1
2024-06-15 06:00:00,zone_004,29,1.0,0.8,0.24,0,32.2,1
2024-06-16 14:00:00,zone_004,41,1.0,0.2,0.6,2,36.2,1
2024-06-17 09:00:00,zone_004,21,1.0,1.6,0.38,0,28.8,1
2024-06-17 22:00:00,zone_004,18,1.0,0.9,0.49,1,33.7,1
2024-06-19 05:00:00,zone_004,43,1.0,1.9,0.47,2,34.2,1
2024-06-19 08:00:00,zone_004,36,1.0,2.1,0.52,0,29.7,1
2024-06-19 12:00:00,zone_004,41,1.0,0.1,0.88,0,30.3,1
2024-06-20 19:00:00,zone_004,50,1.0,0.2,0.25,0,31.4,1
2024-06-22 04:00:00,zone_004,21,1.0,0.0,0.77,1,32.3,1
2024-06-22 23:00:00,zone_004,36,1.0,3.8,0.42,0,32.7,1
2024-06-24 03:00:00,zone_004,27,1.0,2.2,0.8,0,31.6,1
2024-06-24 17:00:00,zone_004,80,1.0,1.1,0.88,0,28.1,1
2024-06-24 20:00:00,zone_004,17,1.0,0.2,0.42,1,31.1,1
2024-06-26 06:00:00,zone_004,32,1.0,1.1,0.51,1,30.4,1
2024-06-26 16:00:00,zone_004,32,1.0,0.6,0.71,0,30.6,1
2024-06-26 21:00:00,zone_004,26,1.0,2.7,0.19,0,31.1,1
2024-06-27 04:00:00,zone_004,88,1.0,0.4,0.75,1,36.5,1
2024-06-28 05:00:00,zone_004,47,1.0,0.1,0.22,1,32.6,1
2024-06-28 11:00:00,zone_004,43,1.0,1.9,0.44,0,28.6,1
2024-06-28 23:00:00,zone_004,17,1.0,0.0,0.58,0,27.6,1
2024-06-29 09:00:00,zone_004,46,1.0,4.0,0.26,0,30.2,1
2024-06-29 16:00:00,zone_004,38,1.0,2.4,0.85,1,27.5,1
2024-06-29 23:00:00,zone_004,23,1.0,0.2,0.11,2,31.4,1
2024-07-03 03:00:00,zone_004,76,1.0,0.0,0.77,0,29.2,1
2024-07-03 05:00:00,zone_004,27,1.0,1.1,0.12,0,30.5,1
2024-07-03 14:00:00,zone_004,36,1.0,2.6,0.75,0,37.9,1
2024-07-04 02:00:00,zone_004,72,1.0,2.0,0.51,0,27.8,1
2024-07-05 01:00:00,zone_004,47,1.0,0.4,0.11,2,32.7,1
2024-07-05 10:00:00,zone_004,20,1.0,0.7,0.32,1,31.3,1
2024-07-06 05:00:00,zone_004,23,1.0,0.6,0.69,0,27.7,1
2024-07-06 22:00:00,zone_004,58,1.0,0.2,0.66,0,32.0,1
2024-07-07 23:00:00,zone_004,33,1.0,0.5,0.65,1,32.3,1
2024-07-09 10:00:00,zone_004,36,1.0,1.7,0.46,0,32.5,1
2024-07-09 11:00:00,zone_004,24,1.0,6.5,0.64,0,31.7,1
2024-07-10 15:00:00,zone_004,15,1.0,2.4,0.25,0,31.3,1
2024-07-10 20:00:00,zone_004,23,1.0,0.2,0.35,1,31.7,1
2024-07-11 02:00:00,zone_004,59,1.0,2.4,0.23,0,41.3,1
2024-07-12 00:00:00,zone_004,16,1.0,0.7,0.18,0,29.5,1
2024-07-12 05:00:00,zone_004,13,1.0,0.0,0.28,1,31.0,1
2024-07-12 11:00:00,zone_004,26,1.0,0.3,0.12,0,36.2,1
2024-07-13 04:00:00,zone_004,29,1.0,4.5,0.86,0,29.2,1
2024-07-13 10:00:00,zone_004,36,1.0,0.3,0.84,0,37.7,1
2024-07-14 14:00:00,zone_004,39,1.0,1.3,0.17,1,29.4,1
2024-07-15 20:00:00,zone_004,60,1.0,5.2,0.29,0,34.5,1
2024-07-15 21:00:00,zone_004,40,1.0,4.8,0.24,0,34.3,1
2024-07-16 08:00:00,zone_004,23,1.0,0.2,0.39,2,37.8,1
2024-07-16 11:00:00,zone_004,25,1.0,3.4,0.57,0,25.0,1
2024-07-16 14:00:00,zone_004,22,1.0,0.3,0.84,0,36.3,1
2024-07-16 17:00:00,zone_004,28,1.0,2.3,0.4,1,27.8,1
2024-07-17 01:00:00,zone_004,52,1.0,7.0,0.82,0,27.4,1
2024-07-17 17:00:00,zone_004,32,1.0,3.0,0.31,1,27.2,1
2024-07-17 18:00:00,zone_004,64,1.0,1.7,0.59,0,33.6,1
2024-07-17 20:00:00,zone_004,59,1.0,0.2,0.56,0,32.9,1
2024-07-17 21:00:00,zone_004,32,1.0,3.2,0.41,0,32.6,1
2024-07-18 02:00:00,zone_004,42,1.0,3.8,0.31,0,24.9,1
2024-07-18 07:00:00,zone_004,36,1.0,0.5,0.23,1,31.4,1
2024-07-19 09:00:00,zone_004,55,1.0,0.3,0.31,0,29.8,1
2024-07-19 17:00:00,zone_004,15,1.0,0.2,0.6,0,28.9,1
2024-07-19 19:00:00,zone_004,40,1.0,3.6,0.13,1,24.8,1
2024-07-22 06:00:00,zone_004,52,1.0,2.6,0.48,1,32.6,1
2024-07-22 09:00:00,zone_004,36,1.0,1.9,0.64,0,28.4,1
2024-07-23 08:00:00,zone_004,65,1.0,0.1,0.87,1,34.9,1
2024-07-23 09:00:00,zone_004,63,1.0,0.1,0.74,1,29.0,1
2024-07-23 13:00:00,zone_004,54,1.0,0.9,0.47,0,35.0,1
2024-07-23 20:00:00,zone_004,36,1.0,0.8,0.5,0,30.2,1
2024-07-26 12:00:00,zone_004,20,1.0,0.7,0.76,0,32.9,1
2024-07-27 14:00:00,zone_004,122,1.0,0.0,0.19,1,26.4,1
2024-07-27 19:00:00,zone_004,24,1.0,5.8,0.74,0,22.7,1
2024-07-28 03:00:00,zone_004,12,1.0,1.1,0.22,0,32.5,1
2024-07-28 14:00:00,zone_004,12,1.0,0.1,0.47,0,30.9,1
2024-07-28 15:00:00,zone_004,31,1.0,1.0,0.24,0,33.8,1
2024-07-28 20:00:00,zone_004,42,1.0,1.0,0.59,0,29.3,1
2024-07-29 14:00:00,zone_004,19,1.0,0.3,0.89,0,32.7,1
2024-07-29 22:00:00,zone_004,18,1.0,0.8,0.63,0,27.0,1
2024-07-30 10:00:00,zone_004,26,1.0,0.2,0.77,0,35.6,1
2024-07-30 23:00:00,zone_004,35,1.0,1.2,0.33,0,27.6,1
2024-08-02 12:00:00,zone_004,108,1.0,2.0,0.73,0,29.2,1
2024-08-03 00:00:00,zone_004,33,1.0,2.0,0.53,1,32.5,1
2024-08-03 16:00:00,zone_004,28,1.0,0.1,0.67,0,32.0,1
2024-08-04 03:00:00,zone_004,88,1.0,0.6,0.71,0,32.3,1
2024-08-05 06:00:00,zone_004,16,1.0,0.2,0.88,0,32.6,1
2024-08-05 17:00:00,zone_004,17,1.0,6.4,0.2,2,26.1,1
2024-08-05 22:00:00,zone_004,23,1.0,0.2,0.47,0,25.8,1
2024-08-06 00:00:00,zone_004,72,1.0,0.9,0.35,0,29.1,1
2024-08-06 01:00:00,zone_004,32,1.0,0.7,0.52,1,32.6,1
2024-08-06 02:00:00,zone_004,44,1.0,1.1,0.15,1,37.7,1
2024-08-07 01:00:00,zone_004,39,1.0,1.2,0.68,0,33.3,1
2024-08-08 00:00:00,zone_004,41,1.0,0.1,0.48,1,29.5,1
2024-08-08 01:00:00,zone_004,26,1.0,0.9,0.56,0,24.3,1
2024-08-08 05:00:00,zone_004,14,1.0,0.5,0.53,0,25.1,1
2024-08-08 07:00:00,zone_004,72,1.0,1.8,0.87,2,26.3,1
2024-08-10 11:00:00,zone_004,48,1.0,1.6,0.51,0,31.2,1
2024-08-10 13:00:00,zone_004,30,1.0,0.9,0.14,0,30.4,1
2024-08-11 06:00:00,zone_004,87,1.0,0.2,0.46,0,38.1,1
2024-08-11 08:00:00,zone_004,44,1.0,1.6,0.62,0,35.5,1
2024-08-11 17:00:00,zone_004,32,1.0,4.9,0.8,1,30.0,1
2024-08-11 21:00:00,zone_004,36,1.0,2.2,0.19,0,35.1,1
2024-08-11 22:00:00,zone_004,27,1.0,5.3,0.77,0,24.9,1
2024-08-12 04:00:00,zone_004,68,1.0,3.9,0.2,1,34.0,1
2024-08-13 01:00:00,zone_004,51,1.0,2.0,0.24,0,35.0,1
2024-08-13 03:00:00,zone_004,32,1.0,0.2,0.18,0,24.9,1
2024-08-13 07:00:00,zone_004,94,1.0,1.1,0.59,0,29.8,1
2024-08-14 19:00:00,zone_004,38,1.0,0.9,0.41,0,27.0,1
2024-08-15 10:00:00,zone_004,37,1.0,0.8,0.69,2,37.2,1
2024-08-17 08:00:00,zone_004,16,1.0,1.6,0.37,0,35.8,1
2024-08-18 07:00:00,zone_004,33,1.0,0.6,0.1,0,35.1,1
2024-08-18 15:00:00,zone_004,29,1.0,2.9,0.78,2,26.6,1
2024-08-18 18:00:00,zone_004,54,1.0,0.6,0.81,1,31.3,1
2024-08-19 00:00:00,zone_004,24,1.0,0.3,0.42,0,37.0,1
2024-08-19 03:00:00,zone_004,30,1.0,5.4,0.34,2,32.6,1
2024-08-19 06:00:00,zone_004,23,1.0,2.5,0.82,0,35.7,1
2024-08-19 21:00:00,zone_004,37,1.0,3.3,0.77,0,26.6,1
2024-08-20 03:00:00,zone_004,38,1.0,0.5,0.43,0,36.9,1
2024-08-21 10:00:00,zone_004,96,1.0,1.6,0.82,2,33.5,1
2024-08-21 16:00:00,zone_004,13,1.0,2.5,0.7,0,33.0,1
2024-08-21 22:00:00,zone_004,37,1.0,3.0,0.41,0,31.8,1
2024-08-22 18:00:00,zone_004,31,1.0,0.0,0.54,0,34.9,1
2024-08-22 20:00:00,zone_004,24,1.0,4.8,0.39,0,29.7,1
2024-08-23 03:00:00,zone_004,11,1.0,0.7,0.87,2,40.8,1
2024-08-23 13:00:00,zone_004,13,1.0,0.4,0.72,0,36.2,1
2024-08-24 04:00:00,zone_004,56,1.0,2.8,0.85,1,28.8,1
2024-08-24 08:00:00,zone_004,23,1.0,0.9,0.27,0,29.3,1
2024-08-25 03:00:00,zone_004,25,1.0,0.4,0.25,0,27.3,1
2024-08-25 19:00:00,zone_004,24,1.0,0.4,0.29,2,30.2,1
2024-08-26 01:00:00,zone_004,25,1.0,2.6,0.11,0,29.0,1
2024-08-26 22:00:00,zone_004,10,1.0,0.5,0.67,0,33.3,1
2024-08-27 04:00:00,zone_004,28,1.0,1.1,0.44,0,31.4,1
2024-08-27 10:00:00,zone_004,31,1.0,1.6,0.59,0,36.0,1
2024-08-27 17:00:00,zone_004,28,1.0,1.8,0.84,1,28.9,1
2024-08-27 21:00:00,zone_004,52,1.0,0.7,0.82,2,32.8,1
2024-08-28 17:00:00,zone_004,54,1.0,2.1,0.34,0,28.4,1
2024-08-28 20:00:00,zone_004,39,1.0,1.7,0.25,0,29.4,1
2024-08-29 00:00:00,zone_004,33,1.0,6.6,0.53,0,32.9,1
2024-08-30 02:00:00,zone_004,25,1.0,1.3,0.12,1,30.3,1
2024-08-30 03:00:00,zone_004,14,1.0,1.7,0.7,0,36.2,1
2024-08-31 05:00:00,zone_004,30,1.0,1.1,0.74,2,29.9,1
2024-08-31 07:00:00,zone_004,42,1.0,0.2,0.16,0,31.2,1
2024-08-31 15:00:00,zone_004,40,1.0,1.2,0.73,1,29.7,1
2024-09-01 01:00:00,zone_004,19,1.0,0.3,0.8,0,28.8,1
2024-09-01 05:00:00,zone_004,65,1.0,2.3,0.7,0,26.8,1
2024-09-02 12:00:00,zone_004,50,1.0,0.7,0.64,0,32.6,1
2024-09-02 13:00:00,zone_004,27,1.0,0.9,0.19,0,20.4,1
2024-09-02 17:00:00,zone_004,24,1.0,0.2,0.19,0,26.5,1
2024-09-02 18:00:00,zone_004,38,1.0,0.1,0.77,0,33.3,1
2024-09-03 04:00:00,zone_004,26,1.0,4.6,0.89,0,34.7,1
2024-09-03 22:00:00,zone_004,22,1.0,0.3,0.51,0,38.7,1
2024-09-04 15:00:00,zone_004,27,1.0,0.0,0.42,0,38.4,1
2024-09-04 19:00:00,zone_004,17,1.0,1.1,0.49,0,32.9,1
2024-09-05 03:00:00,zone_004,23,1.0,0.8,0.14,0,20.4,1
2024-09-05 04:00:00,zone_004,24,1.0,1.6,0.49,0,31.1,1
2024-09-05 16:00:00,zone_004,21,1.0,0.7,0.56,0,25.1,1
2024-09-07 20:00:00,zone_004,18,1.0,3.9,0.45,2,33.0,1
2024-09-08 01:00:00,zone_004,43,1.0,0.1,0.55,1,39.9,1
2024-09-08 03:00:00,zone_004,84,1.0,0.1,0.23,0,29.1,1
2024-09-08 09:00:00,zone_004,99,1.0,4.9,0.54,2,35.2,1
2024-09-08 23:00:00,zone_004,42,1.0,0.5,0.56,1,33.7,1
2024-09-09 17:00:00,zone_004,38,1.0,2.3,0.76,1,27.4,1
2024-09-10 12:00:00,zone_004,42,1.0,1.0,0.89,0,31.7,1
2024-09-10 16:00:00,zone_004,42,1.0,2.9,0.82,1,34.9,1
2024-09-12 06:00:00,zone_004,24,1.0,1.0,0.18,0,28.6,1
2024-09-13 09:00:00,zone_004,27,1.0,0.3,0.64,2,40.6,1
2024-09-14 03:00:00,zone_004,27,1.0,0.1,0.61,0,31.9,1
2024-09-14 05:00:00,zone_004,34,1.0,3.3,0.7,0,37.8,1
2024-09-14 10:00:00,zone_004,99,1.0,1.3,0.45,0,32.1,1
2024-09-14 11:00:00,zone_004,63,1.0,1.1,0.83,1,32.2,1
2024-09-14 22:00:00,zone_004,26,1.0,0.4,0.68,0,27.3,1
2024-09-15 23:00:00,zone_004,21,1.0,0.4,0.22,0,29.6,1
2024-09-16 19:00:00,zone_004,14,1.0,0.0,0.57,1,29.0,1
2024-09-17 16:00:00,zone_004,42,1.0,1.0,0.12,0,28.8,1
2024-09-18 06:00:00,zone_004,30,1.0,2.0,0.38,2,29.8,1
2024-09-18 11:00:00,zone_004,17,1.0,0.2,0.5,0,37.7,1
2024-09-18 12:00:00,zone_004,22,1.0,3.2,0.57,0,37.7,1
2024-09-19 03:00:00,zone_004,47,1.0,1.1,0.88,0,34.2,1
2024-09-21 02:00:00,zone_004,59,1.0,1.5,0.35,1,27.7,1
2024-09-21 12:00:00,zone_004,36,1.0,0.5,0.64,0,38.5,1
2024-09-21 23:00:00,zone_004,33,1.0,3.0,0.9,0,32.7,1
2024-09-22 01:00:00,zone_004,49,1.0,1.1,0.53,0,28.9,1
2024-09-22 02:00:00,zone_004,30,1.0,3.1,0.21,0,28.6,1
2024-09-22 16:00:00,zone_004,69,1.0,4.4,0.64,0,25.6,1
2024-09-22 20:00:00,zone_004,27,1.0,0.4,0.14,0,37.1,1
2024-09-23 04:00:00,zone_004,62,1.0,1.3,0.15,0,31.2,1
2024-09-24 02:00:00,zone_004,36,1.0,0.7,0.61,0,34.9,1
2024-09-24 08:00:00,zone_004,35,1.0,1.4,0.53,0,34.3,1
2024-09-25 01:00:00,zone_004,25,1.0,3.2,0.89,0,30.0,1
2024-09-25 04:00:00,zone_004,13,1.0,0.2,0.56,0,34.6,1
2024-09-25 12:00:00,zone_004,26,1.0,2.6,0.41,1,27.5,1
2024-09-26 00:00:00,zone_004,30,1.0,1.2,0.39,0,33.1,1
2024-09-26 20:00:00,zone_004,25,1.0,2.8,0.72,0,30.1,1
2024-09-26 22:00:00,zone_004,18,1.0,2.1,0.44,0,35.5,1
2024-09-27 08:00:00,zone_004,17,1.0,0.6,0.28,0,29.5,1
2024-09-28 12:00:00,zone_004,9,1.0,4.7,0.82,0,27.7,1
2024-09-28 23:00:00,zone_004,33,1.0,0.8,0.88,1,35.8,1
2024-09-29 09:00:00,zone_004,24,1.0,1.1,0.22,0,30.3,1
2024-09-30 11:00:00,zone_004,23,1.0,5.1,0.61,1,27.7,1
2024-09-30 19:00:00,zone_004,27,1.0,2.6,0.33,0,29.3,1
2024-10-02 09:00:00,zone_004,52,1.0,5.7,0.17,0,28.6,1
2024-10-03 08:00:00,zone_004,66,1.0,2.9,0.51,0,32.1,1
2024-10-03 14:00:00,zone_004,36,1.0,0.3,0.61,0,32.8,1
2024-10-04 19:00:00,zone_004,13,1.0,0.6,0.44,0,35.8,1
2024-10-05 07:00:00,zone_004,35,1.0,3.8,0.76,0,31.5,1
2024-10-06 16:00:00,zone_004,28,1.0,1.3,0.77,0,32.8,1
2024-10-07 16:00:00,zone_004,116,1.0,0.4,0.88,0,31.4,1
2024-10-07 19:00:00,zone_004,26,1.0,0.9,0.42,0,32.9,1
2024-10-08 04:00:00,zone_004,20,1.0,0.7,0.37,0,35.7,1
2024-10-08 17:00:00,zone_004,27,1.0,0.7,0.15,0,32.9,1
2024-10-09 09:00:00,zone_004,33,1.0,0.4,0.16,0,35.5,1
2024-10-10 07:00:00,zone_004,41,1.0,1.4,0.3,2,34.9,1
2024-10-10 12:00:00,zone_004,31,1.0,2.3,0.9,1,32.1,1
2024-10-11 07:00:00,zone_004,24,1.0,1.6,0.19,0,32.3,1
2024-10-11 21:00:00,zone_004,20,1.0,1.4,0.65,2,25.6,1
2024-10-12 03:00:00,zone_004,28,1.0,2.7,0.66,1,28.4,1
2024-10-12 21:00:00,zone_004,23,1.0,2.7,0.73,0,33.4,1
2024-10-13 08:00:00,zone_004,64,1.0,0.2,0.59,0,34.9,1
2024-10-13 10:00:00,zone_004,32,1.0,1.1,0.28,0,37.9,1
2024-10-14 00:00:00,zone_004,22,1.0,1.6,0.64,1,30.4,1
2024-10-15 02:00:00,zone_004,54,1.0,3.1,0.73,0,30.7,1
2024-10-15 07:00:00,zone_004,33,1.0,0.2,0.1,0,27.3,1
2024-10-16 09:00:00,zone_004,37,1.0,0.2,0.38,0,32.0,1
2024-10-16 17:00:00,zone_004,45,1.0,7.3,0.37,0,34.6,1
2024-10-17 02:00:00,zone_004,30,1.0,0.5,0.15,0,34.2,1
2024-10-17 12:00:00,zone_004,18,1.0,0.2,0.34,0,31.2,1
2024-10-17 20:00:00,zone_004,33,1.0,1.3,0.43,0,25.2,1
2024-10-18 02:00:00,zone_004,41,1.0,0.8,0.21,0,32.0,1
2024-10-18 22:00:00,zone_004,32,1.0,1.1,0.84,2,31.6,1
2024-10-19 21:00:00,zone_004,36,1.0,0.8,0.15,1,24.4,1
2024-10-20 06:00:00,zone_004,32,1.0,0.3,0.79,0,34.1,1
2024-10-21 23:00:00,zone_004,58,1.0,3.2,0.22,2,34.7,1
2024-10-22 00:00:00,zone_004,56,1.0,0.8,0.72,0,34.7,1
2024-10-22 03:00:00,zone_004,28,1.0,1.0,0.16,0,30.4,1
2024-10-22 12:00:00,zone_004,54,1.0,8.5,0.52,1,29.4,1
2024-10-23 23:00:00,zone_004,32,1.0,2.1,0.34,0,29.0,1
2024-10-24 00:00:00,zone_004,36,1.0,1.8,0.2,0,30.2,1
2024-10-24 10:00:00,zone_004,27,1.0,1.4,0.63,0,37.6,1
2024-10-24 14:00:00,zone_004,30,1.0,0.4,0.27,0,37.1,1
2024-10-24 17:00:00,zone_004,36,1.0,0.1,0.44,0,31.6,1
2024-10-24 21:00:00,zone_004,24,1.0,1.9,0.38,0,24.2,1
2024-10-24 23:00:00,zone_004,15,1.0,0.1,0.67,0,38.7,1
2024-10-25 17:00:00,zone_004,48,1.0,4.5,0.41,1,35.3,1
2024-10-26 01:00:00,zone_004,127,1.0,0.8,0.27,1,28.9,1
2024-10-26 13:00:00,zone_004,45,1.0,0.2,0.38,1,33.0,1
2024-10-27 00:00:00,zone_004,20,1.0,2.9,0.55,0,26.6,1
2024-10-27 01:00:00,zone_004,58,1.0,0.2,0.12,0,36.5,1
2024-10-27 07:00:00,zone_004,21,1.0,0.6,0.24,0,29.2,1
2024-10-27 08:00:00,zone_004,33,1.0,0.5,0.27,0,36.1,1
2024-10-27 14:00:00,zone_004,23,1.0,0.6,0.77,0,33.5,1
2024-10-28 02:00:00,zone_004,19,1.0,0.0,0.86,0,32.8,1
2024-10-28 13:00:00,zone_004,118,1.0,1.1,0.74,1,28.7,1
2024-10-29 00:00:00,zone_004,68,1.0,0.3,0.55,0,36.1,1
2024-10-29 08:00:00,zone_004,19,1.0,3.1,0.84,0,34.8,1
2024-11-01 08:00:00,zone_004,22,1.0,0.4,0.51,0,32.5,1
2024-11-02 21:00:00,zone_004,52,1.0,0.9,0.53,0,33.5,1
2024-11-03 19:00:00,zone_004,33,1.0,0.7,0.38,2,31.8,1
2024-11-03 20:00:00,zone_004,60,1.0,3.6,0.22,0,43.5,1
2024-11-04 12:00:00,zone_004,108,1.0,0.4,0.65,1,36.0,1
2024-11-04 23:00:00,zone_004,18,1.0,0.2,0.15,0,31.4,1
2024-11-05 11:00:00,zone_004,28,1.0,1.0,0.67,2,27.7,1
2024-11-06 19:00:00,zone_004,22,1.0,0.5,0.23,0,35.3,1
2024-11-06 21:00:00,zone_004,43,1.0,0.1,0.11,0,35.6,1
2024-11-07 14:00:00,zone_004,58,1.0,0.3,0.21,2,34.8,1
2024-11-07 22:00:00,zone_004,45,1.0,0.5,0.62,1,36.3,1
2024-11-08 04:00:00,zone_004,29,1.0,1.1,0.33,2,28.0,1
2024-11-08 11:00:00,zone_004,88,1.0,2.7,0.23,1,31.2,1
2024-11-08 15:00:00,zone_004,58,1.0,0.8,0.44,0,35.2,1
2024-11-08 16:00:00,zone_004,73,1.0,0.1,0.28,1,37.9,1
2024-11-08 17:00:00,zone_004,67,1.0,0.0,0.33,0,28.2,1
2024-11-09 02:00:00,zone_004,21,1.0,0.9,0.24,0,35.2,1
2024-11-09 13:00:00,zone_004,23,1.0,3.8,0.46,0,34.5,1
2024-11-09 17:00:00,zone_004,11,1.0,1.9,0.46,0,24.9,1
2024-11-10 05:00:00,zone_004,12,1.0,0.3,0.76,1,30.6,1
2024-11-10 14:00:00,zone_004,106,1.0,1.5,0.21,0,26.9,1
2024-11-11 14:00:00,zone_004,27,1.0,1.4,0.34,0,29.4,1
2024-11-11 21:00:00,zone_004,86,1.0,0.4,0.5,1,32.8,1
2024-11-12 02:00:00,zone_004,29,1.0,0.0,0.83,0,45.1,1
2024-11-12 04:00:00,zone_004,39,1.0,0.6,0.36,0,25.9,1
2024-11-12 10:00:00,zone_004,26,1.0,1.8,0.55,0,34.7,1
2024-11-12 21:00:00,zone_004,57,1.0,4.5,0.73,0,34.5,1
2024-11-12 23:00:00,zone_004,25,1.0,1.9,0.47,1,33.3,1
2024-11-13 07:00:00,zone_004,26,1.0,0.7,0.67,0,34.4,1
2024-11-13 10:00:00,zone_004,30,1.0,1.4,0.36,0,39.7,1
2024-11-13 19:00:00,zone_004,26,1.0,1.3,0.86,0,34.6,1
2024-11-14 23:00:00,zone_004,60,1.0,1.1,0.33,0,27.7,1
2024-11-15 07:00:00,zone_004,17,1.0,0.4,0.5,0,28.6,1
2024-11-15 09:00:00,zone_004,63,1.0,0.4,0.34,0,31.2,1
2024-11-16 22:00:00,zone_004,28,1.0,0.9,0.1,0,40.0,1
2024-11-17 07:00:00,zone_004,33,1.0,0.7,0.72,0,26.8,1
2024-11-17 15:00:00,zone_004,20,1.0,3.1,0.28,0,33.7,1
2024-11-17 17:00:00,zone_004,30,1.0,2.6,0.19,0,27.3,1
2024-11-18 12:00:00,zone_004,27,1.0,2.4,0.51,0,35.7,1
2024-11-18 20:00:00,zone_004,21,1.0,1.7,0.85,2,33.6,1
2024-11-19 13:00:00,zone_004,28,1.0,1.1,0.82,2,25.7,1
2024-11-19 21:00:00,zone_004,18,1.0,0.2,0.88,0,32.5,1
2024-11-20 20:00:00,zone_004,32,1.0,3.1,0.64,0,32.2,1
2024-11-21 02:00:00,zone_004,48,1.0,1.8,0.37,1,33.5,1
2024-11-21 09:00:00,zone_004,34,1.0,0.8,0.68,0,25.5,1
2024-11-21 16:00:00,zone_004,27,1.0,0.9,0.86,1,30.0,1
2024-11-21 22:00:00,zone_004,91,1.0,1.9,0.87,1,25.7,1
2024-11-22 21:00:00,zone_004,18,1.0,2.8,0.71,1,28.6,1
2024-11-22 23:00:00,zone_004,20,1.0,0.8,0.13,0,34.3,1
2024-11-23 16:00:00,zone_004,57,1.0,3.4,0.44,0,24.9,1
2024-11-23 17:00:00,zone_004,21,1.0,3.8,0.43,0,29.6,1
2024-11-24 03:00:00,zone_004,79,1.0,0.4,0.68,0,25.3,1
2024-11-24 13:00:00,zone_004,76,1.0,1.6,0.57,1,32.9,1
2024-11-24 15:00:00,zone_004,21,1.0,2.8,0.1,2,36.1,1
2024-11-25 01:00:00,zone_004,15,1.0,7.5,0.26,0,34.2,1
2024-11-25 07:00:00,zone_004,49,1.0,0.4,0.38,0,28.9,1
2024-11-25 08:00:00,zone_004,36,1.0,2.3,0.61,1,40.3,1
2024-11-25 12:00:00,zone_004,51,1.0,0.5,0.1,0,32.7,1
2024-11-25 19:00:00,zone_004,43,1.0,1.5,0.43,0,39.8,1
2024-11-26 14:00:00,zone_004,28,1.0,0.4,0.74,0,30.6,1
2024-11-26 17:00:00,zone_004,31,1.0,0.7,0.42,1,32.9,1
2024-11-26 18:00:00,zone_004,23,1.0,1.4,0.61,0,27.7,1
2024-11-26 19:00:00,zone_004,59,1.0,2.2,0.4,0,35.1,1
2024-11-27 06:00:00,zone_004,43,1.0,1.4,0.26,1,32.5,1
2024-11-27 07:00:00,zone_004,15,1.0,0.7,0.76,1,31.6,1
2024-11-27 22:00:00,zone_004,55,1.0,3.0,0.67,1,29.5,1
2024-11-28 05:00:00,zone_004,11,1.0,0.3,0.26,0,35.4,1
2024-11-28 17:00:00,zone_004,25,1.0,0.0,0.19,0,34.4,1
2024-11-28 18:00:00,zone_004,91,1.0,0.5,0.85,0,36.8,1
2024-11-28 22:00:00,zone_004,22,1.0,0.8,0.74,1,28.3,1
2024-11-29 02:00:00,zone_004,55,1.0,1.0,0.14,1,38.6,1
2024-11-29 03:00:00,zone_004,16,1.0,0.3,0.59,1,40.0,1
2024-11-29 23:00:00,zone_004,17,1.0,1.1,0.4,2,28.9,1
2024-11-30 01:00:00,zone_004,78,1.0,1.5,0.79,0,31.0,1
2024-11-30 18:00:00,zone_004,32,1.0,5.0,0.58,0,37.0,1
2024-11-30 19:00:00,zone_004,26,1.0,0.3,0.51,0,32.4,1
2024-12-01 00:00:00,zone_004,38,1.0,1.1,0.64,2,28.5,1
2024-12-01 10:00:00,zone_004,53,1.0,0.3,0.9,0,25.9,1
2024-12-01 11:00:00,zone_004,21,1.0,1.2,0.79,0,28.8,1
2024-12-02 01:00:00,zone_004,95,1.0,0.3,0.68,1,32.8,1
2024-12-02 08:00:00,zone_004,71,1.0,0.4,0.72,0,33.1,1
2024-12-03 15:00:00,zone_004,22,1.0,0.8,0.35,0,32.1,1
2024-12-03 17:00:00,zone_004,36,1.0,1.1,0.14,1,23.7,1
2024-12-03 20:00:00,zone_004,44,1.0,3.4,0.16,1,35.7,1
2024-12-04 02:00:00,zone_004,41,1.0,0.0,0.35,0,35.5,1
2024-12-05 15:00:00,zone_004,43,1.0,0.6,0.84,1,25.9,1
2024-12-06 03:00:00,zone_004,88,1.0,3.1,0.49,0,33.7,1
2024-12-07 11:00:00,zone_004,15,1.0,0.2,0.72,1,32.3,1
2024-12-07 19:00:00,zone_004,26,1.0,0.7,0.6,2,37.7,1
2024-12-08 05:00:00,zone_004,30,1.0,0.3,0.74,0,27.5,1
2024-12-08 18:00:00,zone_004,52,1.0,0.3,0.6,1,35.2,1
2024-12-08 21:00:00,zone_004,17,1.0,1.3,0.45,2,33.7,1
2024-12-10 17:00:00,zone_004,23,1.0,1.0,0.85,0,31.9,1
2024-12-11 16:00:00,zone_004,35,1.0,1.3,0.32,0,32.8,1
2024-12-11 17:00:00,zone_004,46,1.0,1.7,0.86,0,31.1,1
2024-12-12 11:00:00,zone_004,35,1.0,0.1,0.28,1,27.7,1
2024-12-12 22:00:00,zone_004,44,1.0,0.2,0.46,0,39.0,1
2024-12-14 10:00:00,zone_004,61,1.0,0.5,0.57,1,36.7,1
2024-12-15 07:00:00,zone_004,22,1.0,0.1,0.89,0,39.2,1
2024-12-15 17:00:00,zone_004,40,1.0,1.0,0.22,0,28.6,1
2024-12-15 21:00:00,zone_004,32,1.0,2.5,0.53,0,25.6,1
2024-12-16 13:00:00,zone_004,24,1.0,0.7,0.66,0,41.8,1
2024-12-16 18:00:00,zone_004,38,1.0,1.2,0.11,0,34.7,1
2024-12-17 02:00:00,zone_004,39,1.0,1.9,0.53,2,39.9,1
2024-12-17 12:00:00,zone_004,33,1.0,1.3,0.39,2,28.8,1
2024-12-18 10:00:00,zone_004,43,1.0,3.2,0.68,0,29.5,1
2024-12-18 13:00:00,zone_004,54,1.0,0.5,0.74,0,36.2,1
2024-12-18 22:00:00,zone_004,45,1.0,0.3,0.38,1,30.2,1
2024-12-19 06:00:00,zone_004,29,1.0,2.5,0.52,0,31.6,1
2024-12-19 11:00:00,zone_004,35,1.0,4.3,0.26,0,36.9,1
2024-12-19 17:00:00,zone_004,15,1.0,1.8,0.76,0,35.7,1
2024-12-20 01:00:00,zone_004,92,1.0,3.5,0.36,0,28.1,1
2024-12-20 08:00:00,zone_004,80,1.0,0.4,0.27,1,36.0,1
2024-12-23 10:00:00,zone_004,25,1.0,0.0,0.59,0,40.1,1
2024-12-24 02:00:00,zone_004,28,1.0,0.3,0.77,0,32.4,1
2024-12-24 12:00:00,zone_004,43,1.0,0.8,0.37,0,25.1,1
2024-12-24 19:00:00,zone_004,33,1.0,1.0,0.16,0,34.0,1
2024-12-25 08:00:00,zone_004,39,1.0,0.9,0.62,0,35.6,1
2024-12-26 09:00:00,zone_004,24,1.0,1.1,0.78,0,30.6,1
2024-12-26 22:00:00,zone_004,20,1.0,6.3,0.15,2,32.1,1
2024-12-27 00:00:00,zone_004,46,1.0,0.3,0.24,2,49.0,1
2024-12-27 03:00:00,zone_004,43,1.0,1.5,0.24,1,25.6,1
2024-12-27 07:00:00,zone_004,26,1.0,0.8,0.52,0,34.0,1
2024-12-27 10:00:00,zone_004,26,1.0,4.2,0.79,1,35.0,1
2024-12-29 03:00:00,zone_004,70,1.0,6.9,0.54,0,30.7,1
2024-12-30 01:00:00,zone_004,53,1.0,0.5,0.78,0,30.7,1
