worker_id,zone,lat,lon,onboard_date,avg_daily_income,disruption_freq_12mo,zone_flood_risk,claims_history_penalty,iss_score,recommended_tier,weekly_premium,bandh_freq_zone,platform_outage_per_mo,coastal_zone,curfew_addon,app_downtime_addon,cyclone_addon
WRK00001,Porur,13.03045,80.139474,2021-07-01,628.0,18,0.122,5,80,Basic Shield,29,8,3,0,1,1,0
WRK00002,Chromepet,12.937676,80.124907,2017-08-01,471.0,27,0.053,1,85,Basic Shield,29,5,1,0,1,0,0
WRK00003,Velachery,12.976757,80.222851,2022-03-01,377.0,18,0.406,3,75,Basic Shield,29,6,1,0,1,0,0
WRK00004,Perambur,13.110539,80.237374,2019-05-01,640.0,17,0.199,5,79,Basic Shield,29,9,4,0,1,1,0
WRK00005,Anna Nagar,13.096337,80.190279,2015-08-01,677.0,19,0.066,7,80,Basic Shield,29,3,3,0,0,1,0
WRK00006,Tambaram,12.926765,80.102805,2022-12-01,799.0,26,0.157,3,82,Basic Shield,29,3,2,0,0,0,0
WRK00007,Anna Nagar,13.082048,80.227277,2018-05-01,472.0,10,0.345,5,80,Basic Shield,29,8,1,0,1,0,0
WRK00008,Guindy,13.016058,80.235838,2023-02-01,569.0,25,0.312,3,78,Basic Shield,29,5,2,1,1,0,1
WRK00009,T Nagar,13.031851,80.223508,2021-03-01,827.0,11,0.487,5,78,Basic Shield,29,7,1,0,1,0,0
WRK00010,Porur,13.03353,80.175989,2021-07-01,689.0,13,0.318,1,83,Basic Shield,29,4,2,0,0,0,0
WRK00011,Velachery,12.981019,80.20186,2018-05-01,416.0,18,0.182,5,78,Basic Shield,29,7,1,0,1,0,0
WRK00012,T Nagar,13.057679,80.217501,2017-04-01,640.0,24,0.206,3,81,Basic Shield,29,5,2,0,1,0,0
WRK00013,Chromepet,12.952346,80.156178,2020-10-01,670.0,14,0.31,1,82,Basic Shield,29,7,2,0,1,0,0
WRK00014,Adyar,13.022967,80.275661,2021-02-01,497.0,12,0.332,2,81,Basic Shield,29,5,2,1,1,0,1
WRK00015,Perambur,13.128266,80.217654,2022-03-01,592.0,19,0.108,3,82,Basic Shield,29,5,4,0,1,1,0
WRK00016,Guindy,13.015189,80.202223,2018-11-01,624.0,17,0.048,2,85,Basic Shield,29,4,2,1,0,0,1
WRK00017,Velachery,12.984141,80.233565,2022-02-01,866.0,18,0.357,3,79,Basic Shield,29,2,2,0,0,0,0
WRK00018,Velachery,12.981115,80.21324,2015-08-01,484.0,27,0.387,3,76,Basic Shield,29,8,0,0,1,0,0
WRK00019,T Nagar,13.019991,80.244861,2017-05-01,868.0,13,0.64,2,76,Basic Shield,29,4,4,0,0,1,0
WRK00020,T Nagar,13.020696,80.215741,2017-04-01,780.0,16,0.485,1,78,Basic Shield,29,5,2,0,1,0,0
WRK00021,Chromepet,12.964793,80.132527,2019-06-01,651.0,14,0.342,5,77,Basic Shield,29,6,0,0,1,0,0
WRK00022,Perambur,13.10296,80.229372,2020-06-01,742.0,20,0.145,2,83,Basic Shield,29,7,0,0,1,0,0
WRK00023,Adyar,13.002578,80.275748,2020-05-01,480.0,21,0.366,4,76,Basic Shield,29,5,7,1,1,1,1
WRK00024,Guindy,12.990745,80.201873,2021-09-01,595.0,15,0.275,6,76,Basic Shield,29,6,0,1,1,0,1
WRK00025,Adyar,13.008792,80.247064,2016-07-01,325.0,11,0.407,4,78,Basic Shield,29,8,1,1,1,0,1
WRK00026,Velachery,12.988516,80.229438,2024-03-01,500.0,19,0.289,2,79,Basic Shield,29,12,0,0,1,0,0
WRK00027,Guindy,12.994754,80.204485,2021-11-01,559.0,18,0.169,5,79,Basic Shield,29,5,1,1,1,0,1
WRK00028,Sholinganallur,12.916519,80.217429,2020-12-01,608.0,25,0.138,2,83,Basic Shield,29,5,1,0,1,0,0
WRK00029,Adyar,13.003924,80.262031,2016-05-01,823.0,14,0.089,3,85,Basic Shield,29,4,2,1,0,0,1
WRK00030,T Nagar,13.020993,80.242237,2024-05-01,598.0,22,0.244,3,80,Basic Shield,29,10,1,0,1,0,0
WRK00031,Chromepet,12.958967,80.15789,2017-02-01,516.0,21,0.374,3,77,Basic Shield,29,6,1,0,1,0,0
WRK00032,Anna Nagar,13.084661,80.200983,2020-01-01,734.0,10,0.535,3,79,Basic Shield,29,7,1,0,1,0,0
WRK00033,Perambur,13.109851,80.232177,2023-01-01,499.0,15,0.102,1,84,Basic Shield,29,9,2,0,1,0,0
WRK00034,Guindy,13.004366,80.205237,2016-03-01,300.0,21,0.461,3,74,Basic Shield,29,8,1,1,1,0,1
WRK00035,T Nagar,13.039302,80.230883,2022-06-01,476.0,20,0.242,8,74,Basic Shield,29,6,1,0,1,0,0
WRK00036,Sholinganallur,12.9051,80.231541,2021-06-01,496.0,24,0.531,2,74,Basic Shield,29,5,1,0,1,0,0
WRK00037,Porur,13.048404,80.145656,2018-11-01,673.0,24,0.175,3,81,Basic Shield,29,5,2,0,1,0,0
WRK00038,Tambaram,12.943113,80.081054,2020-07-01,540.0,25,0.222,2,81,Basic Shield,29,5,3,0,1,1,0
WRK00039,Guindy,13.013544,80.203841,2024-04-01,499.0,23,0.471,1,77,Basic Shield,29,8,5,1,1,1,1
WRK00040,Porur,13.025068,80.169969,2018-08-01,525.0,23,0.214,2,81,Basic Shield,29,5,0,0,1,0,0
WRK00041,Tambaram,12.930275,80.094349,2022-04-01,505.0,22,0.474,4,74,Basic Shield,29,2,2,0,0,0,0
WRK00042,Adyar,13.01904,80.248469,2015-12-01,711.0,23,0.591,2,74,Basic Shield,29,10,1,1,1,0,1
WRK00043,Tambaram,12.922641,80.109264,2022-09-01,738.0,18,0.301,1,81,Basic Shield,29,8,2,0,1,0,0
WRK00044,Guindy,13.009445,80.223449,2018-08-01,527.0,20,0.335,5,75,Basic Shield,29,5,1,1,1,0,1
WRK00045,Porur,13.037212,80.171642,2024-04-01,815.0,19,0.385,1,80,Basic Shield,29,7,1,0,1,0,0
WRK00046,T Nagar,13.019381,80.224208,2024-01-01,674.0,25,0.067,2,85,Basic Shield,29,5,2,0,1,0,0
WRK00047,Perambur,13.103252,80.248703,2021-01-01,670.0,24,0.342,3,78,Basic Shield,29,8,1,0,1,0,0
WRK00048,Perambur,13.110253,80.223319,2018-10-01,713.0,26,0.496,1,77,Basic Shield,29,10,2,0,1,0,0
WRK00049,Velachery,12.96211,80.200255,2023-04-01,748.0,16,0.413,4,76,Basic Shield,29,4,4,0,0,1,0
WRK00050,Perambur,13.115049,80.254512,2024-12-01,717.0,20,0.24,1,82,Basic Shield,29,5,2,0,1,0,0
WRK00051,Tambaram,12.907447,80.081602,2024-12-01,597.0,10,0.264,3,84,Basic Shield,29,7,0,0,1,0,0
WRK00052,Anna Nagar,13.091586,80.208679,2024-12-01,725.0,21,0.14,1,84,Basic Shield,29,5,4,0,1,1,0
WRK00053,Anna Nagar,13.069535,80.219912,2019-07-01,752.0,12,0.095,3,86,Basic Shield,29,5,2,0,1,0,0
WRK00054,Tambaram,12.917662,80.10851,2016-11-01,818.0,22,0.242,6,78,Basic Shield,29,6,1,0,1,0,0
WRK00055,Velachery,12.988028,80.228646,2016-08-01,597.0,11,0.195,1,87,Basic Shield,29,6,3,0,1,1,0
WRK00056,Adyar,12.991377,80.247944,2021-02-01,552.0,19,0.216,5,78,Basic Shield,29,6,2,1,1,0,1
WRK00057,Guindy,13.000657,80.223942,2015-10-01,465.0,19,0.402,0,79,Basic Shield,29,6,1,1,1,0,1
WRK00058,Porur,13.021077,80.169355,2023-04-01,490.0,15,0.551,0,76,Basic Shield,29,3,2,0,0,0,0
WRK00059,Porur,13.031336,80.161659,2019-02-01,475.0,16,0.141,3,81,Basic Shield,29,11,4,0,1,1,0
WRK00060,Perambur,13.128012,80.254212,2016-01-01,581.0,21,0.424,2,77,Basic Shield,29,9,5,0,1,1,0
WRK00061,Guindy,13.018314,80.240204,2024-08-01,733.0,9,0.213,2,88,Basic Shield,29,3,3,1,0,1,1
WRK00062,Velachery,12.974456,80.212532,2019-01-01,593.0,19,0.161,0,84,Basic Shield,29,10,2,0,1,0,0
WRK00063,Tambaram,12.939542,80.118083,2018-05-01,757.0,9,0.083,6,87,Basic Shield,29,6,2,0,1,0,0
WRK00064,Guindy,13.020371,80.227453,2015-01-01,487.0,23,0.526,3,73,Basic Shield,29,7,3,1,1,1,1
WRK00065,Adyar,13.016734,80.245376,2021-05-01,572.0,15,0.348,4,76,Basic Shield,29,6,0,1,1,0,1
WRK00066,Guindy,12.993305,80.208817,2022-04-01,499.0,12,0.18,3,83,Basic Shield,29,9,2,1,1,0,1
WRK00067,Tambaram,12.923829,80.083108,2016-07-01,662.0,21,0.243,4,79,Basic Shield,29,8,3,0,1,1,0
WRK00068,Anna Nagar,13.104504,80.217624,2015-03-01,588.0,24,0.116,3,82,Basic Shield,29,8,2,0,1,0,0
WRK00069,Chromepet,12.933639,80.147259,2017-04-01,625.0,17,0.189,6,78,Basic Shield,29,9,4,0,1,1,0
WRK00070,T Nagar,13.032175,80.234421,2019-08-01,568.0,24,0.238,4,79,Basic Shield,29,8,4,0,1,1,0
WRK00071,Guindy,13.009405,80.240011,2019-04-01,704.0,19,0.127,2,83,Basic Shield,29,7,3,1,1,1,1
WRK00072,Adyar,12.998662,80.249886,2016-04-01,709.0,19,0.123,3,83,Basic Shield,29,2,1,1,0,0,1
WRK00073,Guindy,13.008495,80.223298,2015-10-01,571.0,23,0.107,3,82,Basic Shield,29,6,1,1,1,0,1
WRK00074,Adyar,12.996313,80.256528,2023-01-01,789.0,16,0.05,2,85,Basic Shield,29,8,0,1,1,0,1
WRK00075,Perambur,13.101078,80.23687,2015-10-01,657.0,15,0.501,3,75,Basic Shield,29,4,2,0,0,0,0
WRK00076,Porur,13.044073,80.165032,2024-12-01,522.0,25,0.363,2,78,Basic Shield,29,6,3,0,1,1,0
WRK00077,Tambaram,12.917306,80.11029,2019-02-01,635.0,21,0.147,2,83,Basic Shield,29,4,4,0,0,1,0
WRK00078,Perambur,13.114216,80.241996,2018-09-01,487.0,26,0.202,4,79,Basic Shield,29,3,2,0,0,0,0
WRK00079,Chromepet,12.962987,80.128186,2019-05-01,786.0,19,0.669,2,73,Basic Shield,29,9,2,0,1,0,0
WRK00080,Guindy,13.004183,80.233772,2019-08-01,491.0,11,0.389,3,80,Basic Shield,29,3,2,1,0,0,1
WRK00081,Chromepet,12.962858,80.152477,2018-01-01,589.0,15,0.121,1,84,Basic Shield,29,5,1,0,1,0,0
WRK00082,T Nagar,13.053013,80.246888,2016-03-01,669.0,17,0.351,4,77,Basic Shield,29,4,0,0,0,0,0
WRK00083,Adyar,13.017821,80.266838,2017-09-01,626.0,15,0.341,4,77,Basic Shield,29,4,1,1,0,0,1
WRK00084,Velachery,12.979643,80.224484,2015-06-01,698.0,11,0.4,1,83,Basic Shield,29,5,2,0,1,0,0
WRK00085,Perambur,13.110928,80.234156,2021-12-01,641.0,20,0.572,3,73,Basic Shield,29,1,0,0,0,0,0
WRK00086,Adyar,13.012356,80.258232,2024-10-01,804.0,23,0.279,4,79,Basic Shield,29,6,1,1,1,0,1
WRK00087,Tambaram,12.919647,80.114104,2020-05-01,602.0,17,0.139,4,81,Basic Shield,29,9,2,0,1,0,0
WRK00088,Tambaram,12.93611,80.082454,2020-09-01,533.0,15,0.188,1,82,Basic Shield,29,4,0,0,0,0,0
WRK00089,Sholinganallur,12.889491,80.227313,2016-06-01,531.0,14,0.226,7,77,Basic Shield,29,6,3,0,1,1,0
WRK00090,Perambur,13.09993,80.220181,2016-02-01,525.0,16,0.08,4,82,Basic Shield,29,7,1,0,1,0,0
WRK00091,Anna Nagar,13.090861,80.204758,2015-08-01,641.0,19,0.454,0,79,Basic Shield,29,3,2,0,0,0,0
WRK00092,Sholinganallur,12.903822,80.238623,2021-06-01,538.0,24,0.255,3,79,Basic Shield,29,3,1,0,0,0,0
WRK00093,Anna Nagar,13.071477,80.192318,2022-10-01,506.0,19,0.167,4,80,Basic Shield,29,5,1,0,1,0,0
WRK00094,Tambaram,12.939271,80.098368,2023-10-01,445.0,17,0.37,2,77,Basic Shield,29,8,1,0,1,0,0
WRK00095,Sholinganallur,12.8821,80.247371,2023-02-01,428.0,15,0.173,3,80,Basic Shield,29,6,1,0,1,0,0
WRK00096,Sholinganallur,12.894365,80.213432,2016-03-01,567.0,15,0.495,3,74,Basic Shield,29,6,1,0,1,0,0
WRK00097,Velachery,12.9795,80.204471,2019-09-01,630.0,17,0.166,5,79,Basic Shield,29,2,1,0,0,0,0
WRK00098,Adyar,13.016627,80.267626,2023-02-01,638.0,18,0.363,4,76,Basic Shield,29,6,0,1,1,0,1
WRK00099,Chromepet,12.971532,80.13331,2018-01-01,451.0,10,0.295,2,84,Basic Shield,29,8,2,0,1,0,0
WRK00100,Chromepet,12.970883,80.149032,2024-09-01,489.0,23,0.422,3,76,Basic Shield,29,5,7,0,1,1,0
WRK00101,Anna Nagar,13.080315,80.229298,2018-05-01,696.0,19,0.472,4,75,Basic Shield,29,1,0,0,0,0,0
WRK00102,Anna Nagar,13.100307,80.214572,2020-02-01,846.0,20,0.195,4,81,Basic Shield,29,11,1,0,1,0,0
WRK00103,Perambur,13.098897,80.227615,2021-02-01,376.0,16,0.406,3,75,Basic Shield,29,5,4,0,1,1,0
WRK00104,Anna Nagar,13.099094,80.220545,2023-03-01,521.0,13,0.524,5,74,Basic Shield,29,4,2,0,0,0,0
WRK00105,Chromepet,12.961611,80.123061,2020-04-01,438.0,18,0.313,5,75,Basic Shield,29,10,1,0,1,0,0
WRK00106,Porur,13.046716,80.157889,2016-11-01,558.0,14,0.153,5,80,Basic Shield,29,4,2,0,0,0,0
WRK00107,Porur,13.034946,80.166861,2024-10-01,699.0,17,0.188,2,82,Basic Shield,29,4,4,0,0,1,0
WRK00108,Guindy,13.002863,80.214102,2021-12-01,665.0,17,0.43,3,76,Basic Shield,29,6,2,1,1,0,1
WRK00109,Chromepet,12.950808,80.141973,2019-04-01,555.0,12,0.27,3,82,Basic Shield,29,9,2,0,1,0,0
WRK00110,Tambaram,12.906977,80.084907,2021-07-01,627.0,17,0.49,3,75,Basic Shield,29,4,3,0,0,1,0
WRK00111,T Nagar,13.027359,80.240417,2018-09-01,601.0,22,0.254,6,76,Basic Shield,29,6,2,0,1,0,0
WRK00112,Tambaram,12.920272,80.093368,2021-01-01,417.0,19,0.572,2,73,Basic Shield,29,6,1,0,1,0,0
WRK00113,Porur,13.051091,80.156713,2015-12-01,561.0,21,0.191,3,80,Basic Shield,29,11,2,0,1,0,0
WRK00114,Porur,13.043414,80.156548,2015-07-01,653.0,22,0.461,5,74,Basic Shield,29,2,1,0,0,0,0
WRK00115,Chromepet,12.948627,80.150959,2021-08-01,692.0,24,0.084,4,82,Basic Shield,29,7,0,0,1,0,0
WRK00116,Sholinganallur,12.914507,80.226776,2020-05-01,620.0,26,0.41,6,73,Basic Shield,29,7,3,0,1,1,0
WRK00117,Anna Nagar,13.089079,80.193905,2024-12-01,639.0,12,0.143,7,81,Basic Shield,29,11,5,0,1,1,0
WRK00118,Chromepet,12.942376,80.146677,2018-09-01,782.0,17,0.322,2,80,Basic Shield,29,6,2,0,1,0,0
WRK00119,Chromepet,12.970381,80.147421,2018-07-01,625.0,15,0.242,1,82,Basic Shield,29,6,5,0,1,1,0
WRK00120,Guindy,12.994684,80.217297,2015-05-01,719.0,19,0.228,1,83,Basic Shield,29,6,0,1,1,0,1
WRK00121,Adyar,13.00315,80.247412,2022-02-01,580.0,17,0.141,3,82,Basic Shield,29,1,4,1,0,1,1
WRK00122,Perambur,13.107685,80.254596,2015-03-01,724.0,21,0.291,1,81,Basic Shield,29,4,4,0,0,1,0
WRK00123,Guindy,12.989301,80.228355,2024-03-01,393.0,18,0.366,4,75,Basic Shield,29,7,1,1,1,0,1
WRK00124,Chromepet,12.95189,80.160916,2017-05-01,644.0,19,0.387,1,79,Basic Shield,29,7,3,0,1,1,0
WRK00125,Velachery,12.995328,80.212374,2018-12-01,692.0,19,0.497,1,77,Basic Shield,29,5,3,0,1,1,0
WRK00126,Velachery,12.994605,80.204553,2015-12-01,516.0,16,0.22,2,81,Basic Shield,29,6,2,0,1,0,0
WRK00127,Adyar,12.988373,80.267612,2021-11-01,821.0,19,0.287,2,81,Basic Shield,29,6,1,1,1,0,1
WRK00128,Porur,13.055349,80.162516,2015-01-01,753.0,18,0.363,1,80,Basic Shield,29,6,3,0,1,1,0
WRK00129,Adyar,13.02659,80.256577,2019-07-01,741.0,19,0.25,1,82,Basic Shield,29,6,5,1,1,1,1
WRK00130,Perambur,13.129378,80.226204,2021-05-01,522.0,19,0.266,6,76,Basic Shield,29,3,4,0,0,1,0
WRK00131,Porur,13.047965,80.152852,2018-03-01,724.0,15,0.241,4,79,Basic Shield,29,3,4,0,0,1,0
WRK00132,Anna Nagar,13.070455,80.200357,2022-03-01,668.0,17,0.379,4,76,Basic Shield,29,12,1,0,1,0,0
WRK00133,Adyar,13.018732,80.267965,2024-12-01,550.0,24,0.605,3,72,Basic Shield,29,7,2,1,1,0,1
WRK00134,Velachery,12.982073,80.237882,2020-06-01,676.0,21,0.126,3,82,Basic Shield,29,5,2,0,1,0,0
WRK00135,Guindy,12.998024,80.20762,2019-06-01,713.0,16,0.353,3,78,Basic Shield,29,3,2,1,0,0,1
WRK00136,T Nagar,13.030661,80.245585,2020-11-01,648.0,17,0.114,3,82,Basic Shield,29,9,5,0,1,1,0
WRK00137,Anna Nagar,13.098708,80.222446,2017-05-01,680.0,12,0.262,1,85,Basic Shield,29,10,3,0,1,1,0
WRK00138,Tambaram,12.927748,80.085596,2023-04-01,429.0,15,0.416,4,74,Basic Shield,29,4,2,0,0,0,0
WRK00139,Adyar,12.991407,80.273502,2018-10-01,570.0,22,0.233,8,75,Basic Shield,29,15,0,1,1,0,1
WRK00140,Porur,13.020867,80.164622,2020-02-01,675.0,25,0.266,2,81,Basic Shield,29,8,3,0,1,1,0
WRK00141,Porur,13.027559,80.172524,2015-04-01,733.0,17,0.45,4,75,Basic Shield,29,5,4,0,1,1,0
WRK00142,Anna Nagar,13.073792,80.192789,2021-05-01,859.0,18,0.227,0,84,Basic Shield,29,6,5,0,1,1,0
WRK00143,Velachery,12.973813,80.227018,2018-10-01,598.0,11,0.518,6,75,Basic Shield,29,4,3,0,0,1,0
WRK00144,Sholinganallur,12.887648,80.245719,2019-02-01,402.0,21,0.039,4,82,Basic Shield,29,4,0,0,0,0,0
WRK00145,Adyar,13.009659,80.269969,2016-08-01,693.0,20,0.629,3,72,Basic Shield,29,9,1,1,1,0,1
WRK00146,Sholinganallur,12.903685,80.226227,2015-04-01,588.0,12,0.348,2,81,Basic Shield,29,3,2,0,0,0,0
WRK00147,Perambur,13.115893,80.222493,2022-12-01,719.0,16,0.407,3,77,Basic Shield,29,1,1,0,0,0,0
WRK00148,Velachery,12.988547,80.220479,2024-02-01,629.0,12,0.304,2,83,Basic Shield,29,4,4,0,0,1,0
WRK00149,Sholinganallur,12.885912,80.22223,2016-10-01,414.0,24,0.449,1,77,Basic Shield,29,2,3,0,0,1,0
WRK00150,Velachery,12.986008,80.228916,2015-09-01,815.0,16,0.651,3,73,Basic Shield,29,6,3,0,1,1,0
WRK00151,Sholinganallur,12.910597,80.239196,2019-01-01,641.0,13,0.719,0,75,Basic Shield,29,10,1,0,1,0,0
WRK00152,Sholinganallur,12.890096,80.229635,2019-03-01,549.0,15,0.164,3,81,Basic Shield,29,10,1,0,1,0,0
WRK00153,Porur,13.018105,80.139468,2023-08-01,725.0,25,0.101,4,82,Basic Shield,29,8,2,0,1,0,0
WRK00154,Guindy,13.001495,80.216483,2017-12-01,365.0,19,0.232,0,82,Basic Shield,29,9,3,1,1,1,1
WRK00155,Perambur,13.13153,80.221131,2015-03-01,633.0,11,0.19,4,84,Basic Shield,29,1,2,0,0,0,0
WRK00156,Porur,13.044414,80.163892,2019-11-01,923.0,15,0.178,6,80,Basic Shield,29,4,3,0,0,1,0
WRK00157,Porur,13.017047,80.167961,2019-10-01,457.0,22,0.291,3,78,Basic Shield,29,6,3,0,1,1,0
WRK00158,Velachery,12.992834,80.217292,2024-07-01,538.0,27,0.205,2,81,Basic Shield,29,9,6,0,1,1,0
WRK00159,Tambaram,12.911322,80.088624,2018-11-01,730.0,18,0.072,4,83,Basic Shield,29,11,2,0,1,0,0
WRK00160,T Nagar,13.05251,80.23462,2015-06-01,715.0,18,0.189,7,77,Basic Shield,29,3,1,0,0,0,0
WRK00161,Velachery,12.962643,80.219543,2016-10-01,755.0,10,0.239,1,87,Basic Shield,29,8,3,0,1,1,0
WRK00162,Chromepet,12.939266,80.152199,2021-03-01,639.0,17,0.269,4,78,Basic Shield,29,5,3,0,1,1,0
WRK00163,T Nagar,13.024641,80.216079,2017-03-01,552.0,23,0.268,3,79,Basic Shield,29,6,2,0,1,0,0
WRK00164,Guindy,13.014748,80.203059,2015-03-01,609.0,23,0.255,1,81,Basic Shield,29,2,4,1,0,1,1
WRK00165,Anna Nagar,13.096753,80.225795,2022-11-01,623.0,22,0.588,5,71,Basic Shield,29,6,3,0,1,1,0
WRK00166,Perambur,13.131798,80.231526,2020-06-01,519.0,15,0.178,5,79,Basic Shield,29,9,1,0,1,0,0
WRK00167,Perambur,13.103976,80.247253,2016-11-01,355.0,23,0.237,5,77,Basic Shield,29,11,3,0,1,1,0
WRK00168,Perambur,13.119124,80.2352,2022-11-01,447.0,18,0.155,4,80,Basic Shield,29,9,0,0,1,0,0
WRK00169,Anna Nagar,13.071321,80.192858,2022-09-01,786.0,14,0.303,4,79,Basic Shield,29,9,2,0,1,0,0
WRK00170,Guindy,12.987082,80.227573,2017-09-01,760.0,12,0.018,2,89,Basic Shield,29,6,2,1,1,0,1
WRK00171,Guindy,13.019206,80.23703,2017-10-01,628.0,16,0.244,0,83,Basic Shield,29,11,2,1,1,0,1
WRK00172,Chromepet,12.947636,80.151825,2017-04-01,538.0,25,0.306,2,79,Basic Shield,29,5,0,0,1,0,0
WRK00173,Tambaram,12.934258,80.112024,2017-04-01,703.0,29,0.281,3,79,Basic Shield,29,6,1,0,1,0,0
WRK00174,Tambaram,12.919283,80.10825,2022-10-01,626.0,27,0.49,2,76,Basic Shield,29,11,4,0,1,1,0
WRK00175,Anna Nagar,13.069255,80.204967,2022-05-01,615.0,16,0.064,3,83,Basic Shield,29,6,0,0,1,0,0
WRK00176,Sholinganallur,12.91794,80.229415,2018-10-01,563.0,9,0.382,3,83,Basic Shield,29,4,3,0,0,1,0
WRK00177,Anna Nagar,13.083716,80.206474,2019-01-01,539.0,20,0.155,4,80,Basic Shield,29,3,2,0,0,0,0
WRK00178,Velachery,12.981294,80.203291,2015-12-01,495.0,19,0.471,2,76,Basic Shield,29,10,4,0,1,1,0
WRK00179,Guindy,13.023585,80.228232,2019-01-01,688.0,26,0.086,3,83,Basic Shield,29,4,3,1,0,1,1
WRK00180,Perambur,13.103724,80.243145,2016-10-01,496.0,13,0.641,2,74,Basic Shield,29,7,5,0,1,1,0
WRK00181,Sholinganallur,12.897473,80.241984,2015-08-01,570.0,26,0.476,1,77,Basic Shield,29,1,1,0,0,0,0
WRK00182,Velachery,12.963321,80.198574,2017-02-01,479.0,13,0.485,2,77,Basic Shield,29,8,1,0,1,0,0
WRK00183,Sholinganallur,12.884642,80.240679,2022-02-01,817.0,19,0.138,3,83,Basic Shield,29,5,1,0,1,0,0
WRK00184,T Nagar,13.030234,80.250725,2021-05-01,609.0,14,0.295,3,80,Basic Shield,29,9,2,0,1,0,0
WRK00185,Guindy,12.988885,80.202668,2017-11-01,779.0,22,0.309,3,79,Basic Shield,29,3,1,1,0,0,1
WRK00186,Sholinganallur,12.901443,80.22332,2020-07-01,557.0,20,0.036,1,86,Basic Shield,29,5,3,0,1,1,0
WRK00187,Tambaram,12.927848,80.113015,2024-08-01,572.0,20,0.302,1,80,Basic Shield,29,5,0,0,1,0,0
WRK00188,Guindy,13.017286,80.207601,2021-01-01,667.0,25,0.379,1,79,Basic Shield,29,11,3,1,1,1,1
WRK00189,Porur,13.02266,80.146481,2024-12-01,801.0,19,0.233,2,82,Basic Shield,29,11,1,0,1,0,0
WRK00190,Perambur,13.134706,80.247088,2022-12-01,702.0,18,0.155,3,82,Basic Shield,29,6,1,0,1,0,0
WRK00191,T Nagar,13.032963,80.231769,2024-10-01,673.0,14,0.138,2,84,Basic Shield,29,7,0,0,1,0,0
WRK00192,T Nagar,13.029629,80.215565,2022-08-01,669.0,19,0.267,3,80,Basic Shield,29,6,1,0,1,0,0
WRK00193,Anna Nagar,13.075974,80.226617,2015-02-01,912.0,15,0.315,4,79,Basic Shield,29,3,3,0,0,1,0
WRK00194,Porur,13.031459,80.158834,2017-07-01,615.0,16,0.164,4,80,Basic Shield,29,7,3,0,1,1,0
WRK00195,Sholinganallur,12.918216,80.215604,2023-07-01,720.0,14,0.047,3,85,Basic Shield,29,9,0,0,1,0,0
WRK00196,Porur,13.016545,80.161635,2016-05-01,568.0,18,0.222,7,76,Basic Shield,29,2,3,0,0,1,0
WRK00197,T Nagar,13.036969,80.238081,2022-08-01,677.0,18,0.18,6,78,Basic Shield,29,5,2,0,1,0,0
WRK00198,Tambaram,12.912452,80.100288,2020-04-01,599.0,12,0.416,3,79,Basic Shield,29,6,3,0,1,1,0
WRK00199,T Nagar,13.048762,80.220463,2023-07-01,582.0,15,0.327,2,79,Basic Shield,29,3,0,0,0,0,0
WRK00200,T Nagar,13.030702,80.22269,2019-06-01,702.0,14,0.327,2,80,Basic Shield,29,6,3,0,1,1,0
WRK00201,Tambaram,12.922777,80.099209,2023-02-01,601.0,18,0.158,4,80,Basic Shield,29,5,3,0,1,1,0
WRK00202,Tambaram,12.940181,80.095489,2022-08-01,528.0,20,0.447,3,75,Basic Shield,29,9,4,0,1,1,0
WRK00203,Tambaram,12.906944,80.117282,2023-05-01,527.0,18,0.064,3,83,Basic Shield,29,7,2,0,1,0,0
WRK00204,Sholinganallur,12.917961,80.247414,2015-10-01,719.0,20,0.113,5,81,Basic Shield,29,8,1,0,1,0,0
WRK00205,Perambur,13.126621,80.223855,2022-12-01,700.0,20,0.036,6,81,Basic Shield,29,6,4,0,1,1,0
WRK00206,Sholinganallur,12.894562,80.215242,2023-10-01,658.0,18,0.234,0,83,Basic Shield,29,9,2,0,1,0,0
WRK00207,Adyar,12.989361,80.264955,2015-03-01,378.0,24,0.441,0,78,Basic Shield,29,4,1,1,0,0,1
WRK00208,Velachery,12.981609,80.220744,2018-01-01,523.0,14,0.207,4,80,Basic Shield,29,3,4,0,0,1,0
WRK00209,Chromepet,12.932176,80.146816,2020-04-01,609.0,8,0.153,6,85,Basic Shield,29,8,1,0,1,0,0
WRK00210,Perambur,13.132453,80.214915,2023-03-01,590.0,17,0.161,5,79,Basic Shield,29,2,1,0,0,0,0
WRK00211,Chromepet,12.957468,80.133739,2023-05-01,654.0,18,0.386,3,77,Basic Shield,29,7,3,0,1,1,0
WRK00212,Velachery,12.970221,80.226379,2019-12-01,733.0,13,0.471,3,78,Basic Shield,29,6,3,0,1,1,0
WRK00213,Velachery,12.981109,80.224309,2023-01-01,771.0,21,0.146,3,82,Basic Shield,29,9,2,0,1,0,0
WRK00214,Adyar,13.020399,80.270302,2021-06-01,520.0,11,0.517,5,76,Basic Shield,29,4,1,1,0,0,1
WRK00215,Sholinganallur,12.901011,80.247876,2022-09-01,647.0,15,0.501,3,75,Basic Shield,29,7,1,0,1,0,0
WRK00216,Tambaram,12.937975,80.112512,2016-03-01,514.0,24,0.301,2,79,Basic Shield,29,6,2,0,1,0,0
WRK00217,Chromepet,12.944998,80.150212,2017-06-01,464.0,16,0.255,7,75,Basic Shield,29,7,0,0,1,0,0
WRK00218,Adyar,12.999756,80.245031,2018-09-01,400.0,21,0.171,1,82,Basic Shield,29,7,0,1,1,0,1
WRK00219,Porur,13.022052,80.140509,2019-01-01,661.0,21,0.1,2,84,Basic Shield,29,6,1,0,1,0,0
WRK00220,Velachery,12.982116,80.211687,2021-11-01,689.0,19,0.204,4,80,Basic Shield,29,7,2,0,1,0,0
WRK00221,Chromepet,12.944893,80.162354,2023-04-01,576.0,27,0.581,2,74,Basic Shield,29,5,4,0,1,1,0
WRK00222,Guindy,13.023986,80.216494,2021-09-01,783.0,12,0.066,3,87,Basic Shield,29,6,1,1,1,0,1
WRK00223,Porur,13.036779,80.166124,2016-12-01,497.0,25,0.456,2,76,Basic Shield,29,5,3,0,1,1,0
WRK00224,Velachery,12.972402,80.203197,2021-02-01,578.0,15,0.461,4,74,Basic Shield,29,5,2,0,1,0,0
WRK00225,T Nagar,13.033209,80.223391,2022-05-01,459.0,22,0.048,3,83,Basic Shield,29,4,6,0,0,1,0
WRK00226,Tambaram,12.939114,80.085115,2016-10-01,670.0,16,0.307,1,81,Basic Shield,29,4,5,0,0,1,0
WRK00227,Chromepet,12.965249,80.154093,2021-01-01,600.0,17,0.502,0,77,Basic Shield,29,6,1,0,1,0,0
WRK00228,Velachery,12.98706,80.217793,2018-06-01,449.0,16,0.325,4,76,Basic Shield,29,5,1,0,1,0,0
WRK00229,Anna Nagar,13.101446,80.228666,2018-04-01,685.0,19,0.116,4,82,Basic Shield,29,5,3,0,1,1,0
WRK00230,Adyar,13.021733,80.247687,2024-08-01,774.0,24,0.363,2,79,Basic Shield,29,6,0,1,1,0,1
WRK00231,Chromepet,12.948405,80.138444,2023-08-01,764.0,21,0.169,6,79,Basic Shield,29,5,1,0,1,0,0
WRK00232,Velachery,12.975339,80.222068,2016-07-01,669.0,24,0.593,2,74,Basic Shield,29,6,2,0,1,0,0
WRK00233,Tambaram,12.933076,80.11614,2024-04-01,463.0,12,0.283,3,81,Basic Shield,29,10,3,0,1,1,0
WRK00234,Perambur,13.126389,80.254009,2018-12-01,557.0,15,0.373,2,78,Basic Shield,29,7,5,0,1,1,0
WRK00235,Porur,13.050529,80.163935,2019-03-01,738.0,23,0.053,0,87,Basic Shield,29,6,1,0,1,0,0
WRK00236,T Nagar,13.029647,80.227956,2024-01-01,539.0,27,0.406,4,75,Basic Shield,29,4,1,0,0,0,0
WRK00237,Perambur,13.114354,80.225263,2022-05-01,519.0,19,0.319,3,78,Basic Shield,29,7,4,0,1,1,0
WRK00238,Perambur,13.11792,80.240083,2019-08-01,716.0,13,0.285,4,80,Basic Shield,29,11,3,0,1,1,0
WRK00239,Tambaram,12.910243,80.081062,2016-09-01,565.0,11,0.219,2,85,Basic Shield,29,6,1,0,1,0,0
WRK00240,Chromepet,12.970677,80.146237,2021-06-01,613.0,15,0.448,4,75,Basic Shield,29,12,2,0,1,0,0
WRK00241,Anna Nagar,13.072189,80.19518,2023-01-01,691.0,15,0.141,2,83,Basic Shield,29,3,1,0,0,0,0
WRK00242,Guindy,13.023167,80.237159,2024-02-01,610.0,19,0.073,4,82,Basic Shield,29,7,0,1,1,0,1
WRK00243,Anna Nagar,13.079634,80.205558,2020-12-01,488.0,24,0.297,6,75,Basic Shield,29,4,5,0,0,1,0
WRK00244,Porur,13.050217,80.137648,2024-11-01,497.0,25,0.474,5,73,Basic Shield,29,8,2,0,1,0,0
WRK00245,Tambaram,12.924037,80.099936,2022-02-01,399.0,24,0.658,3,70,Basic Shield,29,4,2,0,0,0,0
WRK00246,Perambur,13.105748,80.221626,2023-01-01,764.0,19,0.443,1,78,Basic Shield,29,2,1,0,0,0,0
WRK00247,Tambaram,12.919659,80.115554,2022-02-01,438.0,18,0.103,5,80,Basic Shield,29,4,0,0,0,0,0
WRK00248,Guindy,13.026043,80.226161,2015-12-01,693.0,18,0.518,3,75,Basic Shield,29,8,3,1,1,1,1
WRK00249,Guindy,12.988323,80.220025,2019-10-01,757.0,19,0.696,7,67,Standard Shield,49,9,0,1,1,0,1
WRK00250,Perambur,13.106779,80.253878,2015-12-01,515.0,15,0.213,2,81,Basic Shield,29,2,1,0,0,0,0
WRK00251,T Nagar,13.049595,80.22564,2024-09-01,918.0,16,0.218,3,82,Basic Shield,29,4,5,0,0,1,0
WRK00252,Porur,13.017677,80.155449,2017-01-01,722.0,19,0.193,5,79,Basic Shield,29,8,1,0,1,0,0
WRK00253,Sholinganallur,12.901895,80.218932,2019-12-01,722.0,21,0.286,3,79,Basic Shield,29,4,2,0,0,0,0
WRK00254,Velachery,12.996768,80.23201,2021-05-01,834.0,21,0.43,8,72,Basic Shield,29,4,3,0,0,1,0
WRK00255,Chromepet,12.963165,80.139266,2020-12-01,558.0,15,0.184,6,78,Basic Shield,29,6,2,0,1,0,0
WRK00256,Velachery,12.988588,80.200442,2016-12-01,605.0,24,0.381,4,76,Basic Shield,29,2,1,0,0,0,0
WRK00257,Sholinganallur,12.90524,80.242022,2019-06-01,634.0,15,0.278,5,77,Basic Shield,29,8,1,0,1,0,0
WRK00258,Perambur,13.113297,80.234196,2022-11-01,532.0,22,0.185,2,81,Basic Shield,29,6,0,0,1,0,0
WRK00259,Guindy,13.003026,80.206015,2020-11-01,679.0,17,0.195,2,82,Basic Shield,29,6,2,1,1,0,1
WRK00260,Sholinganallur,12.91233,80.231465,2019-03-01,418.0,22,0.271,7,74,Basic Shield,29,9,3,0,1,1,0
WRK00261,Perambur,13.127602,80.232587,2015-08-01,579.0,17,0.465,1,77,Basic Shield,29,6,2,0,1,0,0
WRK00262,Perambur,13.108262,80.241654,2015-07-01,575.0,19,0.321,1,80,Basic Shield,29,7,2,0,1,0,0
WRK00263,Tambaram,12.911089,80.087099,2015-01-01,694.0,19,0.18,3,81,Basic Shield,29,2,1,0,0,0,0
WRK00264,Perambur,13.101305,80.234853,2015-04-01,480.0,19,0.165,3,81,Basic Shield,29,7,0,0,1,0,0
WRK00265,Adyar,13.026204,80.261264,2017-07-01,766.0,13,0.262,3,82,Basic Shield,29,4,2,1,0,0,1
WRK00266,Guindy,13.025418,80.236986,2017-10-01,721.0,18,0.226,1,83,Basic Shield,29,5,1,1,1,0,1
WRK00267,Sholinganallur,12.888914,80.246654,2017-01-01,612.0,13,0.081,4,84,Basic Shield,29,5,2,0,1,0,0
WRK00268,T Nagar,13.038262,80.217096,2020-06-01,365.0,9,0.286,4,83,Basic Shield,29,9,3,0,1,1,0
WRK00269,Anna Nagar,13.078112,80.219443,2020-06-01,509.0,21,0.126,4,81,Basic Shield,29,5,0,0,1,0,0
WRK00270,Perambur,13.122469,80.241762,2023-10-01,456.0,13,0.362,4,78,Basic Shield,29,4,3,0,0,1,0
WRK00271,Perambur,13.114062,80.250357,2024-03-01,479.0,18,0.097,6,79,Basic Shield,29,8,1,0,1,0,0
WRK00272,Sholinganallur,12.898185,80.241031,2024-12-01,458.0,23,0.254,5,77,Basic Shield,29,4,2,0,0,0,0
WRK00273,Anna Nagar,13.076297,80.210437,2017-11-01,585.0,20,0.058,3,83,Basic Shield,29,9,3,0,1,1,0
WRK00274,Adyar,13.022621,80.257981,2015-08-01,300.0,20,0.161,4,79,Basic Shield,29,6,2,1,1,0,1
WRK00275,T Nagar,13.037945,80.24184,2017-09-01,777.0,16,0.102,2,84,Basic Shield,29,7,1,0,1,0,0
WRK00276,Anna Nagar,13.099027,80.218546,2020-07-01,616.0,17,0.343,1,80,Basic Shield,29,6,2,0,1,0,0
WRK00277,Anna Nagar,13.105654,80.209106,2017-09-01,576.0,18,0.441,4,75,Basic Shield,29,4,2,0,0,0,0
WRK00278,Guindy,13.016588,80.238752,2017-08-01,559.0,25,0.231,3,80,Basic Shield,29,7,2,1,1,0,1
WRK00279,T Nagar,13.044266,80.244925,2021-09-01,643.0,15,0.277,5,77,Basic Shield,29,5,1,0,1,0,0
WRK00280,T Nagar,13.036391,80.245352,2023-06-01,553.0,17,0.37,6,74,Basic Shield,29,3,4,0,0,1,0
WRK00281,Anna Nagar,13.081066,80.207267,2023-08-01,544.0,16,0.081,3,83,Basic Shield,29,8,5,0,1,1,0
WRK00282,Anna Nagar,13.077134,80.199392,2016-04-01,733.0,17,0.336,0,81,Basic Shield,29,9,5,0,1,1,0
WRK00283,Porur,13.05431,80.141771,2023-04-01,828.0,16,0.172,4,81,Basic Shield,29,3,2,0,0,0,0
WRK00284,Guindy,13.023316,80.205603,2024-11-01,707.0,15,0.247,6,77,Basic Shield,29,9,1,1,1,0,1
WRK00285,Sholinganallur,12.911187,80.218139,2022-09-01,300.0,20,0.304,2,78,Basic Shield,29,4,3,0,0,1,0
WRK00286,Adyar,12.993787,80.242429,2015-11-01,746.0,17,0.098,2,84,Basic Shield,29,7,2,1,1,0,1
WRK00287,Adyar,13.015456,80.248008,2022-09-01,511.0,17,0.158,1,83,Basic Shield,29,6,4,1,1,1,1
WRK00288,Adyar,12.993715,80.269119,2018-01-01,527.0,18,0.617,3,72,Basic Shield,29,6,3,1,1,1,1
WRK00289,Velachery,12.987435,80.209099,2015-10-01,667.0,23,0.379,6,74,Basic Shield,29,6,1,0,1,0,0
WRK00290,Velachery,12.987544,80.214613,2023-12-01,727.0,25,0.244,3,80,Basic Shield,29,9,2,0,1,0,0
WRK00291,Adyar,13.021726,80.268963,2016-02-01,455.0,19,0.085,0,85,Basic Shield,29,10,1,1,1,0,1
WRK00292,Porur,13.054689,80.163469,2022-04-01,415.0,14,0.542,4,73,Basic Shield,29,6,1,0,1,0,0
WRK00293,T Nagar,13.055665,80.232206,2023-05-01,539.0,18,0.112,2,83,Basic Shield,29,9,5,0,1,1,0
WRK00294,Adyar,13.013445,80.252821,2022-02-01,485.0,14,0.371,2,79,Basic Shield,29,5,2,1,1,0,1
WRK00295,Sholinganallur,12.907122,80.214022,2020-09-01,575.0,19,0.486,3,75,Basic Shield,29,3,2,0,0,0,0
WRK00296,Guindy,13.016483,80.207422,2015-01-01,580.0,14,0.134,0,86,Basic Shield,29,7,2,1,1,0,1
WRK00297,Anna Nagar,13.077709,80.191032,2024-07-01,741.0,20,0.693,6,68,Standard Shield,49,7,3,0,1,1,0
WRK00298,Velachery,12.963547,80.202509,2015-06-01,464.0,18,0.288,5,76,Basic Shield,29,4,2,0,0,0,0
WRK00299,Sholinganallur,12.890871,80.216574,2017-09-01,500.0,17,0.046,3,83,Basic Shield,29,7,3,0,1,1,0
WRK00300,Adyar,13.019339,80.238651,2023-09-01,584.0,22,0.224,1,82,Basic Shield,29,6,1,1,1,0,1
WRK00301,Adyar,12.996351,80.265279,2024-02-01,508.0,19,0.08,3,82,Basic Shield,29,5,1,1,1,0,1
WRK00302,Guindy,13.014557,80.232338,2017-08-01,654.0,19,0.419,1,78,Basic Shield,29,5,0,1,1,0,1
WRK00303,T Nagar,13.022043,80.246411,2021-12-01,566.0,19,0.067,2,84,Basic Shield,29,4,4,0,0,1,0
WRK00304,Guindy,12.998428,80.234017,2018-10-01,735.0,21,0.377,2,79,Basic Shield,29,11,1,1,1,0,1
WRK00305,Anna Nagar,13.094636,80.197189,2023-09-01,641.0,19,0.072,0,86,Basic Shield,29,6,5,0,1,1,0
WRK00306,Perambur,13.136001,80.233389,2016-04-01,414.0,20,0.477,3,74,Basic Shield,29,5,3,0,1,1,0
WRK00307,Velachery,12.965823,80.221686,2021-07-01,684.0,17,0.197,2,82,Basic Shield,29,7,2,0,1,0,0
WRK00308,Porur,13.048702,80.144532,2020-05-01,670.0,8,0.246,2,88,Basic Shield,29,5,4,0,1,1,0
WRK00309,Chromepet,12.970627,80.144445,2015-04-01,427.0,21,0.01,6,80,Basic Shield,29,5,1,0,1,0,0
WRK00310,Perambur,13.114478,80.238053,2015-07-01,575.0,18,0.575,3,73,Basic Shield,29,3,2,0,0,0,0
WRK00311,Perambur,13.099686,80.217648,2015-10-01,639.0,15,0.456,2,77,Basic Shield,29,10,5,0,1,1,0
WRK00312,Perambur,13.126972,80.23522,2017-12-01,574.0,15,0.391,6,74,Basic Shield,29,7,4,0,1,1,0
WRK00313,T Nagar,13.052884,80.238016,2020-12-01,635.0,20,0.346,7,74,Basic Shield,29,5,1,0,1,0,0
WRK00314,Sholinganallur,12.898065,80.219972,2024-07-01,818.0,13,0.423,2,80,Basic Shield,29,11,5,0,1,1,0
WRK00315,Adyar,13.02179,80.263495,2019-12-01,828.0,24,0.091,5,82,Basic Shield,29,2,1,1,0,0,1
WRK00316,Porur,13.022458,80.144193,2015-04-01,728.0,23,0.243,3,80,Basic Shield,29,8,0,0,1,0,0
WRK00317,Porur,13.051489,80.175906,2018-03-01,485.0,19,0.599,4,71,Basic Shield,29,4,5,0,0,1,0
WRK00318,Perambur,13.120037,80.253623,2017-06-01,672.0,27,0.114,8,78,Basic Shield,29,6,0,0,1,0,0
WRK00319,Porur,13.043206,80.168719,2024-05-01,541.0,31,0.461,2,76,Basic Shield,29,9,1,0,1,0,0
WRK00320,Porur,13.051256,80.13704,2017-08-01,595.0,20,0.43,4,75,Basic Shield,29,10,1,0,1,0,0
WRK00321,Porur,13.019678,80.15295,2021-12-01,364.0,17,0.202,2,80,Basic Shield,29,6,3,0,1,1,0
WRK00322,Chromepet,12.942009,80.161444,2016-09-01,879.0,14,0.27,1,83,Basic Shield,29,6,3,0,1,1,0
WRK00323,Velachery,12.988201,80.226391,2020-06-01,631.0,21,0.269,3,79,Basic Shield,29,7,1,0,1,0,0
WRK00324,Chromepet,12.962471,80.125878,2022-03-01,832.0,25,0.493,4,75,Basic Shield,29,6,0,0,1,0,0
WRK00325,T Nagar,13.031676,80.241586,2023-01-01,443.0,21,0.352,3,77,Basic Shield,29,5,3,0,1,1,0
WRK00326,Chromepet,12.9692,80.150426,2017-10-01,450.0,13,0.124,5,81,Basic Shield,29,3,1,0,0,0,0
WRK00327,Anna Nagar,13.082854,80.217244,2020-08-01,569.0,19,0.249,3,79,Basic Shield,29,8,4,0,1,1,0
WRK00328,Adyar,12.994926,80.250362,2017-03-01,475.0,14,0.537,2,75,Basic Shield,29,5,2,1,1,0,1
WRK00329,Anna Nagar,13.075619,80.210461,2016-05-01,584.0,18,0.593,3,73,Basic Shield,29,7,1,0,1,0,0
WRK00330,Sholinganallur,12.907087,80.224343,2020-04-01,605.0,14,0.32,2,80,Basic Shield,29,6,3,0,1,1,0
WRK00331,Anna Nagar,13.070798,80.206003,2015-10-01,561.0,15,0.491,6,71,Basic Shield,29,5,0,0,1,0,0
WRK00332,T Nagar,13.039765,80.221883,2018-03-01,672.0,17,0.123,3,82,Basic Shield,29,4,1,0,0,0,0
WRK00333,Perambur,13.123286,80.229156,2024-11-01,636.0,18,0.265,4,78,Basic Shield,29,7,2,0,1,0,0
WRK00334,Adyar,13.004775,80.274688,2021-04-01,767.0,16,0.346,2,79,Basic Shield,29,7,3,1,1,1,1
WRK00335,Guindy,13.011635,80.211585,2018-11-01,719.0,22,0.395,0,80,Basic Shield,29,3,0,1,0,0,1
WRK00336,Adyar,13.004813,80.261974,2022-11-01,702.0,16,0.125,1,85,Basic Shield,29,2,3,1,0,1,1
WRK00337,Porur,13.029269,80.140955,2020-09-01,821.0,20,0.422,2,78,Basic Shield,29,5,4,0,1,1,0
WRK00338,Sholinganallur,12.893337,80.245371,2016-12-01,536.0,17,0.253,3,79,Basic Shield,29,5,1,0,1,0,0
WRK00339,Chromepet,12.932004,80.148011,2018-04-01,520.0,10,0.314,5,81,Basic Shield,29,5,2,0,1,0,0
WRK00340,Chromepet,12.956107,80.160674,2020-09-01,634.0,17,0.351,3,78,Basic Shield,29,3,2,0,0,0,0
WRK00341,Velachery,12.983757,80.203283,2023-12-01,735.0,25,0.159,1,84,Basic Shield,29,7,1,0,1,0,0
WRK00342,Velachery,12.97656,80.229942,2016-06-01,606.0,17,0.095,2,84,Basic Shield,29,5,1,0,1,0,0
WRK00343,Anna Nagar,13.071591,80.197901,2018-12-01,597.0,23,0.055,1,85,Basic Shield,29,5,3,0,1,1,0
WRK00344,Tambaram,12.914133,80.110528,2019-10-01,722.0,15,0.358,5,76,Basic Shield,29,10,1,0,1,0,0
WRK00345,Anna Nagar,13.091487,80.216231,2024-04-01,541.0,13,0.299,4,79,Basic Shield,29,7,5,0,1,1,0
WRK00346,Guindy,13.024419,80.218962,2024-09-01,798.0,18,0.068,4,83,Basic Shield,29,5,2,1,1,0,1
WRK00347,Chromepet,12.965522,80.153417,2024-01-01,593.0,18,0.066,2,84,Basic Shield,29,6,1,0,1,0,0
WRK00348,Anna Nagar,13.091964,80.230058,2018-06-01,523.0,21,0.285,2,79,Basic Shield,29,6,2,0,1,0,0
WRK00349,Tambaram,12.934648,80.115052,2018-06-01,517.0,18,0.155,1,83,Basic Shield,29,3,1,0,0,0,0
WRK00350,Chromepet,12.96025,80.156107,2017-01-01,721.0,15,0.167,2,83,Basic Shield,29,5,3,0,1,1,0
WRK00351,Chromepet,12.955577,80.159703,2021-06-01,555.0,18,0.16,2,82,Basic Shield,29,4,1,0,0,0,0
WRK00352,T Nagar,13.048845,80.236046,2020-12-01,645.0,18,0.14,5,80,Basic Shield,29,8,1,0,1,0,0
WRK00353,Perambur,13.130285,80.235739,2022-04-01,621.0,20,0.136,1,84,Basic Shield,29,3,1,0,0,0,0
WRK00354,Chromepet,12.93423,80.155419,2021-02-01,487.0,17,0.407,5,74,Basic Shield,29,3,3,0,0,1,0
WRK00355,T Nagar,13.018648,80.228143,2020-07-01,723.0,13,0.221,5,81,Basic Shield,29,8,2,0,1,0,0
WRK00356,Anna Nagar,13.102519,80.219553,2020-08-01,521.0,12,0.341,2,81,Basic Shield,29,8,0,0,1,0,0
WRK00357,Sholinganallur,12.90369,80.240318,2022-06-01,616.0,13,0.415,2,79,Basic Shield,29,2,3,0,0,1,0
WRK00358,Porur,13.032611,80.145747,2021-10-01,567.0,23,0.122,6,79,Basic Shield,29,5,3,0,1,1,0
WRK00359,Sholinganallur,12.891269,80.244011,2018-01-01,529.0,20,0.228,2,81,Basic Shield,29,4,2,0,0,0,0
WRK00360,Adyar,12.990882,80.255016,2018-03-01,697.0,23,0.528,9,68,Standard Shield,49,2,2,1,0,0,1
WRK00361,Velachery,12.975728,80.213983,2016-05-01,578.0,22,0.339,2,79,Basic Shield,29,3,2,0,0,0,0
WRK00362,Tambaram,12.93376,80.088961,2019-07-01,549.0,19,0.305,7,74,Basic Shield,29,9,1,0,1,0,0
WRK00363,Chromepet,12.954356,80.147727,2017-12-01,300.0,16,0.314,3,77,Basic Shield,29,6,2,0,1,0,0
WRK00364,Chromepet,12.960241,80.149587,2022-07-01,638.0,18,0.229,2,81,Basic Shield,29,7,2,0,1,0,0
WRK00365,Velachery,12.979696,80.219612,2024-03-01,734.0,26,0.123,2,84,Basic Shield,29,4,1,0,0,0,0
WRK00366,Guindy,13.004649,80.228422,2018-08-01,884.0,24,0.193,4,81,Basic Shield,29,2,2,1,0,0,1
WRK00367,T Nagar,13.049737,80.230043,2017-09-01,621.0,17,0.134,2,83,Basic Shield,29,3,3,0,0,1,0
WRK00368,Tambaram,12.92426,80.108499,2019-01-01,590.0,19,0.335,4,77,Basic Shield,29,7,4,0,1,1,0
WRK00369,Porur,13.052442,80.159322,2021-04-01,686.0,25,0.257,2,81,Basic Shield,29,7,1,0,1,0,0
WRK00370,Porur,13.016933,80.171227,2015-02-01,550.0,18,0.28,2,80,Basic Shield,29,9,1,0,1,0,0
WRK00371,Perambur,13.134864,80.238362,2024-07-01,679.0,17,0.242,1,82,Basic Shield,29,7,1,0,1,0,0
WRK00372,T Nagar,13.05738,80.236259,2015-04-01,723.0,10,0.181,1,88,Basic Shield,29,3,5,0,0,1,0
WRK00373,Chromepet,12.96679,80.160097,2018-09-01,826.0,17,0.689,3,72,Basic Shield,29,7,0,0,1,0,0
WRK00374,Velachery,12.961809,80.221788,2022-04-01,573.0,10,0.359,1,84,Basic Shield,29,3,3,0,0,1,0
WRK00375,Sholinganallur,12.919669,80.221328,2017-01-01,659.0,21,0.279,3,79,Basic Shield,29,9,1,0,1,0,0
WRK00376,Chromepet,12.941467,80.132356,2015-03-01,574.0,13,0.26,2,82,Basic Shield,29,6,0,0,1,0,0
WRK00377,Porur,13.043165,80.157081,2016-03-01,744.0,25,0.104,3,83,Basic Shield,29,4,3,0,0,1,0
WRK00378,Perambur,13.113831,80.231507,2017-02-01,610.0,17,0.058,2,84,Basic Shield,29,8,1,0,1,0,0
WRK00379,Tambaram,12.915773,80.099007,2018-10-01,526.0,22,0.583,2,73,Basic Shield,29,8,1,0,1,0,0
WRK00380,Porur,13.036428,80.167789,2021-10-01,643.0,29,0.135,4,81,Basic Shield,29,4,2,0,0,0,0
WRK00381,Velachery,13.001383,80.208326,2021-05-01,610.0,16,0.272,6,76,Basic Shield,29,5,0,0,1,0,0
WRK00382,Porur,13.053646,80.162442,2016-10-01,749.0,13,0.498,2,78,Basic Shield,29,1,1,0,0,0,0
WRK00383,Sholinganallur,12.913514,80.226604,2023-02-01,675.0,20,0.105,7,79,Basic Shield,29,4,0,0,0,0,0
WRK00384,Guindy,13.019509,80.224657,2015-01-01,602.0,19,0.425,1,78,Basic Shield,29,6,3,1,1,1,1
WRK00385,Sholinganallur,12.918585,80.211179,2018-05-01,675.0,23,0.505,5,73,Basic Shield,29,6,2,0,1,0,0
WRK00386,Anna Nagar,13.08778,80.218282,2015-09-01,420.0,16,0.255,8,74,Basic Shield,29,2,1,0,0,0,0
WRK00387,T Nagar,13.045901,80.246933,2015-05-01,649.0,14,0.239,2,82,Basic Shield,29,4,1,0,0,0,0
WRK00388,Adyar,13.003768,80.255158,2022-04-01,642.0,14,0.405,3,78,Basic Shield,29,10,0,1,1,0,1
WRK00389,Perambur,13.116929,80.249372,2020-04-01,722.0,20,0.095,2,84,Basic Shield,29,9,3,0,1,1,0
WRK00390,T Nagar,13.050139,80.23569,2022-09-01,649.0,11,0.083,3,87,Basic Shield,29,8,2,0,1,0,0
WRK00391,Adyar,12.992234,80.27129,2022-09-01,568.0,23,0.45,1,77,Basic Shield,29,9,1,1,1,0,1
WRK00392,Perambur,13.114408,80.252052,2017-07-01,698.0,16,0.459,1,78,Basic Shield,29,7,3,0,1,1,0
WRK00393,Porur,13.03286,80.156195,2019-08-01,489.0,18,0.427,3,75,Basic Shield,29,6,1,0,1,0,0
WRK00394,T Nagar,13.035778,80.226108,2017-04-01,730.0,20,0.315,5,77,Basic Shield,29,6,3,0,1,1,0
WRK00395,Adyar,13.000097,80.272387,2015-01-01,300.0,15,0.444,2,75,Basic Shield,29,8,1,1,1,0,1
WRK00396,Sholinganallur,12.912293,80.210304,2019-08-01,603.0,20,0.237,2,81,Basic Shield,29,6,0,0,1,0,0
WRK00397,Porur,13.033633,80.151218,2015-11-01,511.0,17,0.692,6,67,Standard Shield,49,7,3,0,1,1,0
WRK00398,Sholinganallur,12.891704,80.219195,2017-09-01,655.0,23,0.275,3,79,Basic Shield,29,10,3,0,1,1,0
WRK00399,Guindy,13.014403,80.238666,2015-01-01,593.0,9,0.216,5,84,Basic Shield,29,3,5,1,0,1,1
WRK00400,Anna Nagar,13.097885,80.209082,2020-08-01,482.0,15,0.567,1,75,Basic Shield,29,6,2,0,1,0,0
WRK00401,T Nagar,13.021345,80.219111,2020-11-01,620.0,13,0.407,3,78,Basic Shield,29,5,1,0,1,0,0
WRK00402,Sholinganallur,12.903048,80.213734,2020-12-01,496.0,16,0.415,3,76,Basic Shield,29,9,1,0,1,0,0
WRK00403,Chromepet,12.954297,80.137893,2022-09-01,707.0,23,0.668,2,73,Basic Shield,29,9,5,0,1,1,0
WRK00404,Perambur,13.111796,80.215567,2018-05-01,497.0,16,0.218,3,80,Basic Shield,29,4,1,0,0,0,0
WRK00405,Chromepet,12.943221,80.150744,2017-03-01,669.0,20,0.626,2,73,Basic Shield,29,7,6,0,1,1,0
WRK00406,Tambaram,12.909969,80.085081,2016-03-01,730.0,21,0.103,4,82,Basic Shield,29,3,2,0,0,0,0
WRK00407,Velachery,12.996099,80.22955,2022-04-01,857.0,16,0.229,4,80,Basic Shield,29,3,2,0,0,0,0
WRK00408,Tambaram,12.906784,80.110289,2021-12-01,643.0,15,0.507,1,77,Basic Shield,29,5,3,0,1,1,0
WRK00409,T Nagar,13.053752,80.252628,2018-07-01,649.0,22,0.73,3,70,Basic Shield,29,6,1,0,1,0,0
WRK00410,Porur,13.048363,80.144651,2017-10-01,726.0,15,0.372,5,76,Basic Shield,29,9,3,0,1,1,0
WRK00411,Porur,13.018881,80.147279,2022-08-01,526.0,12,0.139,2,85,Basic Shield,29,7,0,0,1,0,0
WRK00412,Sholinganallur,12.904739,80.221146,2018-05-01,619.0,19,0.504,3,75,Basic Shield,29,8,2,0,1,0,0
WRK00413,Perambur,13.120638,80.248743,2018-12-01,500.0,18,0.104,4,81,Basic Shield,29,8,5,0,1,1,0
WRK00414,Guindy,13.02053,80.238935,2017-12-01,485.0,22,0.284,0,81,Basic Shield,29,5,3,1,1,1,1
WRK00415,Chromepet,12.958815,80.15022,2024-07-01,562.0,23,0.187,4,80,Basic Shield,29,9,1,0,1,0,0
WRK00416,Guindy,12.999554,80.209926,2019-09-01,598.0,16,0.103,2,83,Basic Shield,29,5,0,1,1,0,1
WRK00417,Adyar,13.005949,80.245661,2024-05-01,751.0,18,0.173,7,78,Basic Shield,29,6,0,1,1,0,1
WRK00418,Tambaram,12.918405,80.1009,2022-03-01,588.0,23,0.519,1,76,Basic Shield,29,7,2,0,1,0,0
WRK00419,Anna Nagar,13.108163,80.215434,2017-10-01,545.0,17,0.264,3,79,Basic Shield,29,8,2,0,1,0,0
WRK00420,Perambur,13.109113,80.218031,2022-08-01,688.0,15,0.072,4,83,Basic Shield,29,7,2,0,1,0,0
WRK00421,Perambur,13.123067,80.252083,2022-03-01,414.0,20,0.39,5,74,Basic Shield,29,5,5,0,1,1,0
WRK00422,Velachery,12.979168,80.217428,2023-04-01,617.0,12,0.264,3,82,Basic Shield,29,3,3,0,0,1,0
WRK00423,Anna Nagar,13.088203,80.228121,2023-07-01,619.0,21,0.167,3,81,Basic Shield,29,9,2,0,1,0,0
WRK00424,Adyar,12.988119,80.239735,2016-05-01,773.0,23,0.369,4,77,Basic Shield,29,11,3,1,1,1,1
WRK00425,Tambaram,12.913329,80.116916,2024-01-01,561.0,16,0.35,4,76,Basic Shield,29,3,0,0,0,0,0
WRK00426,T Nagar,13.039236,80.249954,2015-12-01,567.0,17,0.312,1,80,Basic Shield,29,8,3,0,1,1,0
WRK00427,Sholinganallur,12.906368,80.2465,2020-01-01,552.0,17,0.401,2,77,Basic Shield,29,5,1,0,1,0,0
WRK00428,T Nagar,13.050527,80.224273,2021-09-01,706.0,19,0.199,3,81,Basic Shield,29,5,2,0,1,0,0
WRK00429,Velachery,12.988968,80.223339,2015-01-01,886.0,17,0.293,4,79,Basic Shield,29,3,4,0,0,1,0
WRK00430,Chromepet,12.952753,80.135746,2021-09-01,655.0,30,0.26,5,78,Basic Shield,29,9,1,0,1,0,0
WRK00431,Velachery,12.965292,80.236789,2021-08-01,480.0,23,0.278,4,77,Basic Shield,29,11,0,0,1,0,0
WRK00432,Chromepet,12.966177,80.152788,2020-12-01,491.0,16,0.069,2,84,Basic Shield,29,3,1,0,0,0,0
WRK00433,Chromepet,12.948893,80.144329,2021-09-01,662.0,20,0.099,4,82,Basic Shield,29,7,3,0,1,1,0
WRK00434,Chromepet,12.95237,80.140403,2024-03-01,415.0,5,0.372,3,86,Basic Shield,29,7,1,0,1,0,0
WRK00435,Porur,13.033637,80.138611,2015-03-01,636.0,16,0.303,2,80,Basic Shield,29,6,3,0,1,1,0
WRK00436,Anna Nagar,13.069614,80.197133,2023-03-01,466.0,21,0.426,6,72,Basic Shield,29,7,2,0,1,0,0
WRK00437,Anna Nagar,13.091294,80.218364,2015-02-01,636.0,15,0.253,5,78,Basic Shield,29,13,2,0,1,0,0
WRK00438,T Nagar,13.055568,80.229745,2018-11-01,652.0,34,0.261,1,82,Basic Shield,29,7,1,0,1,0,0
WRK00439,Anna Nagar,13.083709,80.208015,2022-04-01,498.0,25,0.309,5,76,Basic Shield,29,5,2,0,1,0,0
WRK00440,T Nagar,13.055054,80.247557,2021-01-01,750.0,19,0.399,3,77,Basic Shield,29,6,2,0,1,0,0
WRK00441,Perambur,13.137423,80.215013,2021-04-01,471.0,19,0.302,2,79,Basic Shield,29,5,1,0,1,0,0
WRK00442,Chromepet,12.96837,80.158138,2020-04-01,710.0,15,0.055,5,82,Basic Shield,29,2,3,0,0,1,0
WRK00443,Adyar,13.01794,80.255056,2021-02-01,713.0,13,0.082,3,85,Basic Shield,29,5,1,1,1,0,1
WRK00444,Tambaram,12.934409,80.11717,2016-07-01,466.0,26,0.019,1,85,Basic Shield,29,5,0,0,1,0,0
WRK00445,T Nagar,13.022187,80.249165,2016-09-01,630.0,23,0.489,4,74,Basic Shield,29,4,3,0,0,1,0
WRK00446,Porur,13.05113,80.162463,2018-01-01,640.0,22,0.086,3,83,Basic Shield,29,7,3,0,1,1,0
WRK00447,Tambaram,12.931464,80.096767,2016-03-01,719.0,9,0.231,1,88,Basic Shield,29,2,2,0,0,0,0
WRK00448,T Nagar,13.034817,80.226768,2021-12-01,431.0,23,0.008,1,85,Basic Shield,29,6,1,0,1,0,0
WRK00449,Perambur,13.111519,80.23398,2016-05-01,664.0,13,0.136,4,83,Basic Shield,29,9,2,0,1,0,0
WRK00450,T Nagar,13.046149,80.241196,2022-03-01,349.0,17,0.355,2,77,Basic Shield,29,4,0,0,0,0,0
WRK00451,Adyar,12.994487,80.275856,2023-07-01,534.0,13,0.486,2,77,Basic Shield,29,6,3,1,1,1,1
WRK00452,Tambaram,12.92431,80.09238,2016-01-01,633.0,15,0.329,4,77,Basic Shield,29,5,0,0,1,0,0
WRK00453,Anna Nagar,13.082899,80.226012,2024-02-01,405.0,20,0.412,8,70,Basic Shield,29,4,0,0,0,0,0
WRK00454,Adyar,12.998655,80.264122,2021-11-01,649.0,16,0.128,2,83,Basic Shield,29,5,2,1,1,0,1
WRK00455,Tambaram,12.930786,80.100264,2021-07-01,636.0,17,0.33,2,79,Basic Shield,29,3,3,0,0,1,0
WRK00456,Perambur,13.131007,80.218226,2016-05-01,653.0,14,0.417,6,74,Basic Shield,29,8,1,0,1,0,0
WRK00457,Adyar,13.00296,80.267115,2015-06-01,619.0,14,0.559,2,75,Basic Shield,29,7,2,1,1,0,1
WRK00458,Porur,13.051118,80.172941,2024-03-01,573.0,23,0.285,0,82,Basic Shield,29,3,1,0,0,0,0
WRK00459,Chromepet,12.964348,80.12783,2016-05-01,478.0,13,0.436,3,77,Basic Shield,29,14,2,0,1,0,0
WRK00460,Perambur,13.101126,80.250949,2017-12-01,558.0,18,0.314,2,79,Basic Shield,29,7,3,0,1,1,0
WRK00461,Adyar,13.025701,80.241447,2023-09-01,598.0,17,0.366,1,79,Basic Shield,29,7,7,1,1,1,1
WRK00462,T Nagar,13.030699,80.24118,2016-02-01,695.0,23,0.042,4,83,Basic Shield,29,2,0,0,0,0,0
WRK00463,T Nagar,13.04795,80.251251,2021-05-01,758.0,21,0.085,2,85,Basic Shield,29,1,1,0,0,0,0
WRK00464,Tambaram,12.921355,80.112435,2019-09-01,786.0,17,0.641,3,73,Basic Shield,29,5,1,0,1,0,0
WRK00465,Tambaram,12.924615,80.080362,2024-02-01,399.0,20,0.362,3,76,Basic Shield,29,6,3,0,1,1,0
WRK00466,Porur,13.04618,80.14697,2018-05-01,495.0,17,0.043,0,86,Basic Shield,29,8,3,0,1,1,0
WRK00467,Velachery,12.972267,80.203422,2019-12-01,542.0,9,0.146,2,88,Basic Shield,29,5,3,0,1,1,0
WRK00468,Chromepet,12.952797,80.132072,2021-09-01,681.0,18,0.306,5,77,Basic Shield,29,5,3,0,1,1,0
WRK00469,Adyar,13.005021,80.266064,2018-04-01,672.0,13,0.109,4,84,Basic Shield,29,4,1,1,0,0,1
WRK00470,Porur,13.041004,80.147122,2021-06-01,658.0,18,0.028,4,83,Basic Shield,29,4,1,0,0,0,0
WRK00471,Tambaram,12.92583,80.106062,2015-09-01,441.0,13,0.128,1,85,Basic Shield,29,9,1,0,1,0,0
WRK00472,Porur,13.025366,80.161886,2022-09-01,717.0,16,0.33,5,76,Basic Shield,29,7,4,0,1,1,0
WRK00473,Adyar,13.025501,80.243109,2018-01-01,595.0,17,0.068,2,84,Basic Shield,29,5,3,1,1,1,1
WRK00474,Velachery,12.998047,80.203668,2022-04-01,422.0,22,0.159,2,81,Basic Shield,29,3,1,0,0,0,0
WRK00475,Guindy,13.012716,80.207614,2016-07-01,651.0,22,0.492,6,72,Basic Shield,29,11,0,1,1,0,1
WRK00476,Sholinganallur,12.883044,80.232894,2024-08-01,537.0,15,0.486,5,72,Basic Shield,29,9,3,0,1,1,0
WRK00477,Sholinganallur,12.897528,80.210345,2021-02-01,473.0,18,0.712,3,70,Basic Shield,29,8,2,0,1,0,0
WRK00478,T Nagar,13.029096,80.217547,2019-01-01,437.0,20,0.514,4,72,Basic Shield,29,3,2,0,0,0,0
WRK00479,Guindy,12.997661,80.213333,2023-07-01,513.0,25,0.35,0,80,Basic Shield,29,12,2,1,1,0,1
WRK00480,Chromepet,12.95453,80.148984,2023-10-01,558.0,18,0.62,1,74,Basic Shield,29,6,3,0,1,1,0
WRK00481,Porur,13.02776,80.158923,2020-01-01,693.0,24,0.302,3,79,Basic Shield,29,10,0,0,1,0,0
WRK00482,Sholinganallur,12.915197,80.235287,2019-01-01,555.0,20,0.121,3,82,Basic Shield,29,5,1,0,1,0,0
WRK00483,Sholinganallur,12.903601,80.22417,2022-09-01,535.0,15,0.084,3,82,Basic Shield,29,9,0,0,1,0,0
WRK00484,T Nagar,13.02162,80.238858,2015-04-01,433.0,16,0.297,4,77,Basic Shield,29,9,0,0,1,0,0
WRK00485,Anna Nagar,13.088424,80.198627,2024-08-01,610.0,24,0.068,2,84,Basic Shield,29,6,1,0,1,0,0
WRK00486,Guindy,12.995566,80.203118,2016-09-01,688.0,21,0.375,5,75,Basic Shield,29,1,6,1,0,1,1
WRK00487,Adyar,13.014564,80.269974,2024-10-01,577.0,20,0.15,5,79,Basic Shield,29,6,5,1,1,1,1
WRK00488,Anna Nagar,13.097502,80.198492,2019-06-01,552.0,18,0.388,6,74,Basic Shield,29,4,2,0,0,0,0
WRK00489,Velachery,12.978723,80.228612,2017-05-01,779.0,20,0.357,4,77,Basic Shield,29,8,1,0,1,0,0
WRK00490,Tambaram,12.922287,80.097499,2022-10-01,430.0,20,0.125,4,80,Basic Shield,29,4,1,0,0,0,0
WRK00491,Velachery,12.997799,80.222727,2023-06-01,565.0,22,0.122,2,83,Basic Shield,29,6,3,0,1,1,0
WRK00492,Guindy,13.008061,80.20935,2019-12-01,608.0,27,0.416,4,75,Basic Shield,29,6,4,1,1,1,1
WRK00493,Tambaram,12.932835,80.109725,2020-03-01,724.0,19,0.473,4,75,Basic Shield,29,7,1,0,1,0,0
WRK00494,Porur,13.047441,80.151492,2021-10-01,617.0,20,0.374,2,78,Basic Shield,29,5,3,0,1,1,0
WRK00495,Guindy,13.014269,80.227597,2019-09-01,712.0,17,0.101,3,83,Basic Shield,29,6,1,1,1,0,1
WRK00496,Anna Nagar,13.078279,80.199585,2024-06-01,398.0,22,0.236,0,82,Basic Shield,29,8,1,0,1,0,0
WRK00497,Adyar,13.010351,80.250926,2016-08-01,595.0,18,0.288,4,78,Basic Shield,29,6,1,1,1,0,1
WRK00498,Porur,13.02824,80.152213,2016-04-01,739.0,26,0.381,3,78,Basic Shield,29,9,2,0,1,0,0
WRK00499,Sholinganallur,12.884806,80.213392,2016-12-01,647.0,16,0.104,3,83,Basic Shield,29,8,0,0,1,0,0
WRK00500,Adyar,13.020899,80.255939,2022-08-01,605.0,22,0.262,2,80,Basic Shield,29,4,2,1,0,0,1
WRK00501,Sholinganallur,12.887845,80.235819,2015-11-01,664.0,23,0.438,5,74,Basic Shield,29,5,2,0,1,0,0
WRK00502,Velachery,12.962418,80.236719,2019-03-01,574.0,11,0.157,2,86,Basic Shield,29,5,1,0,1,0,0
WRK00503,Chromepet,12.944164,80.124462,2024-09-01,474.0,19,0.347,3,77,Basic Shield,29,7,1,0,1,0,0
WRK00504,Tambaram,12.907837,80.094171,2022-05-01,551.0,11,0.274,1,85,Basic Shield,29,8,3,0,1,1,0
WRK00505,Perambur,13.106168,80.231114,2023-04-01,514.0,23,0.12,2,83,Basic Shield,29,8,1,0,1,0,0
WRK00506,Perambur,13.111602,80.215058,2019-09-01,615.0,9,0.308,2,85,Basic Shield,29,4,4,0,0,1,0
WRK00507,Anna Nagar,13.107686,80.200762,2020-05-01,688.0,13,0.378,4,78,Basic Shield,29,8,2,0,1,0,0
WRK00508,Adyar,13.002814,80.24044,2017-10-01,610.0,25,0.543,6,71,Basic Shield,29,8,3,1,1,1,1
WRK00509,Anna Nagar,13.091487,80.218309,2019-02-01,364.0,24,0.52,7,69,Standard Shield,49,3,3,0,0,1,0
WRK00510,Velachery,12.995793,80.200987,2017-07-01,703.0,21,0.196,3,81,Basic Shield,29,6,1,0,1,0,0
WRK00511,Chromepet,12.935354,80.137246,2024-11-01,633.0,15,0.07,3,83,Basic Shield,29,10,5,0,1,1,0
WRK00512,Anna Nagar,13.082985,80.229524,2022-09-01,405.0,17,0.248,6,76,Basic Shield,29,2,2,0,0,0,0
WRK00513,Perambur,13.112432,80.218522,2016-07-01,584.0,19,0.126,4,81,Basic Shield,29,6,3,0,1,1,0
WRK00514,Tambaram,12.927318,80.112123,2024-01-01,540.0,21,0.146,2,82,Basic Shield,29,9,1,0,1,0,0
WRK00515,Velachery,12.974738,80.203712,2021-01-01,589.0,23,0.298,3,78,Basic Shield,29,3,1,0,0,0,0
WRK00516,Sholinganallur,12.917433,80.222507,2016-08-01,357.0,13,0.458,4,75,Basic Shield,29,8,1,0,1,0,0
WRK00517,Chromepet,12.952578,80.153889,2016-08-01,521.0,17,0.211,1,82,Basic Shield,29,6,3,0,1,1,0
WRK00518,Anna Nagar,13.104998,80.220789,2016-05-01,761.0,21,0.376,5,76,Basic Shield,29,5,3,0,1,1,0
WRK00519,Sholinganallur,12.903381,80.210493,2015-12-01,709.0,10,0.51,7,76,Basic Shield,29,4,5,0,0,1,0
WRK00520,Porur,13.04861,80.161595,2022-06-01,711.0,13,0.323,4,80,Basic Shield,29,4,3,0,0,1,0
WRK00521,Tambaram,12.943742,80.110951,2020-01-01,541.0,11,0.643,4,74,Basic Shield,29,10,3,0,1,1,0
WRK00522,Perambur,13.107496,80.237267,2019-08-01,666.0,20,0.196,3,81,Basic Shield,29,6,2,0,1,0,0
WRK00523,Tambaram,12.942934,80.110042,2015-07-01,572.0,15,0.583,2,74,Basic Shield,29,5,3,0,1,1,0
WRK00524,Perambur,13.132614,80.249908,2024-11-01,597.0,25,0.135,4,81,Basic Shield,29,6,0,0,1,0,0
WRK00525,Sholinganallur,12.914378,80.240275,2023-05-01,521.0,16,0.25,2,80,Basic Shield,29,9,1,0,1,0,0
WRK00526,Chromepet,12.96074,80.123908,2021-12-01,534.0,13,0.231,2,83,Basic Shield,29,9,2,0,1,0,0
WRK00527,Porur,13.046903,80.152556,2015-09-01,534.0,16,0.454,3,75,Basic Shield,29,8,3,0,1,1,0
WRK00528,Porur,13.02557,80.140298,2024-06-01,564.0,13,0.602,3,74,Basic Shield,29,4,1,0,0,0,0
WRK00529,Velachery,12.995313,80.232053,2016-02-01,451.0,18,0.554,1,75,Basic Shield,29,3,5,0,0,1,0
WRK00530,Perambur,13.124839,80.234181,2022-06-01,564.0,19,0.071,2,84,Basic Shield,29,3,4,0,0,1,0
WRK00531,Adyar,12.989734,80.264681,2019-06-01,823.0,19,0.075,6,81,Basic Shield,29,3,3,1,0,1,1
WRK00532,Sholinganallur,12.902926,80.21685,2024-09-01,803.0,15,0.12,4,82,Basic Shield,29,9,2,0,1,0,0
WRK00533,Velachery,12.966831,80.225005,2021-02-01,595.0,11,0.308,3,82,Basic Shield,29,4,1,0,0,0,0
WRK00534,Guindy,13.020031,80.237816,2022-04-01,663.0,16,0.183,4,80,Basic Shield,29,3,1,1,0,0,1
WRK00535,Adyar,13.00037,80.246504,2023-05-01,578.0,22,0.157,8,76,Basic Shield,29,5,3,1,1,1,1
WRK00536,Sholinganallur,12.90532,80.227044,2020-03-01,700.0,17,0.286,4,78,Basic Shield,29,8,2,0,1,0,0
WRK00537,Guindy,12.992086,80.201203,2017-08-01,824.0,19,0.241,2,82,Basic Shield,29,5,4,1,1,1,1
WRK00538,Tambaram,12.939104,80.119446,2017-09-01,605.0,21,0.077,1,85,Basic Shield,29,7,1,0,1,0,0
WRK00539,Anna Nagar,13.108029,80.193097,2018-11-01,821.0,12,0.119,4,85,Basic Shield,29,3,4,0,0,1,0
WRK00540,T Nagar,13.021102,80.236073,2019-03-01,592.0,20,0.016,1,86,Basic Shield,29,7,3,0,1,1,0
WRK00541,Anna Nagar,13.098955,80.211642,2017-08-01,814.0,17,0.141,3,83,Basic Shield,29,9,3,0,1,1,0
WRK00542,Tambaram,12.939546,80.096312,2017-06-01,695.0,16,0.205,2,82,Basic Shield,29,1,1,0,0,0,0
WRK00543,Adyar,12.994082,80.265874,2015-12-01,459.0,16,0.414,1,78,Basic Shield,29,6,2,1,1,0,1
WRK00544,Adyar,13.002476,80.275886,2019-01-01,595.0,19,0.171,4,80,Basic Shield,29,5,3,1,1,1,1
WRK00545,Velachery,12.989284,80.231491,2018-08-01,696.0,19,0.463,2,77,Basic Shield,29,13,4,0,1,1,0
WRK00546,Tambaram,12.938189,80.103656,2018-05-01,602.0,24,0.57,4,72,Basic Shield,29,8,2,0,1,0,0
WRK00547,Velachery,12.977269,80.221324,2016-10-01,618.0,13,0.417,2,79,Basic Shield,29,6,4,0,1,1,0
WRK00548,Sholinganallur,12.882918,80.23434,2019-01-01,515.0,19,0.155,2,82,Basic Shield,29,7,2,0,1,0,0
WRK00549,Guindy,13.025506,80.214001,2018-12-01,449.0,17,0.316,3,77,Basic Shield,29,8,2,1,1,0,1
WRK00550,Velachery,12.972631,80.223216,2022-08-01,300.0,17,0.219,1,81,Basic Shield,29,10,0,0,1,0,0
WRK00551,Porur,13.024394,80.164976,2018-08-01,347.0,19,0.248,1,80,Basic Shield,29,6,4,0,1,1,0
WRK00552,Anna Nagar,13.108364,80.205614,2022-01-01,616.0,12,0.383,2,81,Basic Shield,29,7,2,0,1,0,0
WRK00553,Adyar,13.024963,80.243235,2015-09-01,570.0,21,0.385,2,78,Basic Shield,29,6,1,1,1,0,1
WRK00554,T Nagar,13.023021,80.226822,2017-08-01,718.0,17,0.327,2,80,Basic Shield,29,5,3,0,1,1,0
WRK00555,Sholinganallur,12.900025,80.235223,2018-05-01,494.0,21,0.467,3,75,Basic Shield,29,6,3,0,1,1,0
WRK00556,Chromepet,12.971132,80.144664,2022-09-01,770.0,14,0.466,6,74,Basic Shield,29,11,3,0,1,1,0
WRK00557,Porur,13.026878,80.1696,2022-04-01,588.0,19,0.478,5,73,Basic Shield,29,6,3,0,1,1,0
WRK00558,Sholinganallur,12.893286,80.219724,2019-08-01,708.0,22,0.381,0,80,Basic Shield,29,3,2,0,0,0,0
WRK00559,Velachery,12.962671,80.225159,2023-02-01,638.0,17,0.422,6,73,Basic Shield,29,5,3,0,1,1,0
WRK00560,Perambur,13.129837,80.243684,2023-09-01,503.0,18,0.235,2,80,Basic Shield,29,5,4,0,1,1,0
WRK00561,Porur,13.03748,80.150201,2019-09-01,600.0,16,0.227,3,80,Basic Shield,29,4,2,0,0,0,0
WRK00562,Tambaram,12.930299,80.115829,2017-12-01,670.0,26,0.201,2,82,Basic Shield,29,2,2,0,0,0,0
WRK00563,Sholinganallur,12.918635,80.228907,2017-04-01,538.0,13,0.255,3,81,Basic Shield,29,5,3,0,1,1,0
WRK00564,Tambaram,12.908867,80.084176,2020-09-01,653.0,21,0.604,1,75,Basic Shield,29,6,2,0,1,0,0
WRK00565,Chromepet,12.931982,80.154626,2016-07-01,661.0,20,0.212,3,81,Basic Shield,29,9,3,0,1,1,0
WRK00566,Anna Nagar,13.093307,80.193141,2022-01-01,833.0,19,0.327,3,79,Basic Shield,29,2,2,0,0,0,0
WRK00567,Adyar,13.004821,80.245812,2024-06-01,595.0,13,0.1,4,83,Basic Shield,29,7,0,1,1,0,1
WRK00568,T Nagar,13.048601,80.243157,2019-10-01,437.0,22,0.42,3,75,Basic Shield,29,4,3,0,0,1,0
WRK00569,Chromepet,12.937457,80.1566,2022-09-01,497.0,15,0.412,5,74,Basic Shield,29,6,4,0,1,1,0
WRK00570,Perambur,13.133366,80.227859,2018-01-01,653.0,18,0.256,2,81,Basic Shield,29,11,1,0,1,0,0
WRK00571,T Nagar,13.036558,80.229915,2015-09-01,570.0,21,0.216,3,80,Basic Shield,29,9,1,0,1,0,0
WRK00572,Anna Nagar,13.077243,80.210845,2023-02-01,658.0,24,0.712,3,71,Basic Shield,29,4,2,0,0,0,0
WRK00573,Guindy,13.001248,80.218034,2018-06-01,558.0,19,0.15,5,79,Basic Shield,29,13,2,1,1,0,1
WRK00574,Anna Nagar,13.074732,80.222622,2017-11-01,537.0,14,0.367,2,79,Basic Shield,29,4,1,0,0,0,0
WRK00575,Chromepet,12.956147,80.145024,2020-03-01,404.0,17,0.292,4,77,Basic Shield,29,8,2,0,1,0,0
WRK00576,Tambaram,12.922046,80.094693,2019-02-01,700.0,19,0.471,1,78,Basic Shield,29,11,3,0,1,1,0
WRK00577,Perambur,13.122652,80.226903,2017-03-01,439.0,12,0.08,3,85,Basic Shield,29,6,3,0,1,1,0
WRK00578,Perambur,13.100211,80.235912,2021-12-01,796.0,13,0.157,1,86,Basic Shield,29,8,0,0,1,0,0
WRK00579,Tambaram,12.917084,80.082022,2022-07-01,481.0,16,0.496,1,76,Basic Shield,29,5,2,0,1,0,0
WRK00580,Anna Nagar,13.095193,80.196758,2016-07-01,497.0,19,0.177,4,79,Basic Shield,29,3,0,0,0,0,0
WRK00581,Anna Nagar,13.093356,80.202276,2019-02-01,675.0,24,0.45,4,75,Basic Shield,29,8,2,0,1,0,0
WRK00582,Adyar,13.005186,80.239498,2023-11-01,545.0,22,0.132,2,83,Basic Shield,29,6,1,1,1,0,1
WRK00583,Chromepet,12.947913,80.124164,2020-08-01,601.0,15,0.293,4,78,Basic Shield,29,4,0,0,0,0,0
WRK00584,Perambur,13.103259,80.244262,2024-11-01,478.0,24,0.113,7,78,Basic Shield,29,14,2,0,1,0,0
WRK00585,Adyar,12.997484,80.268828,2023-11-01,682.0,10,0.327,3,83,Basic Shield,29,1,4,1,0,1,1
WRK00586,Anna Nagar,13.099246,80.20559,2020-02-01,399.0,10,0.275,4,82,Basic Shield,29,6,2,0,1,0,0
WRK00587,Anna Nagar,13.071949,80.209216,2023-03-01,506.0,13,0.188,5,80,Basic Shield,29,7,1,0,1,0,0
WRK00588,Guindy,13.012101,80.219397,2017-12-01,632.0,21,0.627,5,70,Basic Shield,29,2,0,1,0,0,1
WRK00589,T Nagar,13.046077,80.225481,2017-08-01,655.0,26,0.444,1,78,Basic Shield,29,9,4,0,1,1,0
WRK00590,Chromepet,12.937887,80.134354,2024-03-01,528.0,25,0.109,4,81,Basic Shield,29,5,0,0,1,0,0
WRK00591,Anna Nagar,13.082451,80.215042,2020-05-01,625.0,16,0.082,3,83,Basic Shield,29,5,1,0,1,0,0
WRK00592,Porur,13.033324,80.163568,2024-06-01,716.0,18,0.455,1,78,Basic Shield,29,7,1,0,1,0,0
WRK00593,Porur,13.035989,80.147785,2019-04-01,649.0,23,0.125,2,83,Basic Shield,29,5,4,0,1,1,0
WRK00594,Velachery,12.963877,80.200151,2019-10-01,461.0,21,0.408,4,75,Basic Shield,29,7,2,0,1,0,0
WRK00595,Porur,13.016967,80.158291,2021-08-01,812.0,25,0.263,5,78,Basic Shield,29,3,0,0,0,0,0
WRK00596,T Nagar,13.019852,80.239431,2021-11-01,624.0,11,0.358,2,82,Basic Shield,29,4,3,0,0,1,0
WRK00597,Velachery,12.981446,80.211495,2020-09-01,609.0,24,0.111,5,80,Basic Shield,29,1,2,0,0,0,0
WRK00598,Velachery,12.987882,80.213471,2018-09-01,642.0,14,0.557,3,75,Basic Shield,29,5,2,0,1,0,0
WRK00599,Velachery,12.995387,80.236122,2017-10-01,488.0,25,0.486,3,74,Basic Shield,29,7,4,0,1,1,0
WRK00600,Guindy,12.997306,80.216819,2018-02-01,638.0,16,0.182,6,78,Basic Shield,29,6,5,1,1,1,1
WRK00601,Tambaram,12.906989,80.1028,2024-02-01,660.0,15,0.303,4,78,Basic Shield,29,12,4,0,1,1,0
WRK00602,Porur,13.018316,80.137025,2019-05-01,463.0,15,0.514,4,73,Basic Shield,29,10,3,0,1,1,0
WRK00603,Porur,13.038182,80.167034,2023-07-01,612.0,19,0.324,1,80,Basic Shield,29,7,1,0,1,0,0
WRK00604,Tambaram,12.933449,80.116641,2015-03-01,643.0,19,0.325,6,75,Basic Shield,29,11,4,0,1,1,0
WRK00605,Sholinganallur,12.883622,80.236381,2019-04-01,490.0,16,0.258,2,80,Basic Shield,29,10,3,0,1,1,0
WRK00606,T Nagar,13.033339,80.250904,2017-09-01,649.0,14,0.372,2,79,Basic Shield,29,3,2,0,0,0,0
WRK00607,Sholinganallur,12.902369,80.216052,2020-10-01,671.0,12,0.679,4,73,Basic Shield,29,13,2,0,1,0,0
WRK00608,Anna Nagar,13.087283,80.218709,2018-10-01,597.0,18,0.563,5,71,Basic Shield,29,3,4,0,0,1,0
WRK00609,Anna Nagar,13.099199,80.216631,2020-04-01,679.0,22,0.517,3,75,Basic Shield,29,10,3,0,1,1,0
WRK00610,Porur,13.027724,80.143076,2024-05-01,537.0,20,0.022,4,83,Basic Shield,29,3,0,0,0,0,0
WRK00611,Anna Nagar,13.099998,80.227849,2016-12-01,489.0,16,0.406,3,76,Basic Shield,29,6,1,0,1,0,0
WRK00612,Tambaram,12.922471,80.10558,2016-08-01,323.0,18,0.202,1,81,Basic Shield,29,7,3,0,1,1,0
WRK00613,Perambur,13.120531,80.229612,2021-01-01,644.0,13,0.521,3,76,Basic Shield,29,3,2,0,0,0,0
WRK00614,Tambaram,12.944681,80.111963,2023-11-01,871.0,22,0.064,4,84,Basic Shield,29,6,0,0,1,0,0
WRK00615,Perambur,13.122857,80.242516,2015-05-01,699.0,19,0.147,5,80,Basic Shield,29,5,0,0,1,0,0
WRK00616,Anna Nagar,13.089538,80.215207,2020-03-01,571.0,20,0.239,2,81,Basic Shield,29,5,2,0,1,0,0
WRK00617,Velachery,12.969655,80.218975,2016-04-01,634.0,22,0.497,3,75,Basic Shield,29,10,0,0,1,0,0
WRK00618,Anna Nagar,13.093099,80.204908,2017-08-01,616.0,16,0.067,2,84,Basic Shield,29,5,0,0,1,0,0
WRK00619,Anna Nagar,13.096821,80.224822,2022-08-01,542.0,16,0.065,5,81,Basic Shield,29,7,0,0,1,0,0
WRK00620,Velachery,12.968116,80.225642,2015-02-01,570.0,20,0.213,3,80,Basic Shield,29,8,1,0,1,0,0
WRK00621,Chromepet,12.941117,80.144026,2024-12-01,602.0,14,0.429,3,77,Basic Shield,29,5,2,0,1,0,0
WRK00622,Porur,13.019224,80.164166,2021-04-01,758.0,13,0.125,3,85,Basic Shield,29,8,1,0,1,0,0
WRK00623,Sholinganallur,12.881126,80.234639,2019-03-01,556.0,11,0.073,2,88,Basic Shield,29,11,2,0,1,0,0
WRK00624,Tambaram,12.930384,80.111338,2024-01-01,758.0,16,0.191,4,80,Basic Shield,29,9,4,0,1,1,0
WRK00625,Tambaram,12.92374,80.098532,2024-07-01,720.0,18,0.416,2,78,Basic Shield,29,4,0,0,0,0,0
WRK00626,Sholinganallur,12.887926,80.219101,2015-10-01,592.0,13,0.176,3,83,Basic Shield,29,4,0,0,0,0,0
WRK00627,T Nagar,13.035829,80.248095,2016-02-01,544.0,15,0.581,0,76,Basic Shield,29,3,3,0,0,1,0
WRK00628,Chromepet,12.943697,80.124705,2019-06-01,741.0,17,0.284,2,81,Basic Shield,29,12,0,0,1,0,0
WRK00629,Guindy,13.002904,80.212595,2020-02-01,738.0,10,0.321,6,81,Basic Shield,29,6,1,1,1,0,1
WRK00630,Sholinganallur,12.884364,80.233777,2023-04-01,604.0,21,0.236,2,81,Basic Shield,29,6,3,0,1,1,0
WRK00631,Porur,13.020934,80.141789,2015-05-01,411.0,20,0.477,1,76,Basic Shield,29,6,2,0,1,0,0
WRK00632,Tambaram,12.912181,80.112096,2023-03-01,656.0,14,0.056,5,83,Basic Shield,29,7,1,0,1,0,0
WRK00633,T Nagar,13.029185,80.226863,2015-07-01,590.0,24,0.14,4,81,Basic Shield,29,9,2,0,1,0,0
WRK00634,Velachery,12.98595,80.206305,2018-08-01,597.0,17,0.111,2,83,Basic Shield,29,9,1,0,1,0,0
WRK00635,Tambaram,12.915064,80.080935,2022-06-01,765.0,20,0.13,1,85,Basic Shield,29,2,7,0,0,1,0
WRK00636,Adyar,13.012862,80.255443,2022-05-01,679.0,23,0.277,6,76,Basic Shield,29,2,2,1,0,0,1
WRK00637,Velachery,12.986874,80.213002,2022-04-01,634.0,18,0.09,4,82,Basic Shield,29,2,1,0,0,0,0
WRK00638,Porur,13.026789,80.138721,2022-10-01,643.0,14,0.148,2,84,Basic Shield,29,6,0,0,1,0,0
WRK00639,Perambur,13.105538,80.244998,2015-02-01,648.0,13,0.222,1,84,Basic Shield,29,4,1,0,0,0,0
WRK00640,Anna Nagar,13.081632,80.209977,2016-03-01,302.0,17,0.183,3,79,Basic Shield,29,6,3,0,1,1,0
WRK00641,Chromepet,12.955974,80.122773,2020-12-01,755.0,15,0.223,1,83,Basic Shield,29,5,0,0,1,0,0
WRK00642,Anna Nagar,13.082119,80.203035,2021-04-01,478.0,25,0.148,2,82,Basic Shield,29,9,2,0,1,0,0
WRK00643,Sholinganallur,12.902403,80.221356,2016-02-01,623.0,14,0.222,3,81,Basic Shield,29,5,0,0,1,0,0
WRK00644,Adyar,13.001034,80.241049,2021-12-01,570.0,22,0.34,7,74,Basic Shield,29,6,0,1,1,0,1
WRK00645,Perambur,13.120549,80.250078,2021-12-01,695.0,19,0.488,4,74,Basic Shield,29,7,0,0,1,0,0
WRK00646,Adyar,12.991404,80.261953,2024-10-01,673.0,12,0.065,4,86,Basic Shield,29,7,3,1,1,1,1
WRK00647,Anna Nagar,13.09591,80.201308,2017-07-01,818.0,26,0.39,4,77,Basic Shield,29,6,3,0,1,1,0
WRK00648,Sholinganallur,12.918173,80.209344,2023-08-01,530.0,21,0.017,1,86,Basic Shield,29,6,0,0,1,0,0
WRK00649,Tambaram,12.921623,80.111347,2017-12-01,565.0,10,0.19,3,86,Basic Shield,29,6,2,0,1,0,0
WRK00650,Adyar,13.012993,80.271402,2021-02-01,490.0,13,0.203,3,82,Basic Shield,29,9,2,1,1,0,1
WRK00651,Anna Nagar,13.06977,80.217888,2022-08-01,734.0,18,0.235,1,82,Basic Shield,29,9,3,0,1,1,0
WRK00652,T Nagar,13.045926,80.22937,2021-04-01,691.0,17,0.356,4,77,Basic Shield,29,10,3,0,1,1,0
WRK00653,Adyar,13.000976,80.255442,2016-03-01,589.0,11,0.078,6,84,Basic Shield,29,6,4,1,1,1,1
WRK00654,Tambaram,12.92118,80.10869,2017-12-01,486.0,18,0.224,2,80,Basic Shield,29,8,1,0,1,0,0
WRK00655,Guindy,13.014919,80.216024,2022-08-01,482.0,25,0.234,1,81,Basic Shield,29,5,3,1,1,1,1
WRK00656,Guindy,13.002348,80.221457,2020-12-01,309.0,22,0.304,3,77,Basic Shield,29,7,3,1,1,1,1
WRK00657,Adyar,13.004825,80.269305,2017-05-01,528.0,20,0.438,1,77,Basic Shield,29,6,2,1,1,0,1
WRK00658,Chromepet,12.9607,80.162413,2018-12-01,708.0,16,0.112,3,83,Basic Shield,29,6,2,0,1,0,0
WRK00659,Adyar,13.014667,80.254584,2016-07-01,454.0,22,0.194,1,82,Basic Shield,29,5,2,1,1,0,1
WRK00660,T Nagar,13.045998,80.233785,2019-05-01,448.0,23,0.294,3,78,Basic Shield,29,10,0,0,1,0,0
WRK00661,Adyar,13.022717,80.255114,2022-04-01,595.0,22,0.35,3,77,Basic Shield,29,5,1,1,1,0,1
WRK00662,Sholinganallur,12.912432,80.214674,2016-07-01,678.0,19,0.511,4,74,Basic Shield,29,8,0,0,1,0,0
WRK00663,Guindy,12.988215,80.209181,2015-02-01,642.0,14,0.287,4,79,Basic Shield,29,6,1,1,1,0,1
WRK00664,Anna Nagar,13.097626,80.21842,2022-05-01,674.0,16,0.322,2,79,Basic Shield,29,6,4,0,1,1,0
WRK00665,Guindy,13.023425,80.227407,2017-08-01,376.0,21,0.171,3,80,Basic Shield,29,6,1,1,1,0,1
WRK00666,Velachery,12.974576,80.205097,2022-04-01,596.0,23,0.68,0,74,Basic Shield,29,6,3,0,1,1,0
WRK00667,Sholinganallur,12.89235,80.210849,2024-11-01,649.0,23,0.549,5,72,Basic Shield,29,4,1,0,0,0,0
WRK00668,Guindy,13.018784,80.228285,2018-08-01,529.0,19,0.372,2,78,Basic Shield,29,6,5,1,1,1,1
WRK00669,Anna Nagar,13.095352,80.199962,2021-02-01,386.0,18,0.246,3,79,Basic Shield,29,5,4,0,1,1,0
WRK00670,Chromepet,12.959624,80.145086,2020-12-01,677.0,8,0.641,1,81,Basic Shield,29,12,2,0,1,0,0
WRK00671,Porur,13.032344,80.152792,2016-02-01,586.0,15,0.224,3,80,Basic Shield,29,10,5,0,1,1,0
WRK00672,Adyar,13.012649,80.266535,2020-02-01,854.0,23,0.125,5,81,Basic Shield,29,7,3,1,1,1,1
WRK00673,Anna Nagar,13.106068,80.22337,2016-07-01,631.0,18,0.379,3,77,Basic Shield,29,6,1,0,1,0,0
WRK00674,Perambur,13.12157,80.248188,2018-07-01,712.0,22,0.18,3,81,Basic Shield,29,6,2,0,1,0,0
WRK00675,T Nagar,13.049914,80.214047,2016-09-01,597.0,13,0.207,3,82,Basic Shield,29,7,0,0,1,0,0
WRK00676,Guindy,13.026117,80.232108,2020-09-01,521.0,12,0.214,6,80,Basic Shield,29,3,4,1,0,1,1
WRK00677,Velachery,12.964098,80.21293,2022-12-01,521.0,20,0.191,4,79,Basic Shield,29,3,3,0,0,1,0
WRK00678,Sholinganallur,12.899283,80.236244,2017-03-01,640.0,15,0.308,2,80,Basic Shield,29,8,0,0,1,0,0
WRK00679,Guindy,13.015906,80.239274,2015-05-01,621.0,15,0.407,4,75,Basic Shield,29,1,3,1,0,1,1
WRK00680,Perambur,13.111106,80.234472,2017-11-01,465.0,18,0.474,2,75,Basic Shield,29,8,2,0,1,0,0
WRK00681,Chromepet,12.941659,80.141071,2020-10-01,833.0,11,0.377,2,83,Basic Shield,29,4,3,0,0,1,0
WRK00682,Tambaram,12.940186,80.08332,2019-09-01,749.0,15,0.316,0,82,Basic Shield,29,9,2,0,1,0,0
WRK00683,Porur,13.029822,80.175191,2021-02-01,694.0,19,0.367,3,78,Basic Shield,29,7,2,0,1,0,0
WRK00684,Porur,13.054321,80.171649,2023-01-01,749.0,23,0.105,3,83,Basic Shield,29,8,2,0,1,0,0
WRK00685,Sholinganallur,12.881752,80.236877,2018-12-01,686.0,15,0.62,3,73,Basic Shield,29,7,0,0,1,0,0
WRK00686,Sholinganallur,12.888084,80.238812,2017-01-01,817.0,16,0.254,3,81,Basic Shield,29,7,3,0,1,1,0
WRK00687,Porur,13.01926,80.140463,2024-12-01,540.0,10,0.218,6,82,Basic Shield,29,6,0,0,1,0,0
WRK00688,T Nagar,13.036247,80.231189,2023-03-01,591.0,19,0.124,3,82,Basic Shield,29,11,2,0,1,0,0
WRK00689,Tambaram,12.913414,80.084326,2022-05-01,408.0,19,0.156,1,82,Basic Shield,29,13,2,0,1,0,0
WRK00690,T Nagar,13.05241,80.24898,2024-09-01,495.0,23,0.23,1,81,Basic Shield,29,4,2,0,0,0,0
WRK00691,Sholinganallur,12.885783,80.215089,2015-11-01,606.0,25,0.048,4,83,Basic Shield,29,6,3,0,1,1,0
WRK00692,T Nagar,13.022885,80.229439,2020-07-01,361.0,22,0.207,5,77,Basic Shield,29,5,1,0,1,0,0
WRK00693,Anna Nagar,13.100857,80.200953,2019-12-01,628.0,19,0.235,3,80,Basic Shield,29,7,3,0,1,1,0
WRK00694,Perambur,13.129863,80.247349,2019-03-01,568.0,21,0.092,2,84,Basic Shield,29,3,2,0,0,0,0
WRK00695,Guindy,13.00709,80.234803,2016-12-01,644.0,27,0.066,2,84,Basic Shield,29,2,3,1,0,1,1
WRK00696,Chromepet,12.945044,80.153315,2019-08-01,665.0,27,0.742,2,71,Basic Shield,29,4,3,0,0,1,0
WRK00697,Porur,13.053943,80.141906,2020-06-01,378.0,20,0.223,3,79,Basic Shield,29,5,2,0,1,0,0
WRK00698,Guindy,13.015649,80.217119,2017-01-01,599.0,21,0.09,2,84,Basic Shield,29,3,0,1,0,0,1
WRK00699,Chromepet,12.955437,80.129294,2021-05-01,625.0,17,0.17,2,82,Basic Shield,29,1,3,0,0,1,0
WRK00700,Chromepet,12.958718,80.15775,2018-05-01,458.0,18,0.407,0,79,Basic Shield,29,8,5,0,1,1,0
WRK00701,Velachery,12.998757,80.225522,2015-02-01,764.0,15,0.505,3,75,Basic Shield,29,5,0,0,1,0,0
WRK00702,Chromepet,12.933737,80.141991,2024-11-01,700.0,16,0.065,4,83,Basic Shield,29,7,5,0,1,1,0
WRK00703,Velachery,12.96549,80.237995,2017-03-01,377.0,22,0.162,3,80,Basic Shield,29,5,1,0,1,0,0
WRK00704,Velachery,12.987676,80.234668,2024-12-01,658.0,23,0.248,2,81,Basic Shield,29,5,2,0,1,0,0
WRK00705,Sholinganallur,12.916027,80.247398,2022-11-01,645.0,15,0.391,4,76,Basic Shield,29,8,1,0,1,0,0
WRK00706,Anna Nagar,13.088685,80.195378,2015-09-01,577.0,14,0.051,5,82,Basic Shield,29,7,4,0,1,1,0
WRK00707,Chromepet,12.945463,80.142719,2024-08-01,666.0,20,0.096,3,83,Basic Shield,29,6,3,0,1,1,0
WRK00708,Porur,13.04554,80.142004,2016-12-01,515.0,18,0.373,3,77,Basic Shield,29,7,4,0,1,1,0
WRK00709,Adyar,12.999305,80.262754,2023-12-01,582.0,17,0.176,1,83,Basic Shield,29,4,0,1,0,0,1
WRK00710,Adyar,13.003329,80.265786,2022-09-01,522.0,22,0.285,1,80,Basic Shield,29,8,1,1,1,0,1
WRK00711,Guindy,12.989998,80.230088,2017-11-01,491.0,18,0.391,1,78,Basic Shield,29,5,1,1,1,0,1
WRK00712,Tambaram,12.942817,80.119367,2015-10-01,598.0,13,0.362,5,77,Basic Shield,29,4,1,0,0,0,0
WRK00713,Guindy,13.003697,80.220792,2023-09-01,453.0,25,0.147,1,83,Basic Shield,29,8,2,1,1,0,1
WRK00714,Adyar,13.000536,80.24348,2017-09-01,815.0,13,0.204,4,82,Basic Shield,29,5,2,1,1,0,1
WRK00715,Adyar,13.02056,80.237833,2016-05-01,644.0,20,0.496,5,73,Basic Shield,29,8,2,1,1,0,1
WRK00716,Sholinganallur,12.915358,80.244464,2015-12-01,830.0,22,0.432,2,78,Basic Shield,29,7,1,0,1,0,0
WRK00717,Guindy,12.992549,80.204097,2017-12-01,503.0,22,0.165,3,81,Basic Shield,29,4,3,1,0,1,1
WRK00718,Adyar,12.992172,80.263277,2019-12-01,849.0,17,0.07,2,85,Basic Shield,29,5,3,1,1,1,1
WRK00719,Porur,13.024346,80.16081,2015-10-01,473.0,21,0.225,2,80,Basic Shield,29,6,5,0,1,1,0
WRK00720,Sholinganallur,12.91246,80.215023,2018-05-01,738.0,14,0.069,1,87,Basic Shield,29,6,3,0,1,1,0
WRK00721,Perambur,13.104849,80.216622,2016-12-01,892.0,16,0.225,2,82,Basic Shield,29,5,6,0,1,1,0
WRK00722,Guindy,13.007836,80.205839,2019-09-01,718.0,23,0.065,6,81,Basic Shield,29,4,3,1,0,1,1
WRK00723,Velachery,12.979859,80.229606,2020-03-01,571.0,24,0.064,4,82,Basic Shield,29,6,3,0,1,1,0
WRK00724,Velachery,12.999882,80.207741,2020-10-01,639.0,14,0.335,2,80,Basic Shield,29,6,2,0,1,0,0
WRK00725,Sholinganallur,12.917513,80.232122,2018-12-01,644.0,24,0.125,1,84,Basic Shield,29,5,1,0,1,0,0
WRK00726,Guindy,12.989313,80.215378,2022-12-01,500.0,16,0.417,3,76,Basic Shield,29,4,1,1,0,0,1
WRK00727,Adyar,13.017141,80.252143,2017-02-01,525.0,26,0.081,1,85,Basic Shield,29,3,3,1,0,1,1
WRK00728,Velachery,12.975189,80.234334,2017-06-01,516.0,17,0.22,3,80,Basic Shield,29,9,5,0,1,1,0
WRK00729,Guindy,13.007866,80.202625,2022-01-01,602.0,23,0.142,5,80,Basic Shield,29,7,1,1,1,0,1
WRK00730,Velachery,12.968826,80.21116,2023-01-01,334.0,20,0.023,2,84,Basic Shield,29,1,1,0,0,0,0
WRK00731,Chromepet,12.948944,80.155101,2017-12-01,631.0,12,0.343,5,79,Basic Shield,29,5,2,0,1,0,0
WRK00732,T Nagar,13.05384,80.226208,2015-04-01,595.0,20,0.574,2,74,Basic Shield,29,1,1,0,0,0,0
WRK00733,Sholinganallur,12.907745,80.220904,2015-05-01,609.0,18,0.399,1,79,Basic Shield,29,2,0,0,0,0,0
WRK00734,T Nagar,13.035794,80.243032,2017-08-01,657.0,11,0.194,1,87,Basic Shield,29,8,1,0,1,0,0
WRK00735,Porur,13.021136,80.166032,2023-02-01,754.0,16,0.37,3,78,Basic Shield,29,7,0,0,1,0,0
WRK00736,Velachery,12.974029,80.207175,2016-07-01,618.0,23,0.335,0,81,Basic Shield,29,5,2,0,1,0,0
WRK00737,Guindy,13.009219,80.221916,2021-07-01,438.0,13,0.054,3,85,Basic Shield,29,6,1,1,1,0,1
WRK00738,Guindy,13.0033,80.240237,2021-08-01,429.0,16,0.442,3,75,Basic Shield,29,13,0,1,1,0,1
WRK00739,Tambaram,12.91587,80.101591,2017-10-01,576.0,24,0.414,1,78,Basic Shield,29,6,1,0,1,0,0
WRK00740,Chromepet,12.953443,80.149407,2023-05-01,571.0,14,0.125,3,83,Basic Shield,29,10,1,0,1,0,0
WRK00741,T Nagar,13.019575,80.219167,2016-09-01,777.0,21,0.297,6,76,Basic Shield,29,4,3,0,0,1,0
WRK00742,Tambaram,12.941,80.080136,2024-01-01,568.0,17,0.708,4,69,Standard Shield,49,7,0,0,1,0,0
WRK00743,Anna Nagar,13.093724,80.216904,2018-01-01,454.0,21,0.356,2,78,Basic Shield,29,9,3,0,1,1,0
WRK00744,Adyar,13.003653,80.276035,2024-10-01,650.0,23,0.094,4,82,Basic Shield,29,6,0,1,1,0,1
WRK00745,Velachery,12.978232,80.212521,2021-10-01,591.0,15,0.229,5,78,Basic Shield,29,3,4,0,0,1,0
WRK00746,Chromepet,12.941051,80.124178,2021-01-01,695.0,23,0.459,1,78,Basic Shield,29,8,6,0,1,1,0
WRK00747,Guindy,13.008167,80.230256,2023-12-01,545.0,19,0.061,5,81,Basic Shield,29,7,1,1,1,0,1
WRK00748,Sholinganallur,12.910764,80.20884,2015-09-01,711.0,18,0.158,7,78,Basic Shield,29,6,1,0,1,0,0
WRK00749,Anna Nagar,13.088874,80.223837,2021-05-01,478.0,25,0.577,6,69,Standard Shield,49,4,1,0,0,0,0
WRK00750,Perambur,13.12052,80.249611,2019-09-01,551.0,17,0.157,5,79,Basic Shield,29,8,2,0,1,0,0
WRK00751,T Nagar,13.04793,80.245246,2020-06-01,509.0,20,0.142,8,76,Basic Shield,29,7,1,0,1,0,0
WRK00752,Anna Nagar,13.084701,80.204351,2015-04-01,603.0,16,0.124,1,84,Basic Shield,29,9,2,0,1,0,0
WRK00753,Guindy,12.990734,80.239922,2020-07-01,321.0,15,0.139,2,81,Basic Shield,29,4,1,1,0,0,1
WRK00754,Velachery,12.995214,80.217448,2022-08-01,404.0,19,0.046,1,85,Basic Shield,29,9,2,0,1,0,0
WRK00755,Velachery,12.96406,80.229293,2022-07-01,551.0,8,0.31,4,84,Basic Shield,29,7,2,0,1,0,0
WRK00756,Guindy,13.003224,80.207348,2018-11-01,728.0,19,0.194,2,82,Basic Shield,29,7,0,1,1,0,1
WRK00757,T Nagar,13.035467,80.236991,2020-07-01,479.0,17,0.307,5,76,Basic Shield,29,5,3,0,1,1,0
WRK00758,Porur,13.041301,80.1686,2020-05-01,520.0,16,0.115,1,84,Basic Shield,29,4,2,0,0,0,0
WRK00759,Velachery,12.983969,80.216565,2022-07-01,724.0,24,0.462,3,76,Basic Shield,29,11,5,0,1,1,0
WRK00760,Adyar,13.016371,80.259584,2017-08-01,670.0,23,0.319,4,77,Basic Shield,29,8,0,1,1,0,1
WRK00761,Perambur,13.100811,80.234725,2024-04-01,443.0,15,0.303,5,76,Basic Shield,29,2,2,0,0,0,0
WRK00762,Anna Nagar,13.102545,80.215536,2018-07-01,950.0,6,0.346,5,86,Basic Shield,29,9,0,0,1,0,0
WRK00763,Adyar,13.018776,80.239428,2023-01-01,569.0,22,0.252,2,80,Basic Shield,29,6,1,1,1,0,1
WRK00764,Chromepet,12.947874,80.12531,2021-03-01,520.0,20,0.216,5,78,Basic Shield,29,7,3,0,1,1,0
WRK00765,T Nagar,13.047437,80.243654,2016-05-01,685.0,21,0.355,3,78,Basic Shield,29,8,2,0,1,0,0
WRK00766,Adyar,12.998577,80.253615,2019-05-01,461.0,20,0.054,2,84,Basic Shield,29,11,4,1,1,1,1
WRK00767,Guindy,13.020974,80.233591,2017-06-01,524.0,12,0.121,6,82,Basic Shield,29,7,4,1,1,1,1
WRK00768,T Nagar,13.021965,80.244334,2015-02-01,616.0,16,0.145,3,82,Basic Shield,29,7,3,0,1,1,0
WRK00769,Chromepet,12.962262,80.145158,2020-03-01,707.0,15,0.46,4,75,Basic Shield,29,7,2,0,1,0,0
WRK00770,Chromepet,12.968035,80.145493,2016-06-01,824.0,14,0.318,1,82,Basic Shield,29,2,0,0,0,0,0
WRK00771,Perambur,13.121162,80.247746,2024-04-01,556.0,20,0.238,1,82,Basic Shield,29,5,3,0,1,1,0
WRK00772,Porur,13.019743,80.159938,2020-11-01,573.0,21,0.187,6,78,Basic Shield,29,6,4,0,1,1,0
WRK00773,Sholinganallur,12.897227,80.221023,2024-06-01,583.0,19,0.226,3,80,Basic Shield,29,5,2,0,1,0,0
WRK00774,Adyar,12.992572,80.275116,2021-07-01,572.0,17,0.249,3,79,Basic Shield,29,14,2,1,1,0,1
WRK00775,Perambur,13.135874,80.242055,2022-12-01,613.0,17,0.18,2,82,Basic Shield,29,11,3,0,1,1,0
WRK00776,Adyar,13.023627,80.274386,2015-10-01,598.0,18,0.254,5,77,Basic Shield,29,6,2,1,1,0,1
WRK00777,Velachery,12.995172,80.209263,2021-03-01,680.0,16,0.121,1,84,Basic Shield,29,12,6,0,1,1,0
WRK00778,Perambur,13.132339,80.218879,2022-02-01,510.0,15,0.533,3,73,Basic Shield,29,3,4,0,0,1,0
WRK00779,Adyar,12.996319,80.244839,2020-04-01,691.0,16,0.244,5,78,Basic Shield,29,2,1,1,0,0,1
WRK00780,Sholinganallur,12.895371,80.247597,2021-04-01,702.0,21,0.117,4,82,Basic Shield,29,10,0,0,1,0,0
WRK00781,Anna Nagar,13.075575,80.21165,2024-07-01,567.0,19,0.132,4,81,Basic Shield,29,2,0,0,0,0,0
WRK00782,Tambaram,12.927157,80.089258,2022-05-01,603.0,13,0.218,5,80,Basic Shield,29,8,3,0,1,1,0
WRK00783,Porur,13.030175,80.167267,2015-06-01,466.0,14,0.042,6,81,Basic Shield,29,3,1,0,0,0,0
WRK00784,T Nagar,13.037055,80.244267,2017-08-01,669.0,15,0.536,4,73,Basic Shield,29,3,6,0,0,1,0
WRK00785,Porur,13.054013,80.153798,2023-04-01,914.0,14,0.388,4,78,Basic Shield,29,8,1,0,1,0,0
WRK00786,Sholinganallur,12.902833,80.212627,2024-11-01,513.0,21,0.17,2,82,Basic Shield,29,5,0,0,1,0,0
WRK00787,Adyar,13.026307,80.26335,2024-03-01,720.0,9,0.539,1,82,Basic Shield,29,6,1,1,1,0,1
WRK00788,Adyar,13.003196,80.272635,2023-07-01,739.0,19,0.092,2,84,Basic Shield,29,8,4,1,1,1,1
WRK00789,T Nagar,13.051011,80.245999,2020-12-01,445.0,16,0.331,2,78,Basic Shield,29,5,3,0,1,1,0
WRK00790,Tambaram,12.906853,80.108431,2024-02-01,666.0,20,0.282,8,74,Basic Shield,29,6,2,0,1,0,0
WRK00791,Porur,13.049358,80.15935,2016-01-01,682.0,13,0.532,6,73,Basic Shield,29,2,3,0,0,1,0
WRK00792,Adyar,12.988594,80.255722,2020-08-01,586.0,19,0.332,1,80,Basic Shield,29,0,2,1,0,0,1
WRK00793,Anna Nagar,13.084874,80.1964,2019-02-01,522.0,17,0.326,0,81,Basic Shield,29,6,0,0,1,0,0
WRK00794,T Nagar,13.021669,80.234749,2016-11-01,457.0,23,0.153,3,81,Basic Shield,29,8,2,0,1,0,0
WRK00795,Chromepet,12.949561,80.16124,2015-12-01,439.0,17,0.328,1,79,Basic Shield,29,4,1,0,0,0,0
WRK00796,Tambaram,12.925982,80.090622,2024-04-01,431.0,14,0.601,5,71,Basic Shield,29,4,4,0,0,1,0
WRK00797,Chromepet,12.960415,80.130404,2016-05-01,689.0,16,0.577,0,76,Basic Shield,29,11,1,0,1,0,0
WRK00798,Porur,13.040738,80.173239,2021-01-01,722.0,18,0.315,2,80,Basic Shield,29,10,2,0,1,0,0
WRK00799,Porur,13.039258,80.140858,2020-01-01,638.0,23,0.294,4,78,Basic Shield,29,6,0,0,1,0,0
WRK00800,Guindy,13.021743,80.236987,2016-02-01,514.0,23,0.483,1,76,Basic Shield,29,4,2,1,0,0,1
WRK00801,Velachery,12.979453,80.223373,2021-07-01,926.0,19,0.516,5,74,Basic Shield,29,5,2,0,1,0,0
WRK00802,Chromepet,12.969806,80.130468,2020-04-01,530.0,22,0.253,2,80,Basic Shield,29,7,2,0,1,0,0
WRK00803,Chromepet,12.947653,80.136523,2018-01-01,714.0,15,0.128,1,85,Basic Shield,29,5,3,0,1,1,0
WRK00804,Guindy,13.013349,80.218044,2019-04-01,421.0,24,0.072,0,85,Basic Shield,29,3,2,1,0,0,1
WRK00805,Sholinganallur,12.904299,80.227782,2023-01-01,564.0,12,0.687,3,74,Basic Shield,29,4,3,0,0,1,0
WRK00806,Velachery,12.998946,80.235101,2017-05-01,677.0,21,0.427,2,77,Basic Shield,29,5,2,0,1,0,0
WRK00807,Chromepet,12.949059,80.124869,2017-12-01,536.0,12,0.123,3,85,Basic Shield,29,5,2,0,1,0,0
WRK00808,Chromepet,12.935063,80.159187,2019-08-01,442.0,17,0.381,3,76,Basic Shield,29,5,1,0,1,0,0
WRK00809,Guindy,12.995475,80.230901,2024-11-01,633.0,15,0.244,2,81,Basic Shield,29,5,1,1,1,0,1
WRK00810,Chromepet,12.940195,80.128847,2021-04-01,722.0,17,0.732,2,71,Basic Shield,29,7,3,0,1,1,0
WRK00811,Velachery,12.985097,80.232868,2021-01-01,550.0,10,0.337,1,85,Basic Shield,29,9,1,0,1,0,0
WRK00812,Guindy,13.008156,80.214137,2024-08-01,598.0,17,0.323,3,78,Basic Shield,29,6,0,1,1,0,1
WRK00813,Tambaram,12.932812,80.100705,2022-08-01,660.0,20,0.303,2,80,Basic Shield,29,8,3,0,1,1,0
WRK00814,Chromepet,12.961336,80.1611,2022-10-01,384.0,24,0.829,5,65,Standard Shield,49,10,4,0,1,1,0
WRK00815,T Nagar,13.045516,80.245972,2016-02-01,345.0,13,0.093,2,84,Basic Shield,29,7,2,0,1,0,0
WRK00816,Perambur,13.128074,80.250008,2024-03-01,478.0,12,0.196,0,86,Basic Shield,29,14,3,0,1,1,0
WRK00817,Tambaram,12.932911,80.115157,2020-03-01,545.0,16,0.188,3,80,Basic Shield,29,4,3,0,0,1,0
WRK00818,Guindy,12.993465,80.203217,2015-11-01,455.0,18,0.496,2,75,Basic Shield,29,6,1,1,1,0,1
WRK00819,Velachery,12.97076,80.230978,2024-07-01,691.0,14,0.053,5,83,Basic Shield,29,6,0,0,1,0,0
WRK00820,Sholinganallur,12.892416,80.212921,2017-06-01,494.0,12,0.421,6,76,Basic Shield,29,7,2,0,1,0,0
WRK00821,Sholinganallur,12.887137,80.216682,2022-06-01,741.0,15,0.3,6,76,Basic Shield,29,5,3,0,1,1,0
WRK00822,Guindy,12.987514,80.208814,2024-11-01,580.0,24,0.04,2,85,Basic Shield,29,8,3,1,1,1,1
WRK00823,T Nagar,13.055634,80.248533,2023-05-01,559.0,16,0.252,2,80,Basic Shield,29,6,0,0,1,0,0
WRK00824,Porur,13.053635,80.171021,2024-03-01,702.0,22,0.25,1,82,Basic Shield,29,5,1,0,1,0,0
WRK00825,Chromepet,12.971185,80.156707,2023-12-01,554.0,21,0.46,4,74,Basic Shield,29,3,1,0,0,0,0
WRK00826,Guindy,13.007988,80.210417,2015-01-01,357.0,18,0.341,4,75,Basic Shield,29,6,1,1,1,0,1
WRK00827,Adyar,12.999755,80.24371,2018-02-01,553.0,18,0.329,8,73,Basic Shield,29,1,2,1,0,0,1
WRK00828,Guindy,13.018922,80.211277,2023-06-01,880.0,12,0.13,0,89,Basic Shield,29,4,2,1,0,0,1
WRK00829,Guindy,13.023443,80.216716,2022-10-01,711.0,19,0.349,4,77,Basic Shield,29,4,2,1,0,0,1
WRK00830,Velachery,12.978277,80.224754,2024-04-01,648.0,14,0.153,7,79,Basic Shield,29,2,1,0,0,0,0
WRK00831,Velachery,12.999716,80.206711,2015-06-01,430.0,17,0.168,1,82,Basic Shield,29,7,2,0,1,0,0
WRK00832,Velachery,12.997271,80.200306,2024-02-01,552.0,17,0.359,0,80,Basic Shield,29,4,3,0,0,1,0
WRK00833,Chromepet,12.942326,80.144192,2015-04-01,710.0,21,0.183,2,82,Basic Shield,29,4,2,0,0,0,0
WRK00834,Velachery,12.995675,80.204584,2019-11-01,593.0,17,0.444,2,77,Basic Shield,29,7,0,0,1,0,0
WRK00835,Anna Nagar,13.075799,80.190382,2015-01-01,569.0,21,0.22,2,81,Basic Shield,29,6,1,0,1,0,0
WRK00836,T Nagar,13.029684,80.236117,2023-11-01,505.0,21,0.092,4,81,Basic Shield,29,8,1,0,1,0,0
WRK00837,Tambaram,12.931226,80.097796,2016-06-01,621.0,23,0.588,4,72,Basic Shield,29,5,2,0,1,0,0
WRK00838,Adyar,13.012292,80.258777,2016-10-01,829.0,14,0.568,1,77,Basic Shield,29,12,2,1,1,0,1
WRK00839,Porur,13.050921,80.162877,2024-06-01,551.0,18,0.153,5,79,Basic Shield,29,8,0,0,1,0,0
WRK00840,Velachery,12.980333,80.198203,2022-02-01,774.0,21,0.237,5,79,Basic Shield,29,9,5,0,1,1,0
WRK00841,Porur,13.032102,80.172541,2016-05-01,695.0,17,0.219,4,80,Basic Shield,29,0,2,0,0,0,0
WRK00842,Chromepet,12.964558,80.156833,2024-06-01,383.0,17,0.207,3,79,Basic Shield,29,5,1,0,1,0,0
WRK00843,Chromepet,12.970055,80.122881,2019-07-01,694.0,11,0.354,1,84,Basic Shield,29,3,4,0,0,1,0
WRK00844,Adyar,13.003328,80.270105,2017-07-01,645.0,20,0.409,5,75,Basic Shield,29,8,4,1,1,1,1
WRK00845,Tambaram,12.906511,80.091326,2016-03-01,738.0,17,0.175,4,81,Basic Shield,29,6,3,0,1,1,0
WRK00846,Porur,13.05256,80.16206,2023-05-01,679.0,19,0.587,4,72,Basic Shield,29,3,2,0,0,0,0
WRK00847,Velachery,12.983455,80.200479,2016-07-01,538.0,11,0.258,2,84,Basic Shield,29,3,1,0,0,0,0
WRK00848,Adyar,13.02281,80.269108,2016-09-01,838.0,18,0.196,1,84,Basic Shield,29,3,3,1,0,1,1
WRK00849,T Nagar,13.026021,80.223878,2020-06-01,392.0,20,0.228,9,73,Basic Shield,29,2,3,0,0,1,0
WRK00850,Chromepet,12.949159,80.156382,2024-04-01,617.0,19,0.352,1,80,Basic Shield,29,11,2,0,1,0,0
WRK00851,T Nagar,13.024718,80.23274,2019-06-01,617.0,19,0.047,3,84,Basic Shield,29,5,1,0,1,0,0
WRK00852,Tambaram,12.937232,80.112109,2019-07-01,616.0,15,0.471,5,73,Basic Shield,29,7,2,0,1,0,0
WRK00853,T Nagar,13.053737,80.253714,2021-12-01,691.0,11,0.449,1,82,Basic Shield,29,4,2,0,0,0,0
WRK00854,Velachery,12.98708,80.223204,2024-04-01,583.0,10,0.285,4,83,Basic Shield,29,9,2,0,1,0,0
WRK00855,Porur,13.044643,80.171174,2017-09-01,623.0,20,0.147,2,83,Basic Shield,29,4,2,0,0,0,0
WRK00856,Adyar,13.000521,80.262822,2022-06-01,556.0,12,0.282,3,82,Basic Shield,29,6,2,1,1,0,1
WRK00857,Tambaram,12.930812,80.110186,2018-02-01,595.0,17,0.731,3,70,Basic Shield,29,7,1,0,1,0,0
WRK00858,Perambur,13.135482,80.24297,2018-12-01,664.0,20,0.453,5,74,Basic Shield,29,8,1,0,1,0,0
WRK00859,Porur,13.022615,80.171125,2016-09-01,579.0,13,0.179,4,82,Basic Shield,29,3,1,0,0,0,0
WRK00860,Porur,13.055346,80.143175,2019-04-01,637.0,16,0.382,2,78,Basic Shield,29,3,1,0,0,0,0
WRK00861,Sholinganallur,12.892147,80.243199,2020-10-01,573.0,20,0.348,4,76,Basic Shield,29,2,1,0,0,0,0
WRK00862,Porur,13.040244,80.139934,2020-02-01,648.0,18,0.044,2,85,Basic Shield,29,10,0,0,1,0,0
WRK00863,Porur,13.044267,80.155154,2022-12-01,514.0,22,0.284,8,73,Basic Shield,29,12,2,0,1,0,0
WRK00864,Guindy,12.995149,80.224706,2020-05-01,588.0,23,0.37,4,76,Basic Shield,29,10,4,1,1,1,1
WRK00865,Porur,13.035977,80.147197,2022-09-01,727.0,21,0.23,6,78,Basic Shield,29,3,5,0,0,1,0
WRK00866,Anna Nagar,13.102381,80.19788,2019-04-01,588.0,16,0.12,3,82,Basic Shield,29,4,1,0,0,0,0
WRK00867,Velachery,12.968906,80.206997,2021-11-01,430.0,13,0.47,0,79,Basic Shield,29,10,4,0,1,1,0
WRK00868,Perambur,13.108872,80.225983,2019-04-01,627.0,20,0.406,6,74,Basic Shield,29,3,2,0,0,0,0
WRK00869,Anna Nagar,13.100484,80.226504,2020-08-01,573.0,12,0.15,4,83,Basic Shield,29,4,2,0,0,0,0
WRK00870,T Nagar,13.034703,80.245606,2019-03-01,470.0,19,0.136,2,82,Basic Shield,29,4,4,0,0,1,0
WRK00871,Velachery,12.981087,80.223241,2024-04-01,414.0,16,0.122,2,82,Basic Shield,29,6,3,0,1,1,0
WRK00872,Guindy,13.012986,80.238804,2021-01-01,563.0,24,0.134,6,79,Basic Shield,29,6,1,1,1,0,1
WRK00873,Adyar,13.022119,80.272897,2019-09-01,651.0,23,0.523,3,74,Basic Shield,29,3,3,1,0,1,1
WRK00874,Perambur,13.12256,80.227437,2021-02-01,692.0,14,0.27,4,80,Basic Shield,29,9,1,0,1,0,0
WRK00875,Adyar,13.00945,80.263229,2015-07-01,745.0,20,0.297,2,80,Basic Shield,29,8,0,1,1,0,1
WRK00876,Velachery,12.98728,80.23526,2018-06-01,621.0,15,0.236,2,81,Basic Shield,29,5,1,0,1,0,0
WRK00877,Chromepet,12.943167,80.149586,2018-12-01,772.0,15,0.191,1,84,Basic Shield,29,2,1,0,0,0,0
WRK00878,Chromepet,12.947046,80.124011,2024-11-01,435.0,16,0.204,3,80,Basic Shield,29,4,1,0,0,0,0
WRK00879,Adyar,12.998695,80.249166,2022-06-01,426.0,20,0.443,1,77,Basic Shield,29,10,3,1,1,1,1
WRK00880,Adyar,13.01636,80.236247,2017-11-01,402.0,15,0.182,3,80,Basic Shield,29,8,5,1,1,1,1
WRK00881,Sholinganallur,12.914957,80.209401,2018-01-01,541.0,15,0.148,3,81,Basic Shield,29,7,2,0,1,0,0
WRK00882,Tambaram,12.942085,80.093819,2019-09-01,578.0,12,0.249,8,77,Basic Shield,29,6,2,0,1,0,0
WRK00883,Guindy,13.013088,80.206275,2018-09-01,504.0,17,0.227,4,78,Basic Shield,29,10,2,1,1,0,1
WRK00884,Perambur,13.126259,80.238818,2020-03-01,488.0,23,0.215,3,80,Basic Shield,29,6,0,0,1,0,0
WRK00885,Sholinganallur,12.88114,80.215653,2023-11-01,513.0,16,0.462,1,77,Basic Shield,29,2,3,0,0,1,0
WRK00886,T Nagar,13.048115,80.237874,2020-06-01,798.0,14,0.459,3,77,Basic Shield,29,5,3,0,1,1,0
WRK00887,T Nagar,13.029394,80.251347,2019-05-01,743.0,19,0.503,4,74,Basic Shield,29,3,2,0,0,0,0
WRK00888,Perambur,13.104686,80.22393,2018-11-01,614.0,15,0.6,1,75,Basic Shield,29,10,6,0,1,1,0
WRK00889,Velachery,12.996964,80.220053,2018-10-01,702.0,14,0.13,3,83,Basic Shield,29,9,1,0,1,0,0
WRK00890,Anna Nagar,13.071614,80.219558,2017-10-01,658.0,17,0.309,4,78,Basic Shield,29,6,2,0,1,0,0
WRK00891,Porur,13.037728,80.152848,2024-12-01,309.0,22,0.315,4,76,Basic Shield,29,4,2,0,0,0,0
WRK00892,Adyar,13.001869,80.263811,2023-09-01,628.0,24,0.066,4,82,Basic Shield,29,5,4,1,1,1,1
WRK00893,Perambur,13.11106,80.231664,2024-04-01,735.0,18,0.453,7,72,Basic Shield,29,9,2,0,1,0,0
WRK00894,Tambaram,12.937174,80.10504,2024-11-01,429.0,16,0.163,0,83,Basic Shield,29,10,2,0,1,0,0
WRK00895,Tambaram,12.917127,80.113486,2016-05-01,702.0,19,0.443,1,78,Basic Shield,29,6,2,0,1,0,0
WRK00896,Perambur,13.099756,80.248411,2019-12-01,531.0,14,0.148,0,85,Basic Shield,29,8,3,0,1,1,0
WRK00897,Chromepet,12.948581,80.158863,2021-08-01,430.0,25,0.141,5,79,Basic Shield,29,11,2,0,1,0,0
WRK00898,T Nagar,13.047747,80.247608,2023-02-01,516.0,22,0.425,5,74,Basic Shield,29,7,3,0,1,1,0
WRK00899,Anna Nagar,13.085271,80.204115,2017-03-01,443.0,22,0.243,5,77,Basic Shield,29,10,3,0,1,1,0
WRK00900,Velachery,12.993711,80.22683,2022-02-01,788.0,21,0.159,3,82,Basic Shield,29,7,3,0,1,1,0
WRK00901,Chromepet,12.948107,80.150317,2019-08-01,632.0,13,0.291,1,83,Basic Shield,29,4,1,0,0,0,0
WRK00902,Tambaram,12.905613,80.084006,2018-04-01,620.0,26,0.086,7,79,Basic Shield,29,8,2,0,1,0,0
WRK00903,T Nagar,13.018214,80.236394,2023-08-01,470.0,19,0.555,3,73,Basic Shield,29,7,3,0,1,1,0
WRK00904,Sholinganallur,12.910673,80.222089,2019-09-01,603.0,17,0.103,3,82,Basic Shield,29,5,1,0,1,0,0
WRK00905,Adyar,13.002583,80.262686,2016-01-01,604.0,19,0.557,7,69,Standard Shield,49,3,0,1,0,0,1
WRK00906,Guindy,13.013369,80.240541,2019-06-01,677.0,18,0.095,2,84,Basic Shield,29,6,2,1,1,0,1
WRK00907,Velachery,12.993509,80.209204,2019-03-01,592.0,13,0.612,2,75,Basic Shield,29,8,3,0,1,1,0
WRK00908,Sholinganallur,12.9131,80.210794,2017-08-01,540.0,16,0.448,1,77,Basic Shield,29,7,1,0,1,0,0
WRK00909,Tambaram,12.925836,80.09412,2016-11-01,690.0,15,0.11,4,82,Basic Shield,29,9,1,0,1,0,0
WRK00910,Sholinganallur,12.891276,80.221588,2016-06-01,575.0,18,0.159,1,83,Basic Shield,29,4,4,0,0,1,0
WRK00911,Perambur,13.135072,80.226902,2017-03-01,852.0,13,0.353,5,79,Basic Shield,29,6,1,0,1,0,0
WRK00912,Guindy,12.996339,80.228665,2017-09-01,440.0,19,0.334,8,72,Basic Shield,29,7,2,1,1,0,1
WRK00913,Tambaram,12.943697,80.080189,2020-10-01,708.0,22,0.233,5,78,Basic Shield,29,9,2,0,1,0,0
WRK00914,Chromepet,12.936659,80.131193,2024-09-01,649.0,17,0.207,3,81,Basic Shield,29,8,2,0,1,0,0
WRK00915,Chromepet,12.947945,80.146913,2021-03-01,767.0,14,0.386,1,81,Basic Shield,29,7,2,0,1,0,0
WRK00916,Tambaram,12.914548,80.103295,2024-09-01,539.0,18,0.174,3,81,Basic Shield,29,6,1,0,1,0,0
WRK00917,Porur,13.024147,80.144636,2024-12-01,570.0,13,0.307,1,82,Basic Shield,29,7,5,0,1,1,0
WRK00918,Anna Nagar,13.104288,80.202076,2022-01-01,389.0,15,0.267,2,79,Basic Shield,29,8,1,0,1,0,0
WRK00919,Anna Nagar,13.072621,80.212359,2024-08-01,556.0,19,0.453,7,71,Basic Shield,29,6,3,0,1,1,0
WRK00920,T Nagar,13.025376,80.218791,2017-12-01,510.0,18,0.223,6,77,Basic Shield,29,2,1,0,0,0,0
WRK00921,Anna Nagar,13.094502,80.204528,2022-11-01,430.0,27,0.105,2,83,Basic Shield,29,7,0,0,1,0,0
WRK00922,Sholinganallur,12.91974,80.24003,2024-07-01,793.0,16,0.615,3,73,Basic Shield,29,7,1,0,1,0,0
WRK00923,Anna Nagar,13.100157,80.21081,2015-02-01,757.0,15,0.489,0,79,Basic Shield,29,8,4,0,1,1,0
WRK00924,Velachery,12.988413,80.199548,2021-08-01,775.0,31,0.044,2,85,Basic Shield,29,9,4,0,1,1,0
WRK00925,T Nagar,13.054884,80.246046,2023-10-01,450.0,22,0.146,2,82,Basic Shield,29,7,0,0,1,0,0
WRK00926,Chromepet,12.93168,80.150376,2015-09-01,502.0,17,0.145,3,81,Basic Shield,29,8,4,0,1,1,0
WRK00927,Velachery,12.977714,80.218624,2019-09-01,496.0,12,0.048,3,86,Basic Shield,29,9,5,0,1,1,0
WRK00928,Chromepet,12.962893,80.137905,2016-12-01,824.0,14,0.065,1,87,Basic Shield,29,5,5,0,1,1,0
WRK00929,Perambur,13.097926,80.238336,2019-02-01,510.0,17,0.177,3,81,Basic Shield,29,4,1,0,0,0,0
WRK00930,Guindy,13.005361,80.219161,2015-10-01,708.0,13,0.527,3,77,Basic Shield,29,11,2,1,1,0,1
WRK00931,T Nagar,13.057495,80.231914,2019-09-01,490.0,27,0.277,2,79,Basic Shield,29,6,4,0,1,1,0
WRK00932,Porur,13.037789,80.175253,2023-11-01,673.0,17,0.292,0,82,Basic Shield,29,2,2,0,0,0,0
WRK00933,Porur,13.041189,80.155286,2016-02-01,618.0,19,0.286,6,76,Basic Shield,29,6,3,0,1,1,0
WRK00934,Velachery,13.000773,80.236348,2015-05-01,674.0,20,0.152,2,83,Basic Shield,29,9,0,0,1,0,0
WRK00935,Perambur,13.118583,80.231395,2022-01-01,420.0,22,0.404,5,74,Basic Shield,29,5,2,0,1,0,0
WRK00936,Tambaram,12.937068,80.094807,2019-11-01,580.0,15,0.168,3,81,Basic Shield,29,5,5,0,1,1,0
WRK00937,Tambaram,12.91798,80.100533,2016-03-01,531.0,25,0.268,5,77,Basic Shield,29,4,0,0,0,0,0
WRK00938,Anna Nagar,13.100245,80.223268,2023-06-01,720.0,19,0.238,2,81,Basic Shield,29,5,2,0,1,0,0
WRK00939,Perambur,13.116077,80.234837,2020-02-01,583.0,19,0.196,3,80,Basic Shield,29,7,2,0,1,0,0
WRK00940,Sholinganallur,12.919676,80.236734,2021-09-01,609.0,19,0.175,4,80,Basic Shield,29,4,4,0,0,1,0
WRK00941,Anna Nagar,13.098725,80.220412,2022-01-01,704.0,14,0.14,0,86,Basic Shield,29,5,2,0,1,0,0
WRK00942,Adyar,12.989856,80.272064,2022-04-01,583.0,11,0.179,0,88,Basic Shield,29,5,3,1,1,1,1
WRK00943,Guindy,13.024201,80.20504,2018-05-01,717.0,15,0.292,3,79,Basic Shield,29,4,5,1,0,1,1
WRK00944,Sholinganallur,12.886431,80.234651,2023-04-01,347.0,21,0.488,3,73,Basic Shield,29,6,2,0,1,0,0
WRK00945,Guindy,13.009364,80.214146,2020-04-01,781.0,14,0.362,1,81,Basic Shield,29,5,1,1,1,0,1
WRK00946,T Nagar,13.021015,80.215668,2015-03-01,847.0,12,0.372,4,80,Basic Shield,29,6,3,0,1,1,0
WRK00947,Porur,13.045048,80.148905,2017-04-01,482.0,13,0.473,1,78,Basic Shield,29,8,3,0,1,1,0
WRK00948,Sholinganallur,12.919078,80.235179,2024-12-01,458.0,12,0.51,4,76,Basic Shield,29,7,0,0,1,0,0
WRK00949,Tambaram,12.941215,80.09811,2021-04-01,605.0,24,0.309,5,76,Basic Shield,29,5,1,0,1,0,0
WRK00950,Velachery,12.983259,80.235229,2016-03-01,551.0,19,0.129,2,83,Basic Shield,29,5,0,0,1,0,0
WRK00951,Porur,13.049632,80.150919,2017-07-01,715.0,15,0.143,1,84,Basic Shield,29,8,0,0,1,0,0
WRK00952,Tambaram,12.934864,80.08279,2018-03-01,553.0,16,0.188,1,83,Basic Shield,29,8,4,0,1,1,0
WRK00953,Anna Nagar,13.088002,80.218889,2015-04-01,637.0,18,0.212,2,81,Basic Shield,29,6,2,0,1,0,0
WRK00954,Guindy,12.992957,80.228333,2017-02-01,766.0,17,0.34,7,75,Basic Shield,29,4,1,1,0,0,1
WRK00955,Anna Nagar,13.074858,80.220824,2019-11-01,508.0,17,0.652,1,73,Basic Shield,29,9,3,0,1,1,0
WRK00956,Anna Nagar,13.097901,80.217448,2023-08-01,830.0,17,0.356,3,79,Basic Shield,29,5,0,0,1,0,0
WRK00957,Tambaram,12.917398,80.111834,2016-10-01,688.0,10,0.057,4,88,Basic Shield,29,5,2,0,1,0,0
WRK00958,Chromepet,12.956723,80.136316,2017-08-01,556.0,22,0.386,4,76,Basic Shield,29,6,2,0,1,0,0
WRK00959,Velachery,12.973489,80.23478,2018-05-01,512.0,16,0.268,6,76,Basic Shield,29,3,4,0,0,1,0
WRK00960,Adyar,12.990049,80.262409,2020-10-01,601.0,12,0.402,0,82,Basic Shield,29,3,6,1,0,1,1
WRK00961,Chromepet,12.931726,80.128725,2019-11-01,552.0,19,0.245,0,82,Basic Shield,29,8,0,0,1,0,0
WRK00962,Chromepet,12.967347,80.157998,2017-06-01,670.0,18,0.205,1,83,Basic Shield,29,8,2,0,1,0,0
WRK00963,Porur,13.024058,80.139546,2018-01-01,649.0,14,0.397,3,78,Basic Shield,29,5,2,0,1,0,0
WRK00964,Tambaram,12.927721,80.081859,2023-08-01,604.0,12,0.17,2,85,Basic Shield,29,6,3,0,1,1,0
WRK00965,Adyar,12.987155,80.253856,2023-05-01,432.0,17,0.329,5,75,Basic Shield,29,5,1,1,1,0,1
WRK00966,Velachery,12.995725,80.205426,2022-12-01,569.0,25,0.575,1,75,Basic Shield,29,4,1,0,0,0,0
WRK00967,Sholinganallur,12.911634,80.238521,2018-05-01,417.0,10,0.033,4,87,Basic Shield,29,7,1,0,1,0,0
WRK00968,Velachery,12.973406,80.224169,2023-02-01,619.0,18,0.452,3,76,Basic Shield,29,7,1,0,1,0,0
WRK00969,T Nagar,13.047982,80.222856,2024-05-01,527.0,14,0.038,3,84,Basic Shield,29,6,1,0,1,0,0
WRK00970,Perambur,13.110064,80.222767,2016-12-01,842.0,22,0.218,2,82,Basic Shield,29,5,1,0,1,0,0
WRK00971,Porur,13.042463,80.164189,2024-04-01,563.0,15,0.045,7,79,Basic Shield,29,7,1,0,1,0,0
WRK00972,Anna Nagar,13.097568,80.22737,2021-12-01,533.0,14,0.101,4,82,Basic Shield,29,6,3,0,1,1,0
WRK00973,Perambur,13.12511,80.234566,2016-10-01,440.0,11,0.638,4,74,Basic Shield,29,4,3,0,0,1,0
WRK00974,Porur,13.042547,80.140197,2020-07-01,557.0,20,0.194,3,80,Basic Shield,29,5,3,0,1,1,0
WRK00975,Guindy,12.992068,80.217551,2019-07-01,620.0,22,0.451,5,74,Basic Shield,29,7,2,1,1,0,1
WRK00976,Chromepet,12.954058,80.149354,2020-08-01,377.0,18,0.361,6,73,Basic Shield,29,4,3,0,0,1,0
WRK00977,Perambur,13.098129,80.22775,2023-01-01,601.0,15,0.452,2,76,Basic Shield,29,3,0,0,0,0,0
WRK00978,Guindy,12.996948,80.240337,2021-12-01,566.0,20,0.538,4,73,Basic Shield,29,2,2,1,0,0,1
WRK00979,Anna Nagar,13.070455,80.196822,2018-11-01,404.0,20,0.206,3,79,Basic Shield,29,8,3,0,1,1,0
WRK00980,Perambur,13.120859,80.218998,2016-05-01,466.0,17,0.351,2,78,Basic Shield,29,10,2,0,1,0,0
WRK00981,T Nagar,13.05544,80.22724,2024-01-01,544.0,19,0.273,1,81,Basic Shield,29,5,1,0,1,0,0
WRK00982,T Nagar,13.035497,80.250108,2023-06-01,392.0,19,0.239,0,82,Basic Shield,29,8,0,0,1,0,0
WRK00983,Velachery,12.963353,80.236051,2024-01-01,501.0,13,0.315,2,81,Basic Shield,29,5,2,0,1,0,0
WRK00984,Sholinganallur,12.91264,80.237854,2021-04-01,865.0,13,0.16,2,86,Basic Shield,29,8,4,0,1,1,0
WRK00985,Velachery,12.99413,80.229302,2021-09-01,485.0,21,0.118,6,79,Basic Shield,29,3,1,0,0,0,0
WRK00986,Guindy,12.998456,80.21506,2017-03-01,719.0,23,0.266,0,83,Basic Shield,29,7,3,1,1,1,1
WRK00987,Porur,13.020572,80.154932,2022-03-01,480.0,22,0.34,2,78,Basic Shield,29,6,2,0,1,0,0
WRK00988,Chromepet,12.95512,80.130118,2016-10-01,675.0,16,0.503,3,75,Basic Shield,29,4,4,0,0,1,0
WRK00989,Adyar,12.992081,80.266801,2018-06-01,409.0,15,0.092,2,83,Basic Shield,29,2,1,1,0,0,1
WRK00990,Velachery,12.962942,80.209427,2022-12-01,628.0,22,0.104,5,81,Basic Shield,29,6,0,0,1,0,0
WRK00991,Anna Nagar,13.081108,80.215609,2017-05-01,652.0,12,0.281,0,85,Basic Shield,29,4,2,0,0,0,0
WRK00992,Tambaram,12.941046,80.082566,2024-07-01,724.0,13,0.331,5,79,Basic Shield,29,6,2,0,1,0,0
WRK00993,Sholinganallur,12.891285,80.218112,2022-04-01,607.0,13,0.223,4,81,Basic Shield,29,7,4,0,1,1,0
WRK00994,Porur,13.042241,80.173464,2020-02-01,600.0,17,0.313,5,76,Basic Shield,29,12,2,0,1,0,0
WRK00995,Chromepet,12.952198,80.151476,2018-07-01,638.0,21,0.338,4,77,Basic Shield,29,4,1,0,0,0,0
WRK00996,Porur,13.038167,80.162138,2020-12-01,786.0,19,0.672,2,73,Basic Shield,29,3,1,0,0,0,0
WRK00997,Tambaram,12.928109,80.119779,2024-12-01,614.0,21,0.189,4,80,Basic Shield,29,7,3,0,1,1,0
WRK00998,T Nagar,13.050028,80.2494,2021-04-01,524.0,15,0.296,2,79,Basic Shield,29,6,2,0,1,0,0
WRK00999,Velachery,12.992524,80.234941,2018-05-01,568.0,23,0.009,2,85,Basic Shield,29,5,2,0,1,0,0
WRK01000,Sholinganallur,12.881203,80.22972,2015-06-01,502.0,25,0.217,1,82,Basic Shield,29,6,3,0,1,1,0
WRK01001,Anna Nagar,13.100689,80.226167,2017-06-01,606.0,16,0.508,1,76,Basic Shield,29,10,2,0,1,0,0
WRK01002,T Nagar,13.047324,80.216671,2023-04-01,505.0,14,0.228,4,79,Basic Shield,29,2,1,0,0,0,0
WRK01003,Porur,13.030742,80.157308,2022-07-01,642.0,15,0.576,4,72,Basic Shield,29,9,7,0,1,1,0
WRK01004,Porur,13.019277,80.139122,2020-04-01,482.0,22,0.311,3,78,Basic Shield,29,6,3,0,1,1,0
WRK01005,Sholinganallur,12.904387,80.213926,2024-03-01,625.0,22,0.434,2,77,Basic Shield,29,5,2,0,1,0,0
WRK01006,Chromepet,12.959438,80.127016,2015-01-01,586.0,19,0.316,1,80,Basic Shield,29,10,5,0,1,1,0
WRK01007,Guindy,12.99437,80.207703,2020-02-01,807.0,23,0.365,1,80,Basic Shield,29,7,1,1,1,0,1
WRK01008,T Nagar,13.028803,80.249398,2023-12-01,358.0,13,0.224,6,78,Basic Shield,29,5,1,0,1,0,0
WRK01009,Velachery,12.981772,80.226416,2016-07-01,608.0,23,0.261,2,80,Basic Shield,29,6,2,0,1,0,0
WRK01010,Anna Nagar,13.082435,80.210226,2023-10-01,556.0,19,0.201,2,81,Basic Shield,29,10,0,0,1,0,0
WRK01011,Chromepet,12.953908,80.149219,2016-10-01,770.0,18,0.545,5,72,Basic Shield,29,7,1,0,1,0,0
WRK01012,Perambur,13.099974,80.230374,2024-11-01,722.0,15,0.141,3,82,Basic Shield,29,10,1,0,1,0,0
WRK01013,Velachery,12.985322,80.215869,2020-05-01,497.0,16,0.202,4,79,Basic Shield,29,3,2,0,0,0,0
WRK01014,Perambur,13.118086,80.251379,2021-08-01,858.0,14,0.02,2,87,Basic Shield,29,2,2,0,0,0,0
WRK01015,Perambur,13.09805,80.233936,2023-01-01,592.0,28,0.461,2,76,Basic Shield,29,10,1,0,1,0,0
WRK01016,Guindy,13.02175,80.229934,2023-08-01,594.0,11,0.356,5,79,Basic Shield,29,5,1,1,1,0,1
WRK01017,Adyar,12.990422,80.267469,2019-10-01,549.0,18,0.103,6,79,Basic Shield,29,5,4,1,1,1,1
WRK01018,Chromepet,12.965414,80.13495,2022-05-01,742.0,14,0.059,3,85,Basic Shield,29,8,2,0,1,0,0
WRK01019,Sholinganallur,12.893328,80.227865,2022-01-01,649.0,19,0.257,5,78,Basic Shield,29,2,1,0,0,0,0
WRK01020,Sholinganallur,12.908907,80.240915,2017-05-01,678.0,16,0.41,3,77,Basic Shield,29,9,1,0,1,0,0
WRK01021,Guindy,12.993636,80.239296,2019-03-01,606.0,16,0.126,4,81,Basic Shield,29,5,3,1,1,1,1
WRK01022,Anna Nagar,13.081627,80.221942,2024-09-01,810.0,21,0.424,6,74,Basic Shield,29,8,2,0,1,0,0
WRK01023,Adyar,12.987173,80.253943,2024-01-01,814.0,14,0.369,2,80,Basic Shield,29,8,0,1,1,0,1
WRK01024,Adyar,12.995804,80.267712,2017-05-01,571.0,22,0.588,1,75,Basic Shield,29,3,2,1,0,0,1
WRK01025,Porur,13.035159,80.164105,2020-04-01,558.0,17,0.172,4,80,Basic Shield,29,9,1,0,1,0,0
WRK01026,Velachery,12.968841,80.227552,2022-07-01,647.0,13,0.231,4,81,Basic Shield,29,7,4,0,1,1,0
WRK01027,Tambaram,12.910319,80.09834,2016-09-01,601.0,20,0.39,2,78,Basic Shield,29,1,2,0,0,0,0
WRK01028,Perambur,13.124608,80.220075,2022-03-01,732.0,22,0.265,2,81,Basic Shield,29,3,2,0,0,0,0
WRK01029,Perambur,13.118624,80.226748,2023-12-01,487.0,16,0.353,2,78,Basic Shield,29,4,5,0,0,1,0
WRK01030,T Nagar,13.047121,80.227508,2021-05-01,603.0,19,0.277,4,78,Basic Shield,29,8,0,0,1,0,0
WRK01031,Perambur,13.10438,80.24488,2019-09-01,415.0,22,0.203,1,82,Basic Shield,29,6,3,0,1,1,0
WRK01032,Tambaram,12.928246,80.09159,2024-09-01,499.0,33,0.289,2,79,Basic Shield,29,2,5,0,0,1,0
WRK01033,Velachery,12.972806,80.231663,2015-08-01,750.0,10,0.354,1,85,Basic Shield,29,16,1,0,1,0,0
WRK01034,Anna Nagar,13.078421,80.21879,2019-08-01,551.0,14,0.151,0,85,Basic Shield,29,5,2,0,1,0,0
WRK01035,Tambaram,12.920663,80.082438,2018-11-01,476.0,23,0.392,0,79,Basic Shield,29,1,4,0,0,1,0
WRK01036,Anna Nagar,13.103125,80.204198,2022-03-01,389.0,23,0.129,1,83,Basic Shield,29,4,5,0,0,1,0
WRK01037,Porur,13.023439,80.152895,2018-06-01,600.0,21,0.346,3,78,Basic Shield,29,10,3,0,1,1,0
WRK01038,Chromepet,12.940459,80.161684,2020-12-01,394.0,23,0.106,1,83,Basic Shield,29,8,1,0,1,0,0
WRK01039,Sholinganallur,12.891179,80.208274,2017-07-01,524.0,21,0.524,2,75,Basic Shield,29,7,0,0,1,0,0
WRK01040,T Nagar,13.052862,80.223176,2022-07-01,673.0,19,0.232,4,79,Basic Shield,29,10,0,0,1,0,0
WRK01041,Chromepet,12.932622,80.160337,2021-09-01,673.0,13,0.656,1,76,Basic Shield,29,6,0,0,1,0,0
WRK01042,Porur,13.027661,80.141696,2016-08-01,783.0,17,0.127,0,86,Basic Shield,29,5,2,0,1,0,0
WRK01043,Tambaram,12.913752,80.08955,2020-11-01,529.0,14,0.221,3,81,Basic Shield,29,5,0,0,1,0,0
WRK01044,Guindy,13.011978,80.206844,2015-07-01,748.0,17,0.765,5,68,Standard Shield,49,7,1,1,1,0,1
WRK01045,T Nagar,13.044339,80.22188,2016-02-01,609.0,20,0.127,1,84,Basic Shield,29,8,1,0,1,0,0
WRK01046,Velachery,12.993809,80.220542,2018-02-01,616.0,20,0.043,3,84,Basic Shield,29,4,3,0,0,1,0
WRK01047,Porur,13.021855,80.152562,2022-06-01,659.0,22,0.27,1,81,Basic Shield,29,5,0,0,1,0,0
WRK01048,Sholinganallur,12.892471,80.229183,2018-03-01,588.0,19,0.225,1,82,Basic Shield,29,5,2,0,1,0,0
WRK01049,Chromepet,12.941406,80.122811,2016-11-01,331.0,19,0.166,0,83,Basic Shield,29,4,1,0,0,0,0
WRK01050,T Nagar,13.047775,80.246836,2015-03-01,558.0,21,0.4,2,77,Basic Shield,29,4,5,0,0,1,0
WRK01051,T Nagar,13.040294,80.236815,2017-10-01,491.0,23,0.066,5,81,Basic Shield,29,9,4,0,1,1,0
WRK01052,T Nagar,13.033535,80.216016,2024-06-01,499.0,29,0.138,2,82,Basic Shield,29,4,1,0,0,0,0
WRK01053,Porur,13.049866,80.16669,2017-01-01,710.0,9,0.131,2,89,Basic Shield,29,7,4,0,1,1,0
WRK01054,Anna Nagar,13.099875,80.22516,2016-06-01,511.0,22,0.276,5,77,Basic Shield,29,3,1,0,0,0,0
WRK01055,Velachery,12.996342,80.234308,2015-05-01,468.0,18,0.492,2,75,Basic Shield,29,6,3,0,1,1,0
WRK01056,Perambur,13.111507,80.215705,2023-12-01,563.0,24,0.34,8,73,Basic Shield,29,6,1,0,1,0,0
WRK01057,Adyar,12.998892,80.276059,2017-12-01,502.0,15,0.372,3,77,Basic Shield,29,4,2,1,0,0,1
WRK01058,Perambur,13.123025,80.245918,2016-06-01,346.0,14,0.151,5,79,Basic Shield,29,5,2,0,1,0,0
WRK01059,Adyar,13.003007,80.260039,2015-11-01,680.0,19,0.267,1,82,Basic Shield,29,2,2,1,0,0,1
WRK01060,Velachery,12.987363,80.23553,2023-12-01,733.0,22,0.404,4,76,Basic Shield,29,6,5,0,1,1,0
WRK01061,Porur,13.029204,80.162487,2018-01-01,719.0,14,0.575,2,76,Basic Shield,29,7,4,0,1,1,0
WRK01062,Guindy,13.019753,80.238985,2020-09-01,680.0,11,0.281,5,81,Basic Shield,29,9,3,1,1,1,1
WRK01063,Sholinganallur,12.884178,80.219009,2019-04-01,706.0,14,0.673,3,73,Basic Shield,29,11,2,0,1,0,0
WRK01064,Sholinganallur,12.882531,80.21226,2018-01-01,717.0,21,0.181,8,76,Basic Shield,29,3,4,0,0,1,0
WRK01065,T Nagar,13.02626,80.249987,2019-04-01,587.0,12,0.587,3,76,Basic Shield,29,4,4,0,0,1,0
WRK01066,Porur,13.039672,80.15682,2021-08-01,735.0,18,0.189,3,81,Basic Shield,29,6,2,0,1,0,0
WRK01067,Tambaram,12.90809,80.107227,2016-03-01,580.0,21,0.071,3,83,Basic Shield,29,8,4,0,1,1,0
WRK01068,Velachery,12.977724,80.214496,2019-09-01,518.0,16,0.05,3,83,Basic Shield,29,7,1,0,1,0,0
WRK01069,Velachery,12.989912,80.208742,2020-08-01,709.0,12,0.318,3,82,Basic Shield,29,6,1,0,1,0,0
WRK01070,Anna Nagar,13.108802,80.221365,2015-01-01,657.0,28,0.071,5,81,Basic Shield,29,5,2,0,1,0,0
WRK01071,Sholinganallur,12.885295,80.234724,2024-10-01,546.0,22,0.029,5,82,Basic Shield,29,5,3,0,1,1,0
WRK01072,Porur,13.038548,80.166269,2019-05-01,728.0,22,0.438,3,76,Basic Shield,29,5,4,0,1,1,0
WRK01073,Porur,13.040791,80.175789,2017-06-01,773.0,9,0.221,3,87,Basic Shield,29,9,1,0,1,0,0
WRK01074,Sholinganallur,12.914338,80.218862,2022-01-01,812.0,23,0.229,4,80,Basic Shield,29,8,2,0,1,0,0
WRK01075,Tambaram,12.922381,80.081174,2021-02-01,538.0,21,0.191,4,79,Basic Shield,29,4,3,0,0,1,0
WRK01076,Anna Nagar,13.070158,80.190456,2024-11-01,640.0,21,0.221,2,81,Basic Shield,29,7,4,0,1,1,0
WRK01077,Sholinganallur,12.891791,80.210636,2023-12-01,648.0,18,0.275,3,79,Basic Shield,29,6,3,0,1,1,0
WRK01078,Sholinganallur,12.886567,80.232949,2017-11-01,610.0,17,0.22,4,79,Basic Shield,29,7,5,0,1,1,0
WRK01079,Velachery,12.967862,80.231901,2018-03-01,449.0,17,0.192,3,80,Basic Shield,29,2,2,0,0,0,0
WRK01080,Chromepet,12.949883,80.142963,2020-01-01,461.0,19,0.524,3,73,Basic Shield,29,4,0,0,0,0,0
WRK01081,Chromepet,12.967196,80.1304,2019-12-01,623.0,14,0.333,3,79,Basic Shield,29,9,1,0,1,0,0
WRK01082,Perambur,13.117123,80.224306,2022-08-01,740.0,7,0.402,0,88,Basic Shield,29,6,3,0,1,1,0
WRK01083,Anna Nagar,13.07321,80.198627,2021-03-01,604.0,18,0.159,0,84,Basic Shield,29,2,1,0,0,0,0
WRK01084,Sholinganallur,12.898147,80.217608,2022-11-01,677.0,14,0.206,2,83,Basic Shield,29,7,0,0,1,0,0
WRK01085,Perambur,13.13328,80.229025,2018-05-01,422.0,17,0.122,4,80,Basic Shield,29,5,3,0,1,1,0
WRK01086,Perambur,13.134753,80.253544,2015-07-01,609.0,8,0.138,5,87,Basic Shield,29,8,2,0,1,0,0
WRK01087,Velachery,12.964642,80.227414,2024-04-01,443.0,16,0.565,0,75,Basic Shield,29,8,3,0,1,1,0
WRK01088,Sholinganallur,12.900695,80.232942,2024-02-01,526.0,18,0.193,3,80,Basic Shield,29,4,4,0,0,1,0
WRK01089,Velachery,12.97612,80.233463,2015-10-01,622.0,17,0.027,1,86,Basic Shield,29,3,3,0,0,1,0
WRK01090,Velachery,12.96314,80.232871,2016-08-01,445.0,22,0.346,4,76,Basic Shield,29,5,2,0,1,0,0
WRK01091,Tambaram,12.912526,80.102295,2022-02-01,551.0,19,0.436,5,74,Basic Shield,29,7,0,0,1,0,0
WRK01092,Sholinganallur,12.901262,80.225438,2023-05-01,690.0,22,0.41,1,79,Basic Shield,29,8,0,0,1,0,0
WRK01093,Sholinganallur,12.916533,80.245521,2024-08-01,582.0,16,0.093,0,86,Basic Shield,29,6,3,0,1,1,0
WRK01094,Anna Nagar,13.100367,80.199523,2020-09-01,651.0,17,0.595,2,74,Basic Shield,29,7,3,0,1,1,0
WRK01095,T Nagar,13.041052,80.22068,2020-08-01,710.0,26,0.406,3,77,Basic Shield,29,10,0,0,1,0,0
WRK01096,Porur,13.021217,80.140305,2016-05-01,630.0,16,0.351,5,76,Basic Shield,29,7,4,0,1,1,0
WRK01097,Porur,13.047978,80.152562,2022-10-01,736.0,16,0.18,2,83,Basic Shield,29,4,1,0,0,0,0
WRK01098,Velachery,12.997383,80.234987,2016-07-01,494.0,13,0.226,7,77,Basic Shield,29,10,2,0,1,0,0
WRK01099,Guindy,12.994492,80.218582,2016-08-01,488.0,18,0.38,5,74,Basic Shield,29,9,4,1,1,1,1
WRK01100,Perambur,13.130413,80.251561,2022-11-01,362.0,11,0.231,6,80,Basic Shield,29,5,3,0,1,1,0
WRK01101,Tambaram,12.924133,80.09976,2021-07-01,428.0,8,0.128,3,88,Basic Shield,29,6,3,0,1,1,0
WRK01102,Velachery,12.996636,80.216816,2019-03-01,481.0,18,0.318,3,78,Basic Shield,29,7,4,0,1,1,0
WRK01103,Anna Nagar,13.081223,80.198282,2016-05-01,723.0,12,0.312,2,83,Basic Shield,29,7,3,0,1,1,0
WRK01104,Tambaram,12.94227,80.111645,2023-09-01,578.0,23,0.42,2,77,Basic Shield,29,8,0,0,1,0,0
WRK01105,Sholinganallur,12.89805,80.217222,2016-06-01,670.0,15,0.372,3,77,Basic Shield,29,5,2,0,1,0,0
WRK01106,T Nagar,13.025896,80.219207,2021-11-01,470.0,19,0.324,2,78,Basic Shield,29,10,2,0,1,0,0
WRK01107,Porur,13.018381,80.145523,2024-11-01,549.0,16,0.323,3,78,Basic Shield,29,10,3,0,1,1,0
WRK01108,Velachery,12.972691,80.231003,2018-07-01,497.0,12,0.218,3,83,Basic Shield,29,5,0,0,1,0,0
WRK01109,Anna Nagar,13.08506,80.212213,2024-02-01,706.0,16,0.036,5,82,Basic Shield,29,7,2,0,1,0,0
WRK01110,Velachery,12.985775,80.219623,2022-01-01,813.0,20,0.244,3,81,Basic Shield,29,8,1,0,1,0,0
WRK01111,Anna Nagar,13.096868,80.209349,2020-02-01,602.0,17,0.358,5,75,Basic Shield,29,8,1,0,1,0,0
WRK01112,Guindy,13.024839,80.209876,2018-12-01,671.0,12,0.14,4,84,Basic Shield,29,4,1,1,0,0,1
WRK01113,Porur,13.022738,80.14881,2021-11-01,593.0,17,0.254,2,80,Basic Shield,29,7,2,0,1,0,0
WRK01114,Chromepet,12.952124,80.129795,2018-09-01,560.0,18,0.046,5,81,Basic Shield,29,4,2,0,0,0,0
WRK01115,Tambaram,12.944487,80.091461,2023-01-01,709.0,24,0.333,2,79,Basic Shield,29,6,1,0,1,0,0
WRK01116,Perambur,13.132442,80.220299,2016-06-01,772.0,29,0.741,2,72,Basic Shield,29,6,4,0,1,1,0
WRK01117,Velachery,12.99757,80.221967,2016-12-01,415.0,21,0.306,1,79,Basic Shield,29,11,3,0,1,1,0
WRK01118,Sholinganallur,12.893616,80.230877,2019-04-01,749.0,19,0.075,2,85,Basic Shield,29,7,3,0,1,1,0
WRK01119,Porur,13.027537,80.172745,2017-04-01,828.0,11,0.283,5,82,Basic Shield,29,3,4,0,0,1,0
WRK01120,Porur,13.035063,80.16629,2016-08-01,402.0,15,0.368,5,74,Basic Shield,29,9,2,0,1,0,0
WRK01121,Velachery,12.981369,80.225887,2019-10-01,501.0,20,0.321,4,77,Basic Shield,29,7,0,0,1,0,0
WRK01122,Velachery,12.970327,80.217229,2016-03-01,549.0,29,0.312,4,77,Basic Shield,29,7,2,0,1,0,0
WRK01123,T Nagar,13.042529,80.250376,2023-02-01,627.0,27,0.211,5,78,Basic Shield,29,5,2,0,1,0,0
WRK01124,Adyar,13.020511,80.245383,2020-02-01,557.0,25,0.719,5,68,Standard Shield,49,4,3,1,0,1,1
WRK01125,Velachery,12.995768,80.217447,2022-07-01,495.0,16,0.502,1,76,Basic Shield,29,9,1,0,1,0,0
WRK01126,Anna Nagar,13.107311,80.226822,2017-06-01,614.0,19,0.365,3,77,Basic Shield,29,4,0,0,0,0,0
WRK01127,Chromepet,12.965179,80.149395,2018-01-01,614.0,27,0.392,3,77,Basic Shield,29,7,3,0,1,1,0
WRK01128,Tambaram,12.932386,80.104305,2019-12-01,583.0,16,0.286,8,74,Basic Shield,29,6,5,0,1,1,0
WRK01129,Porur,13.040913,80.160688,2024-02-01,432.0,19,0.533,4,72,Basic Shield,29,9,1,0,1,0,0
WRK01130,Anna Nagar,13.082745,80.203461,2023-03-01,688.0,16,0.273,1,81,Basic Shield,29,7,0,0,1,0,0
WRK01131,Tambaram,12.930617,80.110376,2015-02-01,650.0,21,0.245,0,83,Basic Shield,29,3,1,0,0,0,0
WRK01132,Adyar,12.998469,80.239571,2020-04-01,500.0,18,0.294,6,75,Basic Shield,29,3,1,1,0,0,1
WRK01133,Perambur,13.09965,80.221606,2023-04-01,393.0,18,0.106,4,80,Basic Shield,29,4,2,0,0,0,0
WRK01134,Guindy,13.008544,80.238038,2016-03-01,546.0,20,0.271,5,77,Basic Shield,29,2,0,1,0,0,1
WRK01135,Perambur,13.12089,80.219302,2018-06-01,414.0,18,0.46,2,75,Basic Shield,29,9,1,0,1,0,0
WRK01136,Chromepet,12.945834,80.158703,2015-02-01,507.0,15,0.229,4,78,Basic Shield,29,4,2,0,0,0,0
WRK01137,Sholinganallur,12.912014,80.243072,2015-02-01,510.0,15,0.011,2,85,Basic Shield,29,5,3,0,1,1,0
WRK01138,T Nagar,13.036681,80.214765,2023-12-01,692.0,31,0.07,1,86,Basic Shield,29,7,3,0,1,1,0
WRK01139,Tambaram,12.929312,80.098084,2017-08-01,675.0,24,0.081,4,82,Basic Shield,29,4,0,0,0,0,0
WRK01140,Chromepet,12.964828,80.150934,2024-02-01,645.0,17,0.332,2,79,Basic Shield,29,8,4,0,1,1,0
WRK01141,Chromepet,12.96356,80.132888,2024-04-01,552.0,15,0.315,2,79,Basic Shield,29,4,1,0,0,0,0
WRK01142,Chromepet,12.959979,80.125953,2018-06-01,631.0,18,0.309,3,78,Basic Shield,29,8,5,0,1,1,0
WRK01143,Porur,13.034454,80.173636,2017-05-01,518.0,13,0.347,4,78,Basic Shield,29,6,0,0,1,0,0
WRK01144,Sholinganallur,12.882471,80.247157,2023-03-01,447.0,16,0.208,3,80,Basic Shield,29,9,4,0,1,1,0
WRK01145,Anna Nagar,13.075663,80.220973,2017-08-01,554.0,24,0.23,2,81,Basic Shield,29,5,3,0,1,1,0
WRK01146,Perambur,13.104249,80.225053,2018-06-01,578.0,19,0.34,3,78,Basic Shield,29,4,1,0,0,0,0
WRK01147,Velachery,12.977791,80.20646,2017-07-01,830.0,23,0.319,5,77,Basic Shield,29,8,2,0,1,0,0
WRK01148,Adyar,12.989216,80.253486,2019-10-01,663.0,22,0.374,4,76,Basic Shield,29,9,1,1,1,0,1
WRK01149,Velachery,12.988557,80.236948,2020-08-01,503.0,19,0.06,3,83,Basic Shield,29,4,1,0,0,0,0
WRK01150,Porur,13.052467,80.152658,2020-03-01,741.0,14,0.05,1,87,Basic Shield,29,8,1,0,1,0,0
WRK01151,Perambur,13.120461,80.253087,2016-12-01,617.0,17,0.086,4,82,Basic Shield,29,4,1,0,0,0,0
WRK01152,Sholinganallur,12.90526,80.239483,2022-02-01,846.0,18,0.498,2,77,Basic Shield,29,4,2,0,0,0,0
WRK01153,Porur,13.052815,80.143991,2015-04-01,481.0,13,0.41,2,79,Basic Shield,29,5,3,0,1,1,0
WRK01154,Chromepet,12.965847,80.156077,2020-05-01,827.0,26,0.614,3,73,Basic Shield,29,3,2,0,0,0,0
WRK01155,Velachery,12.964822,80.226821,2023-12-01,627.0,25,0.094,4,82,Basic Shield,29,6,4,0,1,1,0
WRK01156,Chromepet,12.951769,80.144756,2023-04-01,355.0,18,0.095,3,81,Basic Shield,29,6,1,0,1,0,0
WRK01157,Chromepet,12.947303,80.131654,2024-10-01,566.0,7,0.52,1,84,Basic Shield,29,5,5,0,1,1,0
WRK01158,Chromepet,12.948453,80.146675,2024-03-01,872.0,15,0.131,0,86,Basic Shield,29,6,0,0,1,0,0
WRK01159,Guindy,13.0092,80.229156,2018-07-01,708.0,12,0.13,2,86,Basic Shield,29,4,5,1,0,1,1
WRK01160,Porur,13.048654,80.158736,2015-05-01,741.0,15,0.169,3,82,Basic Shield,29,4,2,0,0,0,0
WRK01161,Porur,13.023465,80.15581,2019-05-01,670.0,23,0.053,1,86,Basic Shield,29,3,4,0,0,1,0
WRK01162,Velachery,12.99365,80.213349,2015-11-01,300.0,17,0.299,1,79,Basic Shield,29,7,4,0,1,1,0
WRK01163,Velachery,12.992408,80.227399,2018-04-01,620.0,19,0.466,4,74,Basic Shield,29,12,1,0,1,0,0
WRK01164,Adyar,13.001612,80.24502,2018-03-01,624.0,11,0.08,0,90,Basic Shield,29,7,1,1,1,0,1
WRK01165,Chromepet,12.941635,80.148333,2016-12-01,560.0,24,0.449,3,75,Basic Shield,29,6,1,0,1,0,0
WRK01166,Anna Nagar,13.087918,80.218172,2022-03-01,480.0,21,0.26,3,79,Basic Shield,29,8,1,0,1,0,0
WRK01167,Chromepet,12.933581,80.130319,2021-11-01,602.0,19,0.383,2,78,Basic Shield,29,9,0,0,1,0,0
WRK01168,Adyar,12.99882,80.262207,2019-03-01,663.0,13,0.455,4,77,Basic Shield,29,5,2,1,1,0,1
WRK01169,Chromepet,12.943325,80.142832,2019-08-01,414.0,8,0.25,5,84,Basic Shield,29,4,2,0,0,0,0
WRK01170,Anna Nagar,13.077718,80.190778,2015-07-01,481.0,20,0.276,4,77,Basic Shield,29,5,4,0,1,1,0
WRK01171,Tambaram,12.916028,80.102315,2017-05-01,414.0,15,0.074,0,85,Basic Shield,29,6,1,0,1,0,0
WRK01172,Tambaram,12.931658,80.115509,2019-04-01,727.0,15,0.115,0,86,Basic Shield,29,6,2,0,1,0,0
WRK01173,Anna Nagar,13.096335,80.209845,2016-01-01,638.0,25,0.246,2,81,Basic Shield,29,4,3,0,0,1,0
WRK01174,Adyar,13.022129,80.25306,2021-07-01,531.0,9,0.297,7,80,Basic Shield,29,8,4,1,1,1,1
WRK01175,Velachery,12.991988,80.209755,2022-04-01,611.0,12,0.154,1,86,Basic Shield,29,7,1,0,1,0,0
WRK01176,Sholinganallur,12.896529,80.243098,2016-06-01,614.0,18,0.141,5,80,Basic Shield,29,7,6,0,1,1,0
WRK01177,Velachery,13.001327,80.213159,2016-02-01,550.0,20,0.295,2,79,Basic Shield,29,1,3,0,0,1,0
WRK01178,T Nagar,13.040228,80.236449,2021-03-01,686.0,20,0.36,4,77,Basic Shield,29,7,2,0,1,0,0
WRK01179,Adyar,12.995651,80.265113,2021-12-01,597.0,17,0.576,6,70,Basic Shield,29,7,2,1,1,0,1
WRK01180,Perambur,13.100315,80.222757,2017-05-01,713.0,22,0.254,4,79,Basic Shield,29,8,2,0,1,0,0
WRK01181,Guindy,13.016252,80.20822,2018-03-01,559.0,21,0.496,3,74,Basic Shield,29,7,2,1,1,0,1
WRK01182,Porur,13.032752,80.137024,2015-09-01,339.0,16,0.328,4,76,Basic Shield,29,9,3,0,1,1,0
WRK01183,Porur,13.034079,80.14685,2015-05-01,750.0,26,0.178,4,81,Basic Shield,29,5,2,0,1,0,0
WRK01184,Chromepet,12.955239,80.129704,2016-04-01,611.0,22,0.123,0,85,Basic Shield,29,4,4,0,0,1,0
WRK01185,Perambur,13.10895,80.247381,2022-12-01,554.0,17,0.096,2,83,Basic Shield,29,6,5,0,1,1,0
WRK01186,T Nagar,13.021309,80.215562,2017-11-01,483.0,20,0.467,5,73,Basic Shield,29,6,2,0,1,0,0
WRK01187,Velachery,12.965226,80.19906,2015-07-01,590.0,22,0.19,3,81,Basic Shield,29,8,3,0,1,1,0
WRK01188,Tambaram,12.915407,80.110636,2018-06-01,822.0,16,0.313,2,80,Basic Shield,29,8,0,0,1,0,0
WRK01189,Sholinganallur,12.913478,80.223078,2023-05-01,562.0,16,0.339,5,76,Basic Shield,29,7,2,0,1,0,0
WRK01190,Perambur,13.106155,80.229929,2017-01-01,685.0,14,0.293,5,78,Basic Shield,29,9,3,0,1,1,0
WRK01191,Porur,13.032748,80.176948,2019-01-01,664.0,17,0.27,5,77,Basic Shield,29,4,2,0,0,0,0
WRK01192,T Nagar,13.035777,80.241458,2021-11-01,695.0,16,0.412,4,76,Basic Shield,29,4,0,0,0,0,0
WRK01193,Velachery,12.963805,80.217786,2020-09-01,575.0,22,0.179,2,82,Basic Shield,29,9,1,0,1,0,0
WRK01194,Perambur,13.130154,80.2449,2023-01-01,501.0,20,0.123,2,83,Basic Shield,29,7,0,0,1,0,0
WRK01195,Chromepet,12.964485,80.150973,2024-04-01,523.0,16,0.203,3,80,Basic Shield,29,9,2,0,1,0,0
WRK01196,Perambur,13.09927,80.244163,2023-01-01,417.0,17,0.326,2,78,Basic Shield,29,5,2,0,1,0,0
WRK01197,Sholinganallur,12.918268,80.225666,2020-09-01,700.0,23,0.746,0,73,Basic Shield,29,4,3,0,0,1,0
WRK01198,Guindy,13.007565,80.207713,2018-03-01,542.0,15,0.332,4,77,Basic Shield,29,6,3,1,1,1,1
WRK01199,T Nagar,13.019977,80.231534,2024-02-01,600.0,30,0.166,9,75,Basic Shield,29,6,2,0,1,0,0
WRK01200,Adyar,13.008865,80.255039,2015-10-01,644.0,16,0.348,4,77,Basic Shield,29,6,4,1,1,1,1
WRK01201,Perambur,13.127499,80.225587,2018-08-01,556.0,20,0.218,1,82,Basic Shield,29,5,0,0,1,0,0
WRK01202,Perambur,13.124932,80.237099,2022-02-01,399.0,15,0.282,2,79,Basic Shield,29,5,1,0,1,0,0
WRK01203,Anna Nagar,13.086453,80.216858,2016-11-01,653.0,15,0.433,0,79,Basic Shield,29,6,1,0,1,0,0
WRK01204,Tambaram,12.939645,80.118589,2023-10-01,526.0,25,0.351,3,77,Basic Shield,29,4,1,0,0,0,0
WRK01205,Perambur,13.131769,80.242216,2023-06-01,334.0,17,0.199,4,78,Basic Shield,29,2,0,0,0,0,0
WRK01206,Anna Nagar,13.105051,80.207473,2018-12-01,658.0,17,0.141,3,82,Basic Shield,29,7,2,0,1,0,0
WRK01207,Chromepet,12.965198,80.123478,2017-12-01,406.0,22,0.288,2,79,Basic Shield,29,3,4,0,0,1,0
WRK01208,T Nagar,13.039875,80.225331,2020-04-01,754.0,15,0.04,2,85,Basic Shield,29,10,1,0,1,0,0
WRK01209,Velachery,12.985422,80.206479,2024-02-01,531.0,22,0.351,2,78,Basic Shield,29,7,3,0,1,1,0
WRK01210,Adyar,13.004236,80.238442,2022-07-01,519.0,14,0.165,3,82,Basic Shield,29,5,2,1,1,0,1
WRK01211,Adyar,13.024534,80.245591,2021-01-01,689.0,14,0.029,2,86,Basic Shield,29,4,3,1,0,1,1
WRK01212,Guindy,13.025496,80.21632,2024-11-01,599.0,19,0.232,1,82,Basic Shield,29,11,2,1,1,0,1
WRK01213,Porur,13.055097,80.142076,2015-05-01,609.0,16,0.309,6,75,Basic Shield,29,7,2,0,1,0,0
WRK01214,Tambaram,12.917711,80.095255,2021-05-01,570.0,16,0.373,5,75,Basic Shield,29,7,2,0,1,0,0
WRK01215,Chromepet,12.946055,80.14911,2015-05-01,661.0,16,0.611,6,70,Basic Shield,29,8,1,0,1,0,0
WRK01216,Anna Nagar,13.105194,80.197403,2024-05-01,690.0,17,0.478,0,78,Basic Shield,29,6,6,0,1,1,0
WRK01217,Adyar,13.017835,80.247802,2015-02-01,617.0,18,0.483,2,76,Basic Shield,29,2,0,1,0,0,1
WRK01218,Tambaram,12.927654,80.092322,2024-06-01,408.0,19,0.355,3,76,Basic Shield,29,5,2,0,1,0,0
WRK01219,Guindy,13.020202,80.210435,2018-06-01,491.0,20,0.083,3,82,Basic Shield,29,8,0,1,1,0,1
WRK01220,T Nagar,13.050563,80.244763,2023-10-01,762.0,13,0.102,2,86,Basic Shield,29,5,1,0,1,0,0
WRK01221,Perambur,13.1223,80.216106,2022-08-01,587.0,19,0.565,1,75,Basic Shield,29,5,2,0,1,0,0
WRK01222,Perambur,13.113052,80.219712,2016-02-01,776.0,25,0.279,6,77,Basic Shield,29,5,4,0,1,1,0
WRK01223,Adyar,13.008161,80.273472,2017-10-01,641.0,17,0.37,2,78,Basic Shield,29,9,1,1,1,0,1
WRK01224,Sholinganallur,12.898099,80.245701,2016-10-01,422.0,23,0.225,3,79,Basic Shield,29,2,3,0,0,1,0
WRK01225,Velachery,12.99881,80.212719,2021-03-01,686.0,23,0.691,1,73,Basic Shield,29,12,4,0,1,1,0
WRK01226,Guindy,13.004395,80.218322,2018-02-01,399.0,17,0.077,4,81,Basic Shield,29,6,0,1,1,0,1
WRK01227,Porur,13.021858,80.156557,2020-10-01,448.0,24,0.309,2,79,Basic Shield,29,6,2,0,1,0,0
WRK01228,Adyar,13.007067,80.270493,2016-01-01,671.0,17,0.172,3,81,Basic Shield,29,6,0,1,1,0,1
WRK01229,Sholinganallur,12.898104,80.240762,2015-02-01,606.0,21,0.205,2,81,Basic Shield,29,4,6,0,0,1,0
WRK01230,Adyar,13.007095,80.25248,2017-08-01,432.0,22,0.476,0,77,Basic Shield,29,7,4,1,1,1,1
WRK01231,Sholinganallur,12.900008,80.237573,2018-06-01,503.0,23,0.358,7,73,Basic Shield,29,5,0,0,1,0,0
WRK01232,Perambur,13.100684,80.253435,2017-01-01,768.0,17,0.552,2,75,Basic Shield,29,3,4,0,0,1,0
WRK01233,Sholinganallur,12.894651,80.222308,2015-08-01,574.0,15,0.542,1,76,Basic Shield,29,4,1,0,0,0,0
WRK01234,Anna Nagar,13.096305,80.221256,2020-10-01,553.0,24,0.234,5,78,Basic Shield,29,3,3,0,0,1,0
WRK01235,Adyar,13.009561,80.244284,2023-03-01,503.0,22,0.346,3,77,Basic Shield,29,5,1,1,1,0,1
WRK01236,T Nagar,13.053776,80.249379,2021-10-01,779.0,17,0.11,4,82,Basic Shield,29,5,2,0,1,0,0
WRK01237,Guindy,12.991728,80.231596,2020-10-01,526.0,23,0.096,2,83,Basic Shield,29,11,2,1,1,0,1
WRK01238,Tambaram,12.922422,80.105012,2022-03-01,586.0,19,0.338,5,76,Basic Shield,29,7,2,0,1,0,0
WRK01239,Porur,13.04375,80.141643,2020-05-01,428.0,14,0.202,4,80,Basic Shield,29,8,1,0,1,0,0
WRK01240,Velachery,12.969135,80.207671,2021-12-01,440.0,13,0.097,3,84,Basic Shield,29,2,2,0,0,0,0
WRK01241,Tambaram,12.910611,80.106191,2021-09-01,391.0,27,0.153,3,80,Basic Shield,29,5,3,0,1,1,0
WRK01242,Anna Nagar,13.091886,80.211126,2021-08-01,716.0,18,0.33,3,78,Basic Shield,29,6,3,0,1,1,0
WRK01243,Tambaram,12.940186,80.089782,2021-05-01,681.0,18,0.197,0,84,Basic Shield,29,6,3,0,1,1,0
WRK01244,Velachery,12.972948,80.206439,2021-03-01,411.0,11,0.364,1,82,Basic Shield,29,6,2,0,1,0,0
WRK01245,Anna Nagar,13.09028,80.192727,2019-11-01,468.0,23,0.178,6,77,Basic Shield,29,2,3,0,0,1,0
WRK01246,Adyar,13.015097,80.23718,2016-10-01,461.0,15,0.4,7,72,Basic Shield,29,5,4,1,1,1,1
WRK01247,Guindy,13.010959,80.216571,2018-04-01,615.0,15,0.092,2,84,Basic Shield,29,3,2,1,0,0,1
WRK01248,Tambaram,12.915427,80.101162,2019-03-01,753.0,19,0.132,2,84,Basic Shield,29,4,1,0,0,0,0
WRK01249,Velachery,12.979985,80.232827,2023-05-01,658.0,20,0.366,1,79,Basic Shield,29,9,1,0,1,0,0
WRK01250,Sholinganallur,12.8841,80.231339,2017-10-01,573.0,17,0.486,1,77,Basic Shield,29,9,1,0,1,0,0
WRK01251,Porur,13.053072,80.139307,2019-05-01,569.0,31,0.65,4,70,Basic Shield,29,4,2,0,0,0,0
WRK01252,T Nagar,13.037384,80.219213,2015-04-01,492.0,18,0.727,6,66,Standard Shield,49,5,3,0,1,1,0
WRK01253,Adyar,13.001191,80.268618,2020-09-01,585.0,31,0.15,2,82,Basic Shield,29,7,3,1,1,1,1
WRK01254,Sholinganallur,12.906261,80.216899,2024-09-01,431.0,13,0.218,0,84,Basic Shield,29,3,1,0,0,0,0
WRK01255,Porur,13.029361,80.174847,2019-04-01,564.0,17,0.675,3,71,Basic Shield,29,3,2,0,0,0,0
WRK01256,Adyar,13.007556,80.265562,2023-12-01,477.0,17,0.303,3,78,Basic Shield,29,8,1,1,1,0,1
WRK01257,Velachery,12.969943,80.200977,2015-02-01,514.0,15,0.257,3,79,Basic Shield,29,11,4,0,1,1,0
WRK01258,T Nagar,13.028359,80.216348,2024-08-01,714.0,14,0.46,3,77,Basic Shield,29,5,4,0,1,1,0
WRK01259,T Nagar,13.035704,80.22045,2019-08-01,377.0,21,0.083,3,82,Basic Shield,29,5,0,0,1,0,0
WRK01260,Perambur,13.106655,80.240947,2021-04-01,551.0,17,0.375,0,80,Basic Shield,29,4,4,0,0,1,0
WRK01261,Guindy,13.010822,80.231403,2019-12-01,710.0,20,0.447,3,76,Basic Shield,29,10,3,1,1,1,1
WRK01262,Porur,13.021907,80.156549,2024-10-01,583.0,24,0.309,1,80,Basic Shield,29,9,2,0,1,0,0
WRK01263,Adyar,13.011315,80.257277,2018-10-01,620.0,20,0.522,1,76,Basic Shield,29,5,2,1,1,0,1
WRK01264,Anna Nagar,13.069609,80.206264,2020-11-01,567.0,16,0.313,3,78,Basic Shield,29,5,2,0,1,0,0
WRK01265,Sholinganallur,12.887347,80.241198,2019-08-01,670.0,19,0.241,4,79,Basic Shield,29,11,1,0,1,0,0
WRK01266,Adyar,13.007149,80.23715,2020-03-01,690.0,16,0.331,3,78,Basic Shield,29,7,1,1,1,0,1
WRK01267,Tambaram,12.942649,80.096944,2017-05-01,494.0,18,0.043,3,83,Basic Shield,29,7,1,0,1,0,0
WRK01268,Velachery,12.983538,80.214713,2023-02-01,488.0,24,0.433,0,78,Basic Shield,29,5,4,0,1,1,0
WRK01269,Velachery,12.967765,80.210701,2019-01-01,770.0,16,0.219,2,82,Basic Shield,29,8,1,0,1,0,0
WRK01270,Tambaram,12.929396,80.088356,2019-04-01,681.0,14,0.472,1,78,Basic Shield,29,6,2,0,1,0,0
WRK01271,Anna Nagar,13.100378,80.224309,2022-05-01,430.0,24,0.271,1,80,Basic Shield,29,5,4,0,1,1,0
WRK01272,T Nagar,13.050346,80.229085,2015-01-01,450.0,19,0.087,2,83,Basic Shield,29,6,2,0,1,0,0
WRK01273,Porur,13.029961,80.174449,2021-06-01,641.0,23,0.18,2,82,Basic Shield,29,6,2,0,1,0,0
WRK01274,Guindy,13.006851,80.230716,2023-08-01,786.0,17,0.503,3,75,Basic Shield,29,5,1,1,1,0,1
WRK01275,Sholinganallur,12.896517,80.229448,2018-05-01,388.0,19,0.209,2,80,Basic Shield,29,2,1,0,0,0,0
WRK01276,Sholinganallur,12.911288,80.223746,2016-01-01,702.0,14,0.302,2,81,Basic Shield,29,6,4,0,1,1,0
WRK01277,T Nagar,13.037404,80.239217,2015-03-01,300.0,15,0.414,2,76,Basic Shield,29,8,4,0,1,1,0
WRK01278,Sholinganallur,12.903097,80.224609,2019-06-01,383.0,25,0.41,1,77,Basic Shield,29,4,4,0,0,1,0
WRK01279,Velachery,12.973133,80.229188,2022-05-01,631.0,16,0.084,4,82,Basic Shield,29,6,3,0,1,1,0
WRK01280,Adyar,12.99601,80.252472,2021-11-01,422.0,19,0.07,2,83,Basic Shield,29,5,2,1,1,0,1
WRK01281,Adyar,12.988217,80.249282,2022-08-01,652.0,13,0.32,2,81,Basic Shield,29,6,1,1,1,0,1
WRK01282,Guindy,13.00846,80.208968,2020-10-01,794.0,14,0.634,2,75,Basic Shield,29,8,0,1,1,0,1
WRK01283,Adyar,13.018779,80.262107,2018-05-01,685.0,23,0.508,5,73,Basic Shield,29,2,3,1,0,1,1
WRK01284,Porur,13.038348,80.151738,2015-04-01,695.0,14,0.222,5,80,Basic Shield,29,8,3,0,1,1,0
WRK01285,Tambaram,12.905223,80.117384,2023-01-01,626.0,10,0.146,3,87,Basic Shield,29,7,1,0,1,0,0
WRK01286,Chromepet,12.958199,80.148075,2021-05-01,724.0,20,0.343,1,80,Basic Shield,29,5,0,0,1,0,0
WRK01287,Adyar,13.024969,80.273096,2016-01-01,542.0,12,0.212,4,82,Basic Shield,29,9,2,1,1,0,1
WRK01288,Porur,13.056149,80.138312,2020-06-01,625.0,26,0.531,2,75,Basic Shield,29,9,0,0,1,0,0
WRK01289,Tambaram,12.935227,80.102547,2015-09-01,585.0,20,0.298,2,79,Basic Shield,29,4,6,0,0,1,0
WRK01290,Perambur,13.113717,80.23892,2018-05-01,541.0,11,0.429,1,82,Basic Shield,29,8,2,0,1,0,0
WRK01291,Guindy,13.014944,80.211637,2017-10-01,447.0,12,0.06,6,83,Basic Shield,29,5,1,1,1,0,1
WRK01292,Sholinganallur,12.888726,80.223624,2016-11-01,933.0,19,0.333,3,80,Basic Shield,29,5,1,0,1,0,0
WRK01293,Velachery,12.998664,80.2144,2023-07-01,601.0,21,0.153,3,81,Basic Shield,29,7,2,0,1,0,0
WRK01294,Anna Nagar,13.106944,80.204818,2023-11-01,621.0,20,0.425,2,77,Basic Shield,29,6,3,0,1,1,0
WRK01295,Velachery,12.964932,80.219824,2018-10-01,920.0,20,0.054,2,86,Basic Shield,29,5,4,0,1,1,0
WRK01296,T Nagar,13.02653,80.245355,2017-02-01,892.0,26,0.402,6,75,Basic Shield,29,9,0,0,1,0,0
WRK01297,Velachery,12.973803,80.205009,2016-01-01,611.0,23,0.253,2,80,Basic Shield,29,5,1,0,1,0,0
WRK01298,Sholinganallur,12.898194,80.234846,2016-05-01,392.0,16,0.098,2,83,Basic Shield,29,5,1,0,1,0,0
WRK01299,Chromepet,12.956378,80.152552,2023-01-01,742.0,20,0.134,2,84,Basic Shield,29,12,1,0,1,0,0
WRK01300,Perambur,13.102631,80.221252,2020-08-01,714.0,22,0.324,1,81,Basic Shield,29,2,3,0,0,1,0
WRK01301,Sholinganallur,12.884267,80.231652,2023-07-01,597.0,19,0.268,6,76,Basic Shield,29,0,3,0,0,1,0
WRK01302,T Nagar,13.045218,80.228939,2017-04-01,572.0,13,0.143,6,81,Basic Shield,29,5,1,0,1,0,0
WRK01303,Perambur,13.122194,80.252241,2023-09-01,652.0,19,0.34,3,78,Basic Shield,29,4,2,0,0,0,0
WRK01304,Velachery,12.994781,80.22304,2017-07-01,684.0,18,0.195,3,81,Basic Shield,29,3,4,0,0,1,0
WRK01305,Perambur,13.119015,80.232051,2024-08-01,587.0,11,0.436,6,77,Basic Shield,29,4,5,0,0,1,0
WRK01306,Sholinganallur,12.900786,80.23382,2023-06-01,675.0,19,0.056,4,83,Basic Shield,29,8,3,0,1,1,0
WRK01307,Guindy,12.990897,80.216287,2024-06-01,621.0,13,0.345,4,79,Basic Shield,29,8,0,1,1,0,1
WRK01308,Sholinganallur,12.92063,80.235685,2023-09-01,648.0,17,0.114,3,82,Basic Shield,29,6,2,0,1,0,0
WRK01309,Adyar,13.015742,80.273462,2023-10-01,725.0,20,0.306,1,81,Basic Shield,29,10,2,1,1,0,1
WRK01310,Velachery,12.962398,80.201903,2017-05-01,750.0,12,0.299,7,78,Basic Shield,29,3,2,0,0,0,0
WRK01311,Chromepet,12.965552,80.136449,2020-07-01,538.0,23,0.227,6,77,Basic Shield,29,5,2,0,1,0,0
WRK01312,Adyar,13.004199,80.248043,2016-01-01,567.0,19,0.104,3,82,Basic Shield,29,8,3,1,1,1,1
WRK01313,Tambaram,12.935126,80.108224,2023-07-01,819.0,13,0.254,5,81,Basic Shield,29,8,1,0,1,0,0
WRK01314,Guindy,13.011265,80.229167,2024-02-01,461.0,17,0.171,3,80,Basic Shield,29,5,2,1,1,0,1
WRK01315,Anna Nagar,13.090689,80.202213,2023-12-01,580.0,22,0.301,1,80,Basic Shield,29,2,2,0,0,0,0
WRK01316,Chromepet,12.962383,80.161621,2019-11-01,522.0,12,0.34,3,80,Basic Shield,29,6,2,0,1,0,0
WRK01317,Tambaram,12.928415,80.112059,2022-02-01,650.0,13,0.367,1,81,Basic Shield,29,4,2,0,0,0,0
WRK01318,Adyar,13.006482,80.258061,2020-09-01,579.0,17,0.355,1,79,Basic Shield,29,4,2,1,0,0,1
WRK01319,Perambur,13.118459,80.219834,2020-04-01,647.0,28,0.034,5,82,Basic Shield,29,4,5,0,0,1,0
WRK01320,Sholinganallur,12.887095,80.2144,2022-01-01,609.0,25,0.352,0,81,Basic Shield,29,4,1,0,0,0,0
WRK01321,Porur,13.052376,80.160628,2018-01-01,381.0,19,0.649,0,73,Basic Shield,29,3,1,0,0,0,0
WRK01322,Tambaram,12.906188,80.081708,2021-08-01,679.0,15,0.411,9,71,Basic Shield,29,4,0,0,0,0,0
WRK01323,Anna Nagar,13.107141,80.216102,2024-11-01,698.0,18,0.401,3,77,Basic Shield,29,7,2,0,1,0,0
WRK01324,Perambur,13.105136,80.247237,2017-11-01,616.0,20,0.299,5,77,Basic Shield,29,10,2,0,1,0,0
WRK01325,Anna Nagar,13.099743,80.191945,2019-08-01,717.0,18,0.352,1,80,Basic Shield,29,8,4,0,1,1,0
WRK01326,Sholinganallur,12.903969,80.221949,2018-02-01,458.0,12,0.183,2,84,Basic Shield,29,9,0,0,1,0,0
WRK01327,Tambaram,12.912333,80.095598,2016-01-01,631.0,20,0.438,6,73,Basic Shield,29,3,0,0,0,0,0
WRK01328,Velachery,12.999346,80.22249,2020-02-01,563.0,19,0.537,4,73,Basic Shield,29,4,0,0,0,0,0
WRK01329,Adyar,12.994338,80.238397,2021-08-01,803.0,21,0.133,4,82,Basic Shield,29,6,2,1,1,0,1
WRK01330,Chromepet,12.96224,80.16077,2018-08-01,829.0,22,0.156,5,81,Basic Shield,29,6,1,0,1,0,0
WRK01331,Adyar,13.00734,80.24306,2015-07-01,822.0,21,0.503,4,75,Basic Shield,29,7,3,1,1,1,1
WRK01332,Tambaram,12.928552,80.100736,2021-04-01,368.0,15,0.426,2,76,Basic Shield,29,8,2,0,1,0,0
WRK01333,Perambur,13.106615,80.218267,2024-09-01,560.0,26,0.447,2,76,Basic Shield,29,4,3,0,0,1,0
WRK01334,Tambaram,12.921738,80.116842,2017-12-01,695.0,15,0.507,3,75,Basic Shield,29,1,3,0,0,1,0
WRK01335,Tambaram,12.917783,80.107221,2021-08-01,639.0,17,0.353,4,77,Basic Shield,29,5,4,0,1,1,0
WRK01336,Porur,13.034187,80.144751,2021-11-01,614.0,20,0.195,3,81,Basic Shield,29,5,0,0,1,0,0
WRK01337,Porur,13.054861,80.156851,2023-09-01,565.0,21,0.079,2,84,Basic Shield,29,5,1,0,1,0,0
WRK01338,Anna Nagar,13.08539,80.21917,2016-05-01,502.0,21,0.402,1,78,Basic Shield,29,3,1,0,0,0,0
WRK01339,Chromepet,12.955723,80.147263,2024-09-01,564.0,18,0.393,2,77,Basic Shield,29,11,3,0,1,1,0
WRK01340,Guindy,13.013951,80.235382,2019-06-01,686.0,21,0.191,3,81,Basic Shield,29,7,2,1,1,0,1
WRK01341,Anna Nagar,13.097759,80.217984,2016-04-01,496.0,15,0.167,2,82,Basic Shield,29,7,1,0,1,0,0
WRK01342,Perambur,13.110523,80.25356,2021-07-01,530.0,19,0.131,2,83,Basic Shield,29,5,1,0,1,0,0
WRK01343,Perambur,13.133462,80.249983,2023-08-01,442.0,24,0.193,4,79,Basic Shield,29,3,2,0,0,0,0
WRK01344,T Nagar,13.044746,80.23535,2019-10-01,613.0,13,0.231,1,84,Basic Shield,29,4,2,0,0,0,0
WRK01345,Tambaram,12.905677,80.119605,2022-10-01,742.0,23,0.633,3,73,Basic Shield,29,11,2,0,1,0,0
WRK01346,Adyar,13.024056,80.265245,2019-06-01,686.0,23,0.137,2,83,Basic Shield,29,6,3,1,1,1,1
WRK01347,Tambaram,12.943186,80.118795,2023-03-01,697.0,16,0.079,1,85,Basic Shield,29,4,1,0,0,0,0
WRK01348,Anna Nagar,13.071346,80.21927,2019-06-01,845.0,18,0.045,3,85,Basic Shield,29,5,0,0,1,0,0
WRK01349,Tambaram,12.925643,80.102813,2021-10-01,884.0,19,0.403,8,73,Basic Shield,29,7,0,0,1,0,0
WRK01350,Adyar,13.008138,80.238423,2017-04-01,659.0,15,0.164,0,85,Basic Shield,29,6,3,1,1,1,1
WRK01351,Velachery,12.997866,80.208748,2017-05-01,905.0,20,0.624,3,74,Basic Shield,29,4,5,0,0,1,0
WRK01352,Velachery,12.963216,80.225707,2018-06-01,787.0,21,0.126,4,82,Basic Shield,29,6,1,0,1,0,0
WRK01353,Chromepet,12.9523,80.139387,2018-11-01,468.0,23,0.277,4,77,Basic Shield,29,8,1,0,1,0,0
WRK01354,Tambaram,12.94166,80.085585,2023-11-01,538.0,24,0.189,2,81,Basic Shield,29,7,5,0,1,1,0
WRK01355,Adyar,13.016807,80.262112,2020-09-01,624.0,23,0.671,4,70,Basic Shield,29,3,3,1,0,1,1
WRK01356,Perambur,13.099613,80.243429,2015-06-01,496.0,22,0.509,1,76,Basic Shield,29,9,0,0,1,0,0
WRK01357,Sholinganallur,12.915214,80.242368,2019-06-01,666.0,15,0.075,2,84,Basic Shield,29,4,0,0,0,0,0
WRK01358,Chromepet,12.947821,80.160895,2016-01-01,425.0,20,0.367,4,75,Basic Shield,29,6,4,0,1,1,0
WRK01359,Guindy,13.000768,80.222791,2022-06-01,470.0,17,0.59,6,69,Standard Shield,49,7,3,1,1,1,1
WRK01360,Guindy,13.006983,80.221003,2023-04-01,647.0,18,0.058,7,80,Basic Shield,29,8,1,1,1,0,1
WRK01361,Guindy,13.002416,80.201207,2022-03-01,463.0,19,0.077,6,79,Basic Shield,29,8,1,1,1,0,1
WRK01362,T Nagar,13.026567,80.253231,2019-11-01,364.0,24,0.401,5,73,Basic Shield,29,5,1,0,1,0,0
WRK01363,Chromepet,12.957652,80.146036,2022-11-01,500.0,19,0.322,9,72,Basic Shield,29,4,2,0,0,0,0
WRK01364,Velachery,12.97621,80.227534,2019-01-01,656.0,13,0.39,2,80,Basic Shield,29,3,1,0,0,0,0
WRK01365,Anna Nagar,13.108995,80.209776,2017-01-01,634.0,13,0.25,2,83,Basic Shield,29,2,1,0,0,0,0
WRK01366,T Nagar,13.023962,80.241894,2019-11-01,565.0,17,0.188,2,82,Basic Shield,29,6,1,0,1,0,0
WRK01367,Velachery,12.976453,80.234917,2017-07-01,543.0,14,0.246,4,79,Basic Shield,29,6,0,0,1,0,0
WRK01368,Sholinganallur,12.882484,80.223394,2018-11-01,632.0,24,0.225,2,81,Basic Shield,29,9,1,0,1,0,0
WRK01369,Perambur,13.117865,80.228882,2018-11-01,594.0,18,0.09,4,82,Basic Shield,29,5,4,0,1,1,0
WRK01370,Adyar,13.011994,80.271639,2021-09-01,580.0,16,0.326,5,76,Basic Shield,29,5,0,1,1,0,1
WRK01371,Velachery,12.992381,80.21099,2020-07-01,634.0,23,0.476,1,77,Basic Shield,29,7,1,0,1,0,0
WRK01372,Tambaram,12.941669,80.107002,2017-04-01,352.0,24,0.093,5,79,Basic Shield,29,5,1,0,1,0,0
WRK01373,Porur,13.056191,80.157959,2015-03-01,551.0,22,0.319,2,79,Basic Shield,29,12,2,0,1,0,0
WRK01374,Perambur,13.126085,80.237367,2019-08-01,600.0,15,0.157,2,82,Basic Shield,29,2,2,0,0,0,0
WRK01375,Adyar,13.000805,80.257367,2018-11-01,703.0,21,0.72,3,71,Basic Shield,29,4,3,1,0,1,1
WRK01376,Anna Nagar,13.087487,80.230061,2020-06-01,534.0,19,0.338,2,78,Basic Shield,29,2,1,0,0,0,0
WRK01377,Perambur,13.123182,80.220032,2015-07-01,788.0,25,0.194,2,83,Basic Shield,29,8,3,0,1,1,0
WRK01378,Porur,13.027897,80.158336,2022-03-01,663.0,18,0.094,3,83,Basic Shield,29,7,3,0,1,1,0
WRK01379,Chromepet,12.936343,80.153799,2016-07-01,696.0,15,0.197,1,83,Basic Shield,29,3,3,0,0,1,0
WRK01380,Sholinganallur,12.906779,80.236953,2022-03-01,673.0,15,0.289,1,81,Basic Shield,29,9,2,0,1,0,0
WRK01381,Guindy,12.991364,80.223722,2020-09-01,629.0,11,0.111,4,85,Basic Shield,29,6,5,1,1,1,1
WRK01382,Sholinganallur,12.891127,80.214777,2020-01-01,435.0,16,0.272,3,78,Basic Shield,29,6,3,0,1,1,0
WRK01383,Adyar,13.023668,80.249436,2016-11-01,682.0,16,0.422,3,76,Basic Shield,29,3,0,1,0,0,1
WRK01384,Guindy,13.014466,80.209742,2019-08-01,620.0,24,0.324,4,77,Basic Shield,29,2,2,1,0,0,1
WRK01385,T Nagar,13.049994,80.216714,2017-01-01,586.0,19,0.2,3,80,Basic Shield,29,3,2,0,0,0,0
WRK01386,Tambaram,12.907903,80.086527,2017-10-01,430.0,20,0.169,5,78,Basic Shield,29,7,1,0,1,0,0
WRK01387,Adyar,13.014398,80.252158,2022-09-01,679.0,23,0.026,2,85,Basic Shield,29,7,2,1,1,0,1
WRK01388,Anna Nagar,13.079429,80.196382,2015-01-01,514.0,24,0.351,0,80,Basic Shield,29,6,1,0,1,0,0
WRK01389,Adyar,13.020154,80.266062,2020-03-01,781.0,22,0.236,1,83,Basic Shield,29,3,2,1,0,0,1
WRK01390,Tambaram,12.926288,80.108725,2021-04-01,702.0,14,0.16,5,81,Basic Shield,29,3,1,0,0,0,0
WRK01391,Sholinganallur,12.902698,80.236191,2022-10-01,656.0,22,0.678,6,68,Standard Shield,49,6,1,0,1,0,0
WRK01392,Velachery,12.972653,80.20758,2019-09-01,566.0,26,0.294,4,77,Basic Shield,29,3,1,0,0,0,0
WRK01393,Perambur,13.104508,80.242152,2018-08-01,638.0,14,0.275,4,79,Basic Shield,29,4,3,0,0,1,0
WRK01394,Anna Nagar,13.069291,80.222666,2015-07-01,643.0,7,0.183,2,90,Basic Shield,29,7,1,0,1,0,0
WRK01395,Perambur,13.122361,80.220958,2017-05-01,743.0,25,0.087,2,84,Basic Shield,29,9,5,0,1,1,0
WRK01396,T Nagar,13.034392,80.222776,2020-12-01,616.0,19,0.232,1,82,Basic Shield,29,3,0,0,0,0,0
WRK01397,Velachery,12.979266,80.230174,2020-02-01,552.0,12,0.096,3,85,Basic Shield,29,4,0,0,0,0,0
WRK01398,Velachery,12.964311,80.23223,2016-08-01,540.0,15,0.026,3,84,Basic Shield,29,6,4,0,1,1,0
WRK01399,Adyar,13.000568,80.269507,2022-07-01,605.0,21,0.307,0,81,Basic Shield,29,4,2,1,0,0,1
WRK01400,Anna Nagar,13.076794,80.226994,2015-09-01,385.0,14,0.337,2,79,Basic Shield,29,7,3,0,1,1,0
WRK01401,T Nagar,13.023645,80.231797,2019-03-01,708.0,21,0.32,3,79,Basic Shield,29,7,1,0,1,0,0
WRK01402,Tambaram,12.930626,80.080388,2018-09-01,604.0,20,0.094,4,82,Basic Shield,29,7,3,0,1,1,0
WRK01403,Porur,13.021893,80.153609,2017-08-01,791.0,20,0.321,2,80,Basic Shield,29,4,0,0,0,0,0
WRK01404,Porur,13.029601,80.142061,2023-07-01,746.0,23,0.232,1,83,Basic Shield,29,7,2,0,1,0,0
WRK01405,Guindy,13.01955,80.215344,2016-12-01,629.0,19,0.345,3,78,Basic Shield,29,12,3,1,1,1,1
WRK01406,Anna Nagar,13.079373,80.210617,2021-04-01,556.0,14,0.299,6,76,Basic Shield,29,3,1,0,0,0,0
WRK01407,Velachery,12.986975,80.198683,2019-04-01,676.0,17,0.525,3,74,Basic Shield,29,7,1,0,1,0,0
WRK01408,Anna Nagar,13.075066,80.205178,2021-02-01,427.0,15,0.373,2,77,Basic Shield,29,9,0,0,1,0,0
WRK01409,Sholinganallur,12.893797,80.227095,2017-11-01,545.0,13,0.205,2,83,Basic Shield,29,8,2,0,1,0,0
WRK01410,Tambaram,12.941234,80.091698,2016-11-01,594.0,17,0.269,4,78,Basic Shield,29,5,1,0,1,0,0
WRK01411,Guindy,13.019373,80.216136,2024-12-01,367.0,24,0.202,2,80,Basic Shield,29,4,2,1,0,0,1
WRK01412,Porur,13.036769,80.144986,2015-07-01,749.0,22,0.184,1,84,Basic Shield,29,8,1,0,1,0,0
WRK01413,T Nagar,13.044784,80.234779,2019-03-01,757.0,16,0.622,3,73,Basic Shield,29,10,2,0,1,0,0
WRK01414,Chromepet,12.931904,80.153493,2017-07-01,598.0,22,0.108,3,82,Basic Shield,29,7,1,0,1,0,0
WRK01415,Perambur,13.118225,80.231489,2017-10-01,607.0,13,0.25,2,83,Basic Shield,29,3,4,0,0,1,0
WRK01416,Velachery,12.996662,80.199846,2015-05-01,654.0,14,0.119,6,80,Basic Shield,29,10,0,0,1,0,0
WRK01417,Sholinganallur,12.915576,80.232832,2018-07-01,698.0,19,0.079,6,80,Basic Shield,29,5,1,0,1,0,0
WRK01418,Sholinganallur,12.898282,80.216094,2020-04-01,698.0,16,0.133,4,81,Basic Shield,29,4,5,0,0,1,0
WRK01419,Velachery,12.983086,80.205918,2022-09-01,550.0,28,0.638,1,73,Basic Shield,29,1,3,0,0,1,0
WRK01420,Anna Nagar,13.10818,80.218736,2016-08-01,730.0,21,0.156,3,82,Basic Shield,29,4,3,0,0,1,0
WRK01421,Chromepet,12.97071,80.128308,2022-08-01,585.0,19,0.343,2,79,Basic Shield,29,8,1,0,1,0,0
WRK01422,Velachery,12.982533,80.21805,2018-12-01,595.0,8,0.592,9,74,Basic Shield,29,3,2,0,0,0,0
WRK01423,Velachery,12.988783,80.218728,2023-06-01,537.0,9,0.155,2,88,Basic Shield,29,6,3,0,1,1,0
WRK01424,Velachery,13.000174,80.214665,2021-11-01,661.0,24,0.367,4,76,Basic Shield,29,5,0,0,1,0,0
WRK01425,Tambaram,12.933036,80.087326,2020-02-01,406.0,17,0.645,2,72,Basic Shield,29,4,0,0,0,0,0
WRK01426,Tambaram,12.943949,80.088254,2018-09-01,701.0,14,0.387,5,76,Basic Shield,29,3,1,0,0,0,0
WRK01427,Sholinganallur,12.892655,80.215329,2020-01-01,709.0,22,0.265,3,80,Basic Shield,29,6,0,0,1,0,0
WRK01428,Perambur,13.122123,80.232319,2016-02-01,447.0,29,0.552,3,73,Basic Shield,29,8,1,0,1,0,0
WRK01429,Perambur,13.101996,80.250647,2015-11-01,500.0,19,0.335,4,76,Basic Shield,29,4,5,0,0,1,0
WRK01430,Sholinganallur,12.912447,80.232899,2021-07-01,648.0,24,0.4,1,79,Basic Shield,29,5,1,0,1,0,0
WRK01431,Anna Nagar,13.100651,80.208437,2020-12-01,687.0,15,0.593,7,69,Standard Shield,49,7,3,0,1,1,0
WRK01432,Sholinganallur,12.886641,80.209947,2024-01-01,599.0,12,0.046,1,89,Basic Shield,29,6,0,0,1,0,0
WRK01433,Chromepet,12.94566,80.161757,2024-02-01,605.0,21,0.444,4,75,Basic Shield,29,9,1,0,1,0,0
WRK01434,Guindy,12.998094,80.208487,2023-04-01,458.0,16,0.41,3,76,Basic Shield,29,4,2,1,0,0,1
WRK01435,Perambur,13.135616,80.220247,2023-10-01,675.0,15,0.086,2,84,Basic Shield,29,8,2,0,1,0,0
WRK01436,Porur,13.028112,80.144997,2018-05-01,553.0,13,0.431,5,76,Basic Shield,29,9,1,0,1,0,0
WRK01437,Guindy,13.000691,80.207314,2021-12-01,511.0,24,0.166,5,79,Basic Shield,29,2,0,1,0,0,1
WRK01438,Chromepet,12.936514,80.157916,2021-02-01,484.0,17,0.143,1,83,Basic Shield,29,8,4,0,1,1,0
WRK01439,Chromepet,12.940075,80.141605,2020-08-01,461.0,18,0.236,3,79,Basic Shield,29,9,2,0,1,0,0
WRK01440,Guindy,13.0025,80.223016,2019-06-01,395.0,24,0.598,1,74,Basic Shield,29,4,5,1,0,1,1
WRK01441,Adyar,13.023331,80.261571,2022-08-01,553.0,19,0.152,3,81,Basic Shield,29,4,1,1,0,0,1
WRK01442,Velachery,12.993588,80.215474,2020-08-01,636.0,22,0.207,4,80,Basic Shield,29,5,1,0,1,0,0
WRK01443,Guindy,12.99014,80.226637,2017-12-01,710.0,19,0.025,3,85,Basic Shield,29,5,2,1,1,0,1
WRK01444,Anna Nagar,13.101636,80.222884,2020-08-01,351.0,16,0.319,3,77,Basic Shield,29,5,4,0,1,1,0
WRK01445,Porur,13.034228,80.176946,2017-01-01,599.0,21,0.195,5,79,Basic Shield,29,4,0,0,0,0,0
WRK01446,Sholinganallur,12.88973,80.239135,2023-12-01,552.0,14,0.125,2,84,Basic Shield,29,7,1,0,1,0,0
WRK01447,T Nagar,13.022809,80.245339,2021-05-01,790.0,19,0.342,6,76,Basic Shield,29,7,1,0,1,0,0
WRK01448,Guindy,12.995177,80.237255,2015-01-01,629.0,18,0.352,4,77,Basic Shield,29,4,0,1,0,0,1
WRK01449,Anna Nagar,13.108711,80.191403,2021-02-01,572.0,15,0.371,6,74,Basic Shield,29,5,0,0,1,0,0
WRK01450,Sholinganallur,12.89271,80.227664,2022-05-01,748.0,22,0.317,3,79,Basic Shield,29,4,3,0,0,1,0
WRK01451,Perambur,13.126733,80.225556,2023-10-01,661.0,13,0.075,5,83,Basic Shield,29,4,4,0,0,1,0
WRK01452,Tambaram,12.930687,80.085536,2024-10-01,470.0,4,0.458,3,86,Basic Shield,29,7,3,0,1,1,0
WRK01453,Adyar,13.00506,80.265478,2015-12-01,749.0,9,0.194,3,87,Basic Shield,29,6,2,1,1,0,1
WRK01454,Perambur,13.115284,80.215621,2024-05-01,614.0,17,0.153,0,85,Basic Shield,29,8,3,0,1,1,0
WRK01455,Porur,13.030792,80.174505,2016-11-01,604.0,19,0.035,5,82,Basic Shield,29,11,1,0,1,0,0
WRK01456,Adyar,13.004773,80.257682,2015-02-01,450.0,15,0.159,3,81,Basic Shield,29,3,3,1,0,1,1
WRK01457,Velachery,13.000144,80.20492,2021-04-01,495.0,23,0.272,4,78,Basic Shield,29,5,2,0,1,0,0
WRK01458,Porur,13.056388,80.150655,2021-03-01,449.0,20,0.081,2,83,Basic Shield,29,6,4,0,1,1,0
WRK01459,Velachery,12.994458,80.236133,2022-01-01,527.0,13,0.474,4,76,Basic Shield,29,7,2,0,1,0,0
WRK01460,Porur,13.017403,80.175377,2018-05-01,656.0,15,0.224,0,83,Basic Shield,29,8,0,0,1,0,0
WRK01461,T Nagar,13.057429,80.238804,2024-06-01,721.0,15,0.154,3,82,Basic Shield,29,5,2,0,1,0,0
WRK01462,Guindy,13.007123,80.212044,2015-09-01,416.0,30,0.131,4,80,Basic Shield,29,5,3,1,1,1,1
WRK01463,Sholinganallur,12.917467,80.227707,2016-11-01,630.0,16,0.514,4,73,Basic Shield,29,4,0,0,0,0,0
WRK01464,Anna Nagar,13.091967,80.21939,2021-04-01,686.0,16,0.202,5,79,Basic Shield,29,4,3,0,0,1,0
WRK01465,T Nagar,13.031045,80.247205,2021-05-01,611.0,12,0.114,1,87,Basic Shield,29,8,2,0,1,0,0
WRK01466,Tambaram,12.924228,80.105894,2015-12-01,811.0,18,0.08,2,85,Basic Shield,29,7,2,0,1,0,0
WRK01467,Velachery,12.998721,80.206957,2018-01-01,612.0,18,0.299,1,81,Basic Shield,29,5,1,0,1,0,0
WRK01468,Guindy,13.011054,80.220505,2018-07-01,551.0,25,0.216,4,79,Basic Shield,29,6,0,1,1,0,1
WRK01469,Sholinganallur,12.908974,80.212194,2019-01-01,672.0,11,0.113,2,88,Basic Shield,29,9,1,0,1,0,0
WRK01470,Perambur,13.128634,80.252488,2018-09-01,571.0,16,0.235,3,80,Basic Shield,29,7,1,0,1,0,0
WRK01471,Anna Nagar,13.105642,80.193662,2022-05-01,462.0,13,0.328,1,81,Basic Shield,29,6,1,0,1,0,0
WRK01472,Adyar,12.99335,80.261109,2024-04-01,539.0,14,0.442,6,73,Basic Shield,29,3,1,1,0,0,1
WRK01473,Porur,13.039557,80.143258,2017-05-01,309.0,8,0.093,2,89,Basic Shield,29,12,3,0,1,1,0
WRK01474,Sholinganallur,12.91691,80.223866,2020-04-01,530.0,20,0.382,2,78,Basic Shield,29,3,4,0,0,1,0
WRK01475,Guindy,12.993477,80.224077,2022-09-01,671.0,19,0.24,3,80,Basic Shield,29,7,5,1,1,1,1
WRK01476,Porur,13.026892,80.175424,2016-01-01,667.0,15,0.085,0,86,Basic Shield,29,7,1,0,1,0,0
WRK01477,Velachery,13.000321,80.231278,2016-12-01,615.0,14,0.36,1,80,Basic Shield,29,6,1,0,1,0,0
WRK01478,Tambaram,12.910367,80.083777,2024-01-01,739.0,15,0.14,1,84,Basic Shield,29,5,1,0,1,0,0
WRK01479,Tambaram,12.928039,80.103718,2015-08-01,534.0,13,0.288,2,81,Basic Shield,29,6,0,0,1,0,0
WRK01480,Perambur,13.123592,80.224297,2021-06-01,711.0,15,0.51,6,72,Basic Shield,29,5,5,0,1,1,0
WRK01481,Porur,13.033099,80.148018,2021-01-01,457.0,24,0.158,3,81,Basic Shield,29,6,2,0,1,0,0
WRK01482,Adyar,12.993332,80.258984,2017-03-01,842.0,19,0.469,2,77,Basic Shield,29,6,1,1,1,0,1
WRK01483,T Nagar,13.028938,80.221404,2017-06-01,552.0,30,0.228,3,80,Basic Shield,29,5,1,0,1,0,0
WRK01484,Adyar,12.995944,80.241679,2015-05-01,400.0,16,0.338,0,80,Basic Shield,29,10,6,1,1,1,1
WRK01485,Sholinganallur,12.890143,80.223356,2018-07-01,367.0,19,0.18,5,78,Basic Shield,29,6,1,0,1,0,0
WRK01486,Porur,13.03049,80.162927,2022-01-01,594.0,23,0.322,2,79,Basic Shield,29,9,1,0,1,0,0
WRK01487,Anna Nagar,13.077957,80.227386,2015-10-01,387.0,24,0.62,3,71,Basic Shield,29,6,2,0,1,0,0
WRK01488,Sholinganallur,12.893048,80.240433,2016-09-01,735.0,11,0.305,4,82,Basic Shield,29,3,3,0,0,1,0
WRK01489,Sholinganallur,12.902433,80.2299,2024-07-01,498.0,11,0.096,5,84,Basic Shield,29,5,2,0,1,0,0
WRK01490,Porur,13.031447,80.147833,2021-05-01,423.0,16,0.129,2,82,Basic Shield,29,9,2,0,1,0,0
WRK01491,Porur,13.031517,80.174642,2021-07-01,667.0,14,0.025,4,84,Basic Shield,29,9,3,0,1,1,0
WRK01492,Perambur,13.122778,80.244979,2017-03-01,628.0,23,0.04,2,85,Basic Shield,29,6,3,0,1,1,0
WRK01493,Guindy,12.989954,80.227842,2020-07-01,685.0,21,0.039,2,85,Basic Shield,29,7,4,1,1,1,1
WRK01494,Sholinganallur,12.91803,80.217672,2023-10-01,463.0,22,0.632,1,73,Basic Shield,29,8,2,0,1,0,0
WRK01495,Adyar,13.001931,80.257252,2019-11-01,453.0,15,0.286,7,74,Basic Shield,29,6,1,1,1,0,1
WRK01496,Porur,13.045795,80.139948,2015-05-01,695.0,16,0.824,3,68,Standard Shield,49,7,2,0,1,0,0
WRK01497,Velachery,12.998996,80.207518,2022-05-01,307.0,18,0.486,4,72,Basic Shield,29,7,3,0,1,1,0
WRK01498,Perambur,13.115154,80.222855,2019-03-01,692.0,23,0.393,2,78,Basic Shield,29,8,1,0,1,0,0
WRK01499,Velachery,12.974361,80.198351,2022-12-01,597.0,17,0.135,2,83,Basic Shield,29,1,2,0,0,0,0
WRK01500,Tambaram,12.93125,80.102867,2017-02-01,739.0,23,0.223,4,80,Basic Shield,29,5,2,0,1,0,0
WRK01501,Chromepet,12.940936,80.154408,2019-11-01,686.0,14,0.618,2,75,Basic Shield,29,6,0,0,1,0,0
WRK01502,Chromepet,12.932855,80.126493,2022-03-01,452.0,24,0.117,7,77,Basic Shield,29,10,1,0,1,0,0
WRK01503,Chromepet,12.968556,80.142562,2015-03-01,493.0,15,0.448,1,77,Basic Shield,29,5,3,0,1,1,0
WRK01504,Chromepet,12.940929,80.148431,2023-02-01,716.0,15,0.636,2,73,Basic Shield,29,2,1,0,0,0,0
WRK01505,Perambur,13.119183,80.217945,2020-02-01,537.0,13,0.447,0,80,Basic Shield,29,3,2,0,0,0,0
WRK01506,Guindy,12.989352,80.208539,2018-10-01,528.0,23,0.147,5,79,Basic Shield,29,4,3,1,0,1,1
WRK01507,Velachery,12.983209,80.218274,2015-08-01,513.0,21,0.435,2,76,Basic Shield,29,2,2,0,0,0,0
WRK01508,Perambur,13.111374,80.237289,2020-10-01,629.0,15,0.636,4,71,Basic Shield,29,4,4,0,0,1,0
WRK01509,T Nagar,13.052422,80.253799,2021-04-01,628.0,14,0.1,3,84,Basic Shield,29,5,1,0,1,0,0
WRK01510,T Nagar,13.02687,80.227497,2015-07-01,629.0,19,0.17,3,81,Basic Shield,29,7,3,0,1,1,0
WRK01511,Chromepet,12.963489,80.158248,2018-05-01,719.0,21,0.665,4,71,Basic Shield,29,5,1,0,1,0,0
WRK01512,Velachery,12.985402,80.208071,2022-11-01,587.0,15,0.097,3,82,Basic Shield,29,6,3,0,1,1,0
WRK01513,Sholinganallur,12.900497,80.211664,2016-02-01,812.0,24,0.241,2,82,Basic Shield,29,11,4,0,1,1,0
WRK01514,Chromepet,12.953378,80.144696,2024-01-01,521.0,13,0.031,2,86,Basic Shield,29,7,1,0,1,0,0
WRK01515,Velachery,12.975231,80.210503,2020-12-01,556.0,19,0.211,1,82,Basic Shield,29,4,3,0,0,1,0
WRK01516,Velachery,12.964291,80.22779,2017-09-01,756.0,18,0.09,3,83,Basic Shield,29,4,4,0,0,1,0
WRK01517,Porur,13.055088,80.137716,2023-01-01,771.0,11,0.237,2,86,Basic Shield,29,6,2,0,1,0,0
WRK01518,Perambur,13.117517,80.240551,2018-12-01,680.0,20,0.358,0,81,Basic Shield,29,9,4,0,1,1,0
WRK01519,Adyar,12.998395,80.271294,2018-07-01,573.0,25,0.402,4,75,Basic Shield,29,6,2,1,1,0,1
WRK01520,Velachery,12.986865,80.219676,2021-11-01,455.0,15,0.385,4,75,Basic Shield,29,3,1,0,0,0,0
WRK01521,Chromepet,12.947456,80.157562,2022-11-01,638.0,28,0.253,2,81,Basic Shield,29,3,0,0,0,0,0
WRK01522,Tambaram,12.939072,80.115891,2015-08-01,383.0,19,0.039,2,84,Basic Shield,29,3,1,0,0,0,0
WRK01523,Velachery,12.986226,80.2081,2019-02-01,698.0,18,0.205,2,82,Basic Shield,29,5,2,0,1,0,0
WRK01524,Anna Nagar,13.078385,80.213139,2015-02-01,405.0,14,0.176,4,80,Basic Shield,29,5,2,0,1,0,0
WRK01525,Tambaram,12.942054,80.111663,2022-08-01,636.0,23,0.131,1,84,Basic Shield,29,7,2,0,1,0,0
WRK01526,Anna Nagar,13.093296,80.211213,2024-07-01,723.0,19,0.229,7,77,Basic Shield,29,10,1,0,1,0,0
WRK01527,Chromepet,12.96916,80.133026,2019-12-01,774.0,20,0.622,3,73,Basic Shield,29,11,4,0,1,1,0
WRK01528,Sholinganallur,12.917608,80.224682,2015-06-01,680.0,17,0.258,1,82,Basic Shield,29,4,3,0,0,1,0
WRK01529,T Nagar,13.047319,80.238429,2022-08-01,476.0,19,0.288,3,78,Basic Shield,29,5,3,0,1,1,0
WRK01530,Tambaram,12.905389,80.116235,2015-12-01,511.0,16,0.31,3,78,Basic Shield,29,7,1,0,1,0,0
WRK01531,Chromepet,12.955127,80.147074,2024-07-01,684.0,20,0.097,4,82,Basic Shield,29,4,2,0,0,0,0
WRK01532,Velachery,12.993348,80.223668,2022-03-01,751.0,21,0.209,1,83,Basic Shield,29,3,2,0,0,0,0
WRK01533,Adyar,13.006215,80.271229,2015-05-01,626.0,22,0.106,3,83,Basic Shield,29,8,7,1,1,1,1
WRK01534,T Nagar,13.031647,80.235821,2021-03-01,482.0,20,0.631,1,73,Basic Shield,29,6,1,0,1,0,0
WRK01535,Chromepet,12.952443,80.158087,2019-07-01,433.0,17,0.107,9,76,Basic Shield,29,7,3,0,1,1,0
WRK01536,T Nagar,13.031592,80.234038,2021-09-01,512.0,12,0.226,2,84,Basic Shield,29,12,3,0,1,1,0
WRK01537,Adyar,12.989447,80.243979,2020-02-01,782.0,20,0.257,4,79,Basic Shield,29,4,2,1,0,0,1
WRK01538,Porur,13.029206,80.151577,2015-07-01,692.0,20,0.218,3,81,Basic Shield,29,10,2,0,1,0,0
WRK01539,Sholinganallur,12.917676,80.234217,2024-12-01,758.0,11,0.319,2,84,Basic Shield,29,3,5,0,0,1,0
WRK01540,Velachery,12.984862,80.223288,2017-11-01,527.0,19,0.53,2,75,Basic Shield,29,4,3,0,0,1,0
WRK01541,Perambur,13.116593,80.242422,2016-10-01,778.0,16,0.186,3,82,Basic Shield,29,10,1,0,1,0,0
WRK01542,Anna Nagar,13.092011,80.197649,2021-08-01,690.0,18,0.158,3,82,Basic Shield,29,6,3,0,1,1,0
WRK01543,Chromepet,12.969856,80.129157,2018-07-01,586.0,27,0.214,4,79,Basic Shield,29,7,3,0,1,1,0
WRK01544,Velachery,12.990023,80.226162,2020-05-01,428.0,11,0.106,2,87,Basic Shield,29,8,2,0,1,0,0
WRK01545,Porur,13.029841,80.172181,2018-02-01,632.0,18,0.321,3,78,Basic Shield,29,10,1,0,1,0,0
WRK01546,Sholinganallur,12.916891,80.232904,2024-02-01,666.0,16,0.285,1,81,Basic Shield,29,4,0,0,0,0,0
WRK01547,Anna Nagar,13.088721,80.20458,2020-03-01,627.0,18,0.425,4,75,Basic Shield,29,9,0,0,1,0,0
WRK01548,Sholinganallur,12.907961,80.21764,2019-12-01,381.0,14,0.173,2,82,Basic Shield,29,5,1,0,1,0,0
WRK01549,Adyar,13.024589,80.251471,2023-11-01,374.0,23,0.227,6,76,Basic Shield,29,9,1,1,1,0,1
WRK01550,Perambur,13.104431,80.248961,2022-06-01,473.0,26,0.502,3,74,Basic Shield,29,3,3,0,0,1,0
WRK01551,T Nagar,13.03683,80.221404,2017-08-01,351.0,18,0.183,2,81,Basic Shield,29,9,0,0,1,0,0
WRK01552,Adyar,12.98681,80.271682,2023-08-01,725.0,19,0.15,2,83,Basic Shield,29,8,4,1,1,1,1
WRK01553,Guindy,12.987737,80.20822,2021-08-01,668.0,25,0.214,2,82,Basic Shield,29,8,1,1,1,0,1
WRK01554,Velachery,12.971233,80.209903,2015-05-01,612.0,27,0.388,4,76,Basic Shield,29,10,2,0,1,0,0
WRK01555,Porur,13.029696,80.171398,2018-11-01,630.0,17,0.426,4,75,Basic Shield,29,2,2,0,0,0,0
WRK01556,Velachery,12.995259,80.212658,2024-11-01,552.0,15,0.321,1,80,Basic Shield,29,7,0,0,1,0,0
WRK01557,Porur,13.029313,80.165066,2022-04-01,595.0,10,0.451,4,79,Basic Shield,29,5,3,0,1,1,0
WRK01558,Porur,13.030161,80.170177,2016-08-01,473.0,14,0.162,0,85,Basic Shield,29,3,3,0,0,1,0
WRK01559,Adyar,12.994117,80.264291,2024-06-01,500.0,13,0.352,5,77,Basic Shield,29,5,2,1,1,0,1
WRK01560,Anna Nagar,13.096184,80.223969,2017-02-01,372.0,18,0.387,2,77,Basic Shield,29,8,2,0,1,0,0
WRK01561,Velachery,12.995532,80.210317,2020-08-01,938.0,21,0.307,4,79,Basic Shield,29,7,0,0,1,0,0
WRK01562,Porur,13.036347,80.158644,2023-02-01,626.0,22,0.311,4,77,Basic Shield,29,3,3,0,0,1,0
WRK01563,Adyar,13.000578,80.269341,2023-11-01,675.0,27,0.231,5,78,Basic Shield,29,4,4,1,0,1,1
WRK01564,T Nagar,13.053108,80.223882,2017-07-01,702.0,12,0.064,4,86,Basic Shield,29,8,2,0,1,0,0
WRK01565,Porur,13.045698,80.150335,2024-05-01,601.0,27,0.25,0,83,Basic Shield,29,4,1,0,0,0,0
WRK01566,Perambur,13.119301,80.232719,2017-02-01,616.0,25,0.256,5,77,Basic Shield,29,7,2,0,1,0,0
WRK01567,Tambaram,12.944583,80.093788,2017-04-01,592.0,24,0.403,1,78,Basic Shield,29,3,3,0,0,1,0
WRK01568,Adyar,13.025533,80.252379,2024-05-01,313.0,23,0.02,5,81,Basic Shield,29,9,2,1,1,0,1
WRK01569,Sholinganallur,12.901979,80.21654,2016-10-01,816.0,18,0.414,4,76,Basic Shield,29,6,1,0,1,0,0
WRK01570,Sholinganallur,12.900806,80.20823,2018-03-01,741.0,17,0.119,1,85,Basic Shield,29,11,5,0,1,1,0
WRK01571,Adyar,12.987509,80.26018,2020-06-01,595.0,22,0.246,0,83,Basic Shield,29,9,2,1,1,0,1
WRK01572,Perambur,13.105006,80.224461,2024-04-01,777.0,10,0.373,1,85,Basic Shield,29,4,2,0,0,0,0
WRK01573,Guindy,13.021281,80.203437,2024-10-01,679.0,18,0.378,7,73,Basic Shield,29,9,3,1,1,1,1
WRK01574,Anna Nagar,13.105518,80.210689,2017-12-01,706.0,13,0.299,4,80,Basic Shield,29,4,2,0,0,0,0
WRK01575,Anna Nagar,13.069828,80.201029,2017-07-01,707.0,13,0.158,1,86,Basic Shield,29,7,3,0,1,1,0
WRK01576,Chromepet,12.951502,80.15583,2018-12-01,589.0,22,0.301,5,76,Basic Shield,29,8,3,0,1,1,0
WRK01577,Guindy,13.000829,80.221908,2022-04-01,748.0,21,0.418,2,78,Basic Shield,29,9,2,1,1,0,1
WRK01578,Adyar,13.016181,80.240691,2024-06-01,720.0,14,0.438,2,78,Basic Shield,29,3,1,1,0,0,1
WRK01579,T Nagar,13.031328,80.245234,2019-11-01,717.0,13,0.61,3,75,Basic Shield,29,4,3,0,0,1,0
WRK01580,Anna Nagar,13.08667,80.206086,2019-11-01,450.0,15,0.099,4,81,Basic Shield,29,4,4,0,0,1,0
WRK01581,Adyar,13.004115,80.24555,2021-09-01,527.0,24,0.089,2,83,Basic Shield,29,3,1,1,0,0,1
WRK01582,Perambur,13.100537,80.217603,2016-05-01,524.0,14,0.714,5,69,Standard Shield,49,8,0,0,1,0,0
WRK01583,Perambur,13.137464,80.222227,2024-11-01,644.0,14,0.549,5,73,Basic Shield,29,8,0,0,1,0,0
WRK01584,Velachery,12.979501,80.218164,2017-07-01,594.0,20,0.313,0,81,Basic Shield,29,2,2,0,0,0,0
WRK01585,Adyar,12.987991,80.266615,2016-08-01,419.0,24,0.204,3,80,Basic Shield,29,3,3,1,0,1,1
WRK01586,Sholinganallur,12.897502,80.237822,2019-07-01,497.0,12,0.401,2,80,Basic Shield,29,6,0,0,1,0,0
WRK01587,Perambur,13.119831,80.235959,2021-10-01,577.0,25,0.257,3,79,Basic Shield,29,8,0,0,1,0,0
WRK01588,Adyar,13.018943,80.250296,2018-01-01,811.0,15,0.323,1,81,Basic Shield,29,10,3,1,1,1,1
WRK01589,Perambur,13.10591,80.22799,2023-10-01,702.0,17,0.165,2,83,Basic Shield,29,4,3,0,0,1,0
WRK01590,Adyar,13.000061,80.274194,2018-04-01,750.0,21,0.151,1,84,Basic Shield,29,10,0,1,1,0,1
WRK01591,Guindy,13.008868,80.234125,2024-10-01,678.0,23,0.334,6,75,Basic Shield,29,8,4,1,1,1,1
WRK01592,Porur,13.041605,80.148177,2020-10-01,411.0,26,0.442,4,74,Basic Shield,29,8,2,0,1,0,0
WRK01593,T Nagar,13.041376,80.227535,2017-09-01,740.0,14,0.149,5,81,Basic Shield,29,6,2,0,1,0,0
WRK01594,Velachery,12.972846,80.23609,2021-08-01,747.0,17,0.269,5,78,Basic Shield,29,5,2,0,1,0,0
WRK01595,Guindy,13.005989,80.227279,2024-02-01,424.0,21,0.155,3,81,Basic Shield,29,3,0,1,0,0,1
WRK01596,Anna Nagar,13.071882,80.228017,2019-04-01,518.0,18,0.402,3,76,Basic Shield,29,7,0,0,1,0,0
WRK01597,Chromepet,12.941529,80.133761,2015-04-01,606.0,22,0.113,1,84,Basic Shield,29,4,2,0,0,0,0
WRK01598,Guindy,13.026272,80.222848,2018-06-01,625.0,29,0.253,3,80,Basic Shield,29,9,2,1,1,0,1
WRK01599,Tambaram,12.93191,80.085,2020-07-01,541.0,22,0.472,3,75,Basic Shield,29,5,2,0,1,0,0
WRK01600,Tambaram,12.925343,80.097453,2021-08-01,681.0,15,0.286,3,79,Basic Shield,29,5,3,0,1,1,0
WRK01601,Adyar,13.010127,80.250087,2016-08-01,300.0,17,0.226,3,78,Basic Shield,29,6,1,1,1,0,1
WRK01602,Perambur,13.136781,80.254723,2024-06-01,940.0,18,0.464,2,78,Basic Shield,29,7,3,0,1,1,0
WRK01603,Sholinganallur,12.917494,80.212843,2016-10-01,535.0,24,0.42,4,75,Basic Shield,29,3,1,0,0,0,0
WRK01604,Tambaram,12.920244,80.096411,2019-09-01,670.0,15,0.253,3,80,Basic Shield,29,6,2,0,1,0,0
WRK01605,Sholinganallur,12.884412,80.218789,2024-09-01,687.0,14,0.026,4,84,Basic Shield,29,10,3,0,1,1,0
WRK01606,Chromepet,12.948048,80.142925,2021-10-01,487.0,23,0.483,0,77,Basic Shield,29,9,2,0,1,0,0
WRK01607,Chromepet,12.934976,80.143391,2024-09-01,406.0,16,0.404,1,77,Basic Shield,29,8,3,0,1,1,0
WRK01608,Anna Nagar,13.097144,80.219457,2021-06-01,495.0,24,0.457,1,77,Basic Shield,29,4,3,0,0,1,0
WRK01609,Adyar,13.019442,80.242636,2019-02-01,562.0,25,0.267,5,77,Basic Shield,29,10,3,1,1,1,1
WRK01610,Adyar,13.003498,80.249356,2022-11-01,684.0,13,0.198,4,82,Basic Shield,29,6,1,1,1,0,1
WRK01611,T Nagar,13.020817,80.230863,2016-04-01,798.0,12,0.384,2,82,Basic Shield,29,4,3,0,0,1,0
WRK01612,Chromepet,12.934374,80.134106,2017-04-01,556.0,18,0.525,4,73,Basic Shield,29,8,2,0,1,0,0
WRK01613,Anna Nagar,13.075481,80.191957,2022-01-01,658.0,22,0.343,5,76,Basic Shield,29,3,4,0,0,1,0
WRK01614,T Nagar,13.046899,80.22804,2022-01-01,651.0,19,0.118,0,85,Basic Shield,29,7,0,0,1,0,0
WRK01615,T Nagar,13.037206,80.237252,2019-12-01,458.0,16,0.273,2,79,Basic Shield,29,3,1,0,0,0,0
WRK01616,Velachery,12.997902,80.202472,2024-12-01,579.0,17,0.371,4,76,Basic Shield,29,7,3,0,1,1,0
WRK01617,Velachery,12.974453,80.222063,2022-07-01,458.0,15,0.135,3,81,Basic Shield,29,11,1,0,1,0,0
WRK01618,Chromepet,12.970937,80.161056,2017-06-01,635.0,13,0.068,4,84,Basic Shield,29,7,1,0,1,0,0
WRK01619,Adyar,12.99086,80.259391,2024-11-01,630.0,13,0.42,2,79,Basic Shield,29,5,2,1,1,0,1
WRK01620,Adyar,12.995668,80.274487,2018-06-01,414.0,23,0.074,4,81,Basic Shield,29,6,3,1,1,1,1
WRK01621,Tambaram,12.937501,80.119894,2021-04-01,316.0,12,0.495,4,75,Basic Shield,29,9,3,0,1,1,0
WRK01622,Porur,13.019872,80.140024,2022-07-01,472.0,18,0.305,7,74,Basic Shield,29,6,4,0,1,1,0
WRK01623,Anna Nagar,13.108417,80.195684,2021-11-01,487.0,10,0.288,5,81,Basic Shield,29,4,1,0,0,0,0
WRK01624,Sholinganallur,12.884012,80.227942,2019-09-01,618.0,20,0.073,0,86,Basic Shield,29,4,1,0,0,0,0
WRK01625,Anna Nagar,13.077783,80.228499,2022-05-01,634.0,18,0.738,4,69,Standard Shield,49,10,1,0,1,0,0
WRK01626,Guindy,12.995348,80.211906,2015-08-01,720.0,18,0.202,4,80,Basic Shield,29,5,3,1,1,1,1
WRK01627,Velachery,12.992371,80.233673,2015-02-01,765.0,21,0.062,1,86,Basic Shield,29,5,1,0,1,0,0
WRK01628,Anna Nagar,13.104984,80.198016,2018-04-01,521.0,17,0.04,3,83,Basic Shield,29,9,3,0,1,1,0
WRK01629,Tambaram,12.930038,80.101168,2018-08-01,536.0,19,0.411,2,77,Basic Shield,29,9,4,0,1,1,0
WRK01630,Tambaram,12.921653,80.093527,2020-07-01,549.0,23,0.173,6,78,Basic Shield,29,4,2,0,0,0,0
WRK01631,Sholinganallur,12.88479,80.218592,2015-10-01,456.0,18,0.23,4,78,Basic Shield,29,8,1,0,1,0,0
WRK01632,Perambur,13.12772,80.241322,2018-08-01,476.0,19,0.156,4,80,Basic Shield,29,5,3,0,1,1,0
WRK01633,Tambaram,12.911576,80.108175,2017-05-01,607.0,12,0.42,4,78,Basic Shield,29,5,2,0,1,0,0
WRK01634,Adyar,12.987434,80.263715,2020-12-01,729.0,24,0.301,2,80,Basic Shield,29,10,4,1,1,1,1
WRK01635,Chromepet,12.95042,80.131092,2016-01-01,560.0,21,0.168,4,80,Basic Shield,29,7,5,0,1,1,0
WRK01636,Guindy,13.000701,80.234859,2017-01-01,476.0,18,0.512,3,74,Basic Shield,29,5,1,1,1,0,1
WRK01637,Porur,13.025241,80.158585,2020-04-01,706.0,17,0.264,1,82,Basic Shield,29,9,4,0,1,1,0
WRK01638,Anna Nagar,13.104431,80.223309,2021-02-01,610.0,19,0.467,0,78,Basic Shield,29,3,7,0,0,1,0
WRK01639,Adyar,12.997552,80.237201,2017-01-01,743.0,16,0.026,1,87,Basic Shield,29,6,4,1,1,1,1
WRK01640,Anna Nagar,13.079701,80.220652,2017-01-01,378.0,18,0.179,4,79,Basic Shield,29,6,0,0,1,0,0
WRK01641,Perambur,13.136756,80.232951,2016-08-01,428.0,15,0.444,6,72,Basic Shield,29,7,2,0,1,0,0
WRK01642,Velachery,12.986501,80.235337,2016-06-01,563.0,18,0.143,1,83,Basic Shield,29,6,0,0,1,0,0
WRK01643,Perambur,13.121354,80.244441,2019-12-01,654.0,10,0.186,2,87,Basic Shield,29,14,2,0,1,0,0
WRK01644,Guindy,12.991917,80.226538,2017-06-01,475.0,23,0.467,5,73,Basic Shield,29,3,2,1,0,0,1
WRK01645,Chromepet,12.970976,80.135703,2016-12-01,592.0,17,0.557,3,73,Basic Shield,29,7,1,0,1,0,0
WRK01646,Adyar,13.005967,80.23761,2018-06-01,714.0,17,0.241,2,81,Basic Shield,29,6,2,1,1,0,1
WRK01647,Velachery,12.969148,80.215368,2021-07-01,455.0,15,0.265,3,78,Basic Shield,29,5,2,0,1,0,0
WRK01648,Sholinganallur,12.882065,80.218869,2015-10-01,536.0,21,0.374,1,79,Basic Shield,29,11,3,0,1,1,0
WRK01649,T Nagar,13.034496,80.220111,2017-11-01,557.0,13,0.588,3,75,Basic Shield,29,6,1,0,1,0,0
WRK01650,Porur,13.052817,80.172759,2019-05-01,439.0,16,0.147,5,79,Basic Shield,29,12,1,0,1,0,0
WRK01651,Velachery,12.999502,80.225408,2018-02-01,519.0,13,0.399,3,78,Basic Shield,29,7,1,0,1,0,0
WRK01652,Chromepet,12.957744,80.133747,2023-02-01,656.0,21,0.129,3,82,Basic Shield,29,4,3,0,0,1,0
WRK01653,Porur,13.035492,80.170278,2021-10-01,526.0,25,0.285,2,79,Basic Shield,29,5,0,0,1,0,0
WRK01654,Perambur,13.136807,80.224625,2024-06-01,590.0,24,0.336,5,76,Basic Shield,29,7,3,0,1,1,0
WRK01655,Tambaram,12.939177,80.113281,2019-09-01,526.0,13,0.66,1,75,Basic Shield,29,9,3,0,1,1,0
WRK01656,Adyar,12.993625,80.239747,2021-09-01,645.0,18,0.439,0,79,Basic Shield,29,4,2,1,0,0,1
WRK01657,T Nagar,13.022898,80.246742,2018-11-01,605.0,22,0.318,5,76,Basic Shield,29,4,2,0,0,0,0
WRK01658,Tambaram,12.908093,80.09217,2022-05-01,414.0,20,0.339,1,79,Basic Shield,29,5,4,0,1,1,0
WRK01659,Tambaram,12.90908,80.094707,2023-02-01,758.0,16,0.48,3,76,Basic Shield,29,5,1,0,1,0,0
WRK01660,T Nagar,13.048914,80.243028,2015-07-01,600.0,19,0.237,1,82,Basic Shield,29,6,0,0,1,0,0
WRK01661,T Nagar,13.024886,80.217068,2021-11-01,523.0,19,0.359,0,80,Basic Shield,29,4,0,0,0,0,0
WRK01662,Guindy,13.022677,80.232487,2022-02-01,426.0,10,0.53,1,80,Basic Shield,29,9,3,1,1,1,1
WRK01663,Perambur,13.116033,80.223732,2019-09-01,559.0,13,0.273,8,76,Basic Shield,29,7,2,0,1,0,0
WRK01664,T Nagar,13.029424,80.216368,2020-11-01,732.0,22,0.061,1,86,Basic Shield,29,6,1,0,1,0,0
WRK01665,Velachery,12.987112,80.210617,2018-08-01,592.0,18,0.129,2,83,Basic Shield,29,3,2,0,0,0,0
WRK01666,Sholinganallur,12.896125,80.215064,2015-12-01,729.0,15,0.605,5,71,Basic Shield,29,7,1,0,1,0,0
WRK01667,Anna Nagar,13.104286,80.190605,2021-12-01,480.0,20,0.275,5,76,Basic Shield,29,7,1,0,1,0,0
WRK01668,Porur,13.039337,80.166502,2024-11-01,503.0,16,0.367,5,75,Basic Shield,29,11,4,0,1,1,0
WRK01669,Porur,13.04649,80.157197,2017-05-01,407.0,19,0.125,4,80,Basic Shield,29,1,1,0,0,0,0
WRK01670,Sholinganallur,12.896028,80.216598,2019-01-01,788.0,20,0.656,3,72,Basic Shield,29,6,0,0,1,0,0
WRK01671,Sholinganallur,12.916344,80.247293,2023-12-01,671.0,19,0.455,5,74,Basic Shield,29,7,1,0,1,0,0
WRK01672,Anna Nagar,13.097192,80.19948,2023-08-01,410.0,18,0.089,5,80,Basic Shield,29,4,1,0,0,0,0
WRK01673,Tambaram,12.944754,80.113373,2024-09-01,593.0,14,0.474,3,76,Basic Shield,29,4,1,0,0,0,0
WRK01674,Adyar,13.025171,80.245507,2019-02-01,673.0,18,0.314,4,78,Basic Shield,29,5,2,1,1,0,1
WRK01675,Sholinganallur,12.915605,80.232829,2016-09-01,534.0,24,0.15,5,79,Basic Shield,29,6,3,0,1,1,0
WRK01676,Anna Nagar,13.108679,80.212946,2024-06-01,762.0,14,0.188,1,85,Basic Shield,29,7,1,0,1,0,0
WRK01677,Anna Nagar,13.101939,80.19149,2020-08-01,567.0,15,0.092,3,82,Basic Shield,29,4,2,0,0,0,0
WRK01678,Adyar,13.00069,80.258837,2016-05-01,749.0,23,0.375,4,77,Basic Shield,29,9,2,1,1,0,1
WRK01679,T Nagar,13.026285,80.246655,2022-02-01,716.0,13,0.087,1,87,Basic Shield,29,4,1,0,0,0,0
WRK01680,Tambaram,12.938633,80.109607,2024-03-01,535.0,20,0.095,6,79,Basic Shield,29,10,1,0,1,0,0
WRK01681,Chromepet,12.932512,80.128148,2019-07-01,577.0,15,0.043,1,86,Basic Shield,29,4,3,0,0,1,0
WRK01682,Anna Nagar,13.079097,80.229681,2019-05-01,748.0,16,0.364,4,77,Basic Shield,29,4,3,0,0,1,0
WRK01683,Anna Nagar,13.093952,80.223918,2023-01-01,567.0,20,0.145,2,82,Basic Shield,29,6,1,0,1,0,0
WRK01684,Tambaram,12.937208,80.086809,2017-06-01,667.0,24,0.139,2,83,Basic Shield,29,9,1,0,1,0,0
WRK01685,Perambur,13.13415,80.250129,2021-02-01,562.0,24,0.092,4,81,Basic Shield,29,7,1,0,1,0,0
WRK01686,Chromepet,12.935702,80.159873,2019-03-01,485.0,20,0.151,4,80,Basic Shield,29,8,3,0,1,1,0
WRK01687,Adyar,13.024348,80.270282,2022-02-01,662.0,14,0.391,4,77,Basic Shield,29,5,2,1,1,0,1
WRK01688,Sholinganallur,12.904117,80.220043,2024-03-01,641.0,21,0.198,2,82,Basic Shield,29,4,0,0,0,0,0
WRK01689,Anna Nagar,13.085629,80.200551,2018-05-01,438.0,13,0.507,6,73,Basic Shield,29,9,5,0,1,1,0
WRK01690,Chromepet,12.967368,80.154361,2022-02-01,507.0,17,0.569,2,74,Basic Shield,29,5,3,0,1,1,0
WRK01691,Velachery,12.998982,80.231819,2016-01-01,598.0,17,0.334,1,80,Basic Shield,29,6,2,0,1,0,0
WRK01692,Tambaram,12.920435,80.091629,2024-02-01,374.0,21,0.156,0,83,Basic Shield,29,8,1,0,1,0,0
WRK01693,Sholinganallur,12.910719,80.21689,2019-09-01,509.0,8,0.227,2,88,Basic Shield,29,8,2,0,1,0,0
WRK01694,Sholinganallur,12.888532,80.247447,2021-09-01,564.0,20,0.034,2,85,Basic Shield,29,5,1,0,1,0,0
WRK01695,Guindy,13.024272,80.207707,2018-07-01,660.0,15,0.391,4,76,Basic Shield,29,4,1,1,0,0,1
WRK01696,Chromepet,12.932693,80.13328,2024-06-01,735.0,29,0.086,9,77,Basic Shield,29,8,0,0,1,0,0
WRK01697,Porur,13.029436,80.163444,2019-12-01,641.0,20,0.346,1,80,Basic Shield,29,4,5,0,0,1,0
WRK01698,Velachery,12.966117,80.228748,2024-06-01,646.0,23,0.536,3,74,Basic Shield,29,7,4,0,1,1,0
WRK01699,Porur,13.035869,80.151061,2022-06-01,674.0,21,0.301,3,79,Basic Shield,29,4,2,0,0,0,0
WRK01700,Tambaram,12.935463,80.095476,2024-03-01,722.0,14,0.039,3,85,Basic Shield,29,7,2,0,1,0,0
WRK01701,T Nagar,13.049778,80.233154,2018-12-01,558.0,21,0.292,1,80,Basic Shield,29,4,3,0,0,1,0
WRK01702,Porur,13.016853,80.153208,2023-06-01,563.0,28,0.287,2,80,Basic Shield,29,3,0,0,0,0,0
WRK01703,Guindy,13.003049,80.236004,2023-02-01,555.0,18,0.443,3,75,Basic Shield,29,5,3,1,1,1,1
WRK01704,Guindy,13.000067,80.221027,2015-03-01,582.0,21,0.175,2,82,Basic Shield,29,5,1,1,1,0,1
WRK01705,Chromepet,12.944639,80.138683,2017-09-01,506.0,24,0.266,1,81,Basic Shield,29,14,0,0,1,0,0
WRK01706,T Nagar,13.038464,80.244842,2017-04-01,608.0,22,0.07,3,83,Basic Shield,29,2,2,0,0,0,0
WRK01707,Sholinganallur,12.905675,80.212815,2017-02-01,544.0,16,0.159,1,83,Basic Shield,29,9,1,0,1,0,0
WRK01708,Chromepet,12.961196,80.125659,2022-04-01,741.0,19,0.376,3,78,Basic Shield,29,12,2,0,1,0,0
WRK01709,Adyar,13.022108,80.27428,2016-03-01,587.0,17,0.006,2,85,Basic Shield,29,6,4,1,1,1,1
WRK01710,Adyar,13.00069,80.246252,2017-04-01,511.0,14,0.358,2,79,Basic Shield,29,3,1,1,0,0,1
WRK01711,Sholinganallur,12.891946,80.210345,2017-07-01,523.0,10,0.358,1,84,Basic Shield,29,6,2,0,1,0,0
WRK01712,Tambaram,12.908787,80.106643,2015-02-01,601.0,13,0.126,2,85,Basic Shield,29,4,3,0,0,1,0
WRK01713,Porur,13.042658,80.176773,2021-05-01,632.0,21,0.221,3,80,Basic Shield,29,5,3,0,1,1,0
WRK01714,Guindy,13.000292,80.205419,2020-03-01,433.0,13,0.138,1,85,Basic Shield,29,10,1,1,1,0,1
WRK01715,Perambur,13.132507,80.248885,2019-10-01,467.0,18,0.059,0,86,Basic Shield,29,6,2,0,1,0,0
WRK01716,Perambur,13.12035,80.221945,2021-01-01,597.0,15,0.468,7,71,Basic Shield,29,8,3,0,1,1,0
WRK01717,Guindy,12.998758,80.236959,2023-06-01,753.0,20,0.486,1,78,Basic Shield,29,3,3,1,0,1,1
WRK01718,Anna Nagar,13.10069,80.220876,2019-06-01,714.0,18,0.458,4,75,Basic Shield,29,5,2,0,1,0,0
WRK01719,Guindy,13.022822,80.215554,2022-06-01,684.0,17,0.092,4,82,Basic Shield,29,4,2,1,0,0,1
WRK01720,Tambaram,12.907229,80.092337,2017-04-01,569.0,14,0.142,3,83,Basic Shield,29,8,3,0,1,1,0
WRK01721,Velachery,12.976025,80.208122,2017-01-01,313.0,15,0.2,5,77,Basic Shield,29,3,2,0,0,0,0
WRK01722,T Nagar,13.023132,80.228953,2024-11-01,677.0,12,0.256,3,83,Basic Shield,29,4,3,0,0,1,0
WRK01723,Porur,13.037069,80.168693,2017-02-01,660.0,8,0.114,5,88,Basic Shield,29,5,0,0,1,0,0
WRK01724,Anna Nagar,13.087618,80.221737,2015-04-01,628.0,19,0.338,2,79,Basic Shield,29,4,2,0,0,0,0
WRK01725,T Nagar,13.022282,80.218488,2022-10-01,656.0,22,0.284,4,78,Basic Shield,29,3,0,0,0,0,0
WRK01726,Tambaram,12.939937,80.090392,2020-04-01,563.0,15,0.448,4,74,Basic Shield,29,7,2,0,1,0,0
WRK01727,Velachery,12.977917,80.226707,2018-07-01,622.0,25,0.486,1,77,Basic Shield,29,6,2,0,1,0,0
WRK01728,Velachery,12.969307,80.204311,2021-11-01,870.0,16,0.102,4,83,Basic Shield,29,3,1,0,0,0,0
WRK01729,Tambaram,12.907484,80.117554,2019-09-01,510.0,21,0.175,5,79,Basic Shield,29,6,1,0,1,0,0
WRK01730,Guindy,13.009946,80.213201,2016-04-01,753.0,16,0.426,4,76,Basic Shield,29,0,1,1,0,0,1
WRK01731,Tambaram,12.91957,80.10811,2019-06-01,845.0,23,0.415,3,77,Basic Shield,29,10,1,0,1,0,0
WRK01732,Porur,13.024656,80.149673,2024-10-01,529.0,20,0.555,4,72,Basic Shield,29,3,0,0,0,0,0
WRK01733,Velachery,12.976432,80.219037,2017-08-01,757.0,17,0.567,5,72,Basic Shield,29,4,2,0,0,0,0
WRK01734,T Nagar,13.04923,80.227852,2017-01-01,492.0,19,0.159,4,80,Basic Shield,29,11,1,0,1,0,0
WRK01735,Anna Nagar,13.077596,80.208073,2017-04-01,689.0,13,0.401,2,80,Basic Shield,29,11,3,0,1,1,0
WRK01736,T Nagar,13.02566,80.223062,2020-09-01,779.0,15,0.208,2,82,Basic Shield,29,4,3,0,0,1,0
WRK01737,Chromepet,12.957055,80.132545,2022-12-01,623.0,18,0.289,4,78,Basic Shield,29,8,1,0,1,0,0
WRK01738,Anna Nagar,13.102809,80.209529,2021-01-01,684.0,15,0.635,2,73,Basic Shield,29,7,5,0,1,1,0
WRK01739,T Nagar,13.029972,80.253903,2017-04-01,862.0,22,0.183,4,81,Basic Shield,29,10,2,0,1,0,0
WRK01740,Velachery,12.984718,80.206241,2015-01-01,776.0,19,0.454,1,78,Basic Shield,29,6,3,0,1,1,0
WRK01741,Porur,13.045057,80.175335,2021-04-01,405.0,17,0.182,2,81,Basic Shield,29,5,0,0,1,0,0
WRK01742,Chromepet,12.965532,80.160489,2015-01-01,790.0,25,0.356,6,75,Basic Shield,29,9,5,0,1,1,0
WRK01743,Guindy,13.02304,80.206476,2019-06-01,598.0,22,0.2,1,82,Basic Shield,29,5,2,1,1,0,1
WRK01744,Anna Nagar,13.073268,80.200987,2021-08-01,607.0,26,0.302,2,79,Basic Shield,29,5,3,0,1,1,0
WRK01745,Anna Nagar,13.108057,80.208686,2017-04-01,763.0,12,0.232,3,84,Basic Shield,29,3,4,0,0,1,0
WRK01746,Anna Nagar,13.108422,80.223327,2016-10-01,617.0,18,0.329,1,80,Basic Shield,29,8,1,0,1,0,0
WRK01747,T Nagar,13.026848,80.24448,2017-10-01,454.0,16,0.62,2,72,Basic Shield,29,7,3,0,1,1,0
WRK01748,Guindy,12.987893,80.22966,2018-01-01,639.0,16,0.356,2,79,Basic Shield,29,10,3,1,1,1,1
WRK01749,Guindy,12.990588,80.217357,2017-06-01,634.0,17,0.423,4,75,Basic Shield,29,5,2,1,1,0,1
WRK01750,Perambur,13.121432,80.23103,2023-03-01,717.0,25,0.285,8,74,Basic Shield,29,5,0,0,1,0,0
WRK01751,Guindy,12.998,80.216418,2023-05-01,814.0,23,0.428,4,76,Basic Shield,29,9,3,1,1,1,1
WRK01752,Adyar,13.024008,80.26346,2018-11-01,611.0,14,0.322,0,82,Basic Shield,29,9,0,1,1,0,1
WRK01753,Velachery,12.992751,80.236696,2022-10-01,629.0,26,0.316,2,79,Basic Shield,29,7,3,0,1,1,0
WRK01754,Guindy,12.997315,80.215525,2016-07-01,684.0,25,0.48,2,76,Basic Shield,29,6,3,1,1,1,1
WRK01755,Perambur,13.135513,80.223795,2019-12-01,697.0,16,0.18,2,82,Basic Shield,29,3,0,0,0,0,0
WRK01756,Sholinganallur,12.889589,80.242889,2019-09-01,670.0,14,0.433,1,79,Basic Shield,29,7,0,0,1,0,0
WRK01757,Chromepet,12.938314,80.139416,2020-04-01,605.0,21,0.439,3,76,Basic Shield,29,7,2,0,1,0,0
WRK01758,Chromepet,12.949509,80.127605,2020-04-01,535.0,11,0.431,3,80,Basic Shield,29,9,4,0,1,1,0
WRK01759,Perambur,13.128052,80.238504,2018-07-01,459.0,19,0.406,2,77,Basic Shield,29,10,1,0,1,0,0
WRK01760,Anna Nagar,13.076282,80.190903,2020-09-01,620.0,13,0.392,3,79,Basic Shield,29,7,1,0,1,0,0
WRK01761,Velachery,12.977414,80.220483,2021-03-01,463.0,15,0.16,0,84,Basic Shield,29,1,6,0,0,1,0
WRK01762,T Nagar,13.025609,80.229327,2020-09-01,524.0,14,0.126,6,80,Basic Shield,29,6,0,0,1,0,0
WRK01763,Porur,13.025772,80.159577,2019-01-01,608.0,21,0.224,3,80,Basic Shield,29,2,0,0,0,0,0
WRK01764,Chromepet,12.942133,80.158095,2020-06-01,580.0,16,0.125,3,82,Basic Shield,29,11,0,0,1,0,0
WRK01765,Perambur,13.11573,80.234012,2018-07-01,671.0,17,0.112,1,85,Basic Shield,29,5,2,0,1,0,0
WRK01766,Adyar,12.994464,80.261038,2024-12-01,622.0,15,0.198,6,78,Basic Shield,29,3,2,1,0,0,1
WRK01767,Guindy,12.996043,80.239191,2017-02-01,544.0,19,0.347,1,79,Basic Shield,29,7,1,1,1,0,1
WRK01768,Guindy,13.019801,80.207395,2019-09-01,434.0,20,0.107,3,82,Basic Shield,29,7,0,1,1,0,1
WRK01769,Tambaram,12.91195,80.083323,2019-02-01,689.0,24,0.197,2,82,Basic Shield,29,8,5,0,1,1,0
WRK01770,Porur,13.053786,80.159117,2020-09-01,610.0,18,0.414,2,77,Basic Shield,29,7,4,0,1,1,0
WRK01771,Chromepet,12.933315,80.150378,2019-12-01,625.0,23,0.416,2,77,Basic Shield,29,2,2,0,0,0,0
WRK01772,Chromepet,12.961813,80.139597,2019-01-01,688.0,17,0.544,1,76,Basic Shield,29,3,3,0,0,1,0
WRK01773,Perambur,13.106522,80.230764,2023-01-01,474.0,17,0.256,4,78,Basic Shield,29,4,2,0,0,0,0
WRK01774,Sholinganallur,12.905556,80.247529,2019-10-01,713.0,16,0.233,1,82,Basic Shield,29,3,4,0,0,1,0
WRK01775,Sholinganallur,12.913136,80.229152,2015-07-01,638.0,21,0.479,2,76,Basic Shield,29,3,3,0,0,1,0
WRK01776,Chromepet,12.956801,80.156976,2022-08-01,483.0,16,0.098,7,78,Basic Shield,29,5,2,0,1,0,0
WRK01777,Chromepet,12.943499,80.134327,2017-12-01,535.0,21,0.176,2,82,Basic Shield,29,6,2,0,1,0,0
WRK01778,Tambaram,12.942489,80.089625,2023-01-01,391.0,11,0.693,1,76,Basic Shield,29,3,1,0,0,0,0
WRK01779,Sholinganallur,12.914844,80.22341,2020-06-01,609.0,21,0.15,5,80,Basic Shield,29,8,3,0,1,1,0
WRK01780,Velachery,12.965767,80.215719,2021-03-01,789.0,14,0.354,2,80,Basic Shield,29,6,4,0,1,1,0
WRK01781,Velachery,12.968326,80.225417,2024-02-01,542.0,17,0.124,6,79,Basic Shield,29,9,4,0,1,1,0
WRK01782,T Nagar,13.023837,80.251601,2021-02-01,619.0,26,0.384,1,79,Basic Shield,29,6,3,0,1,1,0
WRK01783,Adyar,13.019821,80.247308,2016-11-01,546.0,19,0.501,4,73,Basic Shield,29,3,2,1,0,0,1
WRK01784,T Nagar,13.04561,80.240798,2016-10-01,311.0,20,0.519,1,75,Basic Shield,29,6,2,0,1,0,0
WRK01785,Guindy,13.020592,80.225095,2023-01-01,706.0,17,0.192,4,80,Basic Shield,29,10,1,1,1,0,1
WRK01786,Velachery,12.967786,80.225362,2022-08-01,631.0,15,0.217,2,81,Basic Shield,29,8,2,0,1,0,0
WRK01787,Velachery,12.990667,80.222842,2024-08-01,658.0,16,0.342,5,76,Basic Shield,29,6,2,0,1,0,0
WRK01788,Velachery,12.970946,80.199567,2019-06-01,674.0,19,0.519,2,75,Basic Shield,29,5,2,0,1,0,0
WRK01789,T Nagar,13.019358,80.214107,2017-01-01,479.0,22,0.066,3,83,Basic Shield,29,7,0,0,1,0,0
WRK01790,Guindy,13.020426,80.227471,2015-09-01,594.0,15,0.335,3,78,Basic Shield,29,5,6,1,1,1,1
WRK01791,Velachery,12.985262,80.236075,2017-05-01,579.0,16,0.177,2,82,Basic Shield,29,7,1,0,1,0,0
WRK01792,Guindy,13.021312,80.215743,2017-06-01,584.0,22,0.288,0,82,Basic Shield,29,9,4,1,1,1,1
WRK01793,Velachery,12.98095,80.211887,2018-07-01,599.0,19,0.424,3,76,Basic Shield,29,3,0,0,0,0,0
WRK01794,Sholinganallur,12.896584,80.237053,2018-09-01,439.0,19,0.229,3,79,Basic Shield,29,12,4,0,1,1,0
WRK01795,Guindy,13.007095,80.21316,2021-06-01,798.0,17,0.352,3,78,Basic Shield,29,9,0,1,1,0,1
WRK01796,Velachery,12.973562,80.204412,2021-08-01,648.0,15,0.114,3,82,Basic Shield,29,10,0,0,1,0,0
WRK01797,Adyar,13.025045,80.253519,2019-12-01,571.0,18,0.196,2,81,Basic Shield,29,1,2,1,0,0,1
WRK01798,Sholinganallur,12.892999,80.229272,2021-01-01,503.0,19,0.396,5,74,Basic Shield,29,6,0,0,1,0,0
WRK01799,Velachery,12.989177,80.202176,2019-06-01,710.0,18,0.163,6,79,Basic Shield,29,5,1,0,1,0,0
WRK01800,Guindy,13.017451,80.230355,2017-06-01,617.0,17,0.246,2,81,Basic Shield,29,4,1,1,0,0,1
WRK01801,Adyar,13.011018,80.262366,2019-04-01,300.0,24,0.212,5,77,Basic Shield,29,9,1,1,1,0,1
WRK01802,Tambaram,12.915358,80.0865,2019-03-01,515.0,17,0.08,6,79,Basic Shield,29,3,5,0,0,1,0
WRK01803,Adyar,13.024755,80.257813,2021-12-01,658.0,17,0.539,4,73,Basic Shield,29,7,2,1,1,0,1
WRK01804,Tambaram,12.918504,80.104744,2023-05-01,574.0,15,0.409,2,77,Basic Shield,29,8,3,0,1,1,0
WRK01805,Porur,13.053789,80.144785,2016-06-01,455.0,15,0.171,4,79,Basic Shield,29,6,3,0,1,1,0
WRK01806,Adyar,13.011574,80.258342,2022-08-01,605.0,15,0.364,0,80,Basic Shield,29,4,0,1,0,0,1
WRK01807,Adyar,12.995729,80.237976,2016-07-01,603.0,27,0.032,3,84,Basic Shield,29,8,3,1,1,1,1
WRK01808,Velachery,12.971415,80.208142,2022-08-01,445.0,16,0.589,0,75,Basic Shield,29,7,4,0,1,1,0
WRK01809,Velachery,12.987294,80.228967,2018-02-01,449.0,20,0.095,3,82,Basic Shield,29,9,1,0,1,0,0
WRK01810,Chromepet,12.956594,80.160352,2016-11-01,764.0,11,0.384,3,82,Basic Shield,29,7,1,0,1,0,0
WRK01811,Porur,13.027437,80.170605,2018-11-01,582.0,16,0.374,1,79,Basic Shield,29,7,2,0,1,0,0
WRK01812,Guindy,12.99632,80.220444,2016-09-01,410.0,20,0.334,1,79,Basic Shield,29,5,4,1,1,1,1
WRK01813,Chromepet,12.942477,80.129231,2019-09-01,840.0,23,0.129,3,83,Basic Shield,29,6,1,0,1,0,0
WRK01814,Guindy,13.004332,80.239263,2015-11-01,617.0,26,0.257,2,80,Basic Shield,29,2,1,1,0,0,1
WRK01815,Sholinganallur,12.91795,80.232952,2022-10-01,889.0,14,0.151,0,87,Basic Shield,29,2,1,0,0,0,0
WRK01816,T Nagar,13.028452,80.240554,2024-06-01,576.0,25,0.052,5,81,Basic Shield,29,3,2,0,0,0,0
WRK01817,T Nagar,13.033454,80.245758,2024-07-01,564.0,25,0.62,2,73,Basic Shield,29,6,1,0,1,0,0
WRK01818,Guindy,12.990927,80.218672,2015-07-01,473.0,23,0.305,3,78,Basic Shield,29,8,4,1,1,1,1
WRK01819,Velachery,12.962592,80.237279,2015-03-01,588.0,15,0.163,3,81,Basic Shield,29,2,4,0,0,1,0
WRK01820,T Nagar,13.045668,80.223369,2019-08-01,658.0,18,0.184,1,83,Basic Shield,29,5,3,0,1,1,0
WRK01821,Tambaram,12.922114,80.097314,2022-09-01,519.0,16,0.132,2,82,Basic Shield,29,2,3,0,0,1,0
WRK01822,Velachery,12.965678,80.204895,2021-09-01,555.0,12,0.34,3,80,Basic Shield,29,7,1,0,1,0,0
WRK01823,Velachery,12.980852,80.221679,2023-05-01,726.0,16,0.424,1,79,Basic Shield,29,7,2,0,1,0,0
WRK01824,Chromepet,12.955873,80.123067,2016-12-01,626.0,19,0.479,6,72,Basic Shield,29,5,1,0,1,0,0
WRK01825,Tambaram,12.904902,80.081847,2017-08-01,612.0,20,0.228,5,78,Basic Shield,29,0,2,0,0,0,0
WRK01826,Porur,13.025401,80.146746,2019-07-01,701.0,25,0.075,1,86,Basic Shield,29,6,3,0,1,1,0
WRK01827,Sholinganallur,12.889969,80.210813,2017-08-01,453.0,26,0.181,3,80,Basic Shield,29,8,2,0,1,0,0
WRK01828,Velachery,12.987313,80.211124,2022-06-01,739.0,16,0.333,1,81,Basic Shield,29,7,1,0,1,0,0
WRK01829,Porur,13.052042,80.166186,2018-08-01,523.0,17,0.306,3,78,Basic Shield,29,5,3,0,1,1,0
WRK01830,T Nagar,13.048506,80.226408,2018-01-01,765.0,20,0.172,5,80,Basic Shield,29,12,1,0,1,0,0
WRK01831,Sholinganallur,12.892171,80.24256,2015-12-01,410.0,21,0.366,8,71,Basic Shield,29,8,2,0,1,0,0
WRK01832,T Nagar,13.049629,80.234728,2022-11-01,423.0,21,0.465,3,74,Basic Shield,29,4,4,0,0,1,0
WRK01833,Porur,13.025416,80.166341,2016-04-01,665.0,18,0.656,4,71,Basic Shield,29,3,2,0,0,0,0
WRK01834,Porur,13.026013,80.149836,2021-10-01,541.0,22,0.532,5,72,Basic Shield,29,6,1,0,1,0,0
WRK01835,Anna Nagar,13.09346,80.210616,2020-01-01,509.0,18,0.188,4,79,Basic Shield,29,4,2,0,0,0,0
WRK01836,Chromepet,12.932024,80.144932,2021-04-01,614.0,25,0.462,3,75,Basic Shield,29,5,0,0,1,0,0
WRK01837,Perambur,13.102137,80.218847,2015-05-01,488.0,14,0.144,5,80,Basic Shield,29,9,1,0,1,0,0
WRK01838,Velachery,12.981476,80.219327,2019-10-01,508.0,14,0.073,2,85,Basic Shield,29,6,3,0,1,1,0
WRK01839,Adyar,13.023506,80.242512,2017-11-01,500.0,18,0.231,2,80,Basic Shield,29,7,1,1,1,0,1
WRK01840,Perambur,13.11994,80.250377,2017-02-01,656.0,21,0.429,4,75,Basic Shield,29,4,1,0,0,0,0
WRK01841,Velachery,12.985269,80.206834,2022-07-01,603.0,20,0.169,1,83,Basic Shield,29,12,2,0,1,0,0
WRK01842,Chromepet,12.939355,80.147924,2019-01-01,584.0,19,0.272,3,79,Basic Shield,29,6,7,0,1,1,0
WRK01843,Perambur,13.098931,80.248587,2020-06-01,526.0,29,0.321,4,77,Basic Shield,29,5,2,0,1,0,0
WRK01844,Tambaram,12.913158,80.10545,2018-06-01,785.0,19,0.085,1,86,Basic Shield,29,9,4,0,1,1,0
WRK01845,Chromepet,12.944757,80.123328,2019-07-01,467.0,13,0.606,4,73,Basic Shield,29,8,1,0,1,0,0
WRK01846,Sholinganallur,12.911255,80.24294,2018-03-01,527.0,15,0.497,1,76,Basic Shield,29,9,2,0,1,0,0
WRK01847,Perambur,13.110017,80.226206,2016-10-01,443.0,19,0.304,2,79,Basic Shield,29,5,3,0,1,1,0
WRK01848,Velachery,12.990724,80.198581,2016-12-01,501.0,19,0.55,1,75,Basic Shield,29,5,2,0,1,0,0
WRK01849,Perambur,13.125099,80.228246,2015-11-01,568.0,21,0.293,4,77,Basic Shield,29,11,3,0,1,1,0
WRK01850,Velachery,12.970939,80.233643,2024-03-01,472.0,14,0.276,2,80,Basic Shield,29,4,2,0,0,0,0
WRK01851,Porur,13.044855,80.145437,2024-09-01,746.0,13,0.146,1,86,Basic Shield,29,11,2,0,1,0,0
WRK01852,Chromepet,12.968311,80.144509,2024-07-01,602.0,14,0.222,3,81,Basic Shield,29,4,0,0,0,0,0
WRK01853,Anna Nagar,13.086522,80.204684,2017-03-01,820.0,11,0.123,4,86,Basic Shield,29,3,2,0,0,0,0
WRK01854,Adyar,12.986784,80.273092,2020-10-01,389.0,16,0.276,6,75,Basic Shield,29,4,2,1,0,0,1
WRK01855,Porur,13.023579,80.160274,2021-12-01,768.0,24,0.204,2,82,Basic Shield,29,10,3,0,1,1,0
WRK01856,Tambaram,12.910241,80.095053,2021-02-01,814.0,8,0.086,3,91,Basic Shield,29,7,1,0,1,0,0
WRK01857,Tambaram,12.93265,80.105482,2016-12-01,617.0,13,0.251,1,84,Basic Shield,29,8,3,0,1,1,0
WRK01858,Velachery,13.000453,80.217342,2020-02-01,814.0,23,0.368,1,80,Basic Shield,29,9,1,0,1,0,0
WRK01859,Adyar,13.00319,80.26359,2024-07-01,778.0,17,0.087,4,83,Basic Shield,29,4,3,1,0,1,1
WRK01860,Adyar,13.021317,80.248927,2017-07-01,546.0,14,0.404,2,78,Basic Shield,29,3,3,1,0,1,1
WRK01861,Guindy,12.995313,80.239188,2017-05-01,608.0,10,0.468,1,82,Basic Shield,29,7,4,1,1,1,1
WRK01862,Tambaram,12.932512,80.104394,2022-02-01,845.0,27,0.076,2,85,Basic Shield,29,3,3,0,0,1,0
WRK01863,Velachery,12.9905,80.223418,2017-06-01,519.0,22,0.072,2,84,Basic Shield,29,4,3,0,0,1,0
WRK01864,Perambur,13.097907,80.253161,2022-11-01,600.0,19,0.389,2,78,Basic Shield,29,8,3,0,1,1,0
WRK01865,Tambaram,12.935311,80.091842,2017-08-01,553.0,9,0.083,1,91,Basic Shield,29,6,1,0,1,0,0
WRK01866,Sholinganallur,12.911336,80.215647,2015-12-01,592.0,20,0.505,4,73,Basic Shield,29,5,1,0,1,0,0
WRK01867,Adyar,12.995791,80.260627,2024-11-01,479.0,18,0.262,5,77,Basic Shield,29,7,5,1,1,1,1
WRK01868,Chromepet,12.970466,80.13437,2017-05-01,560.0,18,0.351,6,74,Basic Shield,29,5,1,0,1,0,0
WRK01869,Sholinganallur,12.902667,80.230537,2021-02-01,373.0,19,0.102,4,80,Basic Shield,29,7,2,0,1,0,0
WRK01870,Anna Nagar,13.107985,80.228748,2020-01-01,530.0,17,0.202,7,76,Basic Shield,29,8,0,0,1,0,0
WRK01871,Guindy,13.014164,80.218478,2019-03-01,730.0,14,0.246,3,81,Basic Shield,29,4,3,1,0,1,1
WRK01872,Sholinganallur,12.908326,80.209006,2017-11-01,539.0,18,0.166,1,83,Basic Shield,29,6,2,0,1,0,0
WRK01873,Perambur,13.136724,80.24553,2018-03-01,686.0,18,0.245,2,81,Basic Shield,29,6,2,0,1,0,0
WRK01874,Anna Nagar,13.070629,80.192521,2023-08-01,475.0,17,0.516,6,71,Basic Shield,29,4,3,0,0,1,0
WRK01875,Chromepet,12.968994,80.14645,2016-01-01,866.0,22,0.11,3,84,Basic Shield,29,3,2,0,0,0,0
WRK01876,Velachery,12.988762,80.222906,2022-01-01,501.0,14,0.15,1,84,Basic Shield,29,7,2,0,1,0,0
WRK01877,Porur,13.046271,80.156512,2021-09-01,545.0,14,0.197,3,81,Basic Shield,29,7,3,0,1,1,0
WRK01878,Chromepet,12.932485,80.153986,2019-12-01,794.0,17,0.357,3,78,Basic Shield,29,6,0,0,1,0,0
WRK01879,Porur,13.049847,80.153416,2024-11-01,750.0,16,0.504,4,74,Basic Shield,29,5,3,0,1,1,0
WRK01880,Perambur,13.115329,80.234523,2022-06-01,789.0,19,0.01,1,87,Basic Shield,29,7,0,0,1,0,0
WRK01881,Perambur,13.11014,80.228202,2023-01-01,587.0,14,0.487,4,75,Basic Shield,29,9,2,0,1,0,0
WRK01882,Perambur,13.116461,80.232402,2024-08-01,586.0,29,0.257,5,77,Basic Shield,29,8,0,0,1,0,0
WRK01883,Guindy,13.02384,80.216397,2018-01-01,713.0,17,0.056,2,85,Basic Shield,29,5,1,1,1,0,1
WRK01884,Velachery,12.971124,80.211722,2016-03-01,642.0,20,0.442,6,73,Basic Shield,29,4,0,0,0,0,0
WRK01885,T Nagar,13.028547,80.252986,2021-02-01,406.0,17,0.39,6,73,Basic Shield,29,4,4,0,0,1,0
WRK01886,Perambur,13.109001,80.244518,2019-02-01,513.0,12,0.598,0,78,Basic Shield,29,7,1,0,1,0,0
WRK01887,Anna Nagar,13.095067,80.229116,2015-05-01,588.0,19,0.605,2,73,Basic Shield,29,5,4,0,1,1,0
WRK01888,Velachery,12.966784,80.231169,2020-05-01,690.0,14,0.375,4,77,Basic Shield,29,6,1,0,1,0,0
WRK01889,Adyar,12.989677,80.27451,2017-06-01,504.0,21,0.05,3,83,Basic Shield,29,5,0,1,1,0,1
WRK01890,Perambur,13.111095,80.222054,2015-12-01,316.0,19,0.291,4,76,Basic Shield,29,8,3,0,1,1,0
WRK01891,Anna Nagar,13.102756,80.201534,2023-12-01,537.0,17,0.042,4,82,Basic Shield,29,6,3,0,1,1,0
WRK01892,Adyar,13.016615,80.236349,2024-12-01,412.0,18,0.24,4,78,Basic Shield,29,3,2,1,0,0,1
WRK01893,Porur,13.024621,80.140131,2016-02-01,615.0,21,0.185,2,82,Basic Shield,29,4,1,0,0,0,0
WRK01894,Velachery,12.964166,80.224626,2015-04-01,518.0,17,0.561,4,72,Basic Shield,29,8,4,0,1,1,0
WRK01895,T Nagar,13.05742,80.252237,2022-11-01,590.0,13,0.221,4,81,Basic Shield,29,3,4,0,0,1,0
WRK01896,Chromepet,12.964876,80.157887,2020-01-01,709.0,15,0.246,3,80,Basic Shield,29,3,2,0,0,0,0
WRK01897,Tambaram,12.911733,80.105021,2020-09-01,555.0,13,0.053,2,86,Basic Shield,29,8,2,0,1,0,0
WRK01898,T Nagar,13.055058,80.229416,2016-06-01,743.0,19,0.629,2,74,Basic Shield,29,3,0,0,0,0,0
WRK01899,Chromepet,12.965521,80.134288,2022-11-01,564.0,19,0.144,1,83,Basic Shield,29,6,2,0,1,0,0
WRK01900,Perambur,13.124761,80.225153,2020-12-01,765.0,13,0.256,4,81,Basic Shield,29,3,5,0,0,1,0
WRK01901,Adyar,12.988143,80.267882,2020-10-01,828.0,23,0.236,0,84,Basic Shield,29,5,0,1,1,0,1
WRK01902,Tambaram,12.905831,80.113624,2023-11-01,317.0,18,0.197,2,80,Basic Shield,29,5,2,0,1,0,0
WRK01903,Anna Nagar,13.104971,80.204664,2024-09-01,547.0,18,0.205,1,82,Basic Shield,29,1,1,0,0,0,0
WRK01904,Anna Nagar,13.087346,80.218438,2016-02-01,565.0,17,0.144,1,83,Basic Shield,29,2,4,0,0,1,0
WRK01905,Porur,13.055684,80.137825,2022-11-01,608.0,19,0.395,1,79,Basic Shield,29,5,3,0,1,1,0
WRK01906,Guindy,13.016352,80.236653,2019-10-01,602.0,13,0.127,4,83,Basic Shield,29,6,1,1,1,0,1
WRK01907,Velachery,12.991902,80.206215,2017-03-01,706.0,16,0.336,6,75,Basic Shield,29,6,3,0,1,1,0
WRK01908,Guindy,13.012734,80.209617,2023-06-01,500.0,16,0.288,1,80,Basic Shield,29,4,3,1,0,1,1
WRK01909,T Nagar,13.037149,80.245345,2019-01-01,654.0,20,0.363,6,75,Basic Shield,29,7,2,0,1,0,0
WRK01910,Anna Nagar,13.092087,80.204383,2017-10-01,467.0,14,0.14,4,81,Basic Shield,29,7,1,0,1,0,0
WRK01911,Perambur,13.099387,80.22106,2019-08-01,668.0,9,0.57,5,77,Basic Shield,29,7,0,0,1,0,0
WRK01912,Sholinganallur,12.894948,80.234925,2022-02-01,474.0,17,0.569,4,71,Basic Shield,29,7,1,0,1,0,0
WRK01913,Sholinganallur,12.88616,80.222673,2019-07-01,719.0,22,0.017,2,86,Basic Shield,29,5,1,0,1,0,0
WRK01914,Tambaram,12.911753,80.092703,2015-12-01,658.0,20,0.344,5,76,Basic Shield,29,4,2,0,0,0,0
WRK01915,T Nagar,13.053032,80.236558,2019-12-01,564.0,21,0.295,4,77,Basic Shield,29,9,0,0,1,0,0
WRK01916,Velachery,12.973563,80.206485,2020-11-01,447.0,18,0.221,1,81,Basic Shield,29,7,2,0,1,0,0
WRK01917,Velachery,12.967925,80.223914,2015-12-01,544.0,19,0.497,3,74,Basic Shield,29,7,3,0,1,1,0
WRK01918,Porur,13.043705,80.167372,2019-05-01,494.0,19,0.064,1,85,Basic Shield,29,9,1,0,1,0,0
WRK01919,Chromepet,12.950685,80.13861,2019-02-01,833.0,25,0.302,1,82,Basic Shield,29,12,2,0,1,0,0
WRK01920,Chromepet,12.942942,80.125331,2017-01-01,746.0,16,0.431,2,78,Basic Shield,29,5,3,0,1,1,0
WRK01921,Anna Nagar,13.104887,80.210449,2023-04-01,730.0,18,0.037,3,84,Basic Shield,29,8,5,0,1,1,0
WRK01922,Tambaram,12.938098,80.080574,2022-08-01,706.0,21,0.114,2,84,Basic Shield,29,7,5,0,1,1,0
WRK01923,Anna Nagar,13.078195,80.194307,2023-05-01,367.0,16,0.446,2,75,Basic Shield,29,8,1,0,1,0,0
WRK01924,Tambaram,12.914576,80.096238,2015-04-01,671.0,25,0.179,4,80,Basic Shield,29,5,0,0,1,0,0
WRK01925,Guindy,13.008037,80.203937,2017-08-01,581.0,23,0.512,1,76,Basic Shield,29,6,0,1,1,0,1
WRK01926,Adyar,13.00994,80.251263,2015-11-01,686.0,18,0.323,5,76,Basic Shield,29,3,1,1,0,0,1
WRK01927,Guindy,13.00654,80.23389,2019-09-01,740.0,24,0.333,1,81,Basic Shield,29,2,2,1,0,0,1
WRK01928,Guindy,12.989655,80.222216,2015-02-01,554.0,19,0.329,4,77,Basic Shield,29,2,2,1,0,0,1
WRK01929,Porur,13.050381,80.150708,2024-07-01,728.0,20,0.128,3,83,Basic Shield,29,4,1,0,0,0,0
WRK01930,Porur,13.031794,80.14194,2015-09-01,507.0,11,0.238,6,80,Basic Shield,29,6,2,0,1,0,0
WRK01931,Perambur,13.120925,80.22584,2019-04-01,492.0,20,0.171,2,82,Basic Shield,29,6,0,0,1,0,0
WRK01932,Anna Nagar,13.107054,80.211582,2017-12-01,556.0,11,0.096,3,86,Basic Shield,29,10,1,0,1,0,0
WRK01933,Sholinganallur,12.886762,80.216029,2022-04-01,641.0,11,0.387,3,81,Basic Shield,29,3,2,0,0,0,0
WRK01934,Porur,13.027707,80.139499,2020-05-01,723.0,23,0.323,4,78,Basic Shield,29,7,0,0,1,0,0
WRK01935,Adyar,12.992686,80.248975,2019-05-01,674.0,9,0.233,4,85,Basic Shield,29,7,1,1,1,0,1
WRK01936,Velachery,12.984003,80.21837,2019-06-01,717.0,26,0.7,5,69,Standard Shield,49,8,3,0,1,1,0
WRK01937,Porur,13.053851,80.176183,2018-05-01,764.0,19,0.286,3,80,Basic Shield,29,5,1,0,1,0,0
WRK01938,Guindy,13.012966,80.236977,2016-12-01,646.0,17,0.333,4,77,Basic Shield,29,12,1,1,1,0,1
WRK01939,Perambur,13.105478,80.24204,2015-01-01,360.0,18,0.301,1,79,Basic Shield,29,4,1,0,0,0,0
WRK01940,Perambur,13.105764,80.245229,2017-08-01,478.0,18,0.655,4,70,Basic Shield,29,6,4,0,1,1,0
WRK01941,Guindy,13.015879,80.209999,2021-04-01,608.0,14,0.446,2,78,Basic Shield,29,4,0,1,0,0,1
WRK01942,Chromepet,12.945262,80.152758,2020-07-01,695.0,17,0.152,11,74,Basic Shield,29,7,1,0,1,0,0
WRK01943,Porur,13.039808,80.155376,2017-07-01,488.0,10,0.219,2,86,Basic Shield,29,2,1,0,0,0,0
WRK01944,Adyar,13.021994,80.241114,2015-06-01,575.0,14,0.155,1,84,Basic Shield,29,4,2,1,0,0,1
WRK01945,Perambur,13.122379,80.22131,2015-08-01,732.0,28,0.417,4,76,Basic Shield,29,7,2,0,1,0,0
WRK01946,Chromepet,12.951317,80.12845,2016-09-01,725.0,18,0.148,5,80,Basic Shield,29,8,2,0,1,0,0
WRK01947,Sholinganallur,12.911494,80.236068,2022-10-01,627.0,19,0.097,4,82,Basic Shield,29,3,3,0,0,1,0
WRK01948,Tambaram,12.935235,80.085627,2021-02-01,748.0,12,0.071,9,81,Basic Shield,29,6,1,0,1,0,0
WRK01949,Guindy,13.017237,80.209855,2022-08-01,677.0,22,0.383,2,78,Basic Shield,29,8,1,1,1,0,1
WRK01950,Chromepet,12.938436,80.143722,2022-03-01,709.0,16,0.166,4,81,Basic Shield,29,11,4,0,1,1,0
WRK01951,Sholinganallur,12.885988,80.223202,2023-07-01,485.0,9,0.506,6,77,Basic Shield,29,9,0,0,1,0,0
WRK01952,T Nagar,13.042175,80.244308,2016-03-01,733.0,26,0.271,2,81,Basic Shield,29,7,0,0,1,0,0
WRK01953,T Nagar,13.049258,80.230319,2017-10-01,594.0,16,0.552,3,73,Basic Shield,29,9,1,0,1,0,0
WRK01954,Velachery,12.990643,80.2111,2018-06-01,698.0,23,0.38,3,77,Basic Shield,29,6,3,0,1,1,0
WRK01955,Velachery,12.972119,80.222992,2015-07-01,592.0,9,0.163,5,85,Basic Shield,29,9,1,0,1,0,0
WRK01956,Sholinganallur,12.914489,80.234649,2016-07-01,497.0,13,0.352,4,78,Basic Shield,29,5,3,0,1,1,0
WRK01957,Tambaram,12.919709,80.118807,2020-07-01,741.0,25,0.4,1,79,Basic Shield,29,2,1,0,0,0,0
WRK01958,Porur,13.028522,80.176848,2024-06-01,459.0,23,0.135,2,82,Basic Shield,29,5,1,0,1,0,0
WRK01959,Chromepet,12.937321,80.140317,2019-04-01,738.0,15,0.381,3,78,Basic Shield,29,11,1,0,1,0,0
WRK01960,Guindy,12.99785,80.232197,2024-09-01,670.0,16,0.291,0,82,Basic Shield,29,10,0,1,1,0,1
WRK01961,Porur,13.0289,80.159138,2023-05-01,601.0,26,0.128,7,78,Basic Shield,29,9,3,0,1,1,0
WRK01962,Velachery,12.996632,80.230514,2017-03-01,675.0,18,0.185,5,79,Basic Shield,29,3,0,0,0,0,0
WRK01963,Perambur,13.104214,80.24708,2015-04-01,583.0,23,0.126,0,85,Basic Shield,29,7,1,0,1,0,0
WRK01964,Anna Nagar,13.092383,80.210728,2018-11-01,445.0,23,0.478,3,74,Basic Shield,29,9,3,0,1,1,0
WRK01965,Anna Nagar,13.090185,80.209386,2018-09-01,419.0,13,0.183,4,81,Basic Shield,29,8,2,0,1,0,0
WRK01966,Anna Nagar,13.076333,80.210054,2016-02-01,628.0,14,0.465,8,71,Basic Shield,29,4,4,0,0,1,0
WRK01967,Porur,13.054243,80.165495,2022-08-01,619.0,25,0.038,3,84,Basic Shield,29,11,2,0,1,0,0
WRK01968,Guindy,13.015789,80.238521,2020-07-01,689.0,24,0.234,4,79,Basic Shield,29,8,2,1,1,0,1
WRK01969,Guindy,13.000735,80.200611,2020-12-01,455.0,17,0.2,2,81,Basic Shield,29,6,6,1,1,1,1
WRK01970,Guindy,13.023548,80.231819,2017-09-01,434.0,16,0.203,2,81,Basic Shield,29,7,1,1,1,0,1
WRK01971,Velachery,12.989412,80.20966,2019-01-01,599.0,16,0.699,1,73,Basic Shield,29,7,4,0,1,1,0
WRK01972,Velachery,12.972125,80.202165,2018-09-01,482.0,21,0.356,4,76,Basic Shield,29,3,2,0,0,0,0
WRK01973,Sholinganallur,12.892872,80.218191,2019-09-01,488.0,17,0.148,4,80,Basic Shield,29,5,1,0,1,0,0
WRK01974,Guindy,12.990844,80.220669,2018-03-01,647.0,18,0.561,5,72,Basic Shield,29,6,1,1,1,0,1
WRK01975,Porur,13.033177,80.176955,2015-03-01,512.0,23,0.098,4,81,Basic Shield,29,2,4,0,0,1,0
WRK01976,Guindy,13.024116,80.231597,2020-08-01,793.0,17,0.086,1,86,Basic Shield,29,9,6,1,1,1,1
WRK01977,Guindy,12.990827,80.229193,2019-01-01,742.0,18,0.622,4,72,Basic Shield,29,6,2,1,1,0,1
WRK01978,Chromepet,12.951454,80.142963,2022-01-01,638.0,18,0.482,3,75,Basic Shield,29,2,0,0,0,0,0
WRK01979,Perambur,13.127456,80.235193,2021-05-01,837.0,16,0.262,1,82,Basic Shield,29,6,4,0,1,1,0
WRK01980,Adyar,13.014008,80.254617,2023-07-01,649.0,15,0.604,5,71,Basic Shield,29,6,4,1,1,1,1
WRK01981,Porur,13.043043,80.145097,2015-05-01,627.0,20,0.263,2,80,Basic Shield,29,7,4,0,1,1,0
WRK01982,Velachery,12.97604,80.199051,2020-03-01,751.0,10,0.299,4,83,Basic Shield,29,7,1,0,1,0,0
WRK01983,Velachery,12.972062,80.209758,2022-09-01,693.0,18,0.092,2,84,Basic Shield,29,2,2,0,0,0,0
WRK01984,Porur,13.050964,80.142303,2019-10-01,436.0,25,0.26,3,78,Basic Shield,29,6,3,0,1,1,0
WRK01985,Chromepet,12.940682,80.142993,2016-04-01,657.0,23,0.105,4,82,Basic Shield,29,2,4,0,0,1,0
WRK01986,Velachery,12.981902,80.22533,2021-09-01,529.0,16,0.006,2,85,Basic Shield,29,4,1,0,0,0,0
WRK01987,Porur,13.046075,80.150455,2018-11-01,628.0,25,0.152,7,78,Basic Shield,29,7,0,0,1,0,0
WRK01988,Sholinganallur,12.882607,80.208513,2022-09-01,542.0,15,0.142,4,80,Basic Shield,29,6,2,0,1,0,0
WRK01989,Perambur,13.105789,80.227666,2023-08-01,514.0,18,0.253,3,79,Basic Shield,29,6,5,0,1,1,0
WRK01990,Perambur,13.116014,80.237961,2022-11-01,674.0,16,0.074,1,85,Basic Shield,29,4,1,0,0,0,0
WRK01991,T Nagar,13.046179,80.240829,2022-01-01,601.0,23,0.312,2,79,Basic Shield,29,4,1,0,0,0,0
WRK01992,Chromepet,12.970753,80.148237,2016-10-01,414.0,22,0.011,4,82,Basic Shield,29,6,5,0,1,1,0
WRK01993,Porur,13.027739,80.146653,2019-12-01,582.0,15,0.134,3,82,Basic Shield,29,3,1,0,0,0,0
WRK01994,Tambaram,12.937229,80.087931,2023-07-01,596.0,16,0.456,2,76,Basic Shield,29,6,2,0,1,0,0
WRK01995,Velachery,12.976799,80.199478,2017-07-01,636.0,17,0.4,5,75,Basic Shield,29,7,1,0,1,0,0
WRK01996,Chromepet,12.945042,80.14571,2018-03-01,584.0,17,0.33,2,79,Basic Shield,29,11,4,0,1,1,0
WRK01997,T Nagar,13.047323,80.232369,2019-05-01,884.0,20,0.021,2,87,Basic Shield,29,4,1,0,0,0,0
WRK01998,Tambaram,12.921249,80.097673,2024-06-01,533.0,20,0.321,4,77,Basic Shield,29,5,5,0,1,1,0
WRK01999,Velachery,13.000829,80.218946,2019-08-01,549.0,21,0.094,3,82,Basic Shield,29,3,1,0,0,0,0
WRK02000,T Nagar,13.054383,80.223312,2021-04-01,698.0,11,0.229,4,83,Basic Shield,29,3,2,0,0,0,0
WRK02001,Guindy,12.986793,80.224292,2020-09-01,895.0,12,0.614,4,76,Basic Shield,29,6,2,1,1,0,1
WRK02002,T Nagar,13.056485,80.245271,2023-04-01,810.0,21,0.018,4,84,Basic Shield,29,6,1,0,1,0,0
WRK02003,Velachery,13.001459,80.215085,2020-04-01,388.0,18,0.36,3,76,Basic Shield,29,7,2,0,1,0,0
WRK02004,Sholinganallur,12.908233,80.237018,2015-09-01,520.0,16,0.662,6,68,Standard Shield,49,2,1,0,0,0,0
WRK02005,Adyar,12.986964,80.274158,2020-06-01,607.0,16,0.347,0,81,Basic Shield,29,3,3,1,0,1,1
WRK02006,Adyar,13.012114,80.250834,2017-06-01,700.0,25,0.473,3,76,Basic Shield,29,3,1,1,0,0,1
WRK02007,Chromepet,12.960785,80.138943,2016-04-01,391.0,14,0.145,3,82,Basic Shield,29,5,1,0,1,0,0
WRK02008,Anna Nagar,13.093238,80.206441,2016-03-01,623.0,15,0.106,2,83,Basic Shield,29,5,2,0,1,0,0
WRK02009,Sholinganallur,12.882187,80.23096,2023-01-01,547.0,16,0.212,3,80,Basic Shield,29,2,1,0,0,0,0
WRK02010,Anna Nagar,13.107116,80.217467,2020-07-01,545.0,20,0.104,3,82,Basic Shield,29,5,4,0,1,1,0
WRK02011,T Nagar,13.044096,80.225106,2024-01-01,652.0,15,0.128,3,82,Basic Shield,29,9,2,0,1,0,0
WRK02012,Porur,13.03582,80.158978,2018-03-01,801.0,11,0.07,2,89,Basic Shield,29,1,1,0,0,0,0
WRK02013,Adyar,13.008943,80.237292,2016-01-01,603.0,17,0.263,6,76,Basic Shield,29,2,5,1,0,1,1
WRK02014,Adyar,13.024922,80.244756,2023-05-01,676.0,16,0.318,4,78,Basic Shield,29,5,0,1,1,0,1
WRK02015,T Nagar,13.040247,80.230807,2016-07-01,505.0,14,0.055,7,80,Basic Shield,29,7,2,0,1,0,0
WRK02016,Guindy,13.025124,80.22098,2019-02-01,586.0,24,0.154,7,77,Basic Shield,29,5,4,1,1,1,1
WRK02017,Velachery,12.982286,80.2284,2020-09-01,384.0,19,0.411,3,75,Basic Shield,29,3,3,0,0,1,0
WRK02018,Sholinganallur,12.897482,80.22924,2017-10-01,555.0,17,0.242,0,82,Basic Shield,29,7,2,0,1,0,0
WRK02019,Anna Nagar,13.106495,80.207265,2020-10-01,352.0,18,0.708,3,69,Standard Shield,49,5,2,0,1,0,0
WRK02020,Adyar,12.993286,80.238098,2021-04-01,662.0,18,0.285,5,77,Basic Shield,29,11,0,1,1,0,1
WRK02021,Anna Nagar,13.104125,80.196098,2015-09-01,686.0,14,0.175,3,82,Basic Shield,29,4,2,0,0,0,0
WRK02022,Guindy,12.995878,80.237314,2023-10-01,470.0,17,0.257,3,79,Basic Shield,29,6,2,1,1,0,1
WRK02023,Tambaram,12.907875,80.116412,2023-02-01,457.0,19,0.1,2,83,Basic Shield,29,4,2,0,0,0,0
WRK02024,Guindy,13.004049,80.210186,2018-08-01,671.0,22,0.41,3,77,Basic Shield,29,7,0,1,1,0,1
WRK02025,Sholinganallur,12.892021,80.219474,2015-06-01,788.0,20,0.392,2,79,Basic Shield,29,7,3,0,1,1,0
WRK02026,Chromepet,12.955003,80.1428,2018-11-01,480.0,15,0.291,2,79,Basic Shield,29,3,0,0,0,0,0
WRK02027,Velachery,12.982717,80.234035,2018-05-01,535.0,14,0.381,3,78,Basic Shield,29,4,2,0,0,0,0
WRK02028,Porur,13.054166,80.147056,2016-12-01,653.0,21,0.497,2,76,Basic Shield,29,10,3,0,1,1,0
WRK02029,T Nagar,13.041158,80.240862,2024-09-01,465.0,9,0.306,6,81,Basic Shield,29,9,1,0,1,0,0
WRK02030,Anna Nagar,13.096758,80.214994,2015-11-01,533.0,27,0.317,5,76,Basic Shield,29,4,4,0,0,1,0
WRK02031,T Nagar,13.018818,80.250795,2018-04-01,324.0,14,0.37,2,78,Basic Shield,29,7,0,0,1,0,0
WRK02032,Sholinganallur,12.916046,80.212664,2016-12-01,682.0,14,0.335,2,80,Basic Shield,29,8,5,0,1,1,0
WRK02033,T Nagar,13.021705,80.22641,2015-06-01,414.0,19,0.448,4,74,Basic Shield,29,6,2,0,1,0,0
WRK02034,Perambur,13.118708,80.237431,2023-10-01,390.0,16,0.503,3,73,Basic Shield,29,4,3,0,0,1,0
WRK02035,Velachery,12.982436,80.220969,2015-08-01,450.0,15,0.262,1,81,Basic Shield,29,7,0,0,1,0,0
WRK02036,Adyar,12.988413,80.270093,2021-07-01,868.0,15,0.048,1,87,Basic Shield,29,11,0,1,1,0,1
WRK02037,Sholinganallur,12.896747,80.230446,2017-01-01,817.0,22,0.439,3,77,Basic Shield,29,7,3,0,1,1,0
WRK02038,Velachery,12.988075,80.236678,2024-12-01,544.0,16,0.616,1,74,Basic Shield,29,8,1,0,1,0,0
WRK02039,Anna Nagar,13.084975,80.213911,2023-02-01,353.0,14,0.283,0,82,Basic Shield,29,4,2,0,0,0,0
WRK02040,Perambur,13.107895,80.215234,2023-07-01,509.0,20,0.141,1,83,Basic Shield,29,5,2,0,1,0,0
WRK02041,Velachery,12.996638,80.199513,2015-01-01,705.0,16,0.268,5,78,Basic Shield,29,2,0,0,0,0,0
WRK02042,Chromepet,12.963732,80.161609,2022-08-01,582.0,13,0.243,3,82,Basic Shield,29,7,4,0,1,1,0
WRK02043,Perambur,13.128025,80.242224,2021-06-01,569.0,15,0.393,2,77,Basic Shield,29,4,4,0,0,1,0
WRK02044,Sholinganallur,12.912833,80.223321,2015-11-01,490.0,18,0.29,3,78,Basic Shield,29,4,1,0,0,0,0
WRK02045,T Nagar,13.039294,80.248854,2023-06-01,665.0,23,0.183,6,78,Basic Shield,29,5,4,0,1,1,0
WRK02046,Anna Nagar,13.074332,80.210325,2022-01-01,737.0,23,0.395,2,78,Basic Shield,29,4,1,0,0,0,0
WRK02047,Porur,13.038798,80.174635,2022-01-01,479.0,10,0.1,4,86,Basic Shield,29,3,3,0,0,1,0
WRK02048,Guindy,12.999856,80.213556,2017-07-01,552.0,13,0.441,5,75,Basic Shield,29,3,2,1,0,0,1
WRK02049,Adyar,12.993626,80.261173,2024-10-01,671.0,23,0.413,1,79,Basic Shield,29,8,4,1,1,1,1
WRK02050,Chromepet,12.96441,80.131819,2020-04-01,300.0,19,0.18,0,82,Basic Shield,29,4,1,0,0,0,0
WRK02051,T Nagar,13.023344,80.224417,2017-11-01,821.0,26,0.093,7,80,Basic Shield,29,5,2,0,1,0,0
WRK02052,Chromepet,12.943229,80.156548,2021-01-01,787.0,21,0.018,2,86,Basic Shield,29,3,2,0,0,0,0
WRK02053,Tambaram,12.908449,80.100234,2023-09-01,593.0,15,0.222,3,80,Basic Shield,29,6,3,0,1,1,0
WRK02054,Tambaram,12.910143,80.091165,2018-05-01,594.0,23,0.3,6,75,Basic Shield,29,4,3,0,0,1,0
WRK02055,Perambur,13.120286,80.216699,2023-08-01,701.0,20,0.373,2,79,Basic Shield,29,8,4,0,1,1,0
WRK02056,Adyar,13.006175,80.271429,2017-09-01,589.0,17,0.265,3,79,Basic Shield,29,4,1,1,0,0,1
WRK02057,T Nagar,13.028469,80.236278,2019-06-01,432.0,15,0.224,4,78,Basic Shield,29,4,3,0,0,1,0
WRK02058,Sholinganallur,12.908073,80.212661,2019-09-01,485.0,17,0.362,2,78,Basic Shield,29,5,1,0,1,0,0
WRK02059,Perambur,13.115984,80.215985,2019-09-01,663.0,20,0.382,3,77,Basic Shield,29,3,2,0,0,0,0
WRK02060,Porur,13.053222,80.154573,2016-11-01,710.0,20,0.293,5,77,Basic Shield,29,4,1,0,0,0,0
WRK02061,Perambur,13.132653,80.223909,2022-05-01,611.0,16,0.65,2,73,Basic Shield,29,3,3,0,0,1,0
WRK02062,Tambaram,12.933858,80.105964,2023-09-01,538.0,14,0.403,3,77,Basic Shield,29,7,1,0,1,0,0
WRK02063,Tambaram,12.924638,80.08692,2016-03-01,709.0,18,0.194,3,81,Basic Shield,29,6,2,0,1,0,0
WRK02064,Anna Nagar,13.093196,80.220516,2017-11-01,673.0,15,0.152,3,82,Basic Shield,29,3,6,0,0,1,0
WRK02065,Velachery,12.966235,80.22263,2023-02-01,663.0,16,0.169,2,82,Basic Shield,29,9,3,0,1,1,0
WRK02066,Guindy,12.995656,80.23613,2018-11-01,464.0,13,0.463,3,77,Basic Shield,29,5,4,1,1,1,1
WRK02067,Porur,13.027712,80.148765,2018-03-01,788.0,21,0.136,3,83,Basic Shield,29,9,1,0,1,0,0
WRK02068,T Nagar,13.032236,80.22858,2020-10-01,525.0,12,0.392,6,76,Basic Shield,29,5,1,0,1,0,0
WRK02069,Velachery,12.969612,80.213955,2024-09-01,545.0,25,0.041,4,82,Basic Shield,29,4,0,0,0,0,0
WRK02070,Tambaram,12.936092,80.117927,2023-08-01,683.0,14,0.537,4,74,Basic Shield,29,6,2,0,1,0,0
WRK02071,T Nagar,13.053255,80.21541,2015-10-01,471.0,17,0.573,1,74,Basic Shield,29,5,2,0,1,0,0
WRK02072,Anna Nagar,13.097833,80.199929,2018-12-01,704.0,18,0.071,3,84,Basic Shield,29,6,4,0,1,1,0
WRK02073,Porur,13.048222,80.146715,2016-04-01,668.0,18,0.539,1,76,Basic Shield,29,6,6,0,1,1,0
WRK02074,Tambaram,12.927378,80.114974,2024-07-01,591.0,16,0.194,0,84,Basic Shield,29,6,3,0,1,1,0
WRK02075,Chromepet,12.961789,80.142552,2023-03-01,539.0,20,0.193,2,81,Basic Shield,29,6,3,0,1,1,0
WRK02076,Anna Nagar,13.087544,80.209839,2021-02-01,653.0,17,0.152,4,81,Basic Shield,29,2,3,0,0,1,0
WRK02077,Sholinganallur,12.92099,80.228608,2024-06-01,581.0,23,0.387,1,79,Basic Shield,29,8,2,0,1,0,0
WRK02078,Tambaram,12.94267,80.09015,2015-08-01,716.0,21,0.277,3,80,Basic Shield,29,3,0,0,0,0,0
WRK02079,Perambur,13.132134,80.248644,2016-01-01,816.0,11,0.328,6,80,Basic Shield,29,8,0,0,1,0,0
WRK02080,Perambur,13.10192,80.237546,2015-07-01,478.0,22,0.245,3,79,Basic Shield,29,5,1,0,1,0,0
WRK02081,Guindy,13.009555,80.235351,2022-01-01,592.0,22,0.166,6,78,Basic Shield,29,5,2,1,1,0,1
WRK02082,T Nagar,13.025557,80.233053,2018-01-01,759.0,13,0.532,3,77,Basic Shield,29,4,1,0,0,0,0
WRK02083,Adyar,13.015278,80.246071,2019-05-01,431.0,20,0.123,1,83,Basic Shield,29,2,1,1,0,0,1
WRK02084,Adyar,12.994473,80.254297,2016-10-01,573.0,24,0.456,7,71,Basic Shield,29,8,1,1,1,0,1
WRK02085,Porur,13.044948,80.170259,2024-01-01,613.0,20,0.338,2,79,Basic Shield,29,9,3,0,1,1,0
WRK02086,Perambur,13.132265,80.217124,2023-09-01,543.0,21,0.184,1,83,Basic Shield,29,5,0,0,1,0,0
WRK02087,Velachery,12.963226,80.231263,2024-12-01,652.0,20,0.337,2,79,Basic Shield,29,11,3,0,1,1,0
WRK02088,Chromepet,12.94676,80.153098,2015-02-01,471.0,21,0.365,5,75,Basic Shield,29,6,3,0,1,1,0
WRK02089,Adyar,13.003051,80.256636,2017-08-01,640.0,16,0.613,4,71,Basic Shield,29,13,2,1,1,0,1
WRK02090,Porur,13.037643,80.172788,2018-09-01,482.0,16,0.166,2,82,Basic Shield,29,5,1,0,1,0,0
WRK02091,Chromepet,12.935126,80.142375,2020-01-01,547.0,19,0.661,8,66,Standard Shield,49,9,1,0,1,0,0
WRK02092,Chromepet,12.940139,80.152409,2022-08-01,466.0,16,0.467,5,72,Basic Shield,29,6,1,0,1,0,0
WRK02093,Anna Nagar,13.107376,80.219203,2024-03-01,611.0,20,0.159,4,80,Basic Shield,29,10,0,0,1,0,0
WRK02094,Anna Nagar,13.085808,80.212767,2020-11-01,716.0,21,0.468,5,74,Basic Shield,29,4,2,0,0,0,0
WRK02095,Chromepet,12.955183,80.153992,2023-08-01,546.0,24,0.271,0,82,Basic Shield,29,6,1,0,1,0,0
WRK02096,Porur,13.025309,80.167628,2019-08-01,741.0,15,0.278,2,81,Basic Shield,29,8,1,0,1,0,0
WRK02097,Chromepet,12.955176,80.13008,2019-01-01,719.0,28,0.295,1,81,Basic Shield,29,9,2,0,1,0,0
WRK02098,Adyar,12.994912,80.236387,2023-12-01,632.0,18,0.571,4,72,Basic Shield,29,10,4,1,1,1,1
WRK02099,Perambur,13.102484,80.230631,2016-07-01,536.0,21,0.064,4,82,Basic Shield,29,5,3,0,1,1,0
WRK02100,Perambur,13.129251,80.231935,2020-09-01,466.0,10,0.587,4,76,Basic Shield,29,5,0,0,1,0,0
WRK02101,Sholinganallur,12.907874,80.227303,2015-04-01,730.0,14,0.087,1,86,Basic Shield,29,7,1,0,1,0,0
WRK02102,Velachery,12.973343,80.207947,2020-08-01,555.0,17,0.206,2,81,Basic Shield,29,3,2,0,0,0,0
WRK02103,Tambaram,12.91829,80.098246,2020-03-01,693.0,21,0.319,6,76,Basic Shield,29,7,3,0,1,1,0
WRK02104,Perambur,13.13554,80.225399,2017-03-01,607.0,19,0.76,0,72,Basic Shield,29,8,3,0,1,1,0
WRK02105,Guindy,13.022371,80.232059,2023-05-01,380.0,19,0.213,5,77,Basic Shield,29,4,2,1,0,0,1
WRK02106,Guindy,12.994018,80.217842,2024-10-01,567.0,21,0.179,3,81,Basic Shield,29,8,2,1,1,0,1
WRK02107,T Nagar,13.029146,80.246293,2015-11-01,739.0,14,0.225,3,82,Basic Shield,29,6,2,0,1,0,0
WRK02108,Velachery,12.982688,80.209674,2020-07-01,520.0,18,0.394,4,75,Basic Shield,29,5,1,0,1,0,0
WRK02109,Perambur,13.118257,80.24746,2015-08-01,526.0,18,0.032,2,84,Basic Shield,29,6,3,0,1,1,0
WRK02110,Guindy,12.99147,80.236678,2020-08-01,549.0,23,0.083,3,83,Basic Shield,29,8,5,1,1,1,1
WRK02111,Perambur,13.09984,80.225117,2017-06-01,451.0,16,0.07,3,82,Basic Shield,29,6,1,0,1,0,0
WRK02112,Adyar,13.018165,80.248172,2016-09-01,481.0,25,0.074,4,81,Basic Shield,29,4,3,1,0,1,1
WRK02113,Porur,13.031757,80.156635,2018-06-01,728.0,12,0.061,3,87,Basic Shield,29,6,1,0,1,0,0
WRK02114,Velachery,12.989874,80.221803,2024-11-01,560.0,17,0.279,2,80,Basic Shield,29,4,0,0,0,0,0
WRK02115,Sholinganallur,12.920191,80.210589,2021-11-01,597.0,10,0.436,7,77,Basic Shield,29,7,4,0,1,1,0
WRK02116,Velachery,12.980555,80.223967,2015-11-01,761.0,14,0.034,2,87,Basic Shield,29,8,1,0,1,0,0
WRK02117,Adyar,13.018903,80.260411,2015-08-01,512.0,15,0.349,3,77,Basic Shield,29,5,3,1,1,1,1
WRK02118,Adyar,13.015367,80.262114,2017-02-01,518.0,9,0.372,5,81,Basic Shield,29,4,5,1,0,1,1
WRK02119,T Nagar,13.03745,80.245524,2017-10-01,574.0,10,0.441,1,83,Basic Shield,29,6,3,0,1,1,0
WRK02120,T Nagar,13.044858,80.243864,2017-06-01,562.0,22,0.286,6,76,Basic Shield,29,8,4,0,1,1,0
WRK02121,Velachery,12.995661,80.209205,2019-10-01,549.0,13,0.172,4,82,Basic Shield,29,6,1,0,1,0,0
WRK02122,Sholinganallur,12.88939,80.214271,2022-07-01,773.0,23,0.524,3,75,Basic Shield,29,9,2,0,1,0,0
WRK02123,Sholinganallur,12.918671,80.244917,2016-08-01,604.0,16,0.167,3,81,Basic Shield,29,5,1,0,1,0,0
WRK02124,Anna Nagar,13.07313,80.199804,2023-02-01,624.0,22,0.372,3,77,Basic Shield,29,6,1,0,1,0,0
WRK02125,Porur,13.021454,80.141476,2015-06-01,721.0,19,0.303,3,79,Basic Shield,29,4,0,0,0,0,0
WRK02126,Sholinganallur,12.917919,80.213266,2017-08-01,478.0,23,0.203,2,81,Basic Shield,29,8,1,0,1,0,0
WRK02127,Chromepet,12.966243,80.128467,2016-10-01,356.0,22,0.099,4,80,Basic Shield,29,7,3,0,1,1,0
WRK02128,T Nagar,13.045948,80.244059,2017-05-01,742.0,17,0.033,1,87,Basic Shield,29,11,2,0,1,0,0
WRK02129,Tambaram,12.917909,80.091523,2018-11-01,360.0,20,0.217,1,81,Basic Shield,29,8,3,0,1,1,0
WRK02130,Chromepet,12.941549,80.13582,2017-12-01,423.0,18,0.191,2,81,Basic Shield,29,2,0,0,0,0,0
WRK02131,T Nagar,13.043908,80.214834,2015-04-01,569.0,22,0.161,3,81,Basic Shield,29,6,2,0,1,0,0
WRK02132,Sholinganallur,12.903956,80.244383,2024-06-01,621.0,22,0.324,3,78,Basic Shield,29,5,1,0,1,0,0
WRK02133,Guindy,13.000036,80.215917,2020-01-01,757.0,22,0.099,4,82,Basic Shield,29,4,3,1,0,1,1
WRK02134,Velachery,12.981445,80.237583,2015-10-01,682.0,24,0.071,5,81,Basic Shield,29,4,6,0,0,1,0
WRK02135,Guindy,12.989603,80.203338,2017-02-01,552.0,22,0.244,1,81,Basic Shield,29,5,3,1,1,1,1
WRK02136,Guindy,12.995471,80.200931,2020-09-01,550.0,18,0.474,0,78,Basic Shield,29,10,2,1,1,0,1
WRK02137,Tambaram,12.914958,80.102936,2019-09-01,621.0,23,0.432,0,79,Basic Shield,29,8,1,0,1,0,0
WRK02138,Chromepet,12.965433,80.134203,2016-11-01,789.0,18,0.172,2,83,Basic Shield,29,4,4,0,0,1,0
WRK02139,Anna Nagar,13.09063,80.207485,2016-05-01,584.0,21,0.646,6,69,Standard Shield,49,8,1,0,1,0,0
WRK02140,Guindy,13.008249,80.213907,2018-01-01,553.0,10,0.221,2,86,Basic Shield,29,7,1,1,1,0,1
WRK02141,Chromepet,12.955678,80.150202,2022-09-01,643.0,22,0.152,2,83,Basic Shield,29,5,2,0,1,0,0
WRK02142,Adyar,13.000167,80.273312,2024-03-01,667.0,19,0.042,4,83,Basic Shield,29,7,2,1,1,0,1
WRK02143,Guindy,13.018003,80.20604,2016-08-01,652.0,22,0.421,6,73,Basic Shield,29,7,3,1,1,1,1
WRK02144,Porur,13.017103,80.143539,2015-06-01,536.0,13,0.462,4,76,Basic Shield,29,5,0,0,1,0,0
WRK02145,Velachery,12.986712,80.20906,2018-09-01,458.0,13,0.037,6,82,Basic Shield,29,5,0,0,1,0,0
WRK02146,T Nagar,13.024971,80.225126,2015-10-01,616.0,26,0.232,3,80,Basic Shield,29,6,1,0,1,0,0
WRK02147,Tambaram,12.919438,80.098496,2023-12-01,663.0,18,0.296,2,80,Basic Shield,29,5,2,0,1,0,0
WRK02148,Sholinganallur,12.905283,80.219256,2024-02-01,658.0,22,0.382,2,78,Basic Shield,29,11,3,0,1,1,0
WRK02149,Tambaram,12.910173,80.105758,2017-09-01,373.0,29,0.098,5,79,Basic Shield,29,6,1,0,1,0,0
WRK02150,Perambur,13.101928,80.241351,2015-06-01,447.0,16,0.306,1,80,Basic Shield,29,6,2,0,1,0,0
WRK02151,Chromepet,12.969641,80.155521,2017-07-01,522.0,19,0.129,5,80,Basic Shield,29,4,6,0,0,1,0
WRK02152,Guindy,13.005591,80.233776,2022-07-01,703.0,19,0.608,4,72,Basic Shield,29,12,3,1,1,1,1
WRK02153,Adyar,12.991185,80.240041,2016-09-01,699.0,21,0.503,3,75,Basic Shield,29,6,5,1,1,1,1
WRK02154,T Nagar,13.020346,80.224527,2024-07-01,697.0,14,0.107,6,81,Basic Shield,29,9,0,0,1,0,0
WRK02155,Velachery,12.994265,80.233689,2023-06-01,416.0,21,0.289,2,79,Basic Shield,29,4,3,0,0,1,0
WRK02156,Anna Nagar,13.080023,80.216249,2024-10-01,520.0,16,0.382,1,78,Basic Shield,29,8,5,0,1,1,0
WRK02157,Anna Nagar,13.06925,80.203449,2020-08-01,426.0,13,0.217,5,79,Basic Shield,29,6,0,0,1,0,0
WRK02158,Adyar,13.003709,80.265686,2022-02-01,655.0,13,0.315,8,75,Basic Shield,29,5,2,1,1,0,1
WRK02159,Perambur,13.114665,80.221348,2020-08-01,599.0,18,0.644,2,73,Basic Shield,29,7,4,0,1,1,0
WRK02160,Tambaram,12.939441,80.114904,2016-07-01,659.0,22,0.129,1,84,Basic Shield,29,5,1,0,1,0,0
WRK02161,Porur,13.02808,80.13953,2023-05-01,546.0,20,0.18,1,83,Basic Shield,29,0,0,0,0,0,0
WRK02162,T Nagar,13.028637,80.229991,2023-06-01,616.0,24,0.284,3,79,Basic Shield,29,8,5,0,1,1,0
WRK02163,Perambur,13.12876,80.252523,2023-11-01,639.0,23,0.398,7,73,Basic Shield,29,6,6,0,1,1,0
WRK02164,Perambur,13.105111,80.231295,2020-04-01,432.0,20,0.204,0,83,Basic Shield,29,4,2,0,0,0,0
WRK02165,Sholinganallur,12.898056,80.222699,2022-05-01,753.0,21,0.348,5,76,Basic Shield,29,6,1,0,1,0,0
WRK02166,Velachery,12.987738,80.202243,2016-01-01,640.0,12,0.269,3,82,Basic Shield,29,8,2,0,1,0,0
WRK02167,Chromepet,12.945339,80.129616,2018-02-01,542.0,21,0.227,0,83,Basic Shield,29,6,6,0,1,1,0
WRK02168,T Nagar,13.028504,80.220236,2023-04-01,689.0,11,0.213,2,86,Basic Shield,29,5,1,0,1,0,0
WRK02169,T Nagar,13.02143,80.252163,2019-08-01,514.0,33,0.379,5,74,Basic Shield,29,7,4,0,1,1,0
WRK02170,Tambaram,12.928743,80.103897,2023-01-01,671.0,18,0.105,5,81,Basic Shield,29,8,5,0,1,1,0
WRK02171,Perambur,13.124871,80.228517,2022-04-01,606.0,14,0.456,9,70,Basic Shield,29,5,2,0,1,0,0
WRK02172,Adyar,13.005575,80.262851,2015-03-01,691.0,12,0.622,1,78,Basic Shield,29,9,2,1,1,0,1
WRK02173,T Nagar,13.052565,80.217312,2017-11-01,397.0,18,0.641,1,73,Basic Shield,29,3,5,0,0,1,0
WRK02174,T Nagar,13.046638,80.230574,2016-06-01,561.0,10,0.145,1,88,Basic Shield,29,8,2,0,1,0,0
WRK02175,Velachery,12.980074,80.205638,2019-11-01,647.0,18,0.448,2,77,Basic Shield,29,6,3,0,1,1,0
WRK02176,T Nagar,13.019834,80.251625,2016-09-01,418.0,18,0.123,2,82,Basic Shield,29,6,6,0,1,1,0
WRK02177,Chromepet,12.940269,80.128592,2019-12-01,586.0,15,0.237,5,78,Basic Shield,29,7,2,0,1,0,0
WRK02178,Anna Nagar,13.07588,80.213115,2024-05-01,650.0,12,0.172,6,81,Basic Shield,29,10,2,0,1,0,0
WRK02179,Anna Nagar,13.095657,80.204892,2021-05-01,603.0,11,0.394,2,82,Basic Shield,29,10,4,0,1,1,0
WRK02180,Perambur,13.133706,80.218704,2017-04-01,530.0,14,0.15,3,82,Basic Shield,29,4,5,0,0,1,0
WRK02181,Adyar,13.010045,80.240301,2024-03-01,459.0,21,0.522,1,75,Basic Shield,29,8,2,1,1,0,1
WRK02182,Perambur,13.101489,80.214878,2016-05-01,687.0,24,0.6,3,73,Basic Shield,29,7,2,0,1,0,0
WRK02183,Tambaram,12.92469,80.085734,2023-03-01,430.0,24,0.075,6,79,Basic Shield,29,7,0,0,1,0,0
WRK02184,T Nagar,13.053828,80.220939,2016-05-01,561.0,12,0.292,2,82,Basic Shield,29,4,1,0,0,0,0
WRK02185,Perambur,13.116233,80.232254,2019-09-01,521.0,14,0.13,4,82,Basic Shield,29,5,4,0,1,1,0
WRK02186,Chromepet,12.934719,80.136696,2016-01-01,705.0,23,0.321,1,81,Basic Shield,29,8,0,0,1,0,0
WRK02187,Chromepet,12.953458,80.14057,2021-10-01,756.0,12,0.343,4,80,Basic Shield,29,6,2,0,1,0,0
WRK02188,Guindy,13.000102,80.20353,2022-02-01,300.0,25,0.115,2,82,Basic Shield,29,7,1,1,1,0,1
WRK02189,Guindy,12.989462,80.205579,2018-06-01,745.0,8,0.199,2,89,Basic Shield,29,4,2,1,0,0,1
WRK02190,Porur,13.033595,80.159491,2015-12-01,550.0,14,0.182,4,81,Basic Shield,29,5,3,0,1,1,0
WRK02191,Sholinganallur,12.883367,80.229566,2021-10-01,473.0,24,0.293,3,78,Basic Shield,29,7,0,0,1,0,0
WRK02192,Adyar,13.006424,80.262647,2016-01-01,763.0,19,0.351,1,80,Basic Shield,29,7,0,1,1,0,1
WRK02193,Perambur,13.115691,80.25282,2021-10-01,762.0,11,0.285,4,83,Basic Shield,29,3,1,0,0,0,0
WRK02194,Tambaram,12.927805,80.092004,2020-10-01,645.0,21,0.585,2,74,Basic Shield,29,9,2,0,1,0,0
WRK02195,Tambaram,12.913688,80.091088,2023-05-01,543.0,17,0.019,2,85,Basic Shield,29,6,1,0,1,0,0
WRK02196,Chromepet,12.970941,80.152568,2017-07-01,595.0,18,0.054,4,82,Basic Shield,29,10,1,0,1,0,0
WRK02197,Sholinganallur,12.90475,80.242701,2024-08-01,704.0,25,0.355,4,77,Basic Shield,29,8,1,0,1,0,0
WRK02198,Guindy,13.019157,80.23127,2019-10-01,770.0,31,0.304,0,82,Basic Shield,29,3,2,1,0,0,1
WRK02199,Chromepet,12.965535,80.160939,2024-08-01,720.0,13,0.121,3,85,Basic Shield,29,6,1,0,1,0,0
WRK02200,Porur,13.03199,80.146674,2021-02-01,604.0,21,0.297,3,79,Basic Shield,29,7,2,0,1,0,0
WRK02201,Anna Nagar,13.100927,80.215548,2024-10-01,548.0,15,0.2,3,80,Basic Shield,29,3,3,0,0,1,0
WRK02202,Perambur,13.11711,80.220497,2016-12-01,628.0,21,0.128,2,83,Basic Shield,29,6,4,0,1,1,0
WRK02203,Guindy,12.99132,80.219247,2019-09-01,641.0,19,0.299,3,79,Basic Shield,29,9,1,1,1,0,1
WRK02204,Tambaram,12.9346,80.118467,2018-02-01,638.0,14,0.256,3,81,Basic Shield,29,8,3,0,1,1,0
WRK02205,Guindy,12.99383,80.218372,2015-03-01,436.0,19,0.109,3,82,Basic Shield,29,14,2,1,1,0,1
WRK02206,Adyar,12.998195,80.259195,2021-10-01,484.0,30,0.073,5,80,Basic Shield,29,6,2,1,1,0,1
WRK02207,T Nagar,13.040658,80.2203,2015-11-01,429.0,18,0.451,1,77,Basic Shield,29,7,3,0,1,1,0
WRK02208,Perambur,13.133506,80.221807,2017-11-01,722.0,21,0.051,0,87,Basic Shield,29,2,0,0,0,0,0
WRK02209,Guindy,13.01986,80.216245,2016-05-01,627.0,12,0.317,6,78,Basic Shield,29,7,2,1,1,0,1
WRK02210,Porur,13.045096,80.163041,2024-06-01,599.0,18,0.185,5,79,Basic Shield,29,2,4,0,0,1,0
WRK02211,Anna Nagar,13.076379,80.20864,2016-08-01,436.0,19,0.244,3,79,Basic Shield,29,10,5,0,1,1,0
WRK02212,Perambur,13.127016,80.220958,2024-01-01,637.0,15,0.114,1,84,Basic Shield,29,3,3,0,0,1,0
WRK02213,Perambur,13.137027,80.227873,2022-06-01,592.0,29,0.209,3,80,Basic Shield,29,5,6,0,1,1,0
WRK02214,Velachery,12.979527,80.207962,2015-06-01,707.0,20,0.2,4,80,Basic Shield,29,4,0,0,0,0,0
WRK02215,Chromepet,12.941139,80.126232,2021-07-01,585.0,10,0.518,2,80,Basic Shield,29,7,3,0,1,1,0
WRK02216,Adyar,13.014961,80.254465,2019-08-01,648.0,22,0.133,0,85,Basic Shield,29,5,3,1,1,1,1
WRK02217,T Nagar,13.020544,80.246057,2017-10-01,738.0,19,0.388,4,76,Basic Shield,29,5,0,0,1,0,0
WRK02218,Tambaram,12.921764,80.098575,2024-03-01,708.0,14,0.148,3,83,Basic Shield,29,8,2,0,1,0,0
WRK02219,Sholinganallur,12.920234,80.229462,2021-12-01,804.0,15,0.184,4,81,Basic Shield,29,8,1,0,1,0,0
WRK02220,Guindy,12.992539,80.225068,2018-12-01,615.0,17,0.445,3,76,Basic Shield,29,8,3,1,1,1,1
WRK02221,Perambur,13.118955,80.236355,2015-10-01,712.0,15,0.053,6,81,Basic Shield,29,5,2,0,1,0,0
WRK02222,Anna Nagar,13.101325,80.21519,2018-08-01,782.0,11,0.273,7,80,Basic Shield,29,7,1,0,1,0,0
WRK02223,Porur,13.04031,80.173113,2024-03-01,625.0,20,0.624,5,70,Basic Shield,29,4,1,0,0,0,0
WRK02224,Adyar,13.007831,80.247869,2020-05-01,638.0,19,0.358,3,78,Basic Shield,29,10,4,1,1,1,1
WRK02225,Anna Nagar,13.091696,80.220595,2021-05-01,511.0,29,0.319,0,81,Basic Shield,29,8,4,0,1,1,0
WRK02226,Perambur,13.106316,80.233324,2015-07-01,492.0,19,0.049,6,80,Basic Shield,29,5,3,0,1,1,0
WRK02227,Guindy,12.991125,80.224642,2022-12-01,492.0,10,0.179,5,83,Basic Shield,29,2,2,1,0,0,1
WRK02228,Chromepet,12.941533,80.136754,2020-01-01,371.0,21,0.648,4,69,Standard Shield,49,5,3,0,1,1,0
WRK02229,Porur,13.035523,80.138077,2020-11-01,827.0,16,0.411,1,79,Basic Shield,29,6,1,0,1,0,0
WRK02230,Perambur,13.106541,80.240735,2018-12-01,539.0,12,0.074,2,87,Basic Shield,29,9,3,0,1,1,0
WRK02231,Guindy,13.000451,80.205831,2020-08-01,636.0,21,0.18,3,81,Basic Shield,29,11,5,1,1,1,1
WRK02232,Chromepet,12.944406,80.139703,2020-03-01,651.0,24,0.171,1,83,Basic Shield,29,10,1,0,1,0,0
WRK02233,Chromepet,12.956,80.161257,2021-07-01,524.0,21,0.495,4,73,Basic Shield,29,6,2,0,1,0,0
WRK02234,Tambaram,12.927912,80.118785,2021-12-01,589.0,20,0.448,4,74,Basic Shield,29,0,1,0,0,0,0
WRK02235,Anna Nagar,13.076113,80.191848,2024-05-01,628.0,19,0.418,1,78,Basic Shield,29,4,3,0,0,1,0
WRK02236,Adyar,13.010322,80.260442,2020-04-01,555.0,20,0.181,5,79,Basic Shield,29,7,3,1,1,1,1
WRK02237,Porur,13.030337,80.139144,2017-02-01,423.0,17,0.296,2,79,Basic Shield,29,6,3,0,1,1,0
WRK02238,Perambur,13.103801,80.250221,2022-12-01,704.0,18,0.174,4,81,Basic Shield,29,3,0,0,0,0,0
WRK02239,Porur,13.048208,80.17535,2017-07-01,489.0,21,0.294,3,78,Basic Shield,29,6,1,0,1,0,0
WRK02240,Guindy,13.002719,80.231624,2019-01-01,619.0,17,0.368,2,78,Basic Shield,29,5,1,1,1,0,1
WRK02241,Adyar,13.023626,80.239583,2015-08-01,659.0,10,0.447,3,81,Basic Shield,29,9,5,1,1,1,1
WRK02242,Perambur,13.110135,80.224067,2016-10-01,527.0,23,0.461,1,77,Basic Shield,29,4,2,0,0,0,0
WRK02243,Velachery,12.990977,80.233767,2018-08-01,605.0,19,0.123,4,81,Basic Shield,29,8,3,0,1,1,0
WRK02244,Sholinganallur,12.903683,80.208988,2017-07-01,442.0,9,0.479,2,81,Basic Shield,29,3,0,0,0,0,0
WRK02245,Sholinganallur,12.896573,80.230928,2021-05-01,667.0,12,0.226,6,80,Basic Shield,29,11,5,0,1,1,0
WRK02246,Anna Nagar,13.085369,80.21491,2022-06-01,565.0,13,0.062,1,87,Basic Shield,29,8,2,0,1,0,0
WRK02247,Velachery,13.00019,80.224046,2022-02-01,691.0,11,0.291,2,84,Basic Shield,29,7,5,0,1,1,0
WRK02248,Chromepet,12.936051,80.152882,2020-06-01,656.0,15,0.447,3,76,Basic Shield,29,2,4,0,0,1,0
WRK02249,T Nagar,13.018829,80.247896,2017-10-01,467.0,21,0.363,2,78,Basic Shield,29,4,2,0,0,0,0
WRK02250,T Nagar,13.038403,80.236555,2015-01-01,513.0,12,0.243,3,82,Basic Shield,29,7,3,0,1,1,0
WRK02251,T Nagar,13.054864,80.216609,2021-03-01,599.0,14,0.281,4,79,Basic Shield,29,2,4,0,0,1,0
WRK02252,Chromepet,12.968703,80.156523,2021-11-01,462.0,25,0.492,4,73,Basic Shield,29,8,0,0,1,0,0
WRK02253,T Nagar,13.024529,80.239147,2023-12-01,687.0,17,0.224,3,80,Basic Shield,29,13,1,0,1,0,0
WRK02254,Anna Nagar,13.085096,80.226551,2024-06-01,563.0,13,0.414,2,79,Basic Shield,29,4,2,0,0,0,0
WRK02255,Tambaram,12.913155,80.101183,2020-10-01,511.0,14,0.077,3,84,Basic Shield,29,5,4,0,1,1,0
WRK02256,T Nagar,13.053191,80.226942,2018-03-01,689.0,18,0.453,1,78,Basic Shield,29,11,4,0,1,1,0
WRK02257,Porur,13.021857,80.15498,2017-06-01,555.0,21,0.09,2,83,Basic Shield,29,6,4,0,1,1,0
WRK02258,T Nagar,13.031761,80.238831,2024-06-01,589.0,24,0.139,2,83,Basic Shield,29,3,2,0,0,0,0
WRK02259,Adyar,12.993217,80.261661,2018-07-01,492.0,10,0.505,2,80,Basic Shield,29,5,3,1,1,1,1
WRK02260,Guindy,13.004264,80.236075,2018-06-01,441.0,14,0.335,1,80,Basic Shield,29,5,4,1,1,1,1
WRK02261,Velachery,12.995235,80.21112,2016-06-01,555.0,20,0.147,1,83,Basic Shield,29,7,2,0,1,0,0
WRK02262,Tambaram,12.924998,80.080113,2024-06-01,552.0,20,0.151,4,80,Basic Shield,29,10,2,0,1,0,0
WRK02263,Velachery,12.990375,80.211469,2017-10-01,528.0,16,0.367,3,77,Basic Shield,29,2,3,0,0,1,0
WRK02264,Perambur,13.109621,80.241015,2016-08-01,593.0,16,0.326,5,76,Basic Shield,29,4,2,0,0,0,0
WRK02265,Perambur,13.113488,80.221863,2024-01-01,691.0,19,0.363,4,77,Basic Shield,29,9,0,0,1,0,0
WRK02266,Perambur,13.106565,80.241659,2015-07-01,486.0,25,0.769,6,66,Standard Shield,49,12,2,0,1,0,0
WRK02267,Velachery,12.972676,80.213924,2022-02-01,740.0,16,0.246,5,78,Basic Shield,29,8,2,0,1,0,0
WRK02268,Chromepet,12.933083,80.150865,2022-07-01,560.0,14,0.365,4,77,Basic Shield,29,3,1,0,0,0,0
WRK02269,Anna Nagar,13.075119,80.206265,2018-10-01,534.0,25,0.089,4,81,Basic Shield,29,7,0,0,1,0,0
WRK02270,Adyar,13.017008,80.250092,2016-10-01,628.0,10,0.178,2,87,Basic Shield,29,4,3,1,0,1,1
WRK02271,Anna Nagar,13.102845,80.222342,2019-05-01,685.0,23,0.078,5,81,Basic Shield,29,5,2,0,1,0,0
WRK02272,Perambur,13.117395,80.238438,2024-09-01,654.0,9,0.22,4,85,Basic Shield,29,6,2,0,1,0,0
WRK02273,Adyar,13.011905,80.236442,2016-06-01,648.0,16,0.49,4,74,Basic Shield,29,5,5,1,1,1,1
WRK02274,Anna Nagar,13.100037,80.200794,2016-12-01,610.0,15,0.342,2,79,Basic Shield,29,6,0,0,1,0,0
WRK02275,Velachery,13.00034,80.230369,2019-07-01,606.0,29,0.107,2,83,Basic Shield,29,5,0,0,1,0,0
WRK02276,T Nagar,13.036022,80.238053,2020-12-01,543.0,20,0.504,4,73,Basic Shield,29,10,2,0,1,0,0
WRK02277,Adyar,13.009388,80.264295,2019-01-01,626.0,13,0.775,2,72,Basic Shield,29,5,0,1,1,0,1
WRK02278,Tambaram,12.916304,80.088335,2018-03-01,428.0,21,0.23,3,79,Basic Shield,29,8,2,0,1,0,0
WRK02279,Anna Nagar,13.078105,80.19293,2017-12-01,526.0,11,0.317,5,80,Basic Shield,29,8,1,0,1,0,0
WRK02280,Tambaram,12.943134,80.104822,2024-05-01,599.0,14,0.348,2,80,Basic Shield,29,8,1,0,1,0,0
WRK02281,Perambur,13.124512,80.254318,2021-01-01,653.0,28,0.333,1,80,Basic Shield,29,12,3,0,1,1,0
WRK02282,Adyar,12.997583,80.257171,2023-12-01,617.0,14,0.176,3,82,Basic Shield,29,4,1,1,0,0,1
WRK02283,Adyar,12.994438,80.24246,2017-11-01,538.0,15,0.216,1,82,Basic Shield,29,6,2,1,1,0,1
WRK02284,Porur,13.050155,80.149367,2022-03-01,787.0,18,0.193,7,78,Basic Shield,29,7,1,0,1,0,0
WRK02285,Sholinganallur,12.91035,80.229856,2015-08-01,543.0,17,0.39,6,73,Basic Shield,29,7,1,0,1,0,0
WRK02286,Chromepet,12.945117,80.155099,2019-05-01,611.0,15,0.06,6,80,Basic Shield,29,8,3,0,1,1,0
WRK02287,Sholinganallur,12.918671,80.239925,2017-08-01,604.0,28,0.325,1,80,Basic Shield,29,6,1,0,1,0,0
WRK02288,Velachery,12.977549,80.198745,2024-10-01,553.0,17,0.501,2,75,Basic Shield,29,4,3,0,0,1,0
WRK02289,Porur,13.049757,80.164555,2018-04-01,608.0,25,0.258,4,78,Basic Shield,29,7,2,0,1,0,0
WRK02290,Perambur,13.127239,80.23864,2020-09-01,635.0,25,0.526,2,75,Basic Shield,29,3,4,0,0,1,0
WRK02291,Guindy,13.012732,80.220358,2016-06-01,664.0,11,0.432,6,77,Basic Shield,29,9,2,1,1,0,1
WRK02292,T Nagar,13.055546,80.228085,2016-06-01,712.0,17,0.125,4,82,Basic Shield,29,5,1,0,1,0,0
WRK02293,Sholinganallur,12.903312,80.230954,2023-02-01,554.0,13,0.321,6,77,Basic Shield,29,3,0,0,0,0,0
WRK02294,Sholinganallur,12.917132,80.235601,2015-11-01,695.0,18,0.149,0,85,Basic Shield,29,6,2,0,1,0,0
WRK02295,Sholinganallur,12.916609,80.220103,2017-12-01,617.0,17,0.15,3,82,Basic Shield,29,9,2,0,1,0,0
WRK02296,Guindy,13.016119,80.202743,2024-01-01,754.0,22,0.292,2,80,Basic Shield,29,8,1,1,1,0,1
WRK02297,Velachery,12.964474,80.235866,2015-09-01,487.0,19,0.215,4,79,Basic Shield,29,8,2,0,1,0,0
WRK02298,Sholinganallur,12.891138,80.233814,2023-04-01,606.0,16,0.023,3,84,Basic Shield,29,9,1,0,1,0,0
WRK02299,Tambaram,12.93803,80.108536,2016-04-01,707.0,19,0.175,6,79,Basic Shield,29,7,1,0,1,0,0
WRK02300,Porur,13.034557,80.161014,2016-03-01,631.0,18,0.254,4,79,Basic Shield,29,7,1,0,1,0,0
WRK02301,Perambur,13.13006,80.224302,2022-01-01,687.0,20,0.164,3,82,Basic Shield,29,3,3,0,0,1,0
WRK02302,Velachery,12.994171,80.229714,2016-05-01,735.0,18,0.225,2,82,Basic Shield,29,10,1,0,1,0,0
WRK02303,Adyar,13.00893,80.265938,2019-11-01,739.0,18,0.082,5,82,Basic Shield,29,9,3,1,1,1,1
WRK02304,T Nagar,13.029956,80.24092,2017-12-01,690.0,32,0.333,4,77,Basic Shield,29,4,1,0,0,0,0
WRK02305,Anna Nagar,13.100639,80.207559,2018-02-01,550.0,26,0.388,2,77,Basic Shield,29,6,3,0,1,1,0
WRK02306,T Nagar,13.050177,80.250287,2017-03-01,711.0,17,0.118,2,84,Basic Shield,29,7,3,0,1,1,0
WRK02307,T Nagar,13.047655,80.253121,2017-11-01,605.0,13,0.614,2,75,Basic Shield,29,5,7,0,1,1,0
WRK02308,Anna Nagar,13.094596,80.199834,2024-05-01,549.0,20,0.337,1,80,Basic Shield,29,8,4,0,1,1,0
WRK02309,Tambaram,12.92564,80.102145,2021-05-01,701.0,17,0.23,5,78,Basic Shield,29,3,1,0,0,0,0
WRK02310,Porur,13.039588,80.145433,2024-03-01,749.0,17,0.229,3,81,Basic Shield,29,4,3,0,0,1,0
WRK02311,Velachery,12.970771,80.210051,2016-05-01,691.0,17,0.277,1,81,Basic Shield,29,4,1,0,0,0,0
WRK02312,Velachery,12.975612,80.199726,2022-10-01,537.0,18,0.259,1,81,Basic Shield,29,10,2,0,1,0,0
WRK02313,Tambaram,12.938503,80.100714,2023-08-01,564.0,12,0.399,2,80,Basic Shield,29,11,3,0,1,1,0
WRK02314,Perambur,13.105484,80.239192,2024-06-01,696.0,15,0.278,5,77,Basic Shield,29,6,2,0,1,0,0
WRK02315,Tambaram,12.91659,80.096522,2015-05-01,675.0,13,0.166,5,82,Basic Shield,29,7,1,0,1,0,0
WRK02316,Velachery,12.967138,80.23719,2024-10-01,512.0,18,0.278,4,78,Basic Shield,29,10,2,0,1,0,0
WRK02317,Tambaram,12.921559,80.092201,2017-12-01,558.0,16,0.477,3,75,Basic Shield,29,9,3,0,1,1,0
WRK02318,Chromepet,12.944858,80.153466,2018-01-01,599.0,17,0.551,4,72,Basic Shield,29,3,3,0,0,1,0
WRK02319,Guindy,13.024927,80.23736,2016-11-01,682.0,17,0.174,3,81,Basic Shield,29,3,2,1,0,0,1
WRK02320,Tambaram,12.908499,80.089899,2015-02-01,621.0,15,0.16,3,81,Basic Shield,29,7,1,0,1,0,0
WRK02321,Guindy,13.000851,80.236593,2018-07-01,416.0,29,0.067,6,79,Basic Shield,29,7,1,1,1,0,1
WRK02322,Velachery,13.000611,80.209539,2023-07-01,600.0,16,0.23,5,78,Basic Shield,29,3,2,0,0,0,0
WRK02323,Guindy,13.006485,80.234421,2022-03-01,509.0,14,0.451,3,76,Basic Shield,29,8,0,1,1,0,1
WRK02324,Guindy,13.021884,80.223912,2015-01-01,397.0,17,0.133,7,77,Basic Shield,29,5,0,1,1,0,1
WRK02325,Chromepet,12.933098,80.153741,2017-04-01,733.0,15,0.561,2,75,Basic Shield,29,9,1,0,1,0,0
WRK02326,Anna Nagar,13.070448,80.206857,2016-03-01,661.0,21,0.031,3,84,Basic Shield,29,10,5,0,1,1,0
WRK02327,Porur,13.028232,80.142402,2020-10-01,574.0,19,0.485,3,75,Basic Shield,29,5,2,0,1,0,0
WRK02328,Guindy,13.021213,80.212669,2022-09-01,667.0,18,0.362,2,79,Basic Shield,29,8,3,1,1,1,1
WRK02329,Tambaram,12.924476,80.116018,2022-10-01,583.0,24,0.279,3,79,Basic Shield,29,2,3,0,0,1,0
WRK02330,Velachery,12.972198,80.215008,2020-09-01,752.0,21,0.091,3,83,Basic Shield,29,6,3,0,1,1,0
WRK02331,Porur,13.01907,80.143111,2024-03-01,895.0,18,0.217,1,84,Basic Shield,29,4,1,0,0,0,0
WRK02332,Adyar,13.023774,80.244245,2024-06-01,585.0,15,0.341,4,77,Basic Shield,29,4,2,1,0,0,1
WRK02333,Anna Nagar,13.104161,80.21231,2017-09-01,573.0,25,0.559,0,76,Basic Shield,29,8,2,0,1,0,0
WRK02334,Adyar,13.003607,80.252699,2021-11-01,551.0,22,0.227,2,81,Basic Shield,29,7,4,1,1,1,1
WRK02335,Tambaram,12.931322,80.105019,2020-04-01,629.0,14,0.16,3,82,Basic Shield,29,3,2,0,0,0,0
WRK02336,Adyar,13.010777,80.253602,2022-05-01,602.0,22,0.139,2,83,Basic Shield,29,3,1,1,0,0,1
WRK02337,Velachery,12.979056,80.232442,2017-06-01,713.0,24,0.269,3,80,Basic Shield,29,4,2,0,0,0,0
WRK02338,T Nagar,13.055245,80.21623,2023-12-01,614.0,25,0.306,3,78,Basic Shield,29,6,1,0,1,0,0
WRK02339,Tambaram,12.936359,80.082149,2018-07-01,370.0,16,0.114,1,83,Basic Shield,29,9,5,0,1,1,0
WRK02340,Velachery,12.961703,80.203176,2024-04-01,660.0,19,0.227,2,81,Basic Shield,29,7,2,0,1,0,0
WRK02341,Anna Nagar,13.079552,80.212793,2017-01-01,628.0,21,0.191,2,82,Basic Shield,29,4,2,0,0,0,0
WRK02342,Porur,13.042065,80.1555,2018-05-01,603.0,17,0.146,5,80,Basic Shield,29,8,3,0,1,1,0
WRK02343,Tambaram,12.905976,80.089465,2016-07-01,669.0,9,0.153,2,89,Basic Shield,29,4,1,0,0,0,0
WRK02344,Chromepet,12.949259,80.142788,2016-12-01,501.0,25,0.166,1,83,Basic Shield,29,5,0,0,1,0,0
WRK02345,Porur,13.03641,80.161603,2020-09-01,445.0,17,0.379,2,77,Basic Shield,29,6,2,0,1,0,0
WRK02346,Perambur,13.10568,80.244843,2017-09-01,710.0,12,0.572,2,78,Basic Shield,29,3,0,0,0,0,0
WRK02347,Sholinganallur,12.910471,80.212443,2018-06-01,525.0,11,0.14,5,83,Basic Shield,29,8,2,0,1,0,0
WRK02348,Sholinganallur,12.895393,80.243604,2021-09-01,540.0,11,0.286,3,82,Basic Shield,29,5,2,0,1,0,0
WRK02349,T Nagar,13.020904,80.245824,2024-06-01,546.0,20,0.098,0,85,Basic Shield,29,6,1,0,1,0,0
WRK02350,Sholinganallur,12.920087,80.234129,2017-05-01,730.0,17,0.2,1,83,Basic Shield,29,4,1,0,0,0,0
WRK02351,T Nagar,13.041908,80.222559,2020-09-01,577.0,17,0.162,2,82,Basic Shield,29,7,0,0,1,0,0
WRK02352,Tambaram,12.941736,80.105169,2018-03-01,748.0,14,0.243,1,83,Basic Shield,29,5,0,0,1,0,0
WRK02353,T Nagar,13.046295,80.231073,2022-10-01,721.0,18,0.302,1,81,Basic Shield,29,7,2,0,1,0,0
WRK02354,Velachery,12.980806,80.199038,2017-11-01,631.0,21,0.23,4,79,Basic Shield,29,10,2,0,1,0,0
WRK02355,Chromepet,12.970533,80.142247,2017-05-01,593.0,23,0.32,6,75,Basic Shield,29,6,1,0,1,0,0
WRK02356,Chromepet,12.93433,80.151972,2015-04-01,526.0,11,0.272,2,84,Basic Shield,29,8,1,0,1,0,0
WRK02357,Chromepet,12.966039,80.148109,2024-05-01,638.0,15,0.294,6,76,Basic Shield,29,9,2,0,1,0,0
WRK02358,Porur,13.042918,80.147128,2016-09-01,490.0,14,0.385,2,78,Basic Shield,29,4,3,0,0,1,0
WRK02359,Porur,13.020214,80.169503,2023-11-01,646.0,8,0.279,3,86,Basic Shield,29,7,5,0,1,1,0
WRK02360,Sholinganallur,12.916313,80.232075,2017-02-01,464.0,21,0.493,2,75,Basic Shield,29,8,2,0,1,0,0
WRK02361,Sholinganallur,12.908653,80.228564,2024-01-01,700.0,12,0.141,3,85,Basic Shield,29,0,1,0,0,0,0
WRK02362,Sholinganallur,12.916731,80.235801,2023-10-01,660.0,15,0.125,4,81,Basic Shield,29,4,1,0,0,0,0
WRK02363,Sholinganallur,12.882578,80.222852,2015-06-01,585.0,27,0.275,2,80,Basic Shield,29,7,2,0,1,0,0
WRK02364,Chromepet,12.963103,80.143086,2022-04-01,712.0,15,0.087,4,82,Basic Shield,29,7,0,0,1,0,0
WRK02365,Guindy,13.017275,80.232902,2023-02-01,397.0,21,0.462,5,72,Basic Shield,29,5,6,1,1,1,1
WRK02366,Sholinganallur,12.883004,80.233579,2015-01-01,832.0,22,0.081,3,84,Basic Shield,29,4,4,0,0,1,0
WRK02367,Sholinganallur,12.898048,80.241839,2015-02-01,442.0,12,0.136,2,85,Basic Shield,29,5,1,0,1,0,0
WRK02368,Tambaram,12.921854,80.10342,2024-05-01,760.0,15,0.35,4,77,Basic Shield,29,7,1,0,1,0,0
WRK02369,T Nagar,13.043786,80.235508,2017-07-01,621.0,16,0.322,0,81,Basic Shield,29,6,5,0,1,1,0
WRK02370,Perambur,13.108606,80.233665,2015-07-01,555.0,22,0.306,1,80,Basic Shield,29,7,3,0,1,1,0
WRK02371,Tambaram,12.920375,80.100896,2022-01-01,601.0,14,0.288,1,82,Basic Shield,29,4,0,0,0,0,0
WRK02372,T Nagar,13.049079,80.238565,2024-11-01,540.0,15,0.147,1,83,Basic Shield,29,8,0,0,1,0,0
WRK02373,Tambaram,12.919088,80.098016,2017-07-01,542.0,20,0.299,2,79,Basic Shield,29,6,4,0,1,1,0
WRK02374,Anna Nagar,13.091818,80.193663,2024-04-01,662.0,19,0.254,4,79,Basic Shield,29,2,2,0,0,0,0
WRK02375,Sholinganallur,12.884757,80.2428,2017-01-01,702.0,19,0.234,9,74,Basic Shield,29,5,1,0,1,0,0
WRK02376,Velachery,12.994794,80.235959,2016-05-01,737.0,17,0.475,3,76,Basic Shield,29,6,1,0,1,0,0
WRK02377,Chromepet,12.941452,80.128384,2023-08-01,510.0,13,0.187,5,80,Basic Shield,29,6,2,0,1,0,0
WRK02378,Sholinganallur,12.895175,80.20949,2018-08-01,577.0,19,0.276,4,78,Basic Shield,29,5,3,0,1,1,0
WRK02379,Porur,13.054013,80.176979,2024-01-01,614.0,29,0.095,3,83,Basic Shield,29,3,1,0,0,0,0
WRK02380,Anna Nagar,13.070688,80.192384,2024-07-01,522.0,22,0.349,2,78,Basic Shield,29,4,3,0,0,1,0
WRK02381,Chromepet,12.93564,80.160752,2024-04-01,748.0,15,0.016,6,82,Basic Shield,29,10,1,0,1,0,0
WRK02382,Sholinganallur,12.917869,80.214174,2016-11-01,632.0,21,0.282,6,76,Basic Shield,29,3,4,0,0,1,0
WRK02383,Sholinganallur,12.887174,80.232294,2024-04-01,488.0,13,0.191,0,85,Basic Shield,29,6,6,0,1,1,0
WRK02384,Chromepet,12.970198,80.124199,2023-01-01,746.0,17,0.146,2,83,Basic Shield,29,2,2,0,0,0,0
WRK02385,Chromepet,12.952223,80.12668,2021-06-01,342.0,17,0.065,3,82,Basic Shield,29,8,5,0,1,1,0
WRK02386,Tambaram,12.926338,80.086204,2023-05-01,527.0,19,0.215,4,79,Basic Shield,29,4,0,0,0,0,0
WRK02387,Porur,13.017775,80.16195,2017-01-01,608.0,13,0.179,3,83,Basic Shield,29,6,1,0,1,0,0
WRK02388,Perambur,13.123564,80.218242,2024-08-01,439.0,24,0.32,3,77,Basic Shield,29,9,4,0,1,1,0
WRK02389,Velachery,12.966407,80.202305,2024-06-01,671.0,10,0.202,4,85,Basic Shield,29,6,2,0,1,0,0
WRK02390,Chromepet,12.962005,80.152614,2019-01-01,660.0,22,0.219,4,79,Basic Shield,29,5,4,0,1,1,0
WRK02391,T Nagar,13.019669,80.235586,2021-03-01,465.0,14,0.449,3,76,Basic Shield,29,2,5,0,0,1,0
WRK02392,Perambur,13.118699,80.228182,2016-01-01,805.0,13,0.066,2,87,Basic Shield,29,2,2,0,0,0,0
WRK02393,Velachery,12.964032,80.208293,2023-08-01,566.0,24,0.199,3,80,Basic Shield,29,8,2,0,1,0,0
WRK02394,Perambur,13.099598,80.226134,2015-06-01,713.0,21,0.376,3,78,Basic Shield,29,5,2,0,1,0,0
WRK02395,Guindy,12.998572,80.207482,2016-10-01,539.0,15,0.052,1,85,Basic Shield,29,5,1,1,1,0,1
WRK02396,Guindy,13.015947,80.232851,2017-11-01,643.0,17,0.234,4,79,Basic Shield,29,6,3,1,1,1,1
WRK02397,Velachery,12.992701,80.215912,2017-12-01,813.0,16,0.246,4,80,Basic Shield,29,2,1,0,0,0,0
WRK02398,Tambaram,12.909048,80.118763,2020-03-01,658.0,27,0.084,6,80,Basic Shield,29,6,0,0,1,0,0
WRK02399,Perambur,13.101031,80.249501,2023-02-01,374.0,18,0.246,5,76,Basic Shield,29,3,1,0,0,0,0
WRK02400,Guindy,13.02332,80.200761,2019-07-01,646.0,27,0.299,0,82,Basic Shield,29,7,1,1,1,0,1
WRK02401,T Nagar,13.049005,80.25286,2020-04-01,561.0,13,0.17,2,84,Basic Shield,29,6,2,0,1,0,0
WRK02402,Chromepet,12.934984,80.137488,2021-08-01,486.0,17,0.457,2,76,Basic Shield,29,4,1,0,0,0,0
WRK02403,Tambaram,12.931668,80.100425,2017-01-01,778.0,19,0.05,2,85,Basic Shield,29,8,1,0,1,0,0
WRK02404,Adyar,13.017056,80.264251,2021-04-01,461.0,19,0.312,2,79,Basic Shield,29,4,1,1,0,0,1
WRK02405,Porur,13.039764,80.145852,2017-04-01,526.0,16,0.341,6,74,Basic Shield,29,8,1,0,1,0,0
WRK02406,Sholinganallur,12.886713,80.216318,2024-08-01,587.0,12,0.553,2,77,Basic Shield,29,5,1,0,1,0,0
WRK02407,Anna Nagar,13.081842,80.200789,2022-03-01,638.0,15,0.151,5,80,Basic Shield,29,1,5,0,0,1,0
WRK02408,Adyar,12.998766,80.242624,2021-05-01,810.0,19,0.42,5,75,Basic Shield,29,4,1,1,0,0,1
WRK02409,Porur,13.041536,80.147073,2018-04-01,761.0,17,0.428,2,78,Basic Shield,29,3,3,0,0,1,0
WRK02410,Sholinganallur,12.897734,80.21985,2020-06-01,662.0,16,0.393,3,77,Basic Shield,29,8,4,0,1,1,0
WRK02411,Anna Nagar,13.076463,80.210114,2017-02-01,595.0,24,0.14,2,83,Basic Shield,29,5,2,0,1,0,0
WRK02412,Porur,13.044397,80.150102,2015-09-01,538.0,18,0.315,4,77,Basic Shield,29,4,2,0,0,0,0
WRK02413,Chromepet,12.937116,80.129766,2022-12-01,423.0,16,0.224,5,77,Basic Shield,29,5,3,0,1,1,0
WRK02414,Chromepet,12.960079,80.125671,2015-07-01,620.0,24,0.323,4,77,Basic Shield,29,4,3,0,0,1,0
WRK02415,Porur,13.022029,80.14177,2024-03-01,571.0,20,0.626,3,72,Basic Shield,29,8,0,0,1,0,0
WRK02416,Anna Nagar,13.069186,80.209866,2018-06-01,807.0,18,0.18,1,84,Basic Shield,29,10,1,0,1,0,0
WRK02417,Guindy,13.018364,80.222151,2015-01-01,579.0,16,0.252,4,78,Basic Shield,29,7,3,1,1,1,1
WRK02418,Chromepet,12.936404,80.155186,2017-09-01,543.0,19,0.289,6,75,Basic Shield,29,8,0,0,1,0,0
WRK02419,T Nagar,13.049966,80.221639,2018-06-01,586.0,13,0.181,3,83,Basic Shield,29,5,2,0,1,0,0
WRK02420,Velachery,12.965063,80.205933,2020-05-01,725.0,17,0.609,5,71,Basic Shield,29,8,1,0,1,0,0
WRK02421,Tambaram,12.93707,80.102659,2017-01-01,788.0,22,0.238,2,82,Basic Shield,29,5,0,0,1,0,0
WRK02422,Anna Nagar,13.102465,80.203932,2022-08-01,472.0,23,0.202,0,83,Basic Shield,29,3,2,0,0,0,0
WRK02423,Chromepet,12.954811,80.131333,2024-02-01,644.0,19,0.321,2,79,Basic Shield,29,5,2,0,1,0,0
WRK02424,Porur,13.028692,80.173089,2015-10-01,456.0,13,0.189,2,83,Basic Shield,29,4,2,0,0,0,0
WRK02425,Tambaram,12.920842,80.112103,2021-02-01,655.0,11,0.104,7,83,Basic Shield,29,6,1,0,1,0,0
WRK02426,Adyar,13.015464,80.254202,2015-01-01,540.0,17,0.349,2,78,Basic Shield,29,5,3,1,1,1,1
WRK02427,Perambur,13.10177,80.226276,2021-09-01,459.0,26,0.107,4,81,Basic Shield,29,7,3,0,1,1,0
WRK02428,Tambaram,12.905883,80.094895,2023-03-01,512.0,13,0.223,3,82,Basic Shield,29,9,2,0,1,0,0
WRK02429,Tambaram,12.922467,80.092722,2024-08-01,643.0,27,0.541,2,75,Basic Shield,29,5,3,0,1,1,0
WRK02430,Chromepet,12.940838,80.135066,2017-07-01,499.0,18,0.225,3,79,Basic Shield,29,10,0,0,1,0,0
WRK02431,Anna Nagar,13.071293,80.216381,2018-01-01,828.0,22,0.289,4,79,Basic Shield,29,8,0,0,1,0,0
WRK02432,Perambur,13.122836,80.246083,2022-08-01,630.0,18,0.284,2,80,Basic Shield,29,4,4,0,0,1,0
WRK02433,Anna Nagar,13.098624,80.224828,2020-07-01,617.0,21,0.192,4,80,Basic Shield,29,6,4,0,1,1,0
WRK02434,Anna Nagar,13.07184,80.203687,2018-07-01,512.0,19,0.119,3,82,Basic Shield,29,4,0,0,0,0,0
WRK02435,Anna Nagar,13.082899,80.221458,2016-05-01,464.0,20,0.366,2,78,Basic Shield,29,4,1,0,0,0,0
WRK02436,Guindy,13.011912,80.215428,2019-10-01,509.0,21,0.657,5,69,Standard Shield,49,5,2,1,1,0,1
WRK02437,Chromepet,12.935895,80.151851,2019-07-01,382.0,18,0.136,1,83,Basic Shield,29,8,1,0,1,0,0
WRK02438,Sholinganallur,12.912494,80.247719,2021-05-01,681.0,24,0.02,1,87,Basic Shield,29,2,0,0,0,0,0
WRK02439,Sholinganallur,12.909006,80.217701,2017-11-01,611.0,23,0.286,6,76,Basic Shield,29,6,2,0,1,0,0
WRK02440,Anna Nagar,13.071348,80.227517,2020-05-01,527.0,20,0.249,1,81,Basic Shield,29,8,2,0,1,0,0
WRK02441,Perambur,13.115262,80.226482,2016-03-01,637.0,16,0.237,4,79,Basic Shield,29,5,0,0,1,0,0
WRK02442,Guindy,12.999996,80.229409,2015-10-01,472.0,10,0.139,1,88,Basic Shield,29,6,3,1,1,1,1
WRK02443,Adyar,12.992775,80.256648,2018-08-01,489.0,17,0.244,3,79,Basic Shield,29,4,0,1,0,0,1
WRK02444,Perambur,13.108703,80.23719,2023-09-01,788.0,17,0.239,3,81,Basic Shield,29,8,1,0,1,0,0
WRK02445,Perambur,13.11701,80.216356,2015-01-01,593.0,15,0.217,2,81,Basic Shield,29,2,2,0,0,0,0
WRK02446,Anna Nagar,13.102459,80.216233,2017-03-01,541.0,20,0.147,3,81,Basic Shield,29,8,1,0,1,0,0
WRK02447,Adyar,13.007702,80.270423,2016-10-01,502.0,22,0.301,5,76,Basic Shield,29,6,1,1,1,0,1
WRK02448,Anna Nagar,13.098253,80.214299,2017-05-01,409.0,23,0.215,6,76,Basic Shield,29,3,2,0,0,0,0
WRK02449,Porur,13.039374,80.158922,2019-09-01,669.0,20,0.158,3,82,Basic Shield,29,10,2,0,1,0,0
WRK02450,Velachery,12.995953,80.231852,2019-06-01,613.0,17,0.155,5,79,Basic Shield,29,5,4,0,1,1,0
WRK02451,Guindy,12.987741,80.221119,2017-09-01,570.0,18,0.21,3,80,Basic Shield,29,4,0,1,0,0,1
WRK02452,Tambaram,12.911348,80.108084,2017-10-01,515.0,15,0.218,3,80,Basic Shield,29,7,2,0,1,0,0
WRK02453,T Nagar,13.022053,80.241191,2016-12-01,587.0,14,0.218,3,81,Basic Shield,29,7,1,0,1,0,0
WRK02454,Anna Nagar,13.0794,80.212796,2018-02-01,436.0,20,0.623,3,71,Basic Shield,29,2,2,0,0,0,0
WRK02455,Anna Nagar,13.09252,80.209143,2018-12-01,663.0,21,0.213,2,82,Basic Shield,29,2,3,0,0,1,0
WRK02456,T Nagar,13.039023,80.248926,2019-12-01,799.0,17,0.293,4,79,Basic Shield,29,6,0,0,1,0,0
WRK02457,Guindy,13.01407,80.23254,2024-05-01,726.0,18,0.046,3,84,Basic Shield,29,4,1,1,0,0,1
WRK02458,Sholinganallur,12.914259,80.217066,2017-10-01,509.0,22,0.266,7,75,Basic Shield,29,6,1,0,1,0,0
WRK02459,Tambaram,12.920306,80.097436,2024-02-01,555.0,16,0.283,1,81,Basic Shield,29,5,2,0,1,0,0
WRK02460,Perambur,13.110301,80.240711,2020-01-01,902.0,15,0.295,3,80,Basic Shield,29,7,2,0,1,0,0
WRK02461,Perambur,13.107168,80.232181,2021-07-01,751.0,24,0.639,2,73,Basic Shield,29,7,0,0,1,0,0
WRK02462,Adyar,13.003013,80.250237,2023-01-01,531.0,25,0.147,9,75,Basic Shield,29,7,2,1,1,0,1
WRK02463,Anna Nagar,13.091465,80.192185,2016-12-01,657.0,22,0.064,1,86,Basic Shield,29,8,0,0,1,0,0
WRK02464,Porur,13.039147,80.148219,2022-01-01,630.0,18,0.363,5,75,Basic Shield,29,12,0,0,1,0,0
WRK02465,Anna Nagar,13.096838,80.203647,2015-08-01,577.0,19,0.593,1,75,Basic Shield,29,9,2,0,1,0,0
WRK02466,Tambaram,12.938125,80.083297,2017-09-01,590.0,22,0.248,4,78,Basic Shield,29,4,2,0,0,0,0
WRK02467,Anna Nagar,13.081996,80.226273,2023-10-01,448.0,25,0.408,2,77,Basic Shield,29,3,2,0,0,0,0
WRK02468,Tambaram,12.935697,80.09463,2017-09-01,746.0,12,0.257,1,85,Basic Shield,29,7,1,0,1,0,0
WRK02469,Guindy,13.018222,80.226893,2021-12-01,684.0,24,0.348,4,77,Basic Shield,29,5,1,1,1,0,1
WRK02470,Velachery,12.972541,80.234017,2018-11-01,430.0,17,0.116,1,83,Basic Shield,29,8,1,0,1,0,0
WRK02471,Velachery,12.986868,80.208571,2020-09-01,584.0,16,0.353,4,76,Basic Shield,29,8,7,0,1,1,0
WRK02472,Porur,13.018805,80.139776,2018-09-01,651.0,12,0.483,5,76,Basic Shield,29,11,2,0,1,0,0
WRK02473,Guindy,12.995896,80.226763,2021-09-01,649.0,19,0.514,2,75,Basic Shield,29,12,2,1,1,0,1
WRK02474,Adyar,13.008797,80.238086,2024-11-01,539.0,20,0.241,4,78,Basic Shield,29,8,1,1,1,0,1
WRK02475,Velachery,12.979514,80.207382,2017-10-01,664.0,17,0.248,2,81,Basic Shield,29,6,2,0,1,0,0
WRK02476,Sholinganallur,12.893784,80.21073,2022-04-01,658.0,18,0.116,3,82,Basic Shield,29,4,2,0,0,0,0
WRK02477,Sholinganallur,12.918222,80.224403,2015-12-01,457.0,21,0.045,4,82,Basic Shield,29,7,0,0,1,0,0
WRK02478,Porur,13.036631,80.140311,2017-11-01,463.0,14,0.273,3,79,Basic Shield,29,6,0,0,1,0,0
WRK02479,Guindy,13.006727,80.215482,2021-08-01,645.0,17,0.269,2,80,Basic Shield,29,4,3,1,0,1,1
WRK02480,Adyar,13.018614,80.251736,2015-06-01,899.0,18,0.126,3,83,Basic Shield,29,13,2,1,1,0,1
WRK02481,T Nagar,13.042776,80.229968,2018-12-01,593.0,13,0.353,2,80,Basic Shield,29,6,1,0,1,0,0
WRK02482,Adyar,13.024687,80.263485,2018-04-01,544.0,21,0.269,3,79,Basic Shield,29,1,1,1,0,0,1
WRK02483,Anna Nagar,13.07162,80.192912,2021-12-01,452.0,21,0.207,2,81,Basic Shield,29,7,1,0,1,0,0
WRK02484,Porur,13.035576,80.150994,2020-05-01,649.0,20,0.273,4,78,Basic Shield,29,3,5,0,0,1,0
WRK02485,Adyar,12.997818,80.243627,2024-09-01,531.0,21,0.449,1,77,Basic Shield,29,2,4,1,0,1,1
WRK02486,Sholinganallur,12.89775,80.21895,2022-11-01,445.0,24,0.328,1,79,Basic Shield,29,8,0,0,1,0,0
WRK02487,Chromepet,12.951884,80.157945,2015-06-01,485.0,18,0.43,2,76,Basic Shield,29,5,1,0,1,0,0
WRK02488,Velachery,12.974113,80.233321,2015-08-01,364.0,19,0.351,3,76,Basic Shield,29,9,4,0,1,1,0
WRK02489,Porur,13.036964,80.14037,2022-04-01,757.0,15,0.086,1,86,Basic Shield,29,4,1,0,0,0,0
WRK02490,Chromepet,12.95705,80.126737,2022-05-01,625.0,20,0.168,4,80,Basic Shield,29,10,2,0,1,0,0
WRK02491,Guindy,13.010876,80.219595,2015-10-01,517.0,20,0.157,1,83,Basic Shield,29,8,2,1,1,0,1
WRK02492,Chromepet,12.950185,80.136408,2017-05-01,656.0,25,0.345,6,75,Basic Shield,29,4,0,0,0,0,0
WRK02493,Sholinganallur,12.885525,80.221155,2015-10-01,578.0,16,0.34,3,78,Basic Shield,29,5,2,0,1,0,0
WRK02494,Anna Nagar,13.085461,80.191892,2017-01-01,710.0,19,0.798,1,71,Basic Shield,29,10,0,0,1,0,0
WRK02495,Sholinganallur,12.908719,80.227108,2021-06-01,487.0,17,0.516,1,76,Basic Shield,29,2,3,0,0,1,0
WRK02496,Adyar,13.020171,80.25746,2015-03-01,592.0,14,0.378,5,76,Basic Shield,29,3,4,1,0,1,1
WRK02497,Porur,13.039964,80.175292,2019-12-01,664.0,19,0.058,3,84,Basic Shield,29,5,1,0,1,0,0
WRK02498,Chromepet,12.963656,80.125272,2022-06-01,684.0,16,0.304,4,78,Basic Shield,29,3,2,0,0,0,0
WRK02499,Chromepet,12.934672,80.142451,2022-05-01,602.0,16,0.211,4,79,Basic Shield,29,7,0,0,1,0,0
WRK02500,Sholinganallur,12.913078,80.228948,2017-04-01,388.0,19,0.105,2,82,Basic Shield,29,3,2,0,0,0,0
WRK02501,T Nagar,13.054785,80.235369,2019-09-01,331.0,18,0.064,3,82,Basic Shield,29,7,4,0,1,1,0
WRK02502,Porur,13.017352,80.176551,2019-04-01,606.0,13,0.08,1,87,Basic Shield,29,5,3,0,1,1,0
WRK02503,Porur,13.026268,80.175978,2017-07-01,622.0,22,0.134,2,83,Basic Shield,29,6,3,0,1,1,0
WRK02504,Sholinganallur,12.91047,80.222515,2017-02-01,432.0,15,0.345,0,80,Basic Shield,29,7,1,0,1,0,0
WRK02505,Perambur,13.129201,80.217043,2018-07-01,753.0,17,0.087,3,84,Basic Shield,29,10,1,0,1,0,0
WRK02506,Perambur,13.106306,80.247086,2021-11-01,646.0,21,0.379,2,78,Basic Shield,29,9,2,0,1,0,0
WRK02507,Adyar,13.020474,80.272437,2023-11-01,704.0,22,0.206,5,79,Basic Shield,29,4,3,1,0,1,1
WRK02508,Adyar,13.001097,80.248141,2015-03-01,514.0,19,0.124,1,84,Basic Shield,29,8,1,1,1,0,1
WRK02509,Tambaram,12.919426,80.098129,2015-09-01,570.0,19,0.017,4,83,Basic Shield,29,3,2,0,0,0,0
WRK02510,Perambur,13.132345,80.243827,2024-05-01,418.0,18,0.228,4,78,Basic Shield,29,10,1,0,1,0,0
WRK02511,Guindy,12.994054,80.219105,2020-05-01,606.0,17,0.168,4,80,Basic Shield,29,8,0,1,1,0,1
WRK02512,T Nagar,13.024903,80.237952,2015-08-01,485.0,17,0.403,4,75,Basic Shield,29,6,2,0,1,0,0
WRK02513,Chromepet,12.94828,80.149626,2023-04-01,547.0,9,0.173,2,88,Basic Shield,29,13,2,0,1,0,0
WRK02514,Velachery,12.9711,80.230452,2020-08-01,562.0,22,0.61,2,73,Basic Shield,29,6,4,0,1,1,0
WRK02515,Adyar,12.990661,80.242621,2023-09-01,766.0,11,0.34,1,85,Basic Shield,29,5,1,1,1,0,1
WRK02516,Chromepet,12.953787,80.15275,2024-01-01,661.0,15,0.508,1,77,Basic Shield,29,12,5,0,1,1,0
WRK02517,Anna Nagar,13.087298,80.204544,2024-02-01,576.0,21,0.184,3,81,Basic Shield,29,2,0,0,0,0,0
WRK02518,Velachery,12.993065,80.205411,2019-03-01,508.0,23,0.226,2,81,Basic Shield,29,9,0,0,1,0,0
WRK02519,Porur,13.049336,80.159721,2018-02-01,646.0,23,0.343,3,78,Basic Shield,29,6,2,0,1,0,0
WRK02520,Guindy,13.014039,80.204666,2021-10-01,651.0,18,0.457,2,77,Basic Shield,29,9,2,1,1,0,1
WRK02521,T Nagar,13.041619,80.253565,2017-02-01,774.0,14,0.082,1,87,Basic Shield,29,4,5,0,0,1,0
WRK02522,T Nagar,13.028167,80.246584,2016-11-01,302.0,21,0.491,1,75,Basic Shield,29,3,1,0,0,0,0
WRK02523,T Nagar,13.04421,80.224492,2015-08-01,504.0,15,0.34,7,73,Basic Shield,29,5,2,0,1,0,0
WRK02524,Guindy,13.016428,80.22356,2024-04-01,864.0,14,0.726,1,74,Basic Shield,29,9,1,1,1,0,1
WRK02525,Sholinganallur,12.914991,80.22931,2019-11-01,702.0,15,0.247,4,79,Basic Shield,29,4,6,0,0,1,0
WRK02526,Porur,13.032272,80.164647,2015-01-01,693.0,18,0.035,4,83,Basic Shield,29,6,1,0,1,0,0
WRK02527,Adyar,13.017928,80.253919,2024-07-01,620.0,17,0.344,2,79,Basic Shield,29,7,3,1,1,1,1
WRK02528,Chromepet,12.948878,80.124211,2021-05-01,494.0,19,0.127,3,81,Basic Shield,29,9,6,0,1,1,0
WRK02529,Sholinganallur,12.883192,80.22071,2024-07-01,642.0,27,0.474,4,74,Basic Shield,29,4,3,0,0,1,0
WRK02530,Tambaram,12.913003,80.096232,2023-06-01,467.0,19,0.308,4,77,Basic Shield,29,10,6,0,1,1,0
WRK02531,Tambaram,12.918442,80.118805,2019-10-01,704.0,23,0.106,5,81,Basic Shield,29,4,1,0,0,0,0
WRK02532,Perambur,13.128064,80.242918,2020-03-01,450.0,19,0.087,2,83,Basic Shield,29,10,3,0,1,1,0
WRK02533,Adyar,12.999924,80.241386,2023-01-01,664.0,13,0.186,0,86,Basic Shield,29,6,2,1,1,0,1
WRK02534,Tambaram,12.918529,80.092982,2020-01-01,620.0,15,0.24,4,79,Basic Shield,29,5,1,0,1,0,0
WRK02535,Velachery,12.998816,80.228362,2018-12-01,607.0,21,0.178,5,79,Basic Shield,29,6,0,0,1,0,0
WRK02536,Anna Nagar,13.102545,80.196665,2015-10-01,532.0,20,0.178,5,79,Basic Shield,29,7,2,0,1,0,0
WRK02537,Anna Nagar,13.076509,80.217822,2023-12-01,660.0,31,0.203,5,79,Basic Shield,29,5,3,0,1,1,0
WRK02538,Perambur,13.126619,80.246828,2021-04-01,602.0,12,0.189,2,85,Basic Shield,29,6,4,0,1,1,0
WRK02539,Adyar,12.99409,80.245216,2024-08-01,807.0,23,0.249,2,82,Basic Shield,29,5,6,1,1,1,1
WRK02540,Sholinganallur,12.886779,80.239316,2020-02-01,400.0,16,0.336,3,77,Basic Shield,29,6,4,0,1,1,0
WRK02541,Adyar,12.989412,80.24661,2018-01-01,548.0,19,0.167,1,83,Basic Shield,29,7,4,1,1,1,1
WRK02542,Tambaram,12.917607,80.083944,2021-09-01,644.0,16,0.256,1,82,Basic Shield,29,4,2,0,0,0,0
WRK02543,Chromepet,12.933513,80.145273,2020-05-01,703.0,21,0.302,1,81,Basic Shield,29,11,3,0,1,1,0
WRK02544,Adyar,12.987919,80.271068,2020-02-01,479.0,13,0.182,4,81,Basic Shield,29,7,2,1,1,0,1
WRK02545,Adyar,13.018372,80.242531,2017-01-01,644.0,12,0.266,0,85,Basic Shield,29,7,5,1,1,1,1
WRK02546,Tambaram,12.936106,80.09966,2023-10-01,332.0,24,0.566,4,71,Basic Shield,29,10,3,0,1,1,0
WRK02547,Sholinganallur,12.895539,80.212601,2024-11-01,746.0,12,0.137,2,86,Basic Shield,29,6,3,0,1,1,0
WRK02548,Perambur,13.116281,80.225174,2020-04-01,378.0,18,0.073,5,80,Basic Shield,29,8,2,0,1,0,0
WRK02549,Porur,13.031037,80.165289,2016-09-01,590.0,15,0.238,2,81,Basic Shield,29,3,3,0,0,1,0
WRK02550,Anna Nagar,13.072558,80.194153,2023-06-01,611.0,18,0.199,3,81,Basic Shield,29,6,2,0,1,0,0
WRK02551,Sholinganallur,12.888927,80.239316,2020-06-01,647.0,22,0.714,5,68,Standard Shield,49,9,0,0,1,0,0
WRK02552,Guindy,13.006566,80.220432,2019-10-01,677.0,16,0.491,1,77,Basic Shield,29,9,2,1,1,0,1
WRK02553,Guindy,12.994387,80.202452,2015-12-01,384.0,22,0.102,2,82,Basic Shield,29,6,3,1,1,1,1
WRK02554,Tambaram,12.925512,80.098588,2017-11-01,553.0,15,0.416,2,77,Basic Shield,29,5,2,0,1,0,0
WRK02555,Guindy,13.020523,80.21269,2016-03-01,640.0,20,0.26,3,80,Basic Shield,29,4,1,1,0,0,1
WRK02556,Porur,13.027221,80.164042,2021-02-01,681.0,13,0.144,1,86,Basic Shield,29,4,2,0,0,0,0
WRK02557,Velachery,12.964667,80.199577,2015-01-01,707.0,24,0.058,3,84,Basic Shield,29,6,1,0,1,0,0
WRK02558,Porur,13.026216,80.164158,2024-11-01,542.0,21,0.234,2,81,Basic Shield,29,6,4,0,1,1,0
WRK02559,Anna Nagar,13.109052,80.229729,2021-08-01,460.0,24,0.105,1,84,Basic Shield,29,12,2,0,1,0,0
WRK02560,Velachery,12.97027,80.235155,2022-03-01,813.0,23,0.248,0,84,Basic Shield,29,8,2,0,1,0,0
WRK02561,Anna Nagar,13.104799,80.195411,2024-05-01,631.0,15,0.43,3,76,Basic Shield,29,6,2,0,1,0,0
WRK02562,Adyar,13.006637,80.238103,2018-04-01,535.0,24,0.113,3,82,Basic Shield,29,7,0,1,1,0,1
WRK02563,Anna Nagar,13.072135,80.216059,2017-10-01,891.0,13,0.165,6,82,Basic Shield,29,9,3,0,1,1,0
WRK02564,Perambur,13.108819,80.227693,2018-11-01,757.0,18,0.438,5,75,Basic Shield,29,6,3,0,1,1,0
WRK02565,Tambaram,12.941851,80.088355,2017-02-01,484.0,25,0.463,2,76,Basic Shield,29,4,2,0,0,0,0
WRK02566,Adyar,12.994748,80.25882,2019-02-01,553.0,12,0.413,2,80,Basic Shield,29,5,0,1,1,0,1
WRK02567,Guindy,13.00147,80.208254,2015-12-01,563.0,21,0.348,3,77,Basic Shield,29,6,0,1,1,0,1
WRK02568,Adyar,13.023522,80.274039,2018-07-01,728.0,29,0.507,8,70,Basic Shield,29,9,1,1,1,0,1
WRK02569,Porur,13.032682,80.151958,2020-04-01,443.0,22,0.135,4,80,Basic Shield,29,2,0,0,0,0,0
WRK02570,Anna Nagar,13.090395,80.228839,2022-07-01,554.0,14,0.343,3,78,Basic Shield,29,8,2,0,1,0,0
WRK02571,Sholinganallur,12.881187,80.21158,2015-02-01,741.0,16,0.472,2,77,Basic Shield,29,5,1,0,1,0,0
WRK02572,Tambaram,12.906738,80.102498,2018-05-01,479.0,22,0.142,1,83,Basic Shield,29,7,2,0,1,0,0
WRK02573,Guindy,13.001781,80.232666,2016-02-01,597.0,15,0.131,2,83,Basic Shield,29,4,0,1,0,0,1
WRK02574,Guindy,12.988263,80.235147,2015-04-01,591.0,17,0.317,3,78,Basic Shield,29,6,3,1,1,1,1
WRK02575,Tambaram,12.943504,80.118306,2015-01-01,623.0,18,0.294,2,80,Basic Shield,29,5,1,0,1,0,0
WRK02576,Sholinganallur,12.918979,80.215114,2016-12-01,325.0,25,0.536,2,73,Basic Shield,29,7,3,0,1,1,0
WRK02577,Chromepet,12.955523,80.141324,2018-03-01,494.0,15,0.043,4,82,Basic Shield,29,11,3,0,1,1,0
WRK02578,Adyar,13.012103,80.271775,2020-04-01,611.0,23,0.128,1,84,Basic Shield,29,3,1,1,0,0,1
WRK02579,T Nagar,13.034592,80.247933,2016-09-01,514.0,16,0.485,3,74,Basic Shield,29,9,8,0,1,1,0
WRK02580,Chromepet,12.932882,80.145266,2015-07-01,744.0,18,0.092,5,81,Basic Shield,29,4,1,0,0,0,0
WRK02581,Guindy,13.013541,80.209003,2018-10-01,781.0,17,0.377,2,79,Basic Shield,29,2,1,1,0,0,1
WRK02582,Porur,13.039571,80.172514,2016-02-01,585.0,21,0.351,4,76,Basic Shield,29,5,3,0,1,1,0
WRK02583,Anna Nagar,13.102172,80.213204,2019-09-01,719.0,18,0.441,2,77,Basic Shield,29,5,3,0,1,1,0
WRK02584,Sholinganallur,12.904669,80.220684,2022-02-01,558.0,9,0.62,3,78,Basic Shield,29,5,1,0,1,0,0
WRK02585,Perambur,13.114691,80.244816,2019-11-01,625.0,13,0.391,3,79,Basic Shield,29,5,0,0,1,0,0
WRK02586,Perambur,13.12878,80.240517,2020-10-01,814.0,19,0.11,1,85,Basic Shield,29,8,2,0,1,0,0
WRK02587,Anna Nagar,13.078481,80.215015,2024-04-01,426.0,12,0.176,4,82,Basic Shield,29,6,4,0,1,1,0
WRK02588,Anna Nagar,13.086761,80.201018,2024-10-01,506.0,13,0.332,4,78,Basic Shield,29,4,4,0,0,1,0
WRK02589,Perambur,13.112004,80.224216,2015-10-01,697.0,10,0.606,1,80,Basic Shield,29,5,1,0,1,0,0
WRK02590,Tambaram,12.931777,80.081431,2020-05-01,609.0,15,0.413,1,78,Basic Shield,29,10,6,0,1,1,0
WRK02591,Chromepet,12.965758,80.133136,2024-12-01,621.0,18,0.069,4,82,Basic Shield,29,7,0,0,1,0,0
WRK02592,Chromepet,12.947889,80.127299,2023-07-01,668.0,20,0.33,2,79,Basic Shield,29,6,4,0,1,1,0
WRK02593,Sholinganallur,12.884533,80.241507,2021-06-01,536.0,18,0.083,1,85,Basic Shield,29,6,1,0,1,0,0
WRK02594,T Nagar,13.042152,80.236781,2022-01-01,523.0,20,0.127,0,85,Basic Shield,29,9,2,0,1,0,0
WRK02595,Chromepet,12.971574,80.132928,2015-01-01,544.0,31,0.163,6,78,Basic Shield,29,4,2,0,0,0,0
WRK02596,Tambaram,12.930707,80.080047,2019-03-01,582.0,18,0.276,3,79,Basic Shield,29,6,3,0,1,1,0
WRK02597,Porur,13.020257,80.150124,2020-06-01,743.0,19,0.175,4,81,Basic Shield,29,6,2,0,1,0,0
WRK02598,Velachery,13.000887,80.219775,2016-06-01,626.0,10,0.096,3,88,Basic Shield,29,9,4,0,1,1,0
WRK02599,Sholinganallur,12.881676,80.217158,2021-11-01,622.0,15,0.307,4,77,Basic Shield,29,8,3,0,1,1,0
WRK02600,Adyar,13.001134,80.262985,2023-02-01,668.0,18,0.763,8,65,Standard Shield,49,8,2,1,1,0,1
WRK02601,Sholinganallur,12.882184,80.210977,2016-12-01,475.0,17,0.292,3,78,Basic Shield,29,5,3,0,1,1,0
WRK02602,Guindy,13.023602,80.209476,2016-10-01,749.0,18,0.519,5,73,Basic Shield,29,5,2,1,1,0,1
WRK02603,T Nagar,13.028741,80.243878,2021-09-01,575.0,20,0.309,1,80,Basic Shield,29,7,5,0,1,1,0
WRK02604,Adyar,13.01695,80.274368,2018-02-01,706.0,20,0.067,5,82,Basic Shield,29,5,4,1,1,1,1
WRK02605,Guindy,13.019868,80.229244,2016-02-01,676.0,10,0.159,2,88,Basic Shield,29,5,0,1,1,0,1
WRK02606,Sholinganallur,12.885336,80.233532,2021-09-01,469.0,16,0.259,3,79,Basic Shield,29,6,5,0,1,1,0
WRK02607,Adyar,12.995985,80.253788,2022-07-01,636.0,17,0.167,4,80,Basic Shield,29,3,1,1,0,0,1
WRK02608,Adyar,13.01099,80.263749,2022-02-01,670.0,15,0.098,3,83,Basic Shield,29,6,5,1,1,1,1
WRK02609,Adyar,13.026045,80.243831,2023-12-01,710.0,18,0.248,5,78,Basic Shield,29,9,4,1,1,1,1
WRK02610,Anna Nagar,13.080656,80.191209,2018-07-01,661.0,14,0.646,2,74,Basic Shield,29,8,0,0,1,0,0
WRK02611,Guindy,13.010624,80.208301,2023-06-01,672.0,16,0.317,6,76,Basic Shield,29,6,1,1,1,0,1
WRK02612,Guindy,12.999662,80.211238,2017-05-01,627.0,13,0.289,3,81,Basic Shield,29,8,2,1,1,0,1
WRK02613,Chromepet,12.952325,80.150765,2021-07-01,538.0,25,0.263,7,75,Basic Shield,29,6,2,0,1,0,0
WRK02614,Tambaram,12.921742,80.085767,2017-11-01,614.0,17,0.132,1,84,Basic Shield,29,7,4,0,1,1,0
WRK02615,Guindy,12.98894,80.21246,2018-02-01,809.0,12,0.353,6,78,Basic Shield,29,5,2,1,1,0,1
WRK02616,T Nagar,13.040097,80.25002,2019-05-01,552.0,15,0.432,1,78,Basic Shield,29,4,2,0,0,0,0
WRK02617,T Nagar,13.03823,80.228953,2023-06-01,476.0,29,0.455,2,76,Basic Shield,29,4,1,0,0,0,0
WRK02618,Adyar,12.998206,80.25093,2021-11-01,572.0,18,0.284,2,80,Basic Shield,29,6,3,1,1,1,1
WRK02619,T Nagar,13.033234,80.219454,2020-03-01,789.0,17,0.462,3,76,Basic Shield,29,4,0,0,0,0,0
WRK02620,Adyar,13.021619,80.245717,2024-10-01,578.0,9,0.09,2,90,Basic Shield,29,5,1,1,1,0,1
WRK02621,Anna Nagar,13.087826,80.194795,2017-09-01,440.0,21,0.191,4,79,Basic Shield,29,3,0,0,0,0,0
WRK02622,Sholinganallur,12.902114,80.221861,2017-11-01,702.0,18,0.284,2,80,Basic Shield,29,6,0,0,1,0,0
WRK02623,Perambur,13.101922,80.231977,2024-01-01,567.0,18,0.49,1,77,Basic Shield,29,8,2,0,1,0,0
WRK02624,Perambur,13.103426,80.219961,2020-11-01,861.0,17,0.245,2,82,Basic Shield,29,6,1,0,1,0,0
WRK02625,Perambur,13.137098,80.242056,2020-11-01,590.0,12,0.275,3,82,Basic Shield,29,6,3,0,1,1,0
WRK02626,Chromepet,12.963615,80.157962,2022-05-01,501.0,29,0.277,2,79,Basic Shield,29,2,1,0,0,0,0
WRK02627,Guindy,13.000035,80.203243,2017-04-01,688.0,21,0.476,5,73,Basic Shield,29,8,1,1,1,0,1
WRK02628,Tambaram,12.943475,80.105808,2019-11-01,708.0,30,0.347,3,78,Basic Shield,29,4,2,0,0,0,0
WRK02629,Guindy,13.002061,80.222347,2015-08-01,698.0,18,0.189,3,81,Basic Shield,29,7,4,1,1,1,1
WRK02630,Porur,13.052134,80.16401,2023-12-01,708.0,23,0.128,5,80,Basic Shield,29,9,3,0,1,1,0
WRK02631,Porur,13.048049,80.141911,2015-02-01,615.0,12,0.417,3,79,Basic Shield,29,7,1,0,1,0,0
WRK02632,Porur,13.056139,80.137754,2016-08-01,615.0,25,0.337,3,78,Basic Shield,29,8,1,0,1,0,0
WRK02633,Velachery,12.973426,80.222637,2024-04-01,555.0,17,0.26,2,80,Basic Shield,29,9,1,0,1,0,0
WRK02634,T Nagar,13.0223,80.237529,2018-07-01,712.0,15,0.256,5,78,Basic Shield,29,4,1,0,0,0,0
WRK02635,Perambur,13.129417,80.226574,2016-01-01,614.0,19,0.079,2,84,Basic Shield,29,8,1,0,1,0,0
WRK02636,Anna Nagar,13.087167,80.202127,2015-10-01,300.0,21,0.145,2,81,Basic Shield,29,2,1,0,0,0,0
WRK02637,Sholinganallur,12.913095,80.245414,2021-01-01,413.0,20,0.369,6,73,Basic Shield,29,8,1,0,1,0,0
WRK02638,Perambur,13.132888,80.218998,2016-08-01,631.0,16,0.499,2,76,Basic Shield,29,3,5,0,0,1,0
WRK02639,Tambaram,12.942914,80.114164,2020-06-01,494.0,23,0.134,7,77,Basic Shield,29,8,2,0,1,0,0
WRK02640,Velachery,12.986076,80.231556,2019-01-01,515.0,16,0.387,3,76,Basic Shield,29,11,1,0,1,0,0
WRK02641,Perambur,13.100006,80.239472,2022-01-01,580.0,25,0.521,3,74,Basic Shield,29,5,3,0,1,1,0
WRK02642,Guindy,12.987038,80.220356,2016-09-01,558.0,17,0.441,6,72,Basic Shield,29,6,2,1,1,0,1
WRK02643,Tambaram,12.915258,80.102128,2018-04-01,521.0,14,0.037,3,84,Basic Shield,29,6,3,0,1,1,0
WRK02644,Guindy,13.01839,80.216452,2016-06-01,556.0,18,0.19,8,75,Basic Shield,29,4,5,1,0,1,1
WRK02645,Guindy,12.996813,80.20311,2023-04-01,687.0,20,0.197,5,79,Basic Shield,29,3,2,1,0,0,1
WRK02646,Adyar,12.988601,80.247029,2015-08-01,618.0,23,0.332,3,78,Basic Shield,29,6,1,1,1,0,1
WRK02647,Velachery,12.970472,80.201955,2018-01-01,797.0,9,0.245,6,84,Basic Shield,29,7,3,0,1,1,0
WRK02648,Porur,13.039908,80.167268,2023-01-01,583.0,22,0.629,2,73,Basic Shield,29,5,3,0,1,1,0
WRK02649,Velachery,12.995769,80.227085,2020-01-01,688.0,17,0.341,4,77,Basic Shield,29,5,4,0,1,1,0
WRK02650,T Nagar,13.040476,80.24149,2017-06-01,525.0,31,0.186,4,79,Basic Shield,29,7,2,0,1,0,0
WRK02651,T Nagar,13.03262,80.214572,2020-12-01,885.0,25,0.309,5,78,Basic Shield,29,12,0,0,1,0,0
WRK02652,Anna Nagar,13.070428,80.201931,2023-10-01,356.0,30,0.209,3,79,Basic Shield,29,6,3,0,1,1,0
WRK02653,Adyar,13.006753,80.270374,2021-05-01,388.0,16,0.091,4,81,Basic Shield,29,6,2,1,1,0,1
WRK02654,Guindy,12.995961,80.240554,2018-10-01,529.0,20,0.006,3,84,Basic Shield,29,7,0,1,1,0,1
WRK02655,Sholinganallur,12.894116,80.223852,2018-04-01,756.0,23,0.178,2,83,Basic Shield,29,6,7,0,1,1,0
WRK02656,Guindy,13.006676,80.23701,2019-07-01,681.0,10,0.487,1,82,Basic Shield,29,8,1,1,1,0,1
WRK02657,T Nagar,13.025313,80.227925,2024-09-01,406.0,15,0.156,3,80,Basic Shield,29,9,3,0,1,1,0
WRK02658,Chromepet,12.941585,80.161548,2021-12-01,461.0,22,0.312,2,79,Basic Shield,29,3,3,0,0,1,0
WRK02659,Adyar,12.992375,80.251072,2021-08-01,381.0,15,0.391,6,73,Basic Shield,29,5,4,1,1,1,1
WRK02660,Sholinganallur,12.90565,80.242235,2023-11-01,550.0,25,0.157,3,81,Basic Shield,29,2,1,0,0,0,0
WRK02661,Perambur,13.125001,80.216629,2018-08-01,519.0,22,0.295,2,79,Basic Shield,29,5,0,0,1,0,0
WRK02662,Velachery,12.988765,80.23055,2022-12-01,719.0,21,0.027,2,86,Basic Shield,29,9,4,0,1,1,0
WRK02663,Anna Nagar,13.085873,80.195746,2023-04-01,603.0,20,0.265,2,80,Basic Shield,29,10,4,0,1,1,0
WRK02664,Velachery,12.989003,80.199166,2018-08-01,497.0,16,0.339,2,78,Basic Shield,29,6,0,0,1,0,0
WRK02665,Sholinganallur,12.909564,80.233688,2020-05-01,654.0,19,0.27,4,78,Basic Shield,29,7,3,0,1,1,0
WRK02666,Chromepet,12.965319,80.158457,2019-10-01,395.0,20,0.077,1,84,Basic Shield,29,5,3,0,1,1,0
WRK02667,Guindy,13.025043,80.238809,2024-04-01,460.0,12,0.693,2,74,Basic Shield,29,3,1,1,0,0,1
WRK02668,Tambaram,12.932688,80.088534,2019-03-01,447.0,22,0.464,3,74,Basic Shield,29,9,3,0,1,1,0
WRK02669,Chromepet,12.958966,80.13386,2024-11-01,658.0,15,0.299,4,78,Basic Shield,29,10,1,0,1,0,0
WRK02670,Porur,13.031911,80.138843,2017-04-01,325.0,18,0.195,3,79,Basic Shield,29,6,1,0,1,0,0
WRK02671,Velachery,12.967199,80.215086,2019-01-01,548.0,20,0.305,5,76,Basic Shield,29,8,3,0,1,1,0
WRK02672,T Nagar,13.049499,80.21956,2020-03-01,457.0,22,0.094,5,80,Basic Shield,29,7,7,0,1,1,0
WRK02673,Adyar,13.015445,80.241329,2016-05-01,585.0,23,0.38,2,78,Basic Shield,29,3,0,1,0,0,1
WRK02674,Tambaram,12.930327,80.095421,2024-02-01,722.0,15,0.175,4,81,Basic Shield,29,5,4,0,1,1,0
WRK02675,T Nagar,13.020409,80.223643,2015-09-01,623.0,20,0.209,1,82,Basic Shield,29,5,1,0,1,0,0
WRK02676,Guindy,12.990688,80.214291,2019-03-01,655.0,20,0.508,3,75,Basic Shield,29,7,3,1,1,1,1
WRK02677,Tambaram,12.922742,80.110571,2018-07-01,366.0,23,0.126,3,81,Basic Shield,29,6,3,0,1,1,0
WRK02678,Velachery,12.979179,80.208495,2022-07-01,708.0,29,0.235,5,78,Basic Shield,29,3,3,0,0,1,0
WRK02679,Velachery,12.978952,80.23369,2020-11-01,543.0,18,0.418,5,74,Basic Shield,29,3,0,0,0,0,0
WRK02680,Anna Nagar,13.09333,80.192732,2016-09-01,855.0,23,0.156,2,84,Basic Shield,29,1,1,0,0,0,0
WRK02681,Chromepet,12.958651,80.126563,2016-10-01,698.0,14,0.199,2,83,Basic Shield,29,5,2,0,1,0,0
WRK02682,Sholinganallur,12.919234,80.236362,2023-09-01,746.0,30,0.04,6,81,Basic Shield,29,3,3,0,0,1,0
WRK02683,Porur,13.052945,80.145627,2020-03-01,571.0,17,0.335,9,72,Basic Shield,29,7,3,0,1,1,0
WRK02684,Perambur,13.131405,80.244401,2017-07-01,684.0,23,0.32,3,79,Basic Shield,29,3,0,0,0,0,0
WRK02685,Anna Nagar,13.079794,80.224851,2019-08-01,729.0,8,0.164,3,89,Basic Shield,29,5,2,0,1,0,0
WRK02686,Tambaram,12.909338,80.105195,2019-09-01,586.0,20,0.415,3,76,Basic Shield,29,5,1,0,1,0,0
WRK02687,Tambaram,12.943662,80.116292,2020-06-01,579.0,24,0.456,1,77,Basic Shield,29,7,3,0,1,1,0
WRK02688,Tambaram,12.929927,80.104176,2021-06-01,379.0,26,0.224,1,81,Basic Shield,29,5,5,0,1,1,0
WRK02689,Sholinganallur,12.905954,80.229989,2022-02-01,589.0,16,0.426,7,72,Basic Shield,29,6,1,0,1,0,0
WRK02690,Guindy,13.022985,80.212017,2022-02-01,703.0,14,0.194,3,82,Basic Shield,29,9,4,1,1,1,1
WRK02691,Adyar,12.998836,80.241373,2018-03-01,467.0,28,0.076,1,84,Basic Shield,29,6,4,1,1,1,1
WRK02692,Velachery,12.970281,80.215966,2016-08-01,631.0,14,0.116,4,82,Basic Shield,29,5,0,0,1,0,0
WRK02693,Chromepet,12.934342,80.159692,2018-10-01,471.0,18,0.337,6,74,Basic Shield,29,8,2,0,1,0,0
WRK02694,Perambur,13.101762,80.223633,2022-06-01,536.0,13,0.069,1,87,Basic Shield,29,7,2,0,1,0,0
WRK02695,Anna Nagar,13.087727,80.221298,2020-11-01,869.0,15,0.476,3,76,Basic Shield,29,5,0,0,1,0,0
WRK02696,Chromepet,12.966141,80.147969,2023-12-01,926.0,20,0.268,3,81,Basic Shield,29,10,0,0,1,0,0
WRK02697,T Nagar,13.041588,80.231339,2018-09-01,414.0,18,0.28,3,78,Basic Shield,29,6,2,0,1,0,0
WRK02698,Velachery,12.969984,80.223385,2022-11-01,587.0,14,0.346,3,79,Basic Shield,29,5,5,0,1,1,0
WRK02699,Porur,13.03705,80.161421,2019-08-01,760.0,19,0.27,1,82,Basic Shield,29,6,2,0,1,0,0
WRK02700,Adyar,12.988204,80.249223,2015-10-01,721.0,16,0.054,2,85,Basic Shield,29,6,1,1,1,0,1
WRK02701,Tambaram,12.921141,80.112252,2019-01-01,413.0,21,0.206,3,79,Basic Shield,29,6,2,0,1,0,0
WRK02702,Porur,13.021866,80.168273,2019-09-01,739.0,19,0.171,1,84,Basic Shield,29,5,4,0,1,1,0
WRK02703,Adyar,13.023324,80.241747,2019-12-01,612.0,16,0.112,2,83,Basic Shield,29,6,2,1,1,0,1
WRK02704,Adyar,13.022215,80.262597,2016-09-01,615.0,28,0.486,4,74,Basic Shield,29,5,2,1,1,0,1
WRK02705,Chromepet,12.932742,80.161854,2024-05-01,799.0,19,0.262,2,81,Basic Shield,29,2,4,0,0,1,0
WRK02706,Anna Nagar,13.07467,80.209463,2021-10-01,810.0,16,0.238,0,84,Basic Shield,29,9,2,0,1,0,0
WRK02707,Anna Nagar,13.090547,80.20372,2017-01-01,623.0,14,0.337,4,78,Basic Shield,29,4,3,0,0,1,0
WRK02708,Anna Nagar,13.103486,80.218138,2023-04-01,447.0,20,0.374,3,76,Basic Shield,29,7,2,0,1,0,0
WRK02709,Tambaram,12.910572,80.112813,2023-03-01,659.0,22,0.125,1,84,Basic Shield,29,4,4,0,0,1,0
WRK02710,Perambur,13.110608,80.226943,2022-09-01,696.0,16,0.297,0,82,Basic Shield,29,9,2,0,1,0,0
WRK02711,Chromepet,12.956292,80.129187,2020-02-01,601.0,16,0.097,4,82,Basic Shield,29,4,1,0,0,0,0
WRK02712,Guindy,13.015852,80.240331,2018-04-01,578.0,15,0.177,3,81,Basic Shield,29,6,1,1,1,0,1
WRK02713,Anna Nagar,13.078129,80.198787,2022-07-01,352.0,15,0.078,4,81,Basic Shield,29,11,1,0,1,0,0
WRK02714,Tambaram,12.923785,80.095104,2019-07-01,740.0,15,0.309,3,79,Basic Shield,29,5,4,0,1,1,0
WRK02715,Sholinganallur,12.913281,80.234343,2017-12-01,559.0,11,0.177,2,86,Basic Shield,29,6,3,0,1,1,0
WRK02716,T Nagar,13.032476,80.245755,2016-02-01,502.0,20,0.055,5,81,Basic Shield,29,4,2,0,0,0,0
WRK02717,T Nagar,13.030144,80.243515,2019-01-01,708.0,19,0.224,0,84,Basic Shield,29,9,3,0,1,1,0
WRK02718,Perambur,13.1287,80.244487,2018-07-01,578.0,16,0.008,1,86,Basic Shield,29,10,4,0,1,1,0
WRK02719,Porur,13.028621,80.137417,2020-05-01,579.0,16,0.207,3,80,Basic Shield,29,2,3,0,0,1,0
WRK02720,Porur,13.025869,80.165487,2023-08-01,571.0,13,0.081,2,86,Basic Shield,29,9,8,0,1,1,0
WRK02721,T Nagar,13.022028,80.231586,2023-08-01,663.0,24,0.515,1,77,Basic Shield,29,4,1,0,0,0,0
WRK02722,Anna Nagar,13.080037,80.198147,2015-12-01,465.0,20,0.459,3,75,Basic Shield,29,9,0,0,1,0,0
WRK02723,Perambur,13.134092,80.222408,2015-07-01,661.0,15,0.275,1,81,Basic Shield,29,3,1,0,0,0,0
WRK02724,Tambaram,12.917319,80.101872,2015-05-01,669.0,18,0.171,3,81,Basic Shield,29,4,2,0,0,0,0
WRK02725,Porur,13.037374,80.171767,2020-02-01,657.0,27,0.27,2,80,Basic Shield,29,9,3,0,1,1,0
WRK02726,Anna Nagar,13.09704,80.21324,2018-11-01,659.0,17,0.358,2,79,Basic Shield,29,7,1,0,1,0,0
WRK02727,Sholinganallur,12.904808,80.221047,2022-10-01,624.0,12,0.271,4,81,Basic Shield,29,8,2,0,1,0,0
WRK02728,Velachery,12.986235,80.216357,2024-10-01,590.0,17,0.155,3,81,Basic Shield,29,7,1,0,1,0,0
WRK02729,Sholinganallur,12.889156,80.226156,2021-02-01,346.0,20,0.328,6,74,Basic Shield,29,6,1,0,1,0,0
WRK02730,Sholinganallur,12.88118,80.218358,2024-07-01,443.0,12,0.2,1,85,Basic Shield,29,4,2,0,0,0,0
WRK02731,Sholinganallur,12.917503,80.236888,2022-05-01,513.0,13,0.421,1,80,Basic Shield,29,10,5,0,1,1,0
WRK02732,Guindy,13.014729,80.211625,2021-06-01,558.0,18,0.138,2,83,Basic Shield,29,6,2,1,1,0,1
WRK02733,Tambaram,12.912845,80.116499,2024-01-01,548.0,12,0.269,1,84,Basic Shield,29,6,2,0,1,0,0
WRK02734,T Nagar,13.021734,80.218782,2020-02-01,704.0,22,0.367,3,78,Basic Shield,29,6,6,0,1,1,0
WRK02735,Tambaram,12.931729,80.081123,2020-05-01,601.0,18,0.126,3,82,Basic Shield,29,6,3,0,1,1,0
WRK02736,Chromepet,12.94958,80.126713,2020-06-01,668.0,13,0.117,1,87,Basic Shield,29,6,1,0,1,0,0
WRK02737,Anna Nagar,13.090643,80.210366,2022-02-01,653.0,21,0.153,6,79,Basic Shield,29,6,5,0,1,1,0
WRK02738,Chromepet,12.964265,80.135519,2024-02-01,711.0,19,0.071,6,81,Basic Shield,29,8,1,0,1,0,0
WRK02739,Guindy,13.013589,80.231249,2018-01-01,488.0,17,0.272,0,82,Basic Shield,29,3,1,1,0,0,1
WRK02740,Tambaram,12.934041,80.093518,2020-12-01,664.0,12,0.611,4,75,Basic Shield,29,8,0,0,1,0,0
WRK02741,Chromepet,12.941848,80.131101,2024-06-01,570.0,11,0.177,2,86,Basic Shield,29,10,3,0,1,1,0
WRK02742,Porur,13.020706,80.168843,2022-12-01,641.0,22,0.51,1,77,Basic Shield,29,6,1,0,1,0,0
WRK02743,Chromepet,12.948444,80.153312,2018-02-01,572.0,11,0.713,0,77,Basic Shield,29,7,6,0,1,1,0
WRK02744,T Nagar,13.04146,80.248518,2020-06-01,641.0,29,0.326,3,78,Basic Shield,29,8,3,0,1,1,0
WRK02745,T Nagar,13.035401,80.248351,2018-03-01,401.0,24,0.295,4,77,Basic Shield,29,7,2,0,1,0,0
WRK02746,Chromepet,12.952439,80.140926,2020-12-01,475.0,12,0.546,3,76,Basic Shield,29,5,4,0,1,1,0
WRK02747,Chromepet,12.95871,80.125073,2021-03-01,598.0,25,0.408,3,76,Basic Shield,29,8,1,0,1,0,0
WRK02748,Anna Nagar,13.09099,80.204656,2015-07-01,655.0,18,0.283,4,78,Basic Shield,29,6,2,0,1,0,0
WRK02749,Perambur,13.128471,80.230873,2022-11-01,384.0,13,0.192,2,83,Basic Shield,29,6,1,0,1,0,0
WRK02750,T Nagar,13.041683,80.249132,2017-11-01,721.0,18,0.542,4,73,Basic Shield,29,6,1,0,1,0,0
WRK02751,Sholinganallur,12.920394,80.21482,2021-04-01,550.0,25,0.188,1,82,Basic Shield,29,6,5,0,1,1,0
WRK02752,Chromepet,12.940449,80.14023,2018-10-01,538.0,13,0.211,3,82,Basic Shield,29,3,1,0,0,0,0
WRK02753,Porur,13.027888,80.160833,2019-02-01,524.0,10,0.263,3,84,Basic Shield,29,4,2,0,0,0,0
WRK02754,Porur,13.016589,80.165945,2024-09-01,461.0,12,0.064,3,86,Basic Shield,29,4,3,0,0,1,0
WRK02755,Anna Nagar,13.071068,80.219029,2024-10-01,677.0,27,0.193,3,81,Basic Shield,29,6,0,0,1,0,0
WRK02756,Chromepet,12.962319,80.137715,2020-03-01,505.0,14,0.636,2,73,Basic Shield,29,5,5,0,1,1,0
WRK02757,Adyar,13.005478,80.242964,2024-03-01,740.0,17,0.306,3,79,Basic Shield,29,6,4,1,1,1,1
WRK02758,Sholinganallur,12.88183,80.24147,2021-09-01,606.0,18,0.752,2,70,Basic Shield,29,6,1,0,1,0,0
WRK02759,Sholinganallur,12.893612,80.233735,2015-12-01,570.0,16,0.178,4,80,Basic Shield,29,9,2,0,1,0,0
WRK02760,Perambur,13.108828,80.24219,2016-09-01,743.0,18,0.311,5,77,Basic Shield,29,7,4,0,1,1,0
WRK02761,T Nagar,13.033014,80.251984,2016-07-01,492.0,16,0.325,1,79,Basic Shield,29,7,1,0,1,0,0
WRK02762,T Nagar,13.02614,80.244511,2017-12-01,686.0,19,0.349,1,80,Basic Shield,29,6,2,0,1,0,0
WRK02763,Chromepet,12.959692,80.158282,2015-05-01,542.0,24,0.18,5,79,Basic Shield,29,6,1,0,1,0,0
WRK02764,Velachery,12.978703,80.208712,2023-10-01,777.0,21,0.482,2,77,Basic Shield,29,10,3,0,1,1,0
WRK02765,Guindy,12.988465,80.2259,2024-01-01,701.0,20,0.203,1,83,Basic Shield,29,3,1,1,0,0,1
WRK02766,Adyar,13.000849,80.269559,2019-01-01,608.0,16,0.352,5,76,Basic Shield,29,6,3,1,1,1,1
WRK02767,Perambur,13.128017,80.225548,2021-12-01,389.0,15,0.599,2,72,Basic Shield,29,4,2,0,0,0,0
WRK02768,Adyar,12.995404,80.237293,2016-11-01,640.0,22,0.217,3,80,Basic Shield,29,6,1,1,1,0,1
WRK02769,Adyar,13.023246,80.27122,2017-10-01,678.0,24,0.184,5,79,Basic Shield,29,4,0,1,0,0,1
WRK02770,Tambaram,12.942381,80.116239,2016-11-01,615.0,15,0.367,5,75,Basic Shield,29,3,0,0,0,0,0
WRK02771,Perambur,13.136476,80.219438,2024-07-01,565.0,19,0.1,3,82,Basic Shield,29,3,1,0,0,0,0
WRK02772,Adyar,12.989944,80.255346,2024-05-01,599.0,21,0.268,3,79,Basic Shield,29,6,4,1,1,1,1
WRK02773,T Nagar,13.04408,80.229579,2019-01-01,496.0,20,0.082,3,82,Basic Shield,29,5,3,0,1,1,0
WRK02774,Adyar,12.998436,80.257675,2016-01-01,458.0,15,0.013,2,85,Basic Shield,29,9,2,1,1,0,1
WRK02775,Chromepet,12.968195,80.132766,2016-11-01,706.0,22,0.8,3,69,Standard Shield,49,6,3,0,1,1,0
WRK02776,Chromepet,12.96725,80.122776,2018-04-01,367.0,19,0.088,4,81,Basic Shield,29,5,1,0,1,0,0
WRK02777,Sholinganallur,12.885523,80.239973,2019-05-01,662.0,20,0.072,3,83,Basic Shield,29,7,3,0,1,1,0
WRK02778,Sholinganallur,12.890493,80.225964,2024-02-01,490.0,12,0.298,1,83,Basic Shield,29,6,0,0,1,0,0
WRK02779,Anna Nagar,13.072694,80.210284,2018-05-01,477.0,12,0.178,2,84,Basic Shield,29,3,2,0,0,0,0
WRK02780,Guindy,13.008562,80.220037,2017-10-01,697.0,19,0.162,4,81,Basic Shield,29,7,1,1,1,0,1
WRK02781,Tambaram,12.920936,80.117247,2023-03-01,630.0,20,0.281,3,79,Basic Shield,29,9,0,0,1,0,0
WRK02782,Porur,13.046356,80.161994,2023-07-01,391.0,17,0.199,3,79,Basic Shield,29,7,4,0,1,1,0
WRK02783,Chromepet,12.948766,80.128894,2015-03-01,495.0,25,0.215,2,81,Basic Shield,29,9,5,0,1,1,0
WRK02784,Tambaram,12.923193,80.116069,2017-07-01,492.0,22,0.317,3,78,Basic Shield,29,10,3,0,1,1,0
WRK02785,Chromepet,12.968398,80.161934,2022-06-01,607.0,14,0.227,5,79,Basic Shield,29,5,2,0,1,0,0
WRK02786,Sholinganallur,12.887758,80.220714,2019-09-01,407.0,19,0.435,1,77,Basic Shield,29,9,3,0,1,1,0
WRK02787,Velachery,12.99138,80.208118,2020-05-01,556.0,15,0.089,3,83,Basic Shield,29,10,3,0,1,1,0
WRK02788,Perambur,13.113282,80.216137,2015-12-01,496.0,16,0.458,3,75,Basic Shield,29,5,3,0,1,1,0
WRK02789,T Nagar,13.049737,80.240518,2019-05-01,481.0,25,0.378,1,78,Basic Shield,29,7,2,0,1,0,0
WRK02790,Tambaram,12.911593,80.114372,2016-03-01,593.0,19,0.13,6,79,Basic Shield,29,3,1,0,0,0,0
WRK02791,Tambaram,12.941868,80.102697,2022-06-01,646.0,14,0.102,4,83,Basic Shield,29,6,0,0,1,0,0
WRK02792,Velachery,12.997015,80.224623,2017-11-01,655.0,24,0.439,7,72,Basic Shield,29,11,1,0,1,0,0
WRK02793,Sholinganallur,12.887736,80.222877,2017-06-01,609.0,12,0.234,4,82,Basic Shield,29,6,2,0,1,0,0
WRK02794,Guindy,12.99284,80.205272,2022-05-01,602.0,19,0.406,5,74,Basic Shield,29,9,2,1,1,0,1
WRK02795,Sholinganallur,12.88688,80.237464,2020-07-01,643.0,14,0.639,6,70,Basic Shield,29,6,0,0,1,0,0
WRK02796,Sholinganallur,12.889686,80.219554,2022-08-01,684.0,23,0.436,5,74,Basic Shield,29,4,1,0,0,0,0
WRK02797,Porur,13.036307,80.163608,2016-09-01,674.0,17,0.375,4,76,Basic Shield,29,10,1,0,1,0,0
WRK02798,Chromepet,12.966571,80.161041,2023-07-01,476.0,15,0.202,3,80,Basic Shield,29,12,2,0,1,0,0
WRK02799,Tambaram,12.939233,80.101927,2020-09-01,621.0,16,0.33,5,76,Basic Shield,29,8,0,0,1,0,0
WRK02800,Velachery,12.998768,80.19976,2024-03-01,732.0,17,0.61,2,74,Basic Shield,29,4,2,0,0,0,0
WRK02801,Chromepet,12.958516,80.14274,2023-02-01,629.0,24,0.303,3,79,Basic Shield,29,3,4,0,0,1,0
WRK02802,Chromepet,12.958838,80.144103,2024-10-01,596.0,10,0.244,5,83,Basic Shield,29,5,5,0,1,1,0
WRK02803,Porur,13.035315,80.154707,2023-07-01,458.0,22,0.068,3,82,Basic Shield,29,6,7,0,1,1,0
WRK02804,Sholinganallur,12.908005,80.230367,2024-04-01,669.0,16,0.43,4,75,Basic Shield,29,5,2,0,1,0,0
WRK02805,Chromepet,12.966175,80.139756,2016-07-01,603.0,13,0.468,3,77,Basic Shield,29,3,2,0,0,0,0
WRK02806,Adyar,13.024225,80.260546,2015-07-01,419.0,15,0.106,3,81,Basic Shield,29,5,4,1,1,1,1
WRK02807,Tambaram,12.935636,80.099447,2019-12-01,637.0,20,0.522,0,77,Basic Shield,29,7,0,0,1,0,0
WRK02808,T Nagar,13.041535,80.22461,2019-12-01,617.0,20,0.077,0,86,Basic Shield,29,8,0,0,1,0,0
WRK02809,Chromepet,12.966393,80.130456,2020-11-01,393.0,13,0.229,4,80,Basic Shield,29,12,4,0,1,1,0
WRK02810,Velachery,12.997797,80.228675,2015-05-01,548.0,22,0.141,5,79,Basic Shield,29,4,1,0,0,0,0
WRK02811,Adyar,13.005506,80.260832,2024-04-01,737.0,19,0.202,5,79,Basic Shield,29,2,3,1,0,1,1
WRK02812,Tambaram,12.939963,80.093345,2016-02-01,705.0,20,0.361,3,78,Basic Shield,29,2,3,0,0,1,0
WRK02813,Anna Nagar,13.077434,80.201733,2016-03-01,498.0,18,0.554,5,71,Basic Shield,29,6,0,0,1,0,0
WRK02814,Chromepet,12.945146,80.146478,2022-05-01,759.0,19,0.042,4,83,Basic Shield,29,13,5,0,1,1,0
WRK02815,Chromepet,12.941348,80.124882,2018-04-01,581.0,10,0.227,2,86,Basic Shield,29,5,0,0,1,0,0
WRK02816,Tambaram,12.920312,80.116996,2019-02-01,526.0,15,0.058,1,85,Basic Shield,29,5,3,0,1,1,0
WRK02817,Perambur,13.102298,80.241116,2020-07-01,435.0,8,0.32,3,84,Basic Shield,29,4,3,0,0,1,0
WRK02818,Adyar,12.992108,80.24348,2019-05-01,361.0,19,0.437,2,76,Basic Shield,29,5,2,1,1,0,1
WRK02819,Guindy,13.025455,80.208663,2021-09-01,699.0,17,0.172,4,81,Basic Shield,29,7,3,1,1,1,1
WRK02820,Tambaram,12.910684,80.094789,2021-02-01,373.0,14,0.534,3,74,Basic Shield,29,6,0,0,1,0,0
WRK02821,Adyar,13.005367,80.241399,2017-04-01,448.0,19,0.052,2,84,Basic Shield,29,4,4,1,0,1,1
WRK02822,Guindy,13.010951,80.23904,2021-07-01,781.0,21,0.234,2,82,Basic Shield,29,4,1,1,0,0,1
WRK02823,Anna Nagar,13.086154,80.215152,2019-01-01,578.0,19,0.279,2,80,Basic Shield,29,5,4,0,1,1,0
WRK02824,Guindy,12.987311,80.235161,2018-09-01,581.0,15,0.349,2,78,Basic Shield,29,3,2,1,0,0,1
WRK02825,Sholinganallur,12.90729,80.219346,2015-05-01,716.0,19,0.44,1,78,Basic Shield,29,1,4,0,0,1,0
WRK02826,Perambur,13.130033,80.226136,2016-03-01,635.0,19,0.416,4,75,Basic Shield,29,7,2,0,1,0,0
WRK02827,T Nagar,13.046953,80.237963,2015-03-01,409.0,19,0.49,2,75,Basic Shield,29,6,2,0,1,0,0
WRK02828,Guindy,13.017836,80.210196,2021-02-01,697.0,13,0.239,4,81,Basic Shield,29,4,0,1,0,0,1
WRK02829,Guindy,13.002532,80.21683,2016-05-01,674.0,22,0.269,0,82,Basic Shield,29,2,1,1,0,0,1
WRK02830,T Nagar,13.021715,80.21414,2015-11-01,675.0,17,0.207,5,79,Basic Shield,29,11,3,0,1,1,0
WRK02831,T Nagar,13.030014,80.226138,2023-02-01,664.0,19,0.099,2,84,Basic Shield,29,13,0,0,1,0,0
WRK02832,Anna Nagar,13.089185,80.206788,2018-12-01,601.0,19,0.088,3,83,Basic Shield,29,6,0,0,1,0,0
WRK02833,T Nagar,13.040745,80.246738,2019-10-01,542.0,13,0.295,1,82,Basic Shield,29,8,3,0,1,1,0
WRK02834,Adyar,12.996444,80.255836,2023-06-01,680.0,20,0.433,1,78,Basic Shield,29,5,4,1,1,1,1
WRK02835,Adyar,13.019954,80.257837,2022-01-01,679.0,22,0.389,1,79,Basic Shield,29,4,3,1,0,1,1
WRK02836,Anna Nagar,13.100088,80.19084,2017-07-01,594.0,23,0.18,4,80,Basic Shield,29,7,1,0,1,0,0
WRK02837,Sholinganallur,12.917631,80.219704,2017-08-01,372.0,19,0.176,5,78,Basic Shield,29,7,2,0,1,0,0
WRK02838,Sholinganallur,12.890925,80.22702,2022-10-01,695.0,15,0.231,2,81,Basic Shield,29,7,1,0,1,0,0
WRK02839,T Nagar,13.056569,80.235639,2017-02-01,653.0,24,0.355,5,76,Basic Shield,29,3,5,0,0,1,0
WRK02840,Tambaram,12.909466,80.093698,2017-09-01,525.0,20,0.354,3,77,Basic Shield,29,10,1,0,1,0,0
WRK02841,Sholinganallur,12.904606,80.240078,2020-08-01,564.0,26,0.239,0,83,Basic Shield,29,6,2,0,1,0,0
WRK02842,T Nagar,13.026123,80.226848,2023-08-01,535.0,22,0.279,2,80,Basic Shield,29,4,2,0,0,0,0
WRK02843,Porur,13.028457,80.175949,2021-07-01,566.0,15,0.21,3,80,Basic Shield,29,3,0,0,0,0,0
WRK02844,Chromepet,12.952207,80.153038,2015-03-01,753.0,18,0.422,3,77,Basic Shield,29,10,2,0,1,0,0
WRK02845,Anna Nagar,13.094185,80.228529,2020-09-01,424.0,16,0.315,1,79,Basic Shield,29,7,3,0,1,1,0
WRK02846,T Nagar,13.021139,80.224404,2023-09-01,626.0,15,0.147,2,83,Basic Shield,29,6,3,0,1,1,0
WRK02847,Velachery,12.989245,80.210241,2015-05-01,666.0,11,0.192,6,82,Basic Shield,29,7,1,0,1,0,0
WRK02848,T Nagar,13.053296,80.23087,2017-12-01,748.0,25,0.135,2,84,Basic Shield,29,5,2,0,1,0,0
WRK02849,Perambur,13.126713,80.235775,2021-11-01,577.0,12,0.352,2,81,Basic Shield,29,8,2,0,1,0,0
WRK02850,Anna Nagar,13.076613,80.206277,2021-02-01,593.0,26,0.335,1,80,Basic Shield,29,5,0,0,1,0,0
WRK02851,T Nagar,13.047928,80.215013,2017-07-01,614.0,11,0.381,3,81,Basic Shield,29,8,4,0,1,1,0
WRK02852,Anna Nagar,13.092214,80.197552,2018-07-01,429.0,18,0.329,5,75,Basic Shield,29,7,2,0,1,0,0
WRK02853,Perambur,13.129688,80.233568,2019-05-01,482.0,20,0.085,1,84,Basic Shield,29,2,3,0,0,1,0
WRK02854,Guindy,13.025318,80.227065,2022-10-01,670.0,21,0.319,4,77,Basic Shield,29,4,1,1,0,0,1
WRK02855,Adyar,13.003296,80.247587,2016-06-01,640.0,26,0.166,2,82,Basic Shield,29,3,0,1,0,0,1
WRK02856,Velachery,12.98913,80.233156,2024-11-01,778.0,11,0.324,1,85,Basic Shield,29,4,1,0,0,0,0
WRK02857,Velachery,12.999334,80.210635,2021-07-01,877.0,23,0.479,3,76,Basic Shield,29,4,2,0,0,0,0
WRK02858,Chromepet,12.931961,80.126966,2020-03-01,618.0,26,0.429,6,73,Basic Shield,29,1,1,0,0,0,0
WRK02859,Velachery,12.962013,80.224708,2017-07-01,645.0,12,0.182,4,83,Basic Shield,29,6,1,0,1,0,0
WRK02860,T Nagar,13.052154,80.247171,2017-08-01,806.0,13,0.182,2,85,Basic Shield,29,6,2,0,1,0,0
WRK02861,Velachery,12.998328,80.225701,2015-09-01,435.0,19,0.066,1,84,Basic Shield,29,2,1,0,0,0,0
WRK02862,Anna Nagar,13.097735,80.216761,2016-01-01,621.0,15,0.321,5,76,Basic Shield,29,4,4,0,0,1,0
WRK02863,Anna Nagar,13.080694,80.190193,2024-05-01,864.0,12,0.226,5,82,Basic Shield,29,7,0,0,1,0,0
WRK02864,Velachery,12.997492,80.207831,2023-10-01,614.0,15,0.128,4,81,Basic Shield,29,6,0,0,1,0,0
WRK02865,T Nagar,13.053594,80.251484,2017-03-01,513.0,19,0.332,2,78,Basic Shield,29,7,1,0,1,0,0
WRK02866,Adyar,12.999765,80.241833,2024-12-01,701.0,21,0.523,1,77,Basic Shield,29,5,0,1,1,0,1
WRK02867,Porur,13.041414,80.157374,2023-03-01,703.0,19,0.251,2,81,Basic Shield,29,7,1,0,1,0,0
WRK02868,Porur,13.052598,80.17362,2024-08-01,612.0,22,0.286,1,81,Basic Shield,29,7,1,0,1,0,0
WRK02869,Perambur,13.127364,80.237249,2022-07-01,563.0,16,0.28,2,80,Basic Shield,29,6,0,0,1,0,0
WRK02870,Anna Nagar,13.090434,80.191819,2021-07-01,602.0,16,0.368,5,75,Basic Shield,29,5,4,0,1,1,0
WRK02871,Adyar,12.987476,80.275338,2022-08-01,736.0,17,0.398,6,74,Basic Shield,29,6,2,1,1,0,1
WRK02872,Guindy,12.988694,80.240481,2023-08-01,779.0,12,0.198,2,85,Basic Shield,29,8,1,1,1,0,1
WRK02873,Sholinganallur,12.895618,80.237222,2023-04-01,697.0,15,0.154,4,81,Basic Shield,29,6,2,0,1,0,0
WRK02874,Anna Nagar,13.093759,80.196771,2022-05-01,698.0,15,0.172,2,83,Basic Shield,29,8,4,0,1,1,0
WRK02875,Tambaram,12.93855,80.095276,2019-04-01,639.0,18,0.216,2,81,Basic Shield,29,3,2,0,0,0,0
WRK02876,Perambur,13.123267,80.234475,2020-06-01,576.0,14,0.088,2,85,Basic Shield,29,6,1,0,1,0,0
WRK02877,Perambur,13.133267,80.23447,2022-12-01,430.0,17,0.263,2,79,Basic Shield,29,5,0,0,1,0,0
WRK02878,Guindy,13.003056,80.210174,2015-06-01,375.0,28,0.159,2,81,Basic Shield,29,8,3,1,1,1,1
WRK02879,Porur,13.019622,80.165081,2019-01-01,730.0,20,0.092,3,83,Basic Shield,29,7,4,0,1,1,0
WRK02880,Perambur,13.112822,80.238676,2017-11-01,657.0,26,0.227,4,79,Basic Shield,29,3,3,0,0,1,0
WRK02881,Sholinganallur,12.888762,80.240116,2020-12-01,655.0,14,0.091,3,84,Basic Shield,29,5,1,0,1,0,0
WRK02882,Chromepet,12.948042,80.15981,2022-01-01,565.0,16,0.261,3,79,Basic Shield,29,5,2,0,1,0,0
WRK02883,Chromepet,12.953267,80.136077,2024-09-01,451.0,12,0.625,5,72,Basic Shield,29,7,1,0,1,0,0
WRK02884,Guindy,12.995875,80.226661,2019-07-01,653.0,17,0.189,1,83,Basic Shield,29,6,0,1,1,0,1
WRK02885,Porur,13.05555,80.169609,2024-09-01,512.0,10,0.43,4,79,Basic Shield,29,4,2,0,0,0,0
WRK02886,Velachery,12.977667,80.226946,2020-11-01,637.0,18,0.286,2,80,Basic Shield,29,7,3,0,1,1,0
WRK02887,Porur,13.032815,80.151576,2019-05-01,639.0,16,0.366,1,79,Basic Shield,29,4,3,0,0,1,0
WRK02888,Porur,13.049748,80.165952,2019-07-01,688.0,20,0.226,3,80,Basic Shield,29,3,4,0,0,1,0
WRK02889,T Nagar,13.03451,80.252103,2019-09-01,679.0,22,0.36,3,78,Basic Shield,29,4,2,0,0,0,0
WRK02890,Adyar,13.016982,80.251874,2019-12-01,698.0,13,0.165,5,82,Basic Shield,29,2,4,1,0,1,1
WRK02891,T Nagar,13.025256,80.225861,2017-04-01,635.0,18,0.22,2,81,Basic Shield,29,5,1,0,1,0,0
WRK02892,Perambur,13.108548,80.216934,2016-08-01,501.0,18,0.187,4,79,Basic Shield,29,3,1,0,0,0,0
WRK02893,Perambur,13.114662,80.245108,2018-10-01,449.0,24,0.208,4,79,Basic Shield,29,7,6,0,1,1,0
WRK02894,Velachery,12.993371,80.231199,2015-01-01,649.0,16,0.066,2,84,Basic Shield,29,2,1,0,0,0,0
WRK02895,Velachery,12.977739,80.217752,2020-07-01,635.0,19,0.166,4,80,Basic Shield,29,8,0,0,1,0,0
WRK02896,Tambaram,12.913066,80.101432,2021-12-01,573.0,10,0.156,1,88,Basic Shield,29,6,2,0,1,0,0
WRK02897,T Nagar,13.046264,80.25059,2021-02-01,749.0,15,0.233,4,80,Basic Shield,29,3,5,0,0,1,0
WRK02898,Chromepet,12.970187,80.141883,2021-03-01,764.0,16,0.343,1,80,Basic Shield,29,8,1,0,1,0,0
WRK02899,Sholinganallur,12.885128,80.208509,2023-08-01,769.0,19,0.514,2,76,Basic Shield,29,2,7,0,0,1,0
WRK02900,Perambur,13.11502,80.233949,2021-03-01,733.0,18,0.362,2,79,Basic Shield,29,5,0,0,1,0,0
WRK02901,Velachery,12.983032,80.231417,2016-05-01,596.0,18,0.072,2,84,Basic Shield,29,8,2,0,1,0,0
WRK02902,Chromepet,12.956385,80.154491,2021-09-01,516.0,21,0.263,3,79,Basic Shield,29,5,1,0,1,0,0
WRK02903,Sholinganallur,12.916233,80.232531,2023-03-01,803.0,20,0.201,1,83,Basic Shield,29,2,2,0,0,0,0
WRK02904,Anna Nagar,13.105476,80.193712,2021-02-01,636.0,21,0.38,3,77,Basic Shield,29,7,3,0,1,1,0
WRK02905,Anna Nagar,13.097477,80.194522,2020-09-01,767.0,17,0.358,3,78,Basic Shield,29,4,0,0,0,0,0
WRK02906,T Nagar,13.038122,80.231297,2018-09-01,843.0,16,0.064,3,84,Basic Shield,29,7,1,0,1,0,0
WRK02907,Velachery,12.973692,80.206347,2022-12-01,513.0,19,0.298,2,79,Basic Shield,29,7,3,0,1,1,0
WRK02908,Chromepet,12.942554,80.125704,2020-03-01,407.0,15,0.573,3,72,Basic Shield,29,4,1,0,0,0,0
WRK02909,Adyar,13.020972,80.263239,2023-04-01,537.0,23,0.092,7,78,Basic Shield,29,6,1,1,1,0,1
WRK02910,T Nagar,13.02902,80.237588,2015-07-01,662.0,20,0.47,3,75,Basic Shield,29,3,3,0,0,1,0
WRK02911,Porur,13.03094,80.160516,2017-07-01,730.0,19,0.127,5,81,Basic Shield,29,7,2,0,1,0,0
WRK02912,Chromepet,12.967709,80.135412,2021-01-01,581.0,20,0.319,3,78,Basic Shield,29,6,3,0,1,1,0
WRK02913,Perambur,13.122364,80.23657,2020-11-01,498.0,24,0.187,2,81,Basic Shield,29,8,4,0,1,1,0
WRK02914,Adyar,13.023834,80.241376,2017-11-01,498.0,23,0.177,2,81,Basic Shield,29,4,2,1,0,0,1
WRK02915,Anna Nagar,13.101793,80.21639,2020-10-01,634.0,30,0.41,4,75,Basic Shield,29,6,2,0,1,0,0
WRK02916,Chromepet,12.936541,80.138927,2015-07-01,306.0,22,0.229,5,76,Basic Shield,29,9,0,0,1,0,0
WRK02917,T Nagar,13.02668,80.238087,2018-07-01,653.0,27,0.25,4,79,Basic Shield,29,2,1,0,0,0,0
WRK02918,Anna Nagar,13.08589,80.192681,2022-05-01,734.0,18,0.448,5,74,Basic Shield,29,4,2,0,0,0,0
WRK02919,Sholinganallur,12.906448,80.230377,2022-06-01,685.0,16,0.296,2,80,Basic Shield,29,4,2,0,0,0,0
WRK02920,T Nagar,13.032295,80.22849,2018-07-01,515.0,15,0.058,4,82,Basic Shield,29,8,0,0,1,0,0
WRK02921,T Nagar,13.050954,80.237693,2020-06-01,670.0,18,0.161,4,81,Basic Shield,29,2,1,0,0,0,0
WRK02922,Sholinganallur,12.90928,80.233846,2023-12-01,684.0,18,0.401,3,77,Basic Shield,29,5,3,0,1,1,0
WRK02923,Sholinganallur,12.897506,80.224079,2022-08-01,716.0,18,0.112,5,81,Basic Shield,29,6,1,0,1,0,0
WRK02924,Perambur,13.112399,80.217871,2018-06-01,492.0,18,0.726,3,69,Standard Shield,49,5,0,0,1,0,0
WRK02925,Guindy,12.986721,80.229307,2016-08-01,595.0,20,0.087,2,84,Basic Shield,29,7,1,1,1,0,1
WRK02926,Chromepet,12.961163,80.132947,2015-01-01,660.0,20,0.385,1,79,Basic Shield,29,7,2,0,1,0,0
WRK02927,Sholinganallur,12.901125,80.237608,2022-05-01,654.0,24,0.21,2,82,Basic Shield,29,5,3,0,1,1,0
WRK02928,Anna Nagar,13.092596,80.219427,2024-03-01,659.0,17,0.389,0,80,Basic Shield,29,6,1,0,1,0,0
WRK02929,Adyar,13.008187,80.241526,2021-12-01,790.0,23,0.068,6,81,Basic Shield,29,7,1,1,1,0,1
WRK02930,Tambaram,12.910695,80.101304,2020-02-01,678.0,21,0.239,1,82,Basic Shield,29,7,1,0,1,0,0
WRK02931,Velachery,12.989059,80.226158,2021-01-01,562.0,26,0.18,3,81,Basic Shield,29,4,3,0,0,1,0
WRK02932,Perambur,13.121005,80.224416,2022-09-01,571.0,14,0.317,0,82,Basic Shield,29,3,2,0,0,0,0
WRK02933,Chromepet,12.95326,80.140522,2022-04-01,624.0,20,0.23,6,77,Basic Shield,29,9,0,0,1,0,0
WRK02934,Perambur,13.134657,80.226731,2018-04-01,458.0,15,0.448,2,76,Basic Shield,29,5,2,0,1,0,0
WRK02935,Tambaram,12.941805,80.103956,2022-06-01,704.0,17,0.139,3,82,Basic Shield,29,9,2,0,1,0,0
WRK02936,Sholinganallur,12.920876,80.222684,2019-12-01,581.0,21,0.371,1,79,Basic Shield,29,2,1,0,0,0,0
WRK02937,Sholinganallur,12.88758,80.222979,2017-11-01,519.0,16,0.394,6,73,Basic Shield,29,4,2,0,0,0,0
WRK02938,Sholinganallur,12.920789,80.209892,2015-10-01,593.0,14,0.176,4,81,Basic Shield,29,6,0,0,1,0,0
WRK02939,Anna Nagar,13.08809,80.215904,2016-09-01,670.0,22,0.286,2,80,Basic Shield,29,9,3,0,1,1,0
WRK02940,Porur,13.037273,80.172378,2017-11-01,596.0,13,0.159,2,84,Basic Shield,29,10,2,0,1,0,0
WRK02941,Sholinganallur,12.910783,80.232874,2024-03-01,586.0,22,0.351,4,76,Basic Shield,29,5,1,0,1,0,0
WRK02942,Tambaram,12.906953,80.090959,2023-07-01,461.0,26,0.26,5,77,Basic Shield,29,5,3,0,1,1,0
WRK02943,Adyar,13.016776,80.265183,2015-01-01,469.0,20,0.077,3,82,Basic Shield,29,6,2,1,1,0,1
WRK02944,Adyar,13.0005,80.256493,2019-01-01,517.0,20,0.428,2,77,Basic Shield,29,5,1,1,1,0,1
WRK02945,Anna Nagar,13.069732,80.217093,2015-04-01,697.0,16,0.414,6,74,Basic Shield,29,4,3,0,0,1,0
WRK02946,Tambaram,12.937272,80.096257,2023-02-01,366.0,17,0.052,5,80,Basic Shield,29,6,2,0,1,0,0
WRK02947,Guindy,12.987265,80.222946,2022-08-01,466.0,12,0.061,3,86,Basic Shield,29,8,0,1,1,0,1
WRK02948,Chromepet,12.947271,80.141592,2020-08-01,758.0,18,0.677,8,67,Standard Shield,49,6,1,0,1,0,0
WRK02949,Chromepet,12.935801,80.127956,2023-11-01,627.0,11,0.228,4,83,Basic Shield,29,6,2,0,1,0,0
WRK02950,Perambur,13.099449,80.236133,2021-03-01,921.0,16,0.489,2,77,Basic Shield,29,5,3,0,1,1,0
WRK02951,Perambur,13.115309,80.237741,2024-06-01,360.0,18,0.055,2,83,Basic Shield,29,5,5,0,1,1,0
WRK02952,Porur,13.039184,80.164572,2017-05-01,554.0,12,0.501,3,77,Basic Shield,29,5,2,0,1,0,0
WRK02953,Chromepet,12.938819,80.153266,2023-12-01,372.0,16,0.167,1,82,Basic Shield,29,7,2,0,1,0,0
WRK02954,Porur,13.026097,80.146173,2015-03-01,551.0,18,0.282,6,76,Basic Shield,29,4,0,0,0,0,0
WRK02955,Tambaram,12.939571,80.095673,2024-06-01,737.0,19,0.667,2,73,Basic Shield,29,3,3,0,0,1,0
WRK02956,Tambaram,12.921398,80.105442,2023-08-01,616.0,21,0.327,2,79,Basic Shield,29,9,4,0,1,1,0
WRK02957,Anna Nagar,13.084486,80.222996,2017-01-01,617.0,27,0.139,3,82,Basic Shield,29,8,4,0,1,1,0
WRK02958,Perambur,13.102025,80.218635,2015-03-01,551.0,14,0.189,1,83,Basic Shield,29,5,2,0,1,0,0
WRK02959,T Nagar,13.043361,80.239173,2015-11-01,506.0,18,0.455,2,76,Basic Shield,29,5,3,0,1,1,0
WRK02960,Guindy,12.992491,80.219477,2015-10-01,300.0,15,0.09,2,82,Basic Shield,29,8,0,1,1,0,1
WRK02961,Adyar,13.026174,80.237732,2016-05-01,569.0,8,0.268,2,87,Basic Shield,29,4,0,1,0,0,1
WRK02962,Guindy,12.991064,80.238255,2018-08-01,600.0,15,0.227,5,78,Basic Shield,29,9,2,1,1,0,1
WRK02963,Velachery,12.992251,80.212568,2022-10-01,667.0,15,0.3,2,80,Basic Shield,29,8,4,0,1,1,0
WRK02964,Adyar,13.012878,80.265382,2019-05-01,783.0,17,0.344,7,75,Basic Shield,29,7,2,1,1,0,1
WRK02965,Guindy,13.018416,80.232733,2019-04-01,620.0,25,0.362,4,76,Basic Shield,29,5,3,1,1,1,1
WRK02966,Anna Nagar,13.069961,80.208826,2018-10-01,569.0,17,0.139,4,81,Basic Shield,29,3,4,0,0,1,0
WRK02967,Adyar,13.009891,80.26992,2016-12-01,468.0,18,0.138,4,80,Basic Shield,29,3,3,1,0,1,1
WRK02968,Adyar,12.995172,80.263991,2015-08-01,614.0,24,0.155,3,81,Basic Shield,29,5,2,1,1,0,1
WRK02969,Anna Nagar,13.092331,80.199344,2020-03-01,619.0,13,0.19,4,82,Basic Shield,29,4,2,0,0,0,0
WRK02970,Anna Nagar,13.079432,80.21091,2023-12-01,376.0,19,0.224,2,80,Basic Shield,29,6,8,0,1,1,0
WRK02971,Adyar,13.02188,80.260689,2021-10-01,671.0,24,0.206,2,82,Basic Shield,29,8,3,1,1,1,1
WRK02972,Perambur,13.103762,80.253032,2020-03-01,572.0,13,0.259,1,83,Basic Shield,29,5,0,0,1,0,0
WRK02973,Velachery,12.973276,80.20139,2024-07-01,510.0,19,0.265,5,77,Basic Shield,29,2,2,0,0,0,0
WRK02974,Chromepet,12.936489,80.154114,2023-02-01,463.0,16,0.153,3,81,Basic Shield,29,13,0,0,1,0,0
WRK02975,Guindy,13.0074,80.214086,2024-01-01,467.0,18,0.547,2,74,Basic Shield,29,3,7,1,0,1,1
WRK02976,Guindy,13.006324,80.206147,2019-07-01,601.0,23,0.227,5,78,Basic Shield,29,7,2,1,1,0,1
WRK02977,T Nagar,13.053841,80.219851,2022-06-01,523.0,22,0.276,2,80,Basic Shield,29,5,2,0,1,0,0
WRK02978,Anna Nagar,13.101978,80.19548,2024-06-01,722.0,21,0.437,3,76,Basic Shield,29,2,2,0,0,0,0
WRK02979,Anna Nagar,13.086358,80.197297,2016-04-01,558.0,19,0.258,1,81,Basic Shield,29,2,1,0,0,0,0
WRK02980,Chromepet,12.933034,80.130582,2017-08-01,703.0,13,0.222,2,84,Basic Shield,29,3,1,0,0,0,0
WRK02981,T Nagar,13.05666,80.215617,2022-11-01,637.0,19,0.389,2,78,Basic Shield,29,6,5,0,1,1,0
WRK02982,Guindy,13.005976,80.231548,2022-07-01,724.0,16,0.145,3,82,Basic Shield,29,5,2,1,1,0,1
WRK02983,T Nagar,13.05581,80.240291,2016-06-01,726.0,15,0.738,4,69,Standard Shield,49,4,3,0,0,1,0
WRK02984,Perambur,13.112429,80.245034,2015-02-01,532.0,18,0.206,7,76,Basic Shield,29,6,0,0,1,0,0
WRK02985,Perambur,13.112375,80.221225,2020-08-01,405.0,18,0.516,3,73,Basic Shield,29,9,2,0,1,0,0
WRK02986,Adyar,13.000451,80.24276,2020-08-01,595.0,16,0.737,4,69,Standard Shield,49,5,2,1,1,0,1
WRK02987,Sholinganallur,12.915874,80.226939,2017-07-01,603.0,20,0.163,8,76,Basic Shield,29,6,1,0,1,0,0
WRK02988,Guindy,13.011899,80.240096,2023-02-01,743.0,11,0.166,5,84,Basic Shield,29,9,5,1,1,1,1
WRK02989,Velachery,12.987068,80.198182,2019-12-01,719.0,15,0.221,2,82,Basic Shield,29,6,0,0,1,0,0
WRK02990,Adyar,13.000612,80.274887,2016-05-01,300.0,14,0.142,4,80,Basic Shield,29,5,2,1,1,0,1
WRK02991,Anna Nagar,13.098956,80.229807,2015-05-01,900.0,21,0.268,4,80,Basic Shield,29,7,2,0,1,0,0
WRK02992,Chromepet,12.943324,80.147111,2022-06-01,663.0,15,0.068,3,83,Basic Shield,29,7,2,0,1,0,0
WRK02993,Sholinganallur,12.907142,80.208157,2019-04-01,768.0,12,0.223,1,86,Basic Shield,29,3,2,0,0,0,0
WRK02994,Guindy,13.02579,80.216223,2021-10-01,775.0,13,0.394,3,79,Basic Shield,29,8,0,1,1,0,1
WRK02995,Chromepet,12.932796,80.149598,2017-05-01,619.0,26,0.218,7,76,Basic Shield,29,5,4,0,1,1,0
WRK02996,Anna Nagar,13.102836,80.217128,2024-09-01,641.0,25,0.392,4,76,Basic Shield,29,8,0,0,1,0,0
WRK02997,Anna Nagar,13.104964,80.222727,2017-04-01,478.0,17,0.477,3,74,Basic Shield,29,10,3,0,1,1,0
WRK02998,Chromepet,12.94937,80.139442,2021-02-01,657.0,20,0.042,2,85,Basic Shield,29,10,2,0,1,0,0
WRK02999,T Nagar,13.019732,80.221756,2018-01-01,722.0,24,0.189,4,80,Basic Shield,29,3,1,0,0,0,0
WRK03000,Adyar,12.999247,80.240768,2017-12-01,737.0,18,0.307,5,77,Basic Shield,29,6,1,1,1,0,1
WRK03001,Velachery,12.962704,80.209013,2015-02-01,533.0,20,0.109,1,84,Basic Shield,29,5,1,0,1,0,0
WRK03002,Tambaram,12.940528,80.094747,2022-10-01,758.0,19,0.242,2,81,Basic Shield,29,6,1,0,1,0,0
WRK03003,Velachery,13.001113,80.19924,2021-12-01,907.0,22,0.61,6,71,Basic Shield,29,6,3,0,1,1,0
WRK03004,Adyar,13.014589,80.2515,2021-03-01,552.0,21,0.037,1,86,Basic Shield,29,9,5,1,1,1,1
WRK03005,Anna Nagar,13.082284,80.197242,2020-09-01,801.0,16,0.417,4,76,Basic Shield,29,4,2,0,0,0,0
WRK03006,Guindy,12.987538,80.225159,2020-08-01,542.0,18,0.376,2,78,Basic Shield,29,3,1,1,0,0,1
WRK03007,Velachery,12.967171,80.222359,2015-05-01,559.0,18,0.487,3,75,Basic Shield,29,7,4,0,1,1,0
WRK03008,T Nagar,13.022495,80.238748,2018-11-01,538.0,12,0.067,6,83,Basic Shield,29,5,0,0,1,0,0
WRK03009,T Nagar,13.03645,80.231717,2016-02-01,739.0,21,0.511,3,75,Basic Shield,29,4,1,0,0,0,0
WRK03010,Adyar,13.003558,80.262355,2017-05-01,702.0,15,0.594,2,74,Basic Shield,29,7,1,1,1,0,1
WRK03011,T Nagar,13.035366,80.238108,2023-01-01,894.0,19,0.212,2,83,Basic Shield,29,3,1,0,0,0,0
WRK03012,Perambur,13.12413,80.235195,2017-08-01,585.0,21,0.43,3,76,Basic Shield,29,4,1,0,0,0,0
WRK03013,Sholinganallur,12.909834,80.210894,2016-07-01,613.0,18,0.04,6,81,Basic Shield,29,5,3,0,1,1,0
WRK03014,Guindy,13.02232,80.229186,2020-09-01,733.0,22,0.528,8,70,Basic Shield,29,5,1,1,1,0,1
WRK03015,Velachery,12.996572,80.223524,2015-03-01,621.0,22,0.48,2,76,Basic Shield,29,4,2,0,0,0,0
WRK03016,Porur,13.033152,80.162462,2021-01-01,527.0,20,0.168,4,80,Basic Shield,29,8,4,0,1,1,0
WRK03017,Perambur,13.116977,80.22435,2016-10-01,586.0,23,0.285,6,76,Basic Shield,29,3,3,0,0,1,0
WRK03018,Adyar,13.024569,80.271318,2024-06-01,598.0,20,0.089,2,84,Basic Shield,29,5,4,1,1,1,1
WRK03019,Chromepet,12.956548,80.161942,2018-07-01,468.0,18,0.32,2,78,Basic Shield,29,4,5,0,0,1,0
WRK03020,Guindy,13.025252,80.200932,2020-04-01,636.0,21,0.031,1,86,Basic Shield,29,7,0,1,1,0,1
WRK03021,Perambur,13.120584,80.227154,2021-11-01,591.0,18,0.428,5,74,Basic Shield,29,7,0,0,1,0,0
WRK03022,Guindy,12.989051,80.229375,2016-07-01,722.0,9,0.289,4,84,Basic Shield,29,5,2,1,1,0,1
WRK03023,Sholinganallur,12.895645,80.219865,2022-09-01,551.0,14,0.416,0,80,Basic Shield,29,4,1,0,0,0,0
WRK03024,Sholinganallur,12.909432,80.211344,2019-05-01,527.0,16,0.342,2,78,Basic Shield,29,5,0,0,1,0,0
WRK03025,Chromepet,12.95279,80.159844,2021-07-01,614.0,18,0.198,5,79,Basic Shield,29,5,0,0,1,0,0
WRK03026,Porur,13.043693,80.147414,2023-08-01,587.0,14,0.608,4,72,Basic Shield,29,6,4,0,1,1,0
WRK03027,Velachery,12.969367,80.233043,2015-03-01,576.0,13,0.264,5,79,Basic Shield,29,5,3,0,1,1,0
WRK03028,Sholinganallur,12.902729,80.236759,2016-02-01,672.0,19,0.32,3,78,Basic Shield,29,4,3,0,0,1,0
WRK03029,Sholinganallur,12.901514,80.243407,2024-11-01,754.0,28,0.154,2,83,Basic Shield,29,5,1,0,1,0,0
WRK03030,Velachery,12.983108,80.21699,2023-11-01,550.0,20,0.107,3,82,Basic Shield,29,6,0,0,1,0,0
WRK03031,Tambaram,12.923091,80.083291,2021-05-01,686.0,12,0.277,3,82,Basic Shield,29,7,0,0,1,0,0
WRK03032,Porur,13.043231,80.13807,2022-02-01,710.0,19,0.318,1,81,Basic Shield,29,4,2,0,0,0,0
WRK03033,Velachery,12.969074,80.233626,2023-12-01,530.0,16,0.06,2,84,Basic Shield,29,8,3,0,1,1,0
WRK03034,Anna Nagar,13.078671,80.20688,2019-02-01,635.0,18,0.489,6,72,Basic Shield,29,7,5,0,1,1,0
WRK03035,Tambaram,12.942601,80.091532,2017-06-01,602.0,23,0.335,2,79,Basic Shield,29,3,0,0,0,0,0
WRK03036,Adyar,13.01122,80.274547,2016-11-01,486.0,12,0.319,4,80,Basic Shield,29,5,1,1,1,0,1
WRK03037,Chromepet,12.94231,80.15041,2022-04-01,659.0,22,0.259,4,79,Basic Shield,29,3,2,0,0,0,0
WRK03038,Perambur,13.135217,80.235326,2022-08-01,677.0,22,0.366,5,76,Basic Shield,29,3,0,0,0,0,0
WRK03039,Porur,13.03808,80.156762,2020-03-01,641.0,20,0.265,1,81,Basic Shield,29,5,0,0,1,0,0
WRK03040,Anna Nagar,13.069553,80.219495,2022-11-01,588.0,12,0.661,3,74,Basic Shield,29,7,3,0,1,1,0
WRK03041,Porur,13.053259,80.139179,2023-05-01,584.0,17,0.33,5,76,Basic Shield,29,3,0,0,0,0,0
WRK03042,Tambaram,12.911403,80.112512,2022-01-01,560.0,16,0.44,3,76,Basic Shield,29,4,4,0,0,1,0
WRK03043,Tambaram,12.937014,80.094363,2023-11-01,593.0,10,0.352,2,83,Basic Shield,29,7,1,0,1,0,0
WRK03044,Porur,13.021218,80.147795,2018-07-01,548.0,13,0.173,4,82,Basic Shield,29,7,1,0,1,0,0
WRK03045,T Nagar,13.033093,80.23413,2022-08-01,621.0,32,0.25,4,79,Basic Shield,29,5,0,0,1,0,0
WRK03046,Anna Nagar,13.079864,80.198309,2020-04-01,689.0,17,0.218,2,82,Basic Shield,29,8,2,0,1,0,0
WRK03047,Velachery,12.989338,80.220657,2023-05-01,556.0,14,0.612,3,73,Basic Shield,29,13,2,0,1,0,0
WRK03048,Velachery,12.96511,80.228911,2016-02-01,509.0,8,0.581,4,78,Basic Shield,29,8,1,0,1,0,0
WRK03049,Velachery,12.967143,80.215805,2019-02-01,630.0,8,0.512,3,81,Basic Shield,29,9,4,0,1,1,0
WRK03050,Tambaram,12.919631,80.098112,2022-09-01,799.0,18,0.329,2,80,Basic Shield,29,9,5,0,1,1,0
WRK03051,Tambaram,12.909179,80.11868,2023-02-01,750.0,20,0.39,6,74,Basic Shield,29,6,2,0,1,0,0
WRK03052,Anna Nagar,13.092066,80.225569,2017-04-01,605.0,8,0.294,1,88,Basic Shield,29,7,1,0,1,0,0
WRK03053,Adyar,12.998898,80.27396,2019-10-01,558.0,19,0.184,5,79,Basic Shield,29,11,4,1,1,1,1
WRK03054,T Nagar,13.05161,80.22369,2023-02-01,717.0,22,0.411,3,77,Basic Shield,29,5,1,0,1,0,0
WRK03055,Velachery,12.97559,80.223466,2021-08-01,669.0,18,0.263,0,83,Basic Shield,29,9,2,0,1,0,0
WRK03056,Anna Nagar,13.096069,80.223234,2023-04-01,357.0,21,0.348,1,78,Basic Shield,29,6,1,0,1,0,0
WRK03057,Guindy,13.012173,80.21527,2015-09-01,559.0,14,0.34,3,78,Basic Shield,29,3,6,1,0,1,1
WRK03058,Tambaram,12.942356,80.091929,2019-04-01,559.0,19,0.434,3,76,Basic Shield,29,2,0,0,0,0,0
WRK03059,Tambaram,12.910842,80.091316,2022-06-01,500.0,22,0.081,4,81,Basic Shield,29,10,2,0,1,0,0
WRK03060,Velachery,12.976372,80.231886,2015-01-01,669.0,23,0.17,4,80,Basic Shield,29,10,1,0,1,0,0
WRK03061,Porur,13.043031,80.139612,2020-10-01,643.0,15,0.121,7,78,Basic Shield,29,6,5,0,1,1,0
WRK03062,Velachery,12.980828,80.198569,2019-01-01,623.0,14,0.17,4,81,Basic Shield,29,5,3,0,1,1,0
WRK03063,Velachery,12.976943,80.226636,2016-03-01,660.0,14,0.301,3,80,Basic Shield,29,9,4,0,1,1,0
WRK03064,Chromepet,12.932519,80.147533,2023-04-01,509.0,25,0.507,5,72,Basic Shield,29,6,1,0,1,0,0
WRK03065,T Nagar,13.055525,80.242277,2015-04-01,417.0,14,0.235,4,79,Basic Shield,29,7,0,0,1,0,0
WRK03066,Porur,13.044091,80.158103,2023-10-01,598.0,17,0.114,2,83,Basic Shield,29,5,2,0,1,0,0
WRK03067,Tambaram,12.934444,80.093738,2023-05-01,582.0,17,0.203,0,83,Basic Shield,29,9,2,0,1,0,0
WRK03068,Sholinganallur,12.907856,80.235677,2022-06-01,494.0,21,0.253,3,79,Basic Shield,29,6,1,0,1,0,0
WRK03069,Porur,13.048649,80.17696,2018-04-01,841.0,23,0.552,3,75,Basic Shield,29,5,4,0,1,1,0
WRK03070,Perambur,13.10884,80.220111,2022-07-01,444.0,17,0.421,3,75,Basic Shield,29,4,0,0,0,0,0
WRK03071,Tambaram,12.918221,80.111784,2017-06-01,720.0,16,0.179,1,84,Basic Shield,29,9,1,0,1,0,0
WRK03072,Tambaram,12.921624,80.093633,2024-10-01,480.0,20,0.395,1,78,Basic Shield,29,2,3,0,0,1,0
WRK03073,Tambaram,12.928663,80.082969,2023-03-01,843.0,19,0.224,1,83,Basic Shield,29,8,5,0,1,1,0
WRK03074,T Nagar,13.024885,80.246381,2018-10-01,607.0,15,0.416,0,79,Basic Shield,29,7,1,0,1,0,0
WRK03075,Guindy,13.000943,80.201666,2015-06-01,588.0,21,0.127,2,83,Basic Shield,29,4,0,1,0,0,1
WRK03076,Adyar,13.019083,80.255802,2015-05-01,681.0,20,0.206,5,79,Basic Shield,29,9,1,1,1,0,1
WRK03077,Perambur,13.134689,80.22468,2022-04-01,532.0,9,0.268,4,84,Basic Shield,29,8,0,0,1,0,0
WRK03078,Chromepet,12.935523,80.127254,2024-02-01,678.0,22,0.216,0,84,Basic Shield,29,9,1,0,1,0,0
WRK03079,Velachery,12.979403,80.229646,2021-03-01,632.0,18,0.141,4,81,Basic Shield,29,3,3,0,0,1,0
WRK03080,Velachery,12.976732,80.214684,2017-10-01,834.0,16,0.693,2,73,Basic Shield,29,7,1,0,1,0,0
WRK03081,Porur,13.03684,80.143472,2016-11-01,575.0,18,0.114,0,85,Basic Shield,29,7,2,0,1,0,0
WRK03082,Porur,13.056203,80.153635,2016-01-01,477.0,17,0.07,3,82,Basic Shield,29,5,1,0,1,0,0
WRK03083,Porur,13.051415,80.145186,2020-04-01,555.0,17,0.43,2,77,Basic Shield,29,7,4,0,1,1,0
WRK03084,Adyar,12.995625,80.271091,2020-10-01,570.0,24,0.311,5,76,Basic Shield,29,6,1,1,1,0,1
WRK03085,Chromepet,12.937003,80.131447,2017-07-01,586.0,24,0.256,1,81,Basic Shield,29,4,6,0,0,1,0
WRK03086,Tambaram,12.926113,80.113423,2024-03-01,639.0,20,0.111,3,82,Basic Shield,29,6,4,0,1,1,0
WRK03087,Adyar,12.987234,80.275404,2018-03-01,437.0,22,0.335,1,79,Basic Shield,29,5,4,1,1,1,1
WRK03088,Guindy,12.988809,80.230598,2018-11-01,508.0,18,0.665,3,71,Basic Shield,29,9,1,1,1,0,1
WRK03089,Guindy,12.988803,80.240275,2024-08-01,550.0,14,0.315,2,80,Basic Shield,29,4,1,1,0,0,1
WRK03090,Perambur,13.132072,80.21691,2020-05-01,617.0,25,0.386,1,79,Basic Shield,29,9,0,0,1,0,0
WRK03091,Tambaram,12.940112,80.102781,2017-06-01,835.0,17,0.632,2,74,Basic Shield,29,5,2,0,1,0,0
WRK03092,Velachery,12.976084,80.204628,2023-03-01,359.0,19,0.169,2,81,Basic Shield,29,5,1,0,1,0,0
WRK03093,Porur,13.053688,80.155542,2024-08-01,813.0,20,0.395,5,76,Basic Shield,29,6,5,0,1,1,0
WRK03094,Chromepet,12.945074,80.147571,2024-11-01,546.0,12,0.212,1,85,Basic Shield,29,9,1,0,1,0,0
WRK03095,Sholinganallur,12.897459,80.229461,2021-09-01,606.0,19,0.257,0,82,Basic Shield,29,5,2,0,1,0,0
WRK03096,T Nagar,13.035103,80.230672,2016-02-01,429.0,14,0.5,3,75,Basic Shield,29,8,1,0,1,0,0
WRK03097,Tambaram,12.922694,80.106794,2015-07-01,624.0,21,0.681,2,72,Basic Shield,29,5,0,0,1,0,0
WRK03098,Guindy,13.01781,80.237498,2021-05-01,676.0,18,0.611,0,76,Basic Shield,29,6,1,1,1,0,1
WRK03099,Anna Nagar,13.097665,80.205323,2022-11-01,660.0,19,0.191,4,80,Basic Shield,29,6,1,0,1,0,0
WRK03100,Porur,13.019308,80.137038,2021-09-01,874.0,18,0.248,2,82,Basic Shield,29,6,4,0,1,1,0
WRK03101,Velachery,12.967485,80.208381,2015-01-01,943.0,32,0.253,2,82,Basic Shield,29,1,1,0,0,0,0
WRK03102,Chromepet,12.962473,80.154781,2022-12-01,568.0,20,0.306,5,76,Basic Shield,29,4,2,0,0,0,0
WRK03103,Tambaram,12.931193,80.105564,2022-07-01,561.0,16,0.297,4,77,Basic Shield,29,5,0,0,1,0,0
WRK03104,Velachery,12.966268,80.233605,2017-10-01,355.0,17,0.451,1,76,Basic Shield,29,5,0,0,1,0,0
WRK03105,Velachery,12.981218,80.200481,2024-06-01,595.0,18,0.033,6,81,Basic Shield,29,8,0,0,1,0,0
WRK03106,Velachery,12.995253,80.224342,2018-09-01,552.0,15,0.044,1,85,Basic Shield,29,1,1,0,0,0,0
WRK03107,Tambaram,12.926751,80.098167,2021-03-01,657.0,18,0.248,3,80,Basic Shield,29,4,4,0,0,1,0
WRK03108,Adyar,13.00967,80.263798,2024-01-01,678.0,20,0.081,2,84,Basic Shield,29,6,2,1,1,0,1
WRK03109,Guindy,13.004756,80.237979,2015-12-01,789.0,23,0.144,3,83,Basic Shield,29,4,4,1,0,1,1
WRK03110,Perambur,13.127324,80.251102,2018-12-01,404.0,14,0.29,4,78,Basic Shield,29,9,4,0,1,1,0
WRK03111,Sholinganallur,12.909263,80.21263,2016-05-01,440.0,16,0.237,4,78,Basic Shield,29,4,2,0,0,0,0
WRK03112,Guindy,12.988628,80.20466,2017-04-01,517.0,21,0.205,2,81,Basic Shield,29,5,0,1,1,0,1
WRK03113,Porur,13.026078,80.174096,2020-06-01,617.0,17,0.333,2,79,Basic Shield,29,3,2,0,0,0,0
WRK03114,Adyar,13.003029,80.242167,2024-12-01,621.0,12,0.146,1,87,Basic Shield,29,2,1,1,0,0,1
WRK03115,Adyar,12.990306,80.249253,2017-04-01,630.0,21,0.295,2,80,Basic Shield,29,4,3,1,0,1,1
WRK03116,Anna Nagar,13.105276,80.193099,2021-09-01,407.0,22,0.424,1,77,Basic Shield,29,2,1,0,0,0,0
WRK03117,Adyar,13.00315,80.249668,2024-01-01,385.0,17,0.345,2,78,Basic Shield,29,4,2,1,0,0,1
WRK03118,Anna Nagar,13.108106,80.229308,2016-02-01,570.0,13,0.25,6,78,Basic Shield,29,8,4,0,1,1,0
WRK03119,Porur,13.047521,80.165691,2023-12-01,575.0,14,0.215,1,83,Basic Shield,29,5,2,0,1,0,0
WRK03120,Tambaram,12.936425,80.118056,2018-05-01,609.0,24,0.345,1,80,Basic Shield,29,5,2,0,1,0,0
WRK03121,Velachery,12.962043,80.23577,2016-07-01,622.0,15,0.432,2,77,Basic Shield,29,6,1,0,1,0,0
WRK03122,Adyar,13.010191,80.263479,2016-04-01,517.0,16,0.71,0,73,Basic Shield,29,5,3,1,1,1,1
WRK03123,Anna Nagar,13.080784,80.201133,2015-09-01,437.0,21,0.096,4,81,Basic Shield,29,7,3,0,1,1,0
WRK03124,Velachery,12.983443,80.216592,2016-11-01,510.0,24,0.488,5,72,Basic Shield,29,10,0,0,1,0,0
WRK03125,Perambur,13.129976,80.222993,2017-11-01,478.0,25,0.38,5,74,Basic Shield,29,3,5,0,0,1,0
WRK03126,Porur,13.026419,80.163083,2017-01-01,478.0,18,0.057,0,86,Basic Shield,29,2,1,0,0,0,0
WRK03127,Anna Nagar,13.097641,80.224301,2021-11-01,476.0,14,0.066,4,83,Basic Shield,29,12,2,0,1,0,0
WRK03128,Porur,13.03286,80.170085,2019-01-01,581.0,23,0.232,3,80,Basic Shield,29,8,2,0,1,0,0
WRK03129,Porur,13.05582,80.159564,2015-08-01,748.0,18,0.396,6,74,Basic Shield,29,8,3,0,1,1,0
WRK03130,Guindy,12.988293,80.232587,2019-02-01,767.0,31,0.427,4,76,Basic Shield,29,9,0,1,1,0,1
WRK03131,Perambur,13.098417,80.225222,2021-12-01,617.0,17,0.317,1,80,Basic Shield,29,5,3,0,1,1,0
WRK03132,Adyar,13.024959,80.264917,2016-02-01,482.0,18,0.124,3,81,Basic Shield,29,3,1,1,0,0,1
WRK03133,Porur,13.033262,80.157309,2016-03-01,473.0,18,0.164,0,84,Basic Shield,29,1,1,0,0,0,0
WRK03134,Adyar,13.005596,80.243391,2019-05-01,648.0,20,0.451,2,77,Basic Shield,29,11,3,1,1,1,1
WRK03135,Sholinganallur,12.889934,80.214791,2016-09-01,570.0,16,0.376,7,73,Basic Shield,29,8,0,0,1,0,0
WRK03136,Tambaram,12.93327,80.09526,2017-10-01,700.0,24,0.152,2,83,Basic Shield,29,6,0,0,1,0,0
WRK03137,Porur,13.02773,80.145867,2023-04-01,458.0,19,0.235,2,80,Basic Shield,29,9,1,0,1,0,0
WRK03138,Adyar,12.991569,80.261742,2021-06-01,662.0,14,0.169,0,85,Basic Shield,29,2,1,1,0,0,1
WRK03139,T Nagar,13.023968,80.227905,2015-11-01,502.0,28,0.481,3,74,Basic Shield,29,1,2,0,0,0,0
WRK03140,Porur,13.050744,80.143671,2022-06-01,561.0,16,0.197,3,80,Basic Shield,29,10,1,0,1,0,0
WRK03141,Velachery,12.965033,80.199707,2021-08-01,627.0,20,0.158,5,79,Basic Shield,29,8,0,0,1,0,0
WRK03142,Sholinganallur,12.886837,80.246425,2016-08-01,865.0,12,0.317,3,82,Basic Shield,29,6,2,0,1,0,0
WRK03143,Adyar,12.996236,80.240278,2021-09-01,612.0,20,0.125,3,82,Basic Shield,29,4,2,1,0,0,1
WRK03144,Sholinganallur,12.911162,80.224142,2023-01-01,505.0,9,0.165,4,86,Basic Shield,29,8,3,0,1,1,0
WRK03145,Adyar,12.997321,80.239799,2017-07-01,522.0,11,0.283,5,80,Basic Shield,29,6,2,1,1,0,1
WRK03146,Chromepet,12.957642,80.127244,2019-11-01,440.0,9,0.312,2,84,Basic Shield,29,8,4,0,1,1,0
WRK03147,Anna Nagar,13.070252,80.217703,2015-04-01,1029.0,19,0.193,5,81,Basic Shield,29,5,3,0,1,1,0
WRK03148,Porur,13.030219,80.147683,2015-04-01,757.0,22,0.042,4,83,Basic Shield,29,5,2,0,1,0,0
WRK03149,Sholinganallur,12.901688,80.237651,2020-03-01,674.0,18,0.347,2,79,Basic Shield,29,4,2,0,0,0,0
WRK03150,Porur,13.019351,80.153749,2023-10-01,693.0,20,0.255,6,77,Basic Shield,29,6,2,0,1,0,0
WRK03151,Guindy,13.021435,80.217512,2019-10-01,531.0,20,0.256,1,81,Basic Shield,29,4,4,1,0,1,1
WRK03152,Anna Nagar,13.071988,80.228749,2016-04-01,515.0,17,0.136,4,80,Basic Shield,29,4,3,0,0,1,0
WRK03153,T Nagar,13.038245,80.216843,2019-03-01,764.0,12,0.234,7,80,Basic Shield,29,5,0,0,1,0,0
WRK03154,Tambaram,12.923957,80.116485,2018-11-01,671.0,15,0.218,0,83,Basic Shield,29,10,2,0,1,0,0
WRK03155,Tambaram,12.934288,80.114547,2020-12-01,486.0,20,0.287,4,77,Basic Shield,29,5,3,0,1,1,0
WRK03156,Chromepet,12.956305,80.138305,2020-02-01,338.0,16,0.29,2,78,Basic Shield,29,3,3,0,0,1,0
WRK03157,Adyar,13.020042,80.275032,2023-10-01,598.0,14,0.176,1,84,Basic Shield,29,4,2,1,0,0,1
WRK03158,Porur,13.041163,80.162082,2016-12-01,618.0,8,0.351,6,82,Basic Shield,29,10,3,0,1,1,0
WRK03159,Anna Nagar,13.079197,80.217353,2016-11-01,607.0,22,0.323,4,77,Basic Shield,29,3,3,0,0,1,0
WRK03160,Chromepet,12.950185,80.143757,2018-01-01,607.0,20,0.138,2,83,Basic Shield,29,9,2,0,1,0,0
WRK03161,Velachery,12.987118,80.229328,2023-10-01,558.0,20,0.194,3,80,Basic Shield,29,4,0,0,0,0,0
WRK03162,Sholinganallur,12.893723,80.228898,2016-02-01,801.0,12,0.671,6,72,Basic Shield,29,4,2,0,0,0,0
WRK03163,Porur,13.054005,80.166714,2022-06-01,621.0,13,0.352,6,77,Basic Shield,29,7,1,0,1,0,0
WRK03164,Tambaram,12.921257,80.083798,2021-10-01,630.0,23,0.209,4,79,Basic Shield,29,10,2,0,1,0,0
WRK03165,Chromepet,12.959817,80.130175,2018-02-01,503.0,14,0.309,6,76,Basic Shield,29,13,1,0,1,0,0
WRK03166,Porur,13.048529,80.15091,2023-09-01,588.0,19,0.299,0,81,Basic Shield,29,5,4,0,1,1,0
WRK03167,Adyar,13.005088,80.240577,2016-11-01,622.0,10,0.25,1,87,Basic Shield,29,4,4,1,0,1,1
WRK03168,Anna Nagar,13.077955,80.190922,2020-02-01,642.0,12,0.096,1,88,Basic Shield,29,4,2,0,0,0,0
WRK03169,Guindy,12.998084,80.212681,2021-11-01,528.0,28,0.115,4,81,Basic Shield,29,6,5,1,1,1,1
WRK03170,Adyar,13.011053,80.249508,2016-06-01,482.0,22,0.108,6,79,Basic Shield,29,6,1,1,1,0,1
WRK03171,Perambur,13.110174,80.241921,2016-12-01,768.0,19,0.138,6,80,Basic Shield,29,5,2,0,1,0,0
WRK03172,Chromepet,12.951142,80.125512,2019-04-01,569.0,15,0.3,4,77,Basic Shield,29,8,2,0,1,0,0
WRK03173,Adyar,12.997888,80.271737,2018-08-01,684.0,16,0.219,5,79,Basic Shield,29,3,2,1,0,0,1
WRK03174,Sholinganallur,12.914372,80.209885,2019-03-01,673.0,18,0.542,1,76,Basic Shield,29,6,3,0,1,1,0
WRK03175,T Nagar,13.025863,80.221946,2021-01-01,529.0,19,0.301,2,79,Basic Shield,29,6,2,0,1,0,0
WRK03176,Chromepet,12.954661,80.143885,2022-09-01,557.0,20,0.294,3,78,Basic Shield,29,9,3,0,1,1,0
WRK03177,Porur,13.039598,80.173766,2018-04-01,489.0,18,0.34,1,79,Basic Shield,29,6,2,0,1,0,0
WRK03178,Porur,13.050879,80.137356,2023-09-01,752.0,14,0.39,1,80,Basic Shield,29,5,1,0,1,0,0
WRK03179,Anna Nagar,13.078671,80.200588,2019-07-01,646.0,14,0.21,1,84,Basic Shield,29,5,3,0,1,1,0
WRK03180,Perambur,13.132307,80.222824,2020-07-01,603.0,16,0.401,1,78,Basic Shield,29,4,1,0,0,0,0
WRK03181,Adyar,13.007627,80.239431,2017-01-01,554.0,17,0.357,2,78,Basic Shield,29,7,2,1,1,0,1
WRK03182,Sholinganallur,12.881299,80.224208,2015-08-01,544.0,15,0.416,1,78,Basic Shield,29,3,2,0,0,0,0
WRK03183,Porur,13.029957,80.140466,2018-08-01,581.0,13,0.291,2,82,Basic Shield,29,4,3,0,0,1,0
WRK03184,T Nagar,13.051851,80.223348,2022-08-01,558.0,9,0.084,3,89,Basic Shield,29,7,0,0,1,0,0
WRK03185,Guindy,12.990819,80.222507,2024-04-01,752.0,13,0.549,3,76,Basic Shield,29,5,2,1,1,0,1
WRK03186,Porur,13.055686,80.16262,2015-11-01,583.0,16,0.568,4,72,Basic Shield,29,4,0,0,0,0,0
WRK03187,T Nagar,13.022247,80.2313,2015-12-01,723.0,20,0.11,6,80,Basic Shield,29,5,3,0,1,1,0
WRK03188,Tambaram,12.911972,80.082194,2019-07-01,573.0,19,0.544,5,71,Basic Shield,29,7,3,0,1,1,0
WRK03189,T Nagar,13.0577,80.251917,2024-04-01,593.0,23,0.079,2,84,Basic Shield,29,6,3,0,1,1,0
WRK03190,T Nagar,13.023568,80.244359,2023-06-01,300.0,15,0.645,3,70,Basic Shield,29,1,6,0,0,1,0
WRK03191,Porur,13.054719,80.172495,2019-01-01,740.0,15,0.564,1,76,Basic Shield,29,7,2,0,1,0,0
WRK03192,T Nagar,13.044313,80.227733,2016-06-01,501.0,12,0.204,0,86,Basic Shield,29,1,2,0,0,0,0
WRK03193,Guindy,13.012647,80.210802,2024-08-01,745.0,12,0.367,2,82,Basic Shield,29,6,2,1,1,0,1
WRK03194,Porur,13.028181,80.164694,2024-07-01,722.0,24,0.242,5,78,Basic Shield,29,9,2,0,1,0,0
WRK03195,Tambaram,12.944363,80.084763,2016-10-01,595.0,19,0.277,3,79,Basic Shield,29,8,2,0,1,0,0
WRK03196,Adyar,13.015412,80.24886,2015-02-01,736.0,18,0.267,0,83,Basic Shield,29,7,1,1,1,0,1
WRK03197,Chromepet,12.933229,80.15354,2021-07-01,556.0,31,0.216,4,79,Basic Shield,29,6,3,0,1,1,0
WRK03198,T Nagar,13.040482,80.22397,2022-06-01,640.0,17,0.424,2,77,Basic Shield,29,9,1,0,1,0,0
WRK03199,Velachery,12.972271,80.202466,2022-10-01,467.0,13,0.443,4,76,Basic Shield,29,4,3,0,0,1,0
WRK03200,Sholinganallur,12.901391,80.213699,2019-06-01,551.0,17,0.063,0,86,Basic Shield,29,9,3,0,1,1,0
WRK03201,Sholinganallur,12.902507,80.224418,2020-04-01,722.0,19,0.407,1,79,Basic Shield,29,11,2,0,1,0,0
WRK03202,Guindy,13.024746,80.217,2022-09-01,563.0,20,0.299,3,78,Basic Shield,29,4,0,1,0,0,1
WRK03203,Tambaram,12.943676,80.118799,2022-10-01,763.0,17,0.042,3,84,Basic Shield,29,10,0,0,1,0,0
WRK03204,Velachery,12.996888,80.200799,2015-03-01,862.0,18,0.31,8,75,Basic Shield,29,5,1,0,1,0,0
WRK03205,Anna Nagar,13.077906,80.198332,2017-12-01,739.0,13,0.323,4,80,Basic Shield,29,6,1,0,1,0,0
WRK03206,Tambaram,12.905582,80.11031,2018-01-01,892.0,19,0.419,5,76,Basic Shield,29,6,4,0,1,1,0
WRK03207,Tambaram,12.920413,80.113058,2016-03-01,626.0,18,0.282,7,75,Basic Shield,29,8,4,0,1,1,0
WRK03208,Porur,13.050065,80.169059,2024-03-01,632.0,15,0.196,0,84,Basic Shield,29,7,1,0,1,0,0
WRK03209,Porur,13.05622,80.150707,2022-07-01,650.0,24,0.3,3,79,Basic Shield,29,12,3,0,1,1,0
WRK03210,Velachery,12.999768,80.233342,2017-03-01,530.0,15,0.219,4,79,Basic Shield,29,5,1,0,1,0,0
WRK03211,Tambaram,12.905525,80.106313,2023-01-01,376.0,18,0.547,5,70,Basic Shield,29,5,0,0,1,0,0
WRK03212,Chromepet,12.943929,80.149112,2023-07-01,801.0,16,0.234,4,80,Basic Shield,29,7,2,0,1,0,0
WRK03213,Porur,13.042953,80.170591,2015-12-01,523.0,13,0.243,6,78,Basic Shield,29,5,1,0,1,0,0
WRK03214,Guindy,13.004884,80.221834,2024-11-01,596.0,15,0.48,1,77,Basic Shield,29,5,1,1,1,0,1
WRK03215,Perambur,13.12336,80.232136,2024-06-01,666.0,20,0.055,4,83,Basic Shield,29,6,2,0,1,0,0
WRK03216,Perambur,13.136682,80.238142,2018-03-01,506.0,17,0.087,2,83,Basic Shield,29,8,0,0,1,0,0
WRK03217,Perambur,13.114659,80.227894,2022-02-01,510.0,22,0.247,1,81,Basic Shield,29,1,0,0,0,0,0
WRK03218,Perambur,13.1213,80.237688,2018-02-01,455.0,22,0.239,3,79,Basic Shield,29,5,1,0,1,0,0
WRK03219,Porur,13.051547,80.165319,2020-05-01,856.0,13,0.439,0,82,Basic Shield,29,3,2,0,0,0,0
WRK03220,Anna Nagar,13.082286,80.227481,2022-12-01,642.0,19,0.275,4,78,Basic Shield,29,3,1,0,0,0,0
WRK03221,Sholinganallur,12.903379,80.221585,2021-08-01,554.0,13,0.053,2,86,Basic Shield,29,8,1,0,1,0,0
WRK03222,Adyar,13.013043,80.263898,2016-02-01,562.0,21,0.078,4,82,Basic Shield,29,2,1,1,0,0,1
WRK03223,Perambur,13.112453,80.238463,2018-02-01,333.0,20,0.263,1,80,Basic Shield,29,6,0,0,1,0,0
WRK03224,T Nagar,13.022436,80.253236,2021-12-01,483.0,23,0.055,4,82,Basic Shield,29,3,4,0,0,1,0
WRK03225,Tambaram,12.928762,80.083181,2018-01-01,531.0,24,0.37,3,77,Basic Shield,29,8,2,0,1,0,0
WRK03226,Guindy,13.017305,80.204375,2023-09-01,524.0,21,0.141,1,83,Basic Shield,29,9,0,1,1,0,1
WRK03227,Tambaram,12.928046,80.081803,2023-04-01,718.0,12,0.458,4,78,Basic Shield,29,10,1,0,1,0,0
WRK03228,Guindy,12.997276,80.23649,2018-10-01,542.0,22,0.17,3,81,Basic Shield,29,9,7,1,1,1,1
WRK03229,Velachery,12.990865,80.21228,2015-12-01,748.0,15,0.135,1,85,Basic Shield,29,5,2,0,1,0,0
WRK03230,T Nagar,13.053651,80.230019,2017-08-01,563.0,22,0.086,4,82,Basic Shield,29,6,1,0,1,0,0
WRK03231,Anna Nagar,13.093539,80.201153,2016-04-01,601.0,16,0.212,2,81,Basic Shield,29,2,1,0,0,0,0
WRK03232,Perambur,13.121411,80.224632,2021-02-01,464.0,18,0.146,7,77,Basic Shield,29,3,2,0,0,0,0
WRK03233,Velachery,12.995843,80.219891,2017-06-01,802.0,15,0.156,4,81,Basic Shield,29,1,2,0,0,0,0
WRK03234,Perambur,13.104083,80.239166,2022-05-01,489.0,28,0.335,5,75,Basic Shield,29,10,1,0,1,0,0
WRK03235,Adyar,13.024786,80.244167,2020-07-01,734.0,16,0.274,3,80,Basic Shield,29,7,6,1,1,1,1
WRK03236,Porur,13.018917,80.153737,2022-04-01,640.0,18,0.167,6,78,Basic Shield,29,8,1,0,1,0,0
WRK03237,Perambur,13.099824,80.237487,2017-07-01,657.0,20,0.48,3,75,Basic Shield,29,3,1,0,0,0,0
WRK03238,Tambaram,12.940499,80.112022,2021-12-01,760.0,29,0.806,3,69,Standard Shield,49,9,1,0,1,0,0
WRK03239,Velachery,12.999613,80.212813,2022-12-01,594.0,17,0.149,3,81,Basic Shield,29,7,2,0,1,0,0
WRK03240,Sholinganallur,12.920404,80.22336,2018-08-01,566.0,16,0.399,5,74,Basic Shield,29,5,2,0,1,0,0
WRK03241,Porur,13.01668,80.155653,2018-01-01,439.0,17,0.357,5,75,Basic Shield,29,6,3,0,1,1,0
WRK03242,Chromepet,12.961688,80.15734,2016-05-01,660.0,16,0.068,3,83,Basic Shield,29,6,2,0,1,0,0
WRK03243,T Nagar,13.033737,80.233386,2024-02-01,461.0,24,0.195,2,81,Basic Shield,29,7,3,0,1,1,0
WRK03244,Anna Nagar,13.095548,80.226094,2020-05-01,549.0,16,0.354,1,79,Basic Shield,29,8,2,0,1,0,0
WRK03245,Adyar,12.998925,80.264589,2018-12-01,468.0,21,0.429,2,76,Basic Shield,29,2,1,1,0,0,1
WRK03246,T Nagar,13.049233,80.227744,2019-11-01,824.0,18,0.42,3,77,Basic Shield,29,4,4,0,0,1,0
WRK03247,Velachery,12.991025,80.215576,2018-02-01,657.0,17,0.132,4,81,Basic Shield,29,7,3,0,1,1,0
WRK03248,Adyar,12.996368,80.248375,2015-04-01,660.0,15,0.125,6,79,Basic Shield,29,3,3,1,0,1,1
WRK03249,Sholinganallur,12.906625,80.209914,2017-01-01,691.0,14,0.684,5,70,Basic Shield,29,7,1,0,1,0,0
WRK03250,Tambaram,12.905724,80.087636,2024-05-01,434.0,15,0.349,1,79,Basic Shield,29,10,3,0,1,1,0
WRK03251,T Nagar,13.030409,80.250295,2016-09-01,494.0,9,0.148,4,86,Basic Shield,29,8,0,0,1,0,0
WRK03252,Velachery,12.968413,80.200343,2023-04-01,609.0,17,0.213,0,83,Basic Shield,29,4,1,0,0,0,0
WRK03253,Anna Nagar,13.088409,80.193901,2023-03-01,515.0,13,0.457,3,77,Basic Shield,29,6,2,0,1,0,0
WRK03254,Velachery,12.986306,80.234688,2022-10-01,789.0,25,0.347,1,81,Basic Shield,29,8,2,0,1,0,0
WRK03255,Perambur,13.120198,80.24959,2021-02-01,575.0,15,0.296,3,78,Basic Shield,29,5,1,0,1,0,0
WRK03256,Sholinganallur,12.891057,80.234559,2015-08-01,644.0,12,0.102,2,87,Basic Shield,29,7,4,0,1,1,0
WRK03257,Porur,13.032981,80.149671,2024-04-01,719.0,17,0.285,2,80,Basic Shield,29,5,1,0,1,0,0
WRK03258,Sholinganallur,12.90823,80.229969,2024-05-01,538.0,19,0.185,2,81,Basic Shield,29,9,5,0,1,1,0
WRK03259,Perambur,13.113028,80.24184,2024-03-01,659.0,22,0.378,4,76,Basic Shield,29,9,2,0,1,0,0
WRK03260,T Nagar,13.037898,80.242854,2023-12-01,522.0,11,0.241,2,84,Basic Shield,29,9,2,0,1,0,0
WRK03261,Velachery,12.998158,80.227236,2019-10-01,765.0,13,0.215,0,86,Basic Shield,29,7,2,0,1,0,0
WRK03262,Chromepet,12.958992,80.151029,2016-03-01,644.0,15,0.385,4,76,Basic Shield,29,6,1,0,1,0,0
WRK03263,Adyar,13.013341,80.246454,2023-02-01,682.0,16,0.524,1,76,Basic Shield,29,10,1,1,1,0,1
WRK03264,Sholinganallur,12.902005,80.231114,2015-11-01,680.0,14,0.224,4,80,Basic Shield,29,5,1,0,1,0,0
WRK03265,Porur,13.026128,80.145321,2024-03-01,579.0,13,0.085,3,85,Basic Shield,29,6,1,0,1,0,0
WRK03266,Chromepet,12.959675,80.144973,2022-07-01,741.0,13,0.412,4,78,Basic Shield,29,6,2,0,1,0,0
WRK03267,Porur,13.020913,80.157044,2020-06-01,565.0,30,0.365,2,78,Basic Shield,29,8,1,0,1,0,0
WRK03268,Chromepet,12.947072,80.1278,2024-07-01,845.0,16,0.132,2,84,Basic Shield,29,6,4,0,1,1,0
WRK03269,Guindy,12.990676,80.201541,2022-11-01,616.0,13,0.511,6,73,Basic Shield,29,5,1,1,1,0,1
WRK03270,Chromepet,12.935994,80.154823,2015-08-01,370.0,21,0.062,3,82,Basic Shield,29,4,0,0,0,0,0
WRK03271,Perambur,13.11651,80.240751,2024-05-01,506.0,24,0.101,6,79,Basic Shield,29,7,3,0,1,1,0
WRK03272,Guindy,13.021335,80.202594,2022-05-01,535.0,18,0.375,2,78,Basic Shield,29,6,3,1,1,1,1
WRK03273,Porur,13.038277,80.137796,2022-07-01,644.0,14,0.652,4,72,Basic Shield,29,4,3,0,0,1,0
WRK03274,Perambur,13.102186,80.249775,2016-10-01,587.0,16,0.436,3,76,Basic Shield,29,4,4,0,0,1,0
WRK03275,Chromepet,12.939707,80.149815,2017-02-01,755.0,16,0.179,2,83,Basic Shield,29,7,2,0,1,0,0
WRK03276,Sholinganallur,12.886525,80.245329,2016-02-01,517.0,16,0.022,5,82,Basic Shield,29,7,2,0,1,0,0
WRK03277,Velachery,12.99341,80.227183,2023-10-01,647.0,16,0.343,2,79,Basic Shield,29,5,1,0,1,0,0
WRK03278,Sholinganallur,12.899022,80.211323,2018-08-01,604.0,17,0.362,3,77,Basic Shield,29,9,1,0,1,0,0
WRK03279,Porur,13.020778,80.146141,2018-03-01,648.0,19,0.268,6,76,Basic Shield,29,5,0,0,1,0,0
WRK03280,T Nagar,13.05763,80.235849,2016-03-01,611.0,22,0.359,1,79,Basic Shield,29,8,2,0,1,0,0
WRK03281,Chromepet,12.935612,80.157972,2016-07-01,826.0,17,0.098,2,85,Basic Shield,29,2,1,0,0,0,0
WRK03282,Chromepet,12.957789,80.158801,2020-09-01,431.0,17,0.449,3,75,Basic Shield,29,7,2,0,1,0,0
WRK03283,Perambur,13.121545,80.21984,2022-05-01,675.0,26,0.357,2,79,Basic Shield,29,7,1,0,1,0,0
WRK03284,Tambaram,12.915292,80.101528,2016-02-01,624.0,33,0.26,3,79,Basic Shield,29,7,0,0,1,0,0
WRK03285,T Nagar,13.046093,80.224333,2024-02-01,501.0,14,0.289,3,79,Basic Shield,29,8,1,0,1,0,0
WRK03286,T Nagar,13.025724,80.242852,2019-01-01,830.0,17,0.177,3,82,Basic Shield,29,9,3,0,1,1,0
WRK03287,Adyar,13.016932,80.254049,2023-03-01,680.0,24,0.213,5,79,Basic Shield,29,10,2,1,1,0,1
WRK03288,Porur,13.053002,80.156465,2019-04-01,673.0,13,0.231,2,83,Basic Shield,29,3,1,0,0,0,0
WRK03289,Sholinganallur,12.904917,80.213041,2024-02-01,638.0,20,0.309,2,80,Basic Shield,29,4,2,0,0,0,0
WRK03290,Adyar,12.99621,80.254239,2022-06-01,619.0,9,0.355,6,80,Basic Shield,29,7,3,1,1,1,1
WRK03291,Chromepet,12.938271,80.130425,2022-10-01,680.0,16,0.411,3,77,Basic Shield,29,6,1,0,1,0,0
WRK03292,Guindy,13.01187,80.201834,2016-03-01,396.0,18,0.326,4,76,Basic Shield,29,5,5,1,1,1,1
WRK03293,Guindy,13.023661,80.204241,2019-06-01,707.0,13,0.016,1,89,Basic Shield,29,10,5,1,1,1,1
WRK03294,Guindy,13.026675,80.207279,2016-04-01,460.0,18,0.527,2,74,Basic Shield,29,2,2,1,0,0,1
WRK03295,T Nagar,13.040818,80.23556,2017-03-01,386.0,21,0.134,3,81,Basic Shield,29,4,1,0,0,0,0
WRK03296,Velachery,12.973031,80.205121,2015-01-01,505.0,10,0.332,6,79,Basic Shield,29,9,3,0,1,1,0
WRK03297,Tambaram,12.906915,80.117101,2017-09-01,672.0,15,0.221,4,79,Basic Shield,29,7,0,0,1,0,0
WRK03298,Guindy,12.987806,80.216716,2015-05-01,811.0,23,0.507,3,75,Basic Shield,29,4,2,1,0,0,1
WRK03299,Porur,13.035178,80.158089,2018-05-01,600.0,26,0.117,2,83,Basic Shield,29,5,1,0,1,0,0
WRK03300,Chromepet,12.966245,80.129236,2024-10-01,574.0,19,0.352,6,74,Basic Shield,29,7,0,0,1,0,0
WRK03301,Anna Nagar,13.101289,80.205282,2020-10-01,477.0,15,0.065,0,86,Basic Shield,29,5,3,0,1,1,0
WRK03302,Sholinganallur,12.88744,80.220659,2022-08-01,635.0,15,0.411,2,77,Basic Shield,29,1,3,0,0,1,0
WRK03303,Tambaram,12.934173,80.083149,2015-10-01,463.0,14,0.485,2,76,Basic Shield,29,6,0,0,1,0,0
WRK03304,Perambur,13.118839,80.25437,2020-06-01,714.0,13,0.33,4,79,Basic Shield,29,4,4,0,0,1,0
WRK03305,Adyar,13.023977,80.246258,2020-05-01,716.0,15,0.283,5,77,Basic Shield,29,6,1,1,1,0,1
WRK03306,Porur,13.03521,80.148831,2017-03-01,529.0,19,0.329,4,77,Basic Shield,29,6,1,0,1,0,0
WRK03307,Tambaram,12.932718,80.109883,2022-12-01,639.0,16,0.142,2,83,Basic Shield,29,3,2,0,0,0,0
WRK03308,Chromepet,12.937415,80.132268,2019-08-01,506.0,21,0.375,3,77,Basic Shield,29,8,2,0,1,0,0
WRK03309,Adyar,13.001731,80.252493,2016-06-01,559.0,11,0.248,4,82,Basic Shield,29,7,1,1,1,0,1
WRK03310,Anna Nagar,13.073929,80.200253,2015-02-01,342.0,17,0.017,3,83,Basic Shield,29,3,5,0,0,1,0
WRK03311,Velachery,12.988457,80.202801,2021-04-01,627.0,12,0.374,8,75,Basic Shield,29,4,4,0,0,1,0
WRK03312,T Nagar,13.032954,80.228608,2024-03-01,624.0,23,0.106,2,84,Basic Shield,29,9,0,0,1,0,0
WRK03313,Sholinganallur,12.917517,80.244401,2023-07-01,706.0,27,0.124,3,83,Basic Shield,29,1,0,0,0,0,0
WRK03314,T Nagar,13.052076,80.237175,2024-03-01,541.0,22,0.181,2,82,Basic Shield,29,5,2,0,1,0,0
WRK03315,Chromepet,12.96108,80.154264,2023-07-01,567.0,8,0.342,3,84,Basic Shield,29,8,2,0,1,0,0
WRK03316,Chromepet,12.936601,80.154467,2015-11-01,485.0,22,0.498,5,72,Basic Shield,29,9,4,0,1,1,0
WRK03317,Guindy,13.016693,80.215064,2016-04-01,464.0,14,0.166,2,83,Basic Shield,29,8,3,1,1,1,1
WRK03318,Adyar,12.993477,80.253686,2021-12-01,736.0,16,0.153,2,83,Basic Shield,29,6,2,1,1,0,1
WRK03319,Adyar,13.01829,80.274885,2022-02-01,490.0,20,0.283,0,81,Basic Shield,29,11,1,1,1,0,1
WRK03320,Sholinganallur,12.892938,80.21474,2023-05-01,691.0,18,0.277,3,79,Basic Shield,29,3,0,0,0,0,0
WRK03321,Anna Nagar,13.073851,80.210672,2023-07-01,616.0,23,0.056,4,82,Basic Shield,29,4,0,0,0,0,0
WRK03322,Velachery,12.971544,80.226829,2020-05-01,604.0,21,0.22,1,82,Basic Shield,29,5,1,0,1,0,0
WRK03323,Porur,13.027108,80.159211,2017-06-01,607.0,19,0.287,6,76,Basic Shield,29,7,1,0,1,0,0
WRK03324,Perambur,13.131353,80.2335,2021-05-01,537.0,18,0.125,4,81,Basic Shield,29,8,1,0,1,0,0
WRK03325,Chromepet,12.950634,80.14258,2018-06-01,496.0,20,0.435,3,75,Basic Shield,29,4,1,0,0,0,0
WRK03326,Porur,13.040476,80.14343,2015-10-01,623.0,25,0.278,2,80,Basic Shield,29,6,2,0,1,0,0
WRK03327,Velachery,12.971758,80.221531,2022-06-01,547.0,16,0.255,3,79,Basic Shield,29,10,1,0,1,0,0
WRK03328,Velachery,12.966411,80.209917,2019-10-01,751.0,19,0.388,1,79,Basic Shield,29,6,2,0,1,0,0
WRK03329,Anna Nagar,13.089605,80.192106,2018-03-01,564.0,15,0.77,3,69,Standard Shield,49,2,0,0,0,0,0
WRK03330,Velachery,12.992203,80.20484,2019-08-01,670.0,19,0.049,0,87,Basic Shield,29,7,2,0,1,0,0
WRK03331,Porur,13.041891,80.143092,2022-06-01,585.0,20,0.53,3,74,Basic Shield,29,0,1,0,0,0,0
WRK03332,Velachery,12.984162,80.208045,2018-05-01,618.0,15,0.182,4,80,Basic Shield,29,8,5,0,1,1,0
WRK03333,Tambaram,12.93243,80.108382,2015-03-01,734.0,12,0.377,4,80,Basic Shield,29,6,4,0,1,1,0
WRK03334,Chromepet,12.950403,80.139905,2023-05-01,659.0,15,0.457,3,76,Basic Shield,29,7,3,0,1,1,0
WRK03335,Perambur,13.134201,80.231286,2016-06-01,556.0,26,0.128,3,82,Basic Shield,29,9,3,0,1,1,0
WRK03336,Tambaram,12.937939,80.091963,2016-01-01,711.0,18,0.155,3,82,Basic Shield,29,5,4,0,1,1,0
WRK03337,Perambur,13.136942,80.236547,2020-06-01,660.0,24,0.481,2,76,Basic Shield,29,9,5,0,1,1,0
WRK03338,Chromepet,12.952664,80.159992,2020-05-01,720.0,17,0.109,3,83,Basic Shield,29,2,4,0,0,1,0
WRK03339,T Nagar,13.046721,80.248708,2024-12-01,540.0,17,0.372,2,78,Basic Shield,29,5,0,0,1,0,0
WRK03340,Guindy,13.006581,80.226421,2015-12-01,695.0,13,0.176,1,85,Basic Shield,29,5,1,1,1,0,1
WRK03341,T Nagar,13.032158,80.239481,2017-07-01,728.0,16,0.323,3,79,Basic Shield,29,10,1,0,1,0,0
WRK03342,Adyar,13.007975,80.27533,2023-07-01,601.0,14,0.061,5,82,Basic Shield,29,3,3,1,0,1,1
WRK03343,Anna Nagar,13.09191,80.225772,2023-06-01,629.0,11,0.394,7,77,Basic Shield,29,4,3,0,0,1,0
WRK03344,Tambaram,12.922293,80.116443,2023-08-01,640.0,22,0.194,4,80,Basic Shield,29,4,2,0,0,0,0
WRK03345,Velachery,12.986047,80.207661,2021-01-01,680.0,15,0.258,5,78,Basic Shield,29,5,2,0,1,0,0
WRK03346,Tambaram,12.923467,80.086352,2024-10-01,630.0,18,0.282,2,80,Basic Shield,29,6,4,0,1,1,0
WRK03347,Anna Nagar,13.074278,80.221988,2016-06-01,715.0,15,0.239,0,83,Basic Shield,29,9,2,0,1,0,0
WRK03348,Adyar,13.00707,80.27248,2022-05-01,517.0,15,0.057,0,86,Basic Shield,29,8,1,1,1,0,1
WRK03349,Porur,13.049288,80.155373,2021-12-01,674.0,22,0.21,1,83,Basic Shield,29,4,1,0,0,0,0
WRK03350,Anna Nagar,13.078764,80.212193,2020-12-01,636.0,11,0.462,1,81,Basic Shield,29,7,2,0,1,0,0
WRK03351,Tambaram,12.941429,80.094413,2016-07-01,727.0,18,0.161,4,81,Basic Shield,29,10,2,0,1,0,0
WRK03352,Guindy,13.006805,80.214349,2022-07-01,638.0,20,0.343,3,78,Basic Shield,29,6,1,1,1,0,1
WRK03353,Chromepet,12.951233,80.125414,2019-08-01,620.0,18,0.311,7,74,Basic Shield,29,6,1,0,1,0,0
WRK03354,Porur,13.049815,80.155833,2023-01-01,746.0,17,0.094,5,81,Basic Shield,29,5,1,0,1,0,0
WRK03355,Porur,13.056429,80.176113,2019-09-01,770.0,15,0.459,5,74,Basic Shield,29,7,2,0,1,0,0
WRK03356,Guindy,12.990219,80.23502,2018-03-01,652.0,22,0.158,1,84,Basic Shield,29,4,2,1,0,0,1
WRK03357,Adyar,13.010384,80.270605,2024-04-01,611.0,13,0.399,2,80,Basic Shield,29,5,2,1,1,0,1
WRK03358,Perambur,13.113621,80.226011,2016-12-01,424.0,15,0.166,2,81,Basic Shield,29,8,0,0,1,0,0
WRK03359,Chromepet,12.966731,80.144655,2020-06-01,634.0,20,0.055,2,85,Basic Shield,29,11,0,0,1,0,0
WRK03360,Perambur,13.134252,80.218633,2015-09-01,647.0,26,0.201,4,80,Basic Shield,29,5,2,0,1,0,0
WRK03361,Anna Nagar,13.101409,80.218446,2022-06-01,564.0,11,0.215,4,83,Basic Shield,29,7,3,0,1,1,0
WRK03362,T Nagar,13.043419,80.253171,2024-12-01,590.0,21,0.341,4,77,Basic Shield,29,9,2,0,1,0,0
WRK03363,Porur,13.042222,80.14374,2017-08-01,551.0,17,0.446,4,74,Basic Shield,29,9,0,0,1,0,0
WRK03364,T Nagar,13.047095,80.235342,2017-07-01,719.0,8,0.124,1,92,Basic Shield,29,7,1,0,1,0,0
WRK03365,Porur,13.037162,80.141248,2018-03-01,719.0,19,0.235,3,80,Basic Shield,29,5,2,0,1,0,0
WRK03366,Perambur,13.135394,80.249508,2024-10-01,621.0,20,0.103,0,86,Basic Shield,29,5,1,0,1,0,0
WRK03367,Velachery,12.996528,80.20152,2021-06-01,738.0,27,0.272,4,79,Basic Shield,29,3,3,0,0,1,0
WRK03368,Tambaram,12.936212,80.083879,2022-06-01,540.0,21,0.292,2,79,Basic Shield,29,7,0,0,1,0,0
WRK03369,Tambaram,12.905019,80.088321,2019-02-01,764.0,26,0.521,4,74,Basic Shield,29,10,5,0,1,1,0
WRK03370,Chromepet,12.94242,80.129464,2015-04-01,543.0,18,0.231,3,80,Basic Shield,29,13,0,0,1,0,0
WRK03371,Anna Nagar,13.103122,80.218364,2015-06-01,671.0,22,0.061,1,86,Basic Shield,29,6,1,0,1,0,0
WRK03372,T Nagar,13.053992,80.232316,2015-05-01,334.0,8,0.473,4,80,Basic Shield,29,2,1,0,0,0,0
WRK03373,Velachery,12.967086,80.213067,2015-12-01,409.0,23,0.409,4,74,Basic Shield,29,5,5,0,1,1,0
WRK03374,Guindy,13.014921,80.235697,2021-05-01,642.0,13,0.24,2,83,Basic Shield,29,6,2,1,1,0,1
WRK03375,Perambur,13.10544,80.244588,2023-05-01,592.0,18,0.264,4,78,Basic Shield,29,4,2,0,0,0,0
WRK03376,Adyar,13.021865,80.240462,2018-11-01,734.0,17,0.435,2,77,Basic Shield,29,3,2,1,0,0,1
WRK03377,Anna Nagar,13.091754,80.221858,2018-06-01,546.0,13,0.296,2,81,Basic Shield,29,4,0,0,0,0,0
WRK03378,Velachery,12.969271,80.219619,2022-01-01,467.0,10,0.371,2,82,Basic Shield,29,6,2,0,1,0,0
WRK03379,Velachery,12.966539,80.221837,2017-05-01,502.0,23,0.123,3,82,Basic Shield,29,5,4,0,1,1,0
WRK03380,Tambaram,12.915934,80.085554,2023-10-01,530.0,16,0.36,0,80,Basic Shield,29,9,1,0,1,0,0
WRK03381,Porur,13.031303,80.167682,2024-02-01,616.0,15,0.111,2,83,Basic Shield,29,4,3,0,0,1,0
WRK03382,Anna Nagar,13.092724,80.197156,2024-05-01,515.0,19,0.459,3,75,Basic Shield,29,4,4,0,0,1,0
WRK03383,Anna Nagar,13.106048,80.210762,2018-06-01,823.0,19,0.24,2,82,Basic Shield,29,6,2,0,1,0,0
WRK03384,Adyar,12.992527,80.256363,2015-11-01,754.0,22,0.277,4,79,Basic Shield,29,4,2,1,0,0,1
WRK03385,Adyar,13.018249,80.246177,2022-03-01,497.0,19,0.396,1,78,Basic Shield,29,6,2,1,1,0,1
WRK03386,T Nagar,13.027224,80.218606,2021-03-01,672.0,16,0.186,0,84,Basic Shield,29,9,2,0,1,0,0
WRK03387,Chromepet,12.950456,80.127869,2017-03-01,590.0,12,0.095,2,87,Basic Shield,29,4,6,0,0,1,0
WRK03388,T Nagar,13.041752,80.223917,2024-01-01,548.0,22,0.195,3,80,Basic Shield,29,5,1,0,1,0,0
WRK03389,Perambur,13.134542,80.241164,2021-04-01,646.0,14,0.345,3,79,Basic Shield,29,14,3,0,1,1,0
WRK03390,Anna Nagar,13.078225,80.196044,2024-11-01,616.0,28,0.541,3,74,Basic Shield,29,11,1,0,1,0,0
WRK03391,Porur,13.047643,80.137584,2020-04-01,546.0,18,0.317,3,78,Basic Shield,29,4,3,0,0,1,0
WRK03392,T Nagar,13.022725,80.219255,2024-05-01,676.0,12,0.145,3,85,Basic Shield,29,3,2,0,0,0,0
WRK03393,Adyar,13.021063,80.259553,2022-06-01,578.0,10,0.128,1,89,Basic Shield,29,6,3,1,1,1,1
WRK03394,Tambaram,12.932141,80.103864,2016-07-01,549.0,12,0.196,1,85,Basic Shield,29,8,2,0,1,0,0
WRK03395,Chromepet,12.959547,80.158856,2015-11-01,540.0,22,0.551,5,71,Basic Shield,29,8,1,0,1,0,0
WRK03396,Porur,13.028846,80.150035,2018-02-01,635.0,22,0.534,2,75,Basic Shield,29,3,3,0,0,1,0
WRK03397,Tambaram,12.931365,80.084302,2020-06-01,451.0,22,0.365,1,78,Basic Shield,29,4,2,0,0,0,0
WRK03398,Adyar,12.991216,80.250034,2017-04-01,633.0,17,0.498,4,74,Basic Shield,29,5,2,1,1,0,1
WRK03399,Chromepet,12.96249,80.16217,2023-04-01,675.0,16,0.134,1,84,Basic Shield,29,9,1,0,1,0,0
WRK03400,Guindy,12.990829,80.211173,2017-12-01,749.0,14,0.349,4,78,Basic Shield,29,8,1,1,1,0,1
WRK03401,Perambur,13.114385,80.254524,2022-01-01,539.0,15,0.154,0,84,Basic Shield,29,5,2,0,1,0,0
WRK03402,Guindy,13.022401,80.232348,2016-07-01,552.0,22,0.157,3,81,Basic Shield,29,4,0,1,0,0,1
WRK03403,Guindy,13.012048,80.233842,2017-12-01,840.0,11,0.084,2,89,Basic Shield,29,4,2,1,0,0,1
WRK03404,T Nagar,13.03814,80.244974,2019-03-01,770.0,12,0.341,1,84,Basic Shield,29,4,2,0,0,0,0
WRK03405,T Nagar,13.045508,80.24476,2023-10-01,684.0,20,0.463,2,77,Basic Shield,29,4,3,0,0,1,0
WRK03406,Tambaram,12.931364,80.095577,2021-11-01,749.0,14,0.143,2,84,Basic Shield,29,5,1,0,1,0,0
WRK03407,Porur,13.05631,80.138368,2019-08-01,687.0,19,0.237,5,78,Basic Shield,29,6,3,0,1,1,0
WRK03408,Perambur,13.122692,80.239464,2022-06-01,663.0,16,0.872,6,64,Standard Shield,49,9,1,0,1,0,0
WRK03409,Guindy,12.988609,80.212559,2023-11-01,515.0,16,0.217,2,81,Basic Shield,29,6,2,1,1,0,1
WRK03410,Guindy,12.999448,80.212718,2019-09-01,655.0,14,0.209,7,78,Basic Shield,29,5,4,1,1,1,1
WRK03411,Velachery,12.982642,80.230384,2023-03-01,710.0,17,0.095,4,82,Basic Shield,29,3,3,0,0,1,0
WRK03412,Chromepet,12.939499,80.153675,2015-03-01,519.0,28,0.321,1,80,Basic Shield,29,7,3,0,1,1,0
WRK03413,Sholinganallur,12.886185,80.230428,2020-03-01,573.0,27,0.416,3,76,Basic Shield,29,6,2,0,1,0,0
WRK03414,Porur,13.027694,80.150097,2016-01-01,324.0,32,0.028,2,84,Basic Shield,29,3,4,0,0,1,0
WRK03415,Guindy,13.005816,80.217044,2020-05-01,462.0,18,0.678,2,71,Basic Shield,29,6,1,1,1,0,1
WRK03416,Porur,13.046151,80.143249,2023-01-01,494.0,16,0.079,3,82,Basic Shield,29,9,3,0,1,1,0
WRK03417,Sholinganallur,12.898727,80.227635,2023-10-01,640.0,15,0.214,4,79,Basic Shield,29,4,1,0,0,0,0
WRK03418,Anna Nagar,13.086859,80.206049,2019-02-01,592.0,16,0.21,0,83,Basic Shield,29,6,0,0,1,0,0
WRK03419,Tambaram,12.912546,80.099138,2022-09-01,535.0,24,0.442,5,73,Basic Shield,29,3,3,0,0,1,0
WRK03420,Adyar,13.014809,80.270625,2016-11-01,753.0,12,0.343,3,81,Basic Shield,29,3,2,1,0,0,1
WRK03421,Guindy,12.988348,80.227459,2022-09-01,819.0,23,0.059,5,82,Basic Shield,29,7,2,1,1,0,1
WRK03422,Sholinganallur,12.91058,80.220581,2023-07-01,715.0,19,0.238,1,82,Basic Shield,29,2,2,0,0,0,0
WRK03423,Tambaram,12.941587,80.10826,2020-03-01,443.0,16,0.567,4,71,Basic Shield,29,4,1,0,0,0,0
WRK03424,Sholinganallur,12.916001,80.208093,2019-11-01,700.0,18,0.358,1,80,Basic Shield,29,4,2,0,0,0,0
WRK03425,Adyar,13.019358,80.270802,2020-06-01,690.0,20,0.678,4,70,Basic Shield,29,7,3,1,1,1,1
WRK03426,Anna Nagar,13.085003,80.209217,2020-06-01,591.0,10,0.271,3,84,Basic Shield,29,5,2,0,1,0,0
WRK03427,Chromepet,12.949342,80.160563,2023-09-01,614.0,16,0.56,6,70,Basic Shield,29,6,3,0,1,1,0
WRK03428,Anna Nagar,13.088455,80.229182,2017-04-01,651.0,19,0.211,4,80,Basic Shield,29,10,4,0,1,1,0
WRK03429,Velachery,12.969634,80.208994,2019-09-01,630.0,21,0.435,4,75,Basic Shield,29,3,2,0,0,0,0
WRK03430,Perambur,13.117841,80.241585,2024-09-01,714.0,22,0.552,2,75,Basic Shield,29,5,1,0,1,0,0
WRK03431,Sholinganallur,12.882015,80.222361,2024-05-01,639.0,18,0.601,3,73,Basic Shield,29,10,2,0,1,0,0
WRK03432,Tambaram,12.936386,80.118321,2021-01-01,627.0,20,0.063,9,77,Basic Shield,29,3,0,0,0,0,0
WRK03433,Guindy,12.992465,80.205591,2021-08-01,712.0,24,0.381,2,78,Basic Shield,29,6,2,1,1,0,1
WRK03434,T Nagar,13.022305,80.252036,2024-11-01,646.0,22,0.133,0,85,Basic Shield,29,3,2,0,0,0,0
WRK03435,Chromepet,12.952309,80.131788,2019-12-01,619.0,19,0.299,3,79,Basic Shield,29,3,2,0,0,0,0
WRK03436,Velachery,12.988853,80.212688,2015-07-01,436.0,21,0.477,2,75,Basic Shield,29,9,4,0,1,1,0
WRK03437,Velachery,12.997064,80.237916,2020-01-01,725.0,18,0.124,7,79,Basic Shield,29,2,0,0,0,0,0
WRK03438,Tambaram,12.933779,80.085871,2022-02-01,583.0,24,0.425,2,77,Basic Shield,29,2,2,0,0,0,0
WRK03439,T Nagar,13.02528,80.215345,2019-06-01,599.0,16,0.223,4,79,Basic Shield,29,5,2,0,1,0,0
WRK03440,T Nagar,13.054635,80.224098,2022-05-01,633.0,14,0.161,2,83,Basic Shield,29,10,3,0,1,1,0
WRK03441,Perambur,13.129198,80.230547,2015-06-01,584.0,15,0.484,4,74,Basic Shield,29,11,1,0,1,0,0
WRK03442,Sholinganallur,12.904444,80.221738,2016-11-01,610.0,21,0.567,1,75,Basic Shield,29,4,0,0,0,0,0
WRK03443,Anna Nagar,13.080453,80.208635,2018-04-01,725.0,12,0.069,4,86,Basic Shield,29,3,0,0,0,0,0
WRK03444,Perambur,13.136695,80.235413,2024-09-01,601.0,17,0.66,3,71,Basic Shield,29,5,1,0,1,0,0
WRK03445,Sholinganallur,12.883321,80.232958,2024-01-01,671.0,9,0.306,1,87,Basic Shield,29,4,6,0,0,1,0
WRK03446,T Nagar,13.05229,80.218529,2019-04-01,728.0,11,0.427,2,82,Basic Shield,29,2,2,0,0,0,0
WRK03447,Tambaram,12.927812,80.081827,2018-03-01,614.0,12,0.257,4,81,Basic Shield,29,5,3,0,1,1,0
WRK03448,Anna Nagar,13.107269,80.201596,2015-04-01,701.0,16,0.112,4,82,Basic Shield,29,4,1,0,0,0,0
WRK03449,Anna Nagar,13.070877,80.207744,2023-11-01,565.0,16,0.154,3,81,Basic Shield,29,3,1,0,0,0,0
WRK03450,Chromepet,12.960727,80.135675,2017-07-01,505.0,17,0.363,1,79,Basic Shield,29,7,3,0,1,1,0
WRK03451,Sholinganallur,12.912992,80.238433,2024-07-01,505.0,19,0.203,3,80,Basic Shield,29,3,1,0,0,0,0
WRK03452,Velachery,12.989442,80.222049,2020-08-01,483.0,22,0.189,8,75,Basic Shield,29,7,1,0,1,0,0
WRK03453,Porur,13.04008,80.163386,2023-07-01,477.0,17,0.087,3,82,Basic Shield,29,5,3,0,1,1,0
WRK03454,Adyar,12.997059,80.242721,2017-09-01,602.0,21,0.165,6,78,Basic Shield,29,7,2,1,1,0,1
WRK03455,Sholinganallur,12.890802,80.227587,2015-04-01,417.0,20,0.718,0,72,Basic Shield,29,8,0,0,1,0,0
WRK03456,Tambaram,12.926564,80.100527,2024-02-01,659.0,22,0.635,3,72,Basic Shield,29,3,0,0,0,0,0
WRK03457,Adyar,12.988186,80.267248,2018-05-01,690.0,20,0.524,1,76,Basic Shield,29,6,6,1,1,1,1
WRK03458,Guindy,12.994967,80.237407,2021-08-01,493.0,19,0.534,2,74,Basic Shield,29,5,1,1,1,0,1
WRK03459,Chromepet,12.964985,80.155316,2016-04-01,775.0,18,0.336,2,80,Basic Shield,29,3,4,0,0,1,0
WRK03460,Perambur,13.129823,80.240589,2017-06-01,647.0,20,0.118,0,85,Basic Shield,29,6,1,0,1,0,0
WRK03461,Perambur,13.126886,80.217166,2020-03-01,544.0,17,0.12,2,83,Basic Shield,29,3,3,0,0,1,0
WRK03462,Chromepet,12.933559,80.150026,2022-10-01,756.0,18,0.091,2,84,Basic Shield,29,2,0,0,0,0,0
WRK03463,Adyar,13.017592,80.253703,2023-08-01,700.0,17,0.406,3,77,Basic Shield,29,5,4,1,1,1,1
WRK03464,Chromepet,12.953348,80.126954,2023-04-01,840.0,13,0.135,3,85,Basic Shield,29,7,0,0,1,0,0
WRK03465,Guindy,13.008472,80.232446,2020-09-01,433.0,20,0.512,1,75,Basic Shield,29,6,0,1,1,0,1
WRK03466,Chromepet,12.936446,80.152442,2018-09-01,636.0,15,0.342,2,79,Basic Shield,29,9,3,0,1,1,0
WRK03467,Tambaram,12.932655,80.109618,2022-12-01,563.0,19,0.4,0,79,Basic Shield,29,7,1,0,1,0,0
WRK03468,Velachery,12.995763,80.207337,2024-03-01,486.0,21,0.12,5,80,Basic Shield,29,10,3,0,1,1,0
WRK03469,Porur,13.03054,80.151757,2018-04-01,457.0,15,0.417,5,73,Basic Shield,29,9,6,0,1,1,0
WRK03470,Guindy,13.024181,80.219398,2022-06-01,575.0,16,0.199,2,81,Basic Shield,29,6,1,1,1,0,1
WRK03471,Velachery,12.992293,80.202472,2019-03-01,350.0,17,0.316,6,74,Basic Shield,29,4,3,0,0,1,0
WRK03472,Adyar,13.015218,80.236464,2020-09-01,606.0,22,0.35,4,77,Basic Shield,29,6,1,1,1,0,1
WRK03473,Anna Nagar,13.071473,80.192092,2018-04-01,436.0,15,0.318,4,76,Basic Shield,29,6,4,0,1,1,0
WRK03474,Perambur,13.132176,80.215598,2016-07-01,734.0,18,0.459,4,75,Basic Shield,29,4,1,0,0,0,0
WRK03475,Perambur,13.109655,80.253874,2016-11-01,647.0,17,0.189,4,80,Basic Shield,29,2,1,0,0,0,0
WRK03476,Velachery,12.963986,80.22003,2022-06-01,538.0,24,0.212,3,80,Basic Shield,29,9,0,0,1,0,0
WRK03477,Velachery,12.988576,80.21304,2021-03-01,538.0,22,0.04,2,84,Basic Shield,29,3,1,0,0,0,0
WRK03478,Porur,13.05638,80.170713,2024-09-01,613.0,15,0.489,1,77,Basic Shield,29,7,2,0,1,0,0
WRK03479,Guindy,13.017786,80.217141,2017-09-01,796.0,14,0.384,4,78,Basic Shield,29,6,2,1,1,0,1
WRK03480,T Nagar,13.020525,80.250404,2018-05-01,661.0,15,0.145,6,79,Basic Shield,29,3,2,0,0,0,0
WRK03481,Chromepet,12.935736,80.138668,2024-01-01,685.0,18,0.415,4,76,Basic Shield,29,10,0,0,1,0,0
WRK03482,Sholinganallur,12.891993,80.242182,2015-04-01,560.0,26,0.098,4,81,Basic Shield,29,6,2,0,1,0,0
WRK03483,Tambaram,12.912224,80.105853,2024-09-01,600.0,14,0.582,4,73,Basic Shield,29,5,2,0,1,0,0
WRK03484,T Nagar,13.023379,80.227058,2024-10-01,599.0,15,0.107,2,83,Basic Shield,29,4,2,0,0,0,0
WRK03485,Chromepet,12.951176,80.126926,2020-06-01,682.0,11,0.56,4,77,Basic Shield,29,8,1,0,1,0,0
WRK03486,Sholinganallur,12.902365,80.217227,2018-04-01,459.0,18,0.374,1,78,Basic Shield,29,6,0,0,1,0,0
WRK03487,Sholinganallur,12.888815,80.221867,2021-06-01,580.0,21,0.157,2,82,Basic Shield,29,3,4,0,0,1,0
WRK03488,T Nagar,13.053508,80.221799,2024-10-01,506.0,16,0.317,1,80,Basic Shield,29,5,6,0,1,1,0
WRK03489,Sholinganallur,12.911727,80.247248,2015-08-01,300.0,15,0.229,1,80,Basic Shield,29,9,2,0,1,0,0
WRK03490,Tambaram,12.927962,80.088827,2019-06-01,798.0,15,0.196,4,81,Basic Shield,29,5,0,0,1,0,0
WRK03491,Anna Nagar,13.091792,80.218593,2017-10-01,596.0,17,0.571,2,74,Basic Shield,29,9,1,0,1,0,0
WRK03492,Porur,13.038387,80.173232,2017-04-01,537.0,19,0.544,3,73,Basic Shield,29,6,0,0,1,0,0
WRK03493,Sholinganallur,12.914308,80.231444,2020-05-01,530.0,23,0.394,6,73,Basic Shield,29,7,5,0,1,1,0
WRK03494,Tambaram,12.915974,80.105827,2019-04-01,504.0,16,0.393,3,76,Basic Shield,29,10,3,0,1,1,0
WRK03495,Tambaram,12.910779,80.119931,2024-03-01,671.0,16,0.435,0,79,Basic Shield,29,6,1,0,1,0,0
WRK03496,Velachery,12.96884,80.234058,2021-10-01,709.0,23,0.357,1,80,Basic Shield,29,4,3,0,0,1,0
WRK03497,Guindy,13.023664,80.234875,2023-11-01,497.0,20,0.492,3,74,Basic Shield,29,8,0,1,1,0,1
WRK03498,Adyar,13.022807,80.270049,2023-02-01,755.0,13,0.097,8,80,Basic Shield,29,9,1,1,1,0,1
WRK03499,Tambaram,12.917942,80.108162,2018-12-01,591.0,18,0.109,2,83,Basic Shield,29,2,5,0,0,1,0
WRK03500,Chromepet,12.93778,80.130419,2018-03-01,483.0,20,0.288,1,80,Basic Shield,29,6,1,0,1,0,0
WRK03501,T Nagar,13.021344,80.238235,2021-03-01,400.0,17,0.636,3,71,Basic Shield,29,5,5,0,1,1,0
WRK03502,Anna Nagar,13.104408,80.201714,2020-01-01,416.0,20,0.236,0,82,Basic Shield,29,5,2,0,1,0,0
WRK03503,Sholinganallur,12.913058,80.224598,2024-06-01,679.0,19,0.101,3,83,Basic Shield,29,4,0,0,0,0,0
WRK03504,Chromepet,12.965142,80.154881,2019-08-01,478.0,26,0.136,3,81,Basic Shield,29,7,2,0,1,0,0
WRK03505,Tambaram,12.910291,80.0995,2019-09-01,500.0,20,0.456,5,73,Basic Shield,29,6,3,0,1,1,0
WRK03506,Porur,13.038059,80.174111,2015-02-01,571.0,17,0.291,5,77,Basic Shield,29,3,3,0,0,1,0
WRK03507,Porur,13.04431,80.154931,2024-05-01,568.0,23,0.099,5,80,Basic Shield,29,6,4,0,1,1,0
WRK03508,Porur,13.044979,80.150694,2021-07-01,493.0,22,0.441,5,73,Basic Shield,29,6,3,0,1,1,0
WRK03509,Porur,13.041935,80.174925,2020-10-01,585.0,20,0.091,2,84,Basic Shield,29,7,1,0,1,0,0
WRK03510,Chromepet,12.944496,80.160761,2024-11-01,625.0,16,0.42,1,78,Basic Shield,29,4,3,0,0,1,0
WRK03511,T Nagar,13.033878,80.23765,2019-04-01,558.0,25,0.185,4,80,Basic Shield,29,10,3,0,1,1,0
WRK03512,T Nagar,13.024186,80.238533,2016-11-01,610.0,12,0.386,7,76,Basic Shield,29,9,1,0,1,0,0
WRK03513,Velachery,12.963438,80.231702,2020-05-01,423.0,18,0.54,4,72,Basic Shield,29,5,1,0,1,0,0
WRK03514,Anna Nagar,13.101158,80.202975,2018-03-01,605.0,15,0.225,1,82,Basic Shield,29,11,1,0,1,0,0
WRK03515,T Nagar,13.023248,80.233937,2016-02-01,418.0,25,0.125,5,79,Basic Shield,29,7,2,0,1,0,0
WRK03516,Guindy,13.021787,80.202533,2019-03-01,498.0,17,0.622,2,73,Basic Shield,29,9,3,1,1,1,1
WRK03517,Velachery,12.992298,80.222706,2020-06-01,910.0,25,0.244,4,80,Basic Shield,29,2,2,0,0,0,0
WRK03518,Guindy,13.001664,80.237048,2016-08-01,790.0,14,0.501,2,77,Basic Shield,29,12,0,1,1,0,1
WRK03519,Tambaram,12.907666,80.090949,2021-12-01,626.0,20,0.594,4,72,Basic Shield,29,10,2,0,1,0,0
WRK03520,Velachery,12.968747,80.204258,2020-07-01,760.0,16,0.318,1,81,Basic Shield,29,9,2,0,1,0,0
WRK03521,Porur,13.033692,80.16685,2020-05-01,570.0,16,0.347,5,75,Basic Shield,29,4,0,0,0,0,0
WRK03522,Sholinganallur,12.907151,80.216449,2016-10-01,610.0,17,0.229,4,79,Basic Shield,29,9,1,0,1,0,0
WRK03523,T Nagar,13.02286,80.23162,2019-02-01,637.0,22,0.585,4,72,Basic Shield,29,4,0,0,0,0,0
WRK03524,Perambur,13.127194,80.254195,2020-06-01,564.0,22,0.339,1,80,Basic Shield,29,7,1,0,1,0,0
WRK03525,Adyar,13.022098,80.266603,2020-05-01,624.0,16,0.128,2,83,Basic Shield,29,4,1,1,0,0,1
WRK03526,Sholinganallur,12.913119,80.223104,2016-07-01,591.0,21,0.17,2,82,Basic Shield,29,7,2,0,1,0,0
WRK03527,Perambur,13.111973,80.224022,2022-10-01,402.0,12,0.268,2,82,Basic Shield,29,8,1,0,1,0,0
WRK03528,Perambur,13.109885,80.22111,2021-03-01,608.0,12,0.08,2,87,Basic Shield,29,7,0,0,1,0,0
WRK03529,Velachery,12.975432,80.23427,2016-01-01,494.0,26,0.264,0,82,Basic Shield,29,6,4,0,1,1,0
WRK03530,Anna Nagar,13.103697,80.22046,2022-11-01,548.0,15,0.04,1,85,Basic Shield,29,5,2,0,1,0,0
WRK03531,Guindy,13.007918,80.238065,2016-06-01,559.0,21,0.233,2,81,Basic Shield,29,6,3,1,1,1,1
WRK03532,T Nagar,13.029429,80.253481,2019-06-01,699.0,24,0.304,2,80,Basic Shield,29,6,2,0,1,0,0
WRK03533,T Nagar,13.050319,80.241245,2024-02-01,647.0,21,0.028,5,82,Basic Shield,29,10,1,0,1,0,0
WRK03534,Porur,13.02655,80.169271,2022-01-01,498.0,15,0.03,2,84,Basic Shield,29,9,4,0,1,1,0
WRK03535,Perambur,13.100234,80.248489,2020-08-01,575.0,26,0.37,2,78,Basic Shield,29,10,1,0,1,0,0
WRK03536,Perambur,13.104685,80.233374,2016-07-01,643.0,26,0.339,3,78,Basic Shield,29,4,3,0,0,1,0
WRK03537,Tambaram,12.933081,80.110674,2021-04-01,736.0,16,0.301,2,80,Basic Shield,29,7,1,0,1,0,0
WRK03538,Adyar,13.006213,80.255717,2021-05-01,518.0,15,0.313,2,79,Basic Shield,29,4,0,1,0,0,1
WRK03539,Tambaram,12.921149,80.119845,2019-05-01,856.0,19,0.457,1,79,Basic Shield,29,11,1,0,1,0,0
WRK03540,Guindy,13.02281,80.230547,2024-01-01,756.0,23,0.467,3,76,Basic Shield,29,4,1,1,0,0,1
WRK03541,Anna Nagar,13.08372,80.223753,2020-02-01,387.0,11,0.35,2,81,Basic Shield,29,4,2,0,0,0,0
WRK03542,Velachery,12.99792,80.200279,2018-10-01,576.0,15,0.273,2,80,Basic Shield,29,5,1,0,1,0,0
WRK03543,Porur,13.021865,80.152939,2020-07-01,547.0,12,0.392,1,81,Basic Shield,29,6,2,0,1,0,0
WRK03544,Perambur,13.117941,80.233453,2019-05-01,464.0,21,0.103,8,77,Basic Shield,29,5,3,0,1,1,0
WRK03545,Adyar,12.99974,80.243597,2024-12-01,517.0,11,0.342,3,81,Basic Shield,29,6,1,1,1,0,1
WRK03546,T Nagar,13.024368,80.234895,2016-09-01,814.0,18,0.153,3,83,Basic Shield,29,6,2,0,1,0,0
WRK03547,Porur,13.039671,80.153651,2021-05-01,652.0,18,0.267,1,81,Basic Shield,29,14,1,0,1,0,0
WRK03548,T Nagar,13.023532,80.217712,2019-02-01,690.0,21,0.032,3,84,Basic Shield,29,6,2,0,1,0,0
WRK03549,T Nagar,13.036311,80.240557,2020-07-01,603.0,12,0.658,4,73,Basic Shield,29,6,0,0,1,0,0
WRK03550,Porur,13.050707,80.15432,2016-09-01,653.0,19,0.365,3,77,Basic Shield,29,4,2,0,0,0,0
WRK03551,Tambaram,12.908214,80.095021,2021-11-01,743.0,11,0.333,3,83,Basic Shield,29,7,1,0,1,0,0
WRK03552,Perambur,13.117646,80.231173,2018-02-01,628.0,19,0.196,4,80,Basic Shield,29,3,1,0,0,0,0
WRK03553,Velachery,12.997176,80.216765,2021-02-01,830.0,20,0.096,5,82,Basic Shield,29,1,2,0,0,0,0
WRK03554,Sholinganallur,12.885988,80.241257,2015-01-01,571.0,21,0.241,2,81,Basic Shield,29,11,3,0,1,1,0
WRK03555,Adyar,13.019254,80.246494,2023-06-01,782.0,17,0.29,0,83,Basic Shield,29,5,0,1,1,0,1
WRK03556,T Nagar,13.019044,80.226662,2015-03-01,406.0,21,0.138,2,82,Basic Shield,29,5,0,0,1,0,0
WRK03557,T Nagar,13.022455,80.229793,2017-03-01,735.0,18,0.154,3,82,Basic Shield,29,2,2,0,0,0,0
WRK03558,Guindy,13.008623,80.225035,2016-12-01,707.0,16,0.088,6,80,Basic Shield,29,10,1,1,1,0,1
WRK03559,Guindy,12.991303,80.226068,2017-07-01,539.0,23,0.096,3,82,Basic Shield,29,7,2,1,1,0,1
WRK03560,Velachery,12.998955,80.226907,2021-09-01,588.0,24,0.277,3,79,Basic Shield,29,8,5,0,1,1,0
WRK03561,Chromepet,12.9522,80.136472,2023-03-01,477.0,13,0.11,5,82,Basic Shield,29,3,3,0,0,1,0
WRK03562,Chromepet,12.970174,80.136127,2020-08-01,664.0,19,0.255,3,80,Basic Shield,29,6,1,0,1,0,0
WRK03563,Guindy,13.021919,80.216441,2018-01-01,534.0,30,0.494,3,74,Basic Shield,29,0,4,1,0,1,1
WRK03564,Guindy,13.004016,80.206809,2015-04-01,531.0,18,0.248,2,80,Basic Shield,29,1,3,1,0,1,1
WRK03565,Anna Nagar,13.10784,80.204685,2021-01-01,639.0,16,0.428,4,75,Basic Shield,29,4,0,0,0,0,0
WRK03566,Tambaram,12.931153,80.101989,2018-10-01,481.0,23,0.299,7,74,Basic Shield,29,3,0,0,0,0,0
WRK03567,T Nagar,13.042794,80.248089,2020-05-01,429.0,21,0.117,3,81,Basic Shield,29,8,6,0,1,1,0
WRK03568,T Nagar,13.053505,80.216083,2020-11-01,703.0,12,0.512,3,78,Basic Shield,29,4,1,0,0,0,0
WRK03569,T Nagar,13.053004,80.228167,2016-12-01,521.0,25,0.112,5,80,Basic Shield,29,3,1,0,0,0,0
WRK03570,Guindy,13.005934,80.239513,2015-08-01,624.0,18,0.435,4,75,Basic Shield,29,5,2,1,1,0,1
WRK03571,Tambaram,12.915845,80.11902,2020-07-01,657.0,18,0.136,2,83,Basic Shield,29,5,2,0,1,0,0
WRK03572,Perambur,13.102441,80.241908,2020-04-01,579.0,16,0.439,1,78,Basic Shield,29,2,2,0,0,0,0
WRK03573,Sholinganallur,12.890177,80.23156,2021-06-01,622.0,19,0.143,5,80,Basic Shield,29,8,6,0,1,1,0
WRK03574,Chromepet,12.946344,80.127188,2015-07-01,619.0,18,0.089,1,85,Basic Shield,29,4,0,0,0,0,0
WRK03575,Velachery,12.99381,80.202486,2023-12-01,615.0,19,0.2,4,80,Basic Shield,29,4,2,0,0,0,0
WRK03576,Tambaram,12.908163,80.108117,2022-03-01,545.0,14,0.475,4,75,Basic Shield,29,9,3,0,1,1,0
WRK03577,Guindy,13.001534,80.216849,2023-08-01,630.0,17,0.405,3,77,Basic Shield,29,7,3,1,1,1,1
WRK03578,Guindy,13.003391,80.237912,2024-02-01,659.0,12,0.383,3,80,Basic Shield,29,8,0,1,1,0,1
WRK03579,Velachery,12.966077,80.221326,2016-02-01,668.0,14,0.322,2,80,Basic Shield,29,4,3,0,0,1,0
WRK03580,Velachery,12.996234,80.201135,2018-05-01,571.0,11,0.09,3,87,Basic Shield,29,8,1,0,1,0,0
WRK03581,T Nagar,13.042192,80.218113,2015-10-01,374.0,18,0.569,3,72,Basic Shield,29,5,1,0,1,0,0
WRK03582,Sholinganallur,12.88157,80.230592,2018-11-01,769.0,16,0.478,3,76,Basic Shield,29,8,3,0,1,1,0
WRK03583,T Nagar,13.043418,80.252635,2017-08-01,812.0,18,0.295,4,79,Basic Shield,29,8,0,0,1,0,0
WRK03584,T Nagar,13.031917,80.252137,2021-07-01,601.0,23,0.199,1,83,Basic Shield,29,6,1,0,1,0,0
WRK03585,Tambaram,12.937634,80.109144,2016-05-01,431.0,25,0.2,3,80,Basic Shield,29,6,1,0,1,0,0
WRK03586,Perambur,13.127373,80.228688,2018-03-01,830.0,17,0.053,6,82,Basic Shield,29,6,2,0,1,0,0
WRK03587,Guindy,13.012671,80.239655,2015-03-01,547.0,20,0.374,3,77,Basic Shield,29,3,1,1,0,0,1
WRK03588,Chromepet,12.939914,80.158578,2015-05-01,857.0,18,0.469,6,73,Basic Shield,29,8,1,0,1,0,0
WRK03589,Anna Nagar,13.095544,80.21857,2024-08-01,618.0,16,0.331,3,78,Basic Shield,29,1,2,0,0,0,0
WRK03590,Velachery,12.983947,80.233622,2018-05-01,658.0,19,0.26,3,80,Basic Shield,29,4,0,0,0,0,0
WRK03591,Velachery,12.969892,80.200793,2016-02-01,753.0,21,0.502,5,73,Basic Shield,29,7,4,0,1,1,0
WRK03592,Sholinganallur,12.916255,80.221346,2019-07-01,594.0,16,0.319,3,78,Basic Shield,29,4,5,0,0,1,0
WRK03593,Sholinganallur,12.908665,80.208381,2020-03-01,352.0,20,0.322,1,79,Basic Shield,29,6,1,0,1,0,0
WRK03594,Anna Nagar,13.101349,80.212659,2023-12-01,687.0,15,0.341,4,77,Basic Shield,29,3,3,0,0,1,0
WRK03595,T Nagar,13.025898,80.247211,2017-03-01,704.0,18,0.226,2,82,Basic Shield,29,3,1,0,0,0,0
WRK03596,Porur,13.027873,80.155307,2017-09-01,772.0,14,0.427,4,77,Basic Shield,29,7,2,0,1,0,0
WRK03597,Perambur,13.136728,80.241563,2018-11-01,467.0,15,0.628,3,71,Basic Shield,29,10,2,0,1,0,0
WRK03598,Sholinganallur,12.893228,80.218913,2019-08-01,420.0,26,0.267,2,79,Basic Shield,29,3,1,0,0,0,0
WRK03599,Guindy,13.018704,80.204115,2018-02-01,730.0,20,0.288,4,78,Basic Shield,29,12,2,1,1,0,1
WRK03600,Perambur,13.101619,80.252031,2023-09-01,731.0,14,0.157,3,83,Basic Shield,29,8,0,0,1,0,0
WRK03601,Tambaram,12.934623,80.095553,2020-11-01,731.0,26,0.254,1,82,Basic Shield,29,4,3,0,0,1,0
WRK03602,Chromepet,12.947957,80.137049,2023-09-01,603.0,24,0.355,2,78,Basic Shield,29,6,1,0,1,0,0
WRK03603,Porur,13.036142,80.137881,2020-03-01,513.0,22,0.553,5,71,Basic Shield,29,12,2,0,1,0,0
WRK03604,Chromepet,12.953267,80.159937,2021-09-01,470.0,15,0.222,3,79,Basic Shield,29,5,1,0,1,0,0
WRK03605,Chromepet,12.9617,80.13772,2021-08-01,709.0,20,0.539,1,76,Basic Shield,29,6,3,0,1,1,0
WRK03606,Adyar,12.988874,80.24283,2016-09-01,596.0,23,0.707,2,71,Basic Shield,29,6,2,1,1,0,1
WRK03607,Anna Nagar,13.074648,80.225549,2024-12-01,691.0,23,0.159,3,82,Basic Shield,29,11,2,0,1,0,0
WRK03608,Guindy,12.994082,80.225986,2021-09-01,523.0,15,0.409,4,75,Basic Shield,29,8,4,1,1,1,1
WRK03609,Chromepet,12.948173,80.155337,2019-04-01,539.0,10,0.223,5,83,Basic Shield,29,6,3,0,1,1,0
WRK03610,T Nagar,13.02412,80.227328,2023-02-01,658.0,19,0.26,1,82,Basic Shield,29,6,3,0,1,1,0
WRK03611,Porur,13.043769,80.150661,2015-06-01,399.0,19,0.38,3,76,Basic Shield,29,8,3,0,1,1,0
WRK03612,Anna Nagar,13.081969,80.200927,2024-03-01,701.0,14,0.579,2,75,Basic Shield,29,4,1,0,0,0,0
WRK03613,T Nagar,13.041415,80.251008,2024-03-01,575.0,18,0.32,2,79,Basic Shield,29,4,1,0,0,0,0
WRK03614,Guindy,13.010386,80.213194,2015-02-01,677.0,21,0.655,3,72,Basic Shield,29,6,1,1,1,0,1
WRK03615,Perambur,13.098005,80.222434,2021-01-01,653.0,18,0.097,2,84,Basic Shield,29,6,2,0,1,0,0
WRK03616,Chromepet,12.963536,80.146629,2023-09-01,548.0,17,0.392,1,78,Basic Shield,29,6,4,0,1,1,0
WRK03617,Adyar,12.988171,80.24579,2015-04-01,713.0,11,0.248,2,85,Basic Shield,29,5,1,1,1,0,1
WRK03618,Sholinganallur,12.896326,80.229733,2024-02-01,893.0,24,0.474,1,78,Basic Shield,29,4,2,0,0,0,0
WRK03619,Adyar,13.021561,80.249546,2017-05-01,470.0,17,0.06,7,79,Basic Shield,29,6,0,1,1,0,1
WRK03620,Tambaram,12.941667,80.080528,2016-01-01,623.0,14,0.243,3,81,Basic Shield,29,6,0,0,1,0,0
WRK03621,Chromepet,12.966324,80.128734,2024-11-01,577.0,12,0.316,1,83,Basic Shield,29,9,4,0,1,1,0
WRK03622,Porur,13.043011,80.163266,2022-05-01,674.0,30,0.224,2,81,Basic Shield,29,8,3,0,1,1,0
WRK03623,Tambaram,12.905078,80.111545,2024-07-01,600.0,19,0.224,3,80,Basic Shield,29,11,1,0,1,0,0
WRK03624,Tambaram,12.910278,80.112974,2022-12-01,506.0,25,0.102,1,84,Basic Shield,29,4,3,0,0,1,0
WRK03625,Anna Nagar,13.072779,80.220356,2020-10-01,756.0,18,0.198,4,80,Basic Shield,29,7,2,0,1,0,0
WRK03626,Chromepet,12.946943,80.156239,2018-03-01,712.0,15,0.347,2,79,Basic Shield,29,4,1,0,0,0,0
WRK03627,T Nagar,13.024849,80.216247,2020-12-01,519.0,17,0.093,2,83,Basic Shield,29,5,3,0,1,1,0
WRK03628,Sholinganallur,12.896334,80.222749,2022-05-01,691.0,22,0.221,3,81,Basic Shield,29,12,3,0,1,1,0
WRK03629,Anna Nagar,13.108566,80.206704,2018-11-01,507.0,19,0.096,5,80,Basic Shield,29,9,1,0,1,0,0
WRK03630,Guindy,13.015872,80.212318,2023-08-01,420.0,12,0.278,3,81,Basic Shield,29,1,4,1,0,1,1
WRK03631,Perambur,13.137559,80.233221,2016-11-01,555.0,16,0.359,2,78,Basic Shield,29,10,1,0,1,0,0
WRK03632,Adyar,12.998358,80.274486,2023-01-01,801.0,8,0.272,2,88,Basic Shield,29,4,3,1,0,1,1
WRK03633,Chromepet,12.967819,80.141952,2020-04-01,689.0,17,0.078,2,84,Basic Shield,29,7,2,0,1,0,0
WRK03634,Chromepet,12.956114,80.143132,2020-11-01,445.0,19,0.354,4,76,Basic Shield,29,6,1,0,1,0,0
WRK03635,Tambaram,12.9433,80.102674,2024-08-01,631.0,21,0.544,1,76,Basic Shield,29,7,5,0,1,1,0
WRK03636,Guindy,13.021367,80.210764,2016-02-01,595.0,14,0.503,1,77,Basic Shield,29,8,4,1,1,1,1
WRK03637,Anna Nagar,13.09945,80.197176,2016-02-01,603.0,14,0.331,6,76,Basic Shield,29,6,3,0,1,1,0
WRK03638,Adyar,13.019753,80.273461,2017-03-01,678.0,19,0.319,5,77,Basic Shield,29,5,2,1,1,0,1
WRK03639,Porur,13.037597,80.174466,2019-10-01,641.0,19,0.207,4,80,Basic Shield,29,11,3,0,1,1,0
WRK03640,Porur,13.02148,80.146232,2015-08-01,786.0,25,0.102,2,84,Basic Shield,29,5,0,0,1,0,0
WRK03641,Velachery,12.989804,80.225782,2017-08-01,546.0,20,0.367,4,76,Basic Shield,29,11,4,0,1,1,0
WRK03642,T Nagar,13.035049,80.245051,2020-08-01,631.0,18,0.224,6,77,Basic Shield,29,5,0,0,1,0,0
WRK03643,Tambaram,12.91815,80.096294,2015-06-01,531.0,18,0.46,2,76,Basic Shield,29,6,1,0,1,0,0
WRK03644,T Nagar,13.044643,80.252276,2016-05-01,665.0,16,0.125,4,81,Basic Shield,29,9,3,0,1,1,0
WRK03645,Anna Nagar,13.090115,80.219757,2017-02-01,361.0,21,0.255,2,79,Basic Shield,29,8,1,0,1,0,0
WRK03646,Velachery,12.984785,80.206731,2018-07-01,675.0,16,0.246,4,79,Basic Shield,29,10,1,0,1,0,0
WRK03647,Sholinganallur,12.915408,80.225213,2018-07-01,624.0,22,0.152,0,85,Basic Shield,29,7,2,0,1,0,0
WRK03648,Guindy,12.995717,80.23758,2018-05-01,722.0,19,0.508,1,77,Basic Shield,29,6,1,1,1,0,1
WRK03649,Sholinganallur,12.90296,80.221049,2023-04-01,471.0,22,0.396,3,76,Basic Shield,29,8,2,0,1,0,0
WRK03650,Guindy,13.015799,80.23494,2020-12-01,433.0,17,0.33,1,79,Basic Shield,29,8,3,1,1,1,1
WRK03651,Guindy,13.000213,80.239319,2019-07-01,515.0,15,0.435,6,72,Basic Shield,29,7,0,1,1,0,1
WRK03652,Adyar,13.0233,80.239947,2023-04-01,628.0,13,0.446,4,77,Basic Shield,29,8,5,1,1,1,1
WRK03653,Sholinganallur,12.885568,80.212214,2022-02-01,504.0,14,0.185,1,83,Basic Shield,29,2,1,0,0,0,0
WRK03654,Tambaram,12.91463,80.108103,2015-02-01,634.0,16,0.201,0,84,Basic Shield,29,7,4,0,1,1,0
WRK03655,Chromepet,12.963779,80.139036,2015-02-01,823.0,19,0.654,1,75,Basic Shield,29,7,1,0,1,0,0
WRK03656,Anna Nagar,13.096513,80.204096,2021-12-01,500.0,9,0.256,3,85,Basic Shield,29,9,0,0,1,0,0
WRK03657,Anna Nagar,13.088108,80.190902,2017-08-01,626.0,20,0.109,0,85,Basic Shield,29,8,1,0,1,0,0
WRK03658,Porur,13.036802,80.152712,2020-10-01,611.0,21,0.606,3,72,Basic Shield,29,3,5,0,0,1,0
WRK03659,Adyar,12.995435,80.268714,2018-02-01,654.0,14,0.279,4,79,Basic Shield,29,6,1,1,1,0,1
WRK03660,Guindy,13.006764,80.213437,2016-04-01,845.0,15,0.144,1,85,Basic Shield,29,4,2,1,0,0,1
WRK03661,Sholinganallur,12.898678,80.229654,2022-06-01,771.0,15,0.168,4,81,Basic Shield,29,4,3,0,0,1,0
WRK03662,Velachery,12.979781,80.216883,2017-07-01,427.0,24,0.205,5,78,Basic Shield,29,6,2,0,1,0,0
WRK03663,Velachery,12.980433,80.203338,2021-06-01,664.0,21,0.104,2,84,Basic Shield,29,2,2,0,0,0,0
WRK03664,Perambur,13.130632,80.221515,2017-01-01,652.0,20,0.268,6,76,Basic Shield,29,9,1,0,1,0,0
WRK03665,Sholinganallur,12.920514,80.222336,2017-09-01,469.0,20,0.086,3,82,Basic Shield,29,6,1,0,1,0,0
WRK03666,Anna Nagar,13.073838,80.192328,2024-09-01,686.0,21,0.048,3,84,Basic Shield,29,6,3,0,1,1,0
WRK03667,Porur,13.026341,80.166835,2020-05-01,820.0,23,0.342,1,81,Basic Shield,29,4,2,0,0,0,0
WRK03668,Chromepet,12.955509,80.146593,2016-11-01,818.0,20,0.204,2,83,Basic Shield,29,6,1,0,1,0,0
WRK03669,T Nagar,13.043223,80.244556,2019-04-01,671.0,21,0.276,2,80,Basic Shield,29,3,2,0,0,0,0
WRK03670,Sholinganallur,12.909697,80.231797,2016-01-01,535.0,16,0.255,4,78,Basic Shield,29,6,0,0,1,0,0
WRK03671,Porur,13.043963,80.16001,2016-12-01,536.0,21,0.233,1,82,Basic Shield,29,12,1,0,1,0,0
WRK03672,Chromepet,12.970372,80.127427,2015-06-01,636.0,22,0.181,2,82,Basic Shield,29,6,0,0,1,0,0
WRK03673,Porur,13.018541,80.157399,2021-04-01,498.0,16,0.216,2,81,Basic Shield,29,7,2,0,1,0,0
WRK03674,Adyar,12.999994,80.239897,2019-01-01,568.0,18,0.192,3,81,Basic Shield,29,5,1,1,1,0,1
WRK03675,Adyar,12.991792,80.274193,2021-07-01,551.0,22,0.149,6,78,Basic Shield,29,5,1,1,1,0,1
WRK03676,Adyar,13.02008,80.238564,2019-06-01,584.0,15,0.328,1,80,Basic Shield,29,7,3,1,1,1,1
WRK03677,Guindy,12.987068,80.239445,2017-05-01,635.0,10,0.157,3,87,Basic Shield,29,5,2,1,1,0,1
WRK03678,Sholinganallur,12.919206,80.239058,2021-09-01,405.0,19,0.517,3,73,Basic Shield,29,7,0,0,1,0,0
WRK03679,Anna Nagar,13.088974,80.229529,2019-08-01,636.0,20,0.064,4,82,Basic Shield,29,6,1,0,1,0,0
WRK03680,Tambaram,12.906601,80.101601,2022-04-01,579.0,20,0.53,2,75,Basic Shield,29,8,3,0,1,1,0
WRK03681,T Nagar,13.044118,80.242594,2015-06-01,691.0,16,0.25,3,80,Basic Shield,29,8,4,0,1,1,0
WRK03682,Sholinganallur,12.913974,80.242795,2022-03-01,300.0,20,0.193,3,79,Basic Shield,29,2,1,0,0,0,0
WRK03683,Porur,13.043749,80.176196,2020-01-01,759.0,19,0.161,4,81,Basic Shield,29,3,5,0,0,1,0
WRK03684,Tambaram,12.916567,80.099983,2019-05-01,612.0,15,0.136,1,84,Basic Shield,29,3,2,0,0,0,0
WRK03685,Perambur,13.120742,80.218089,2016-11-01,653.0,23,0.486,2,76,Basic Shield,29,5,2,0,1,0,0
WRK03686,Guindy,12.996065,80.201271,2018-01-01,674.0,18,0.661,2,73,Basic Shield,29,4,0,1,0,0,1
WRK03687,Velachery,12.981643,80.219217,2024-12-01,660.0,15,0.219,6,77,Basic Shield,29,5,1,0,1,0,0
WRK03688,Sholinganallur,12.902354,80.239434,2019-09-01,632.0,22,0.146,3,82,Basic Shield,29,6,4,0,1,1,0
WRK03689,Tambaram,12.92762,80.100491,2021-10-01,611.0,16,0.308,2,79,Basic Shield,29,5,5,0,1,1,0
WRK03690,Tambaram,12.9078,80.085547,2015-11-01,755.0,22,0.112,2,84,Basic Shield,29,5,3,0,1,1,0
WRK03691,Adyar,13.016572,80.243,2022-07-01,685.0,20,0.212,1,83,Basic Shield,29,5,4,1,1,1,1
WRK03692,Adyar,13.010597,80.24931,2023-01-01,577.0,15,0.096,5,80,Basic Shield,29,8,2,1,1,0,1
WRK03693,Sholinganallur,12.913671,80.225577,2017-04-01,637.0,18,0.145,3,82,Basic Shield,29,7,2,0,1,0,0
WRK03694,Guindy,13.017765,80.200604,2018-10-01,541.0,11,0.048,2,88,Basic Shield,29,6,0,1,1,0,1
WRK03695,T Nagar,13.055021,80.238629,2024-12-01,510.0,19,0.377,2,78,Basic Shield,29,3,1,0,0,0,0
WRK03696,Perambur,13.117299,80.226525,2024-08-01,604.0,12,0.358,3,80,Basic Shield,29,12,2,0,1,0,0
WRK03697,Tambaram,12.940435,80.087899,2023-11-01,649.0,12,0.44,2,80,Basic Shield,29,10,1,0,1,0,0
WRK03698,Adyar,13.017457,80.239986,2015-07-01,714.0,11,0.542,3,78,Basic Shield,29,5,5,1,1,1,1
WRK03699,Sholinganallur,12.885486,80.221988,2015-06-01,830.0,24,0.481,3,76,Basic Shield,29,7,2,0,1,0,0
WRK03700,Porur,13.044094,80.164277,2018-01-01,436.0,17,0.237,3,79,Basic Shield,29,7,2,0,1,0,0
WRK03701,Anna Nagar,13.099618,80.201783,2015-08-01,621.0,20,0.312,8,73,Basic Shield,29,10,0,0,1,0,0
WRK03702,Guindy,13.003699,80.227159,2016-02-01,608.0,21,0.29,4,78,Basic Shield,29,2,0,1,0,0,1
WRK03703,Sholinganallur,12.920605,80.232921,2016-05-01,577.0,27,0.395,2,77,Basic Shield,29,7,3,0,1,1,0
WRK03704,Anna Nagar,13.082154,80.20362,2018-05-01,593.0,15,0.445,1,78,Basic Shield,29,6,3,0,1,1,0
WRK03705,Tambaram,12.913395,80.117905,2015-03-01,586.0,17,0.359,5,75,Basic Shield,29,5,1,0,1,0,0
WRK03706,Porur,13.040113,80.149451,2022-11-01,511.0,19,0.389,5,74,Basic Shield,29,3,3,0,0,1,0
WRK03707,Adyar,13.006757,80.253403,2022-05-01,678.0,12,0.31,2,83,Basic Shield,29,6,0,1,1,0,1
WRK03708,Velachery,13.000195,80.222365,2017-12-01,701.0,22,0.329,5,76,Basic Shield,29,7,5,0,1,1,0
WRK03709,Porur,13.035394,80.168364,2023-08-01,583.0,18,0.213,2,81,Basic Shield,29,9,4,0,1,1,0
WRK03710,Sholinganallur,12.89036,80.228595,2015-03-01,610.0,12,0.526,3,77,Basic Shield,29,3,2,0,0,0,0
WRK03711,Sholinganallur,12.893487,80.21378,2018-12-01,612.0,16,0.412,2,77,Basic Shield,29,12,3,0,1,1,0
WRK03712,Guindy,13.026026,80.234671,2018-05-01,561.0,18,0.236,3,80,Basic Shield,29,7,1,1,1,0,1
WRK03713,Anna Nagar,13.098289,80.206764,2020-08-01,751.0,12,0.254,3,83,Basic Shield,29,4,3,0,0,1,0
WRK03714,Adyar,12.996169,80.245825,2023-11-01,684.0,12,0.248,0,86,Basic Shield,29,8,1,1,1,0,1
WRK03715,Chromepet,12.956348,80.12899,2020-07-01,700.0,19,0.106,2,84,Basic Shield,29,11,1,0,1,0,0
WRK03716,Perambur,13.118144,80.218902,2022-10-01,659.0,19,0.336,2,79,Basic Shield,29,6,0,0,1,0,0
WRK03717,Porur,13.048292,80.148829,2018-08-01,620.0,14,0.411,5,75,Basic Shield,29,4,1,0,0,0,0
WRK03718,Chromepet,12.971461,80.129583,2017-07-01,881.0,18,0.185,2,83,Basic Shield,29,6,2,0,1,0,0
WRK03719,Adyar,13.000408,80.238808,2022-01-01,577.0,17,0.153,4,80,Basic Shield,29,7,0,1,1,0,1
WRK03720,Chromepet,12.941034,80.161046,2015-09-01,867.0,20,0.135,3,83,Basic Shield,29,4,3,0,0,1,0
WRK03721,Porur,13.05166,80.140382,2023-05-01,648.0,21,0.235,3,80,Basic Shield,29,1,4,0,0,1,0
WRK03722,Perambur,13.104328,80.22774,2019-08-01,507.0,16,0.404,4,75,Basic Shield,29,10,2,0,1,0,0
WRK03723,Tambaram,12.936193,80.089175,2023-08-01,641.0,23,0.131,2,83,Basic Shield,29,8,4,0,1,1,0
WRK03724,Adyar,12.987544,80.265904,2019-04-01,807.0,21,0.182,1,84,Basic Shield,29,8,1,1,1,0,1
WRK03725,Porur,13.052833,80.161055,2022-09-01,340.0,19,0.125,1,83,Basic Shield,29,5,1,0,1,0,0
WRK03726,Velachery,12.971168,80.228079,2015-07-01,607.0,19,0.441,3,76,Basic Shield,29,7,2,0,1,0,0
WRK03727,Sholinganallur,12.917677,80.234209,2015-11-01,546.0,15,0.154,4,80,Basic Shield,29,10,1,0,1,0,0
WRK03728,Sholinganallur,12.908551,80.238803,2019-11-01,696.0,21,0.217,4,80,Basic Shield,29,6,1,0,1,0,0
WRK03729,Anna Nagar,13.085201,80.198682,2015-08-01,586.0,11,0.685,1,77,Basic Shield,29,7,1,0,1,0,0
WRK03730,Perambur,13.134422,80.215141,2017-05-01,405.0,14,0.025,2,85,Basic Shield,29,1,0,0,0,0,0
WRK03731,Velachery,12.982275,80.227739,2021-03-01,346.0,13,0.329,2,80,Basic Shield,29,5,1,0,1,0,0
WRK03732,Porur,13.045368,80.153757,2022-01-01,562.0,16,0.338,3,78,Basic Shield,29,6,0,0,1,0,0
WRK03733,Perambur,13.114843,80.216285,2019-10-01,557.0,21,0.283,1,81,Basic Shield,29,4,3,0,0,1,0
WRK03734,Chromepet,12.95256,80.141949,2017-01-01,603.0,18,0.349,4,77,Basic Shield,29,3,1,0,0,0,0
WRK03735,Guindy,13.020234,80.220748,2024-11-01,533.0,17,0.079,2,84,Basic Shield,29,4,2,1,0,0,1
WRK03736,Perambur,13.107153,80.233626,2017-03-01,707.0,12,0.248,4,82,Basic Shield,29,5,5,0,1,1,0
WRK03737,Adyar,13.018513,80.254165,2015-06-01,478.0,17,0.284,4,77,Basic Shield,29,6,3,1,1,1,1
WRK03738,Porur,13.047884,80.173308,2021-04-01,300.0,24,0.152,5,78,Basic Shield,29,7,1,0,1,0,0
WRK03739,Guindy,13.021235,80.217691,2022-12-01,654.0,12,0.411,4,79,Basic Shield,29,12,3,1,1,1,1
WRK03740,Adyar,12.989775,80.241498,2022-12-01,910.0,26,0.726,3,72,Basic Shield,29,6,4,1,1,1,1
WRK03741,Porur,13.019753,80.141636,2018-02-01,752.0,17,0.116,4,82,Basic Shield,29,5,5,0,1,1,0
WRK03742,Anna Nagar,13.080314,80.206213,2019-11-01,448.0,12,0.19,4,82,Basic Shield,29,3,0,0,0,0,0
WRK03743,Perambur,13.119888,80.230786,2022-08-01,790.0,17,0.164,4,81,Basic Shield,29,8,2,0,1,0,0
WRK03744,Perambur,13.118826,80.239952,2023-05-01,577.0,10,0.373,3,82,Basic Shield,29,2,0,0,0,0,0
WRK03745,Perambur,13.10311,80.243799,2020-10-01,651.0,24,0.376,6,74,Basic Shield,29,7,4,0,1,1,0
WRK03746,Anna Nagar,13.100358,80.225851,2023-02-01,587.0,22,0.07,6,80,Basic Shield,29,6,2,0,1,0,0
WRK03747,Sholinganallur,12.902476,80.242535,2023-11-01,617.0,26,0.399,1,79,Basic Shield,29,3,1,0,0,0,0
WRK03748,Tambaram,12.933026,80.080749,2016-01-01,579.0,21,0.315,2,79,Basic Shield,29,8,4,0,1,1,0
WRK03749,T Nagar,13.046859,80.230552,2015-11-01,603.0,15,0.139,2,83,Basic Shield,29,10,3,0,1,1,0
WRK03750,Perambur,13.129816,80.244135,2015-07-01,580.0,15,0.033,1,86,Basic Shield,29,9,4,0,1,1,0
WRK03751,Velachery,12.970759,80.210593,2015-07-01,707.0,21,0.352,4,77,Basic Shield,29,2,0,0,0,0,0
WRK03752,Porur,13.043488,80.163322,2017-09-01,526.0,23,0.114,2,83,Basic Shield,29,9,2,0,1,0,0
WRK03753,Velachery,12.987221,80.209301,2023-12-01,662.0,14,0.244,2,82,Basic Shield,29,5,3,0,1,1,0
WRK03754,Adyar,13.004634,80.267802,2020-12-01,425.0,18,0.376,0,79,Basic Shield,29,2,2,1,0,0,1
WRK03755,Anna Nagar,13.08623,80.192029,2018-09-01,603.0,23,0.561,4,72,Basic Shield,29,4,3,0,0,1,0
WRK03756,Guindy,13.020816,80.224774,2021-05-01,454.0,28,0.128,2,82,Basic Shield,29,7,1,1,1,0,1
WRK03757,Anna Nagar,13.074096,80.227579,2016-12-01,705.0,24,0.475,1,78,Basic Shield,29,4,2,0,0,0,0
WRK03758,Chromepet,12.946127,80.14301,2019-10-01,693.0,23,0.485,3,75,Basic Shield,29,2,4,0,0,1,0
WRK03759,Adyar,13.008299,80.268892,2020-12-01,633.0,16,0.404,3,77,Basic Shield,29,9,1,1,1,0,1
WRK03760,Guindy,13.024582,80.216827,2019-03-01,598.0,23,0.076,3,83,Basic Shield,29,3,1,1,0,0,1
WRK03761,Sholinganallur,12.908641,80.217068,2017-03-01,610.0,15,0.189,2,82,Basic Shield,29,5,2,0,1,0,0
WRK03762,Perambur,13.135092,80.237413,2016-10-01,442.0,16,0.581,4,71,Basic Shield,29,5,1,0,1,0,0
WRK03763,Tambaram,12.908803,80.094752,2021-06-01,576.0,22,0.427,4,75,Basic Shield,29,3,0,0,0,0,0
WRK03764,Chromepet,12.934507,80.128014,2022-07-01,567.0,21,0.244,3,79,Basic Shield,29,8,2,0,1,0,0
WRK03765,Adyar,12.987307,80.267321,2021-08-01,766.0,22,0.196,2,82,Basic Shield,29,7,1,1,1,0,1
WRK03766,Sholinganallur,12.891972,80.233177,2019-10-01,657.0,17,0.15,5,80,Basic Shield,29,6,2,0,1,0,0
WRK03767,Tambaram,12.940135,80.088427,2018-12-01,700.0,14,0.383,2,79,Basic Shield,29,8,1,0,1,0,0
WRK03768,Perambur,13.11551,80.233221,2015-07-01,603.0,8,0.15,2,90,Basic Shield,29,4,2,0,0,0,0
WRK03769,Chromepet,12.971577,80.125202,2016-12-01,819.0,25,0.13,6,80,Basic Shield,29,6,0,0,1,0,0
WRK03770,Anna Nagar,13.072135,80.201446,2023-01-01,662.0,23,0.414,4,76,Basic Shield,29,8,1,0,1,0,0
WRK03771,Adyar,12.991957,80.249262,2018-11-01,562.0,19,0.206,2,81,Basic Shield,29,5,0,1,1,0,1
WRK03772,Adyar,13.017984,80.238946,2020-08-01,724.0,18,0.306,4,78,Basic Shield,29,5,1,1,1,0,1
WRK03773,T Nagar,13.045442,80.220207,2017-12-01,933.0,16,0.168,3,83,Basic Shield,29,7,0,0,1,0,0
WRK03774,Sholinganallur,12.881176,80.228357,2022-05-01,639.0,16,0.538,2,75,Basic Shield,29,7,2,0,1,0,0
WRK03775,Anna Nagar,13.090524,80.226691,2019-07-01,561.0,26,0.424,5,74,Basic Shield,29,2,3,0,0,1,0
WRK03776,Adyar,13.021275,80.253375,2015-09-01,635.0,19,0.142,4,81,Basic Shield,29,7,4,1,1,1,1
WRK03777,Adyar,13.017405,80.238251,2021-04-01,631.0,17,0.297,1,81,Basic Shield,29,6,2,1,1,0,1
WRK03778,Adyar,13.002849,80.244635,2021-12-01,415.0,14,0.308,4,77,Basic Shield,29,4,2,1,0,0,1
WRK03779,Porur,13.044593,80.154567,2022-02-01,714.0,17,0.151,2,83,Basic Shield,29,6,3,0,1,1,0
WRK03780,Chromepet,12.958231,80.123872,2023-05-01,601.0,16,0.301,4,77,Basic Shield,29,8,2,0,1,0,0
WRK03781,Tambaram,12.919948,80.098274,2015-04-01,664.0,16,0.377,3,77,Basic Shield,29,7,2,0,1,0,0
WRK03782,T Nagar,13.021622,80.224067,2024-08-01,658.0,8,0.122,1,91,Basic Shield,29,7,4,0,1,1,0
WRK03783,Velachery,12.984237,80.234554,2015-09-01,802.0,20,0.392,2,79,Basic Shield,29,6,3,0,1,1,0
WRK03784,Adyar,13.024756,80.264122,2021-10-01,669.0,14,0.48,2,77,Basic Shield,29,5,1,1,1,0,1
WRK03785,Tambaram,12.920448,80.095345,2016-06-01,821.0,16,0.07,0,87,Basic Shield,29,4,2,0,0,0,0
WRK03786,Anna Nagar,13.104031,80.229017,2020-04-01,556.0,23,0.15,5,79,Basic Shield,29,6,2,0,1,0,0
WRK03787,Porur,13.038924,80.155474,2018-11-01,613.0,23,0.484,0,78,Basic Shield,29,7,1,0,1,0,0
WRK03788,Velachery,12.985792,80.203876,2023-02-01,656.0,14,0.19,0,85,Basic Shield,29,2,2,0,0,0,0
WRK03789,Perambur,13.11902,80.254728,2024-03-01,535.0,17,0.199,3,80,Basic Shield,29,7,2,0,1,0,0
WRK03790,Guindy,13.02142,80.237364,2024-11-01,496.0,26,0.275,2,79,Basic Shield,29,6,5,1,1,1,1
WRK03791,T Nagar,13.031142,80.239489,2016-02-01,465.0,17,0.14,2,82,Basic Shield,29,0,1,0,0,0,0
WRK03792,Porur,13.024355,80.151054,2019-09-01,680.0,10,0.525,2,80,Basic Shield,29,5,1,0,1,0,0
WRK03793,Chromepet,12.951797,80.155007,2023-08-01,502.0,26,0.266,2,80,Basic Shield,29,7,6,0,1,1,0
WRK03794,T Nagar,13.04995,80.215256,2022-06-01,434.0,15,0.213,5,77,Basic Shield,29,7,3,0,1,1,0
WRK03795,Velachery,12.961773,80.224252,2024-07-01,378.0,17,0.105,3,81,Basic Shield,29,6,1,0,1,0,0
WRK03796,Tambaram,12.943199,80.116496,2019-05-01,770.0,15,0.164,3,82,Basic Shield,29,6,4,0,1,1,0
WRK03797,Chromepet,12.966475,80.148602,2017-02-01,530.0,19,0.391,3,76,Basic Shield,29,3,2,0,0,0,0
WRK03798,T Nagar,13.020221,80.224385,2019-04-01,625.0,22,0.031,1,86,Basic Shield,29,5,1,0,1,0,0
WRK03799,Velachery,12.970301,80.204348,2015-01-01,499.0,12,0.294,7,77,Basic Shield,29,10,2,0,1,0,0
WRK03800,Chromepet,12.955736,80.149687,2015-08-01,483.0,19,0.257,1,81,Basic Shield,29,10,0,0,1,0,0
WRK03801,Porur,13.03276,80.146989,2018-04-01,413.0,24,0.176,2,81,Basic Shield,29,7,0,0,1,0,0
WRK03802,T Nagar,13.052701,80.228448,2024-11-01,518.0,21,0.304,3,78,Basic Shield,29,7,2,0,1,0,0
WRK03803,Velachery,12.969322,80.228074,2019-12-01,654.0,20,0.529,6,71,Basic Shield,29,9,3,0,1,1,0
WRK03804,Porur,13.032366,80.154359,2019-10-01,772.0,15,0.017,6,82,Basic Shield,29,4,0,0,0,0,0
WRK03805,Chromepet,12.95703,80.137051,2015-08-01,494.0,19,0.144,0,84,Basic Shield,29,7,2,0,1,0,0
WRK03806,Porur,13.03893,80.165601,2019-09-01,649.0,13,0.31,2,82,Basic Shield,29,9,3,0,1,1,0
WRK03807,Perambur,13.127027,80.219384,2021-04-01,557.0,18,0.171,4,80,Basic Shield,29,7,2,0,1,0,0
WRK03808,Sholinganallur,12.915077,80.235726,2021-11-01,755.0,24,0.069,7,80,Basic Shield,29,11,4,0,1,1,0
WRK03809,Guindy,13.020288,80.204203,2018-09-01,520.0,22,0.503,5,72,Basic Shield,29,5,2,1,1,0,1
WRK03810,Tambaram,12.919417,80.11477,2021-11-01,594.0,10,0.033,1,91,Basic Shield,29,9,3,0,1,1,0
WRK03811,Porur,13.046558,80.169084,2016-09-01,679.0,12,0.109,3,86,Basic Shield,29,4,3,0,0,1,0
WRK03812,Velachery,12.998597,80.225715,2015-11-01,648.0,19,0.077,2,84,Basic Shield,29,8,1,0,1,0,0
WRK03813,Anna Nagar,13.083926,80.199652,2022-11-01,379.0,15,0.081,2,83,Basic Shield,29,2,1,0,0,0,0
WRK03814,Porur,13.034028,80.170638,2022-03-01,564.0,22,0.573,3,73,Basic Shield,29,6,3,0,1,1,0
WRK03815,Sholinganallur,12.913444,80.244677,2023-05-01,654.0,17,0.494,3,75,Basic Shield,29,6,3,0,1,1,0
WRK03816,Sholinganallur,12.909148,80.228919,2016-06-01,823.0,16,0.46,0,79,Basic Shield,29,8,3,0,1,1,0
WRK03817,Tambaram,12.907104,80.113327,2018-07-01,675.0,18,0.543,4,73,Basic Shield,29,8,0,0,1,0,0
WRK03818,T Nagar,13.055727,80.214596,2021-05-01,531.0,18,0.385,5,74,Basic Shield,29,7,3,0,1,1,0
WRK03819,Chromepet,12.963316,80.126696,2024-04-01,300.0,19,0.278,4,76,Basic Shield,29,4,2,0,0,0,0
WRK03820,Velachery,12.983003,80.19855,2016-02-01,643.0,15,0.2,1,83,Basic Shield,29,6,0,0,1,0,0
WRK03821,Guindy,13.017517,80.211253,2018-09-01,710.0,17,0.114,4,82,Basic Shield,29,9,2,1,1,0,1
WRK03822,Guindy,13.014299,80.234346,2017-01-01,711.0,21,0.182,4,80,Basic Shield,29,10,0,1,1,0,1
WRK03823,T Nagar,13.027513,80.245558,2024-12-01,751.0,19,0.7,5,69,Standard Shield,49,9,0,0,1,0,0
WRK03824,Anna Nagar,13.106121,80.219367,2015-10-01,661.0,21,0.22,2,81,Basic Shield,29,7,1,0,1,0,0
WRK03825,Anna Nagar,13.083801,80.214458,2016-09-01,567.0,22,0.663,5,69,Standard Shield,49,4,2,0,0,0,0
WRK03826,Tambaram,12.931388,80.096751,2015-05-01,732.0,16,0.533,3,75,Basic Shield,29,6,3,0,1,1,0
WRK03827,T Nagar,13.02135,80.214259,2021-11-01,722.0,18,0.116,3,83,Basic Shield,29,7,1,0,1,0,0
WRK03828,Anna Nagar,13.071493,80.193199,2020-12-01,594.0,17,0.209,1,82,Basic Shield,29,6,3,0,1,1,0
WRK03829,Perambur,13.127249,80.230507,2016-08-01,536.0,18,0.527,3,74,Basic Shield,29,2,1,0,0,0,0
WRK03830,Anna Nagar,13.073516,80.209898,2017-07-01,456.0,19,0.233,1,81,Basic Shield,29,6,0,0,1,0,0
WRK03831,Chromepet,12.970919,80.129293,2017-12-01,588.0,24,0.291,2,80,Basic Shield,29,4,7,0,0,1,0
WRK03832,Porur,13.048607,80.171492,2015-09-01,506.0,17,0.543,1,75,Basic Shield,29,11,0,0,1,0,0
WRK03833,Perambur,13.108401,80.216231,2015-12-01,495.0,14,0.23,2,81,Basic Shield,29,7,1,0,1,0,0
WRK03834,T Nagar,13.055442,80.238287,2021-03-01,727.0,17,0.203,4,80,Basic Shield,29,4,5,0,0,1,0
WRK03835,Guindy,13.00928,80.220726,2022-08-01,372.0,18,0.2,5,77,Basic Shield,29,9,2,1,1,0,1
WRK03836,Adyar,13.023645,80.250515,2020-05-01,545.0,19,0.261,1,81,Basic Shield,29,9,1,1,1,0,1
WRK03837,Perambur,13.136517,80.232343,2015-09-01,657.0,15,0.143,3,82,Basic Shield,29,6,5,0,1,1,0
WRK03838,Adyar,12.991057,80.245141,2018-05-01,643.0,16,0.352,1,80,Basic Shield,29,6,3,1,1,1,1
WRK03839,Velachery,12.97866,80.231667,2017-10-01,577.0,14,0.129,4,82,Basic Shield,29,10,2,0,1,0,0
WRK03840,Perambur,13.127629,80.231658,2016-09-01,597.0,15,0.153,2,82,Basic Shield,29,3,1,0,0,0,0
WRK03841,Adyar,13.017752,80.271258,2021-07-01,631.0,16,0.045,2,85,Basic Shield,29,9,1,1,1,0,1
WRK03842,Tambaram,12.943764,80.11449,2017-07-01,565.0,23,0.41,2,77,Basic Shield,29,2,1,0,0,0,0
WRK03843,Sholinganallur,12.920336,80.245205,2023-09-01,501.0,17,0.356,2,78,Basic Shield,29,7,1,0,1,0,0
WRK03844,Perambur,13.129608,80.242617,2020-04-01,688.0,15,0.243,2,81,Basic Shield,29,10,3,0,1,1,0
WRK03845,Guindy,12.988385,80.235009,2018-03-01,495.0,20,0.354,3,77,Basic Shield,29,2,2,1,0,0,1
WRK03846,T Nagar,13.035693,80.233075,2017-09-01,571.0,15,0.388,1,79,Basic Shield,29,8,4,0,1,1,0
WRK03847,Anna Nagar,13.107532,80.190361,2022-01-01,684.0,15,0.081,0,86,Basic Shield,29,5,2,0,1,0,0
WRK03848,Tambaram,12.944485,80.101726,2019-09-01,710.0,24,0.437,1,78,Basic Shield,29,8,4,0,1,1,0
WRK03849,Chromepet,12.942156,80.131461,2018-06-01,752.0,16,0.121,5,81,Basic Shield,29,3,2,0,0,0,0
WRK03850,Adyar,13.010342,80.236216,2016-02-01,859.0,24,0.218,3,81,Basic Shield,29,4,1,1,0,0,1
WRK03851,Anna Nagar,13.076401,80.218522,2018-01-01,597.0,21,0.206,1,82,Basic Shield,29,9,4,0,1,1,0
WRK03852,Tambaram,12.922543,80.09315,2021-02-01,368.0,19,0.374,7,72,Basic Shield,29,5,1,0,1,0,0
WRK03853,Guindy,12.997353,80.23597,2023-12-01,867.0,21,0.21,2,83,Basic Shield,29,6,2,1,1,0,1
WRK03854,Chromepet,12.946733,80.149242,2021-05-01,642.0,23,0.133,5,80,Basic Shield,29,1,1,0,0,0,0
WRK03855,Tambaram,12.939001,80.114443,2015-03-01,566.0,16,0.421,4,75,Basic Shield,29,9,1,0,1,0,0
WRK03856,Chromepet,12.94654,80.146672,2022-08-01,495.0,18,0.113,1,84,Basic Shield,29,6,1,0,1,0,0
WRK03857,Porur,13.047388,80.142909,2017-06-01,605.0,10,0.093,3,88,Basic Shield,29,9,2,0,1,0,0
WRK03858,Guindy,13.019058,80.220116,2021-01-01,573.0,18,0.226,1,82,Basic Shield,29,6,3,1,1,1,1
WRK03859,Adyar,12.99345,80.273313,2016-05-01,642.0,24,0.297,1,81,Basic Shield,29,7,0,1,1,0,1
WRK03860,Anna Nagar,13.072358,80.209776,2023-05-01,504.0,17,0.17,3,81,Basic Shield,29,5,1,0,1,0,0
WRK03861,Velachery,12.978645,80.23669,2015-03-01,353.0,19,0.084,2,83,Basic Shield,29,8,0,0,1,0,0
WRK03862,Porur,13.02374,80.142592,2016-01-01,768.0,16,0.287,4,79,Basic Shield,29,10,2,0,1,0,0
WRK03863,Guindy,13.016369,80.212611,2016-10-01,570.0,19,0.384,3,77,Basic Shield,29,3,0,1,0,0,1
WRK03864,Porur,13.053898,80.159013,2023-02-01,635.0,20,0.444,1,78,Basic Shield,29,4,2,0,0,0,0
WRK03865,Chromepet,12.959556,80.132919,2016-03-01,570.0,19,0.493,6,71,Basic Shield,29,5,0,0,1,0,0
WRK03866,Porur,13.024988,80.172061,2019-10-01,575.0,19,0.293,3,79,Basic Shield,29,6,2,0,1,0,0
WRK03867,Sholinganallur,12.918607,80.216168,2017-11-01,639.0,21,0.121,5,80,Basic Shield,29,11,3,0,1,1,0
WRK03868,Velachery,12.982996,80.22743,2022-01-01,574.0,16,0.275,1,81,Basic Shield,29,4,3,0,0,1,0
WRK03869,Velachery,12.970919,80.232108,2020-06-01,604.0,13,0.573,2,76,Basic Shield,29,9,3,0,1,1,0
WRK03870,Velachery,12.962309,80.20107,2021-07-01,876.0,22,0.454,2,78,Basic Shield,29,5,3,0,1,1,0
WRK03871,Guindy,12.998898,80.208662,2016-02-01,563.0,12,0.129,1,87,Basic Shield,29,8,2,1,1,0,1
WRK03872,Anna Nagar,13.089657,80.205577,2021-12-01,440.0,20,0.124,2,82,Basic Shield,29,3,1,0,0,0,0
WRK03873,Velachery,12.962451,80.211216,2023-08-01,622.0,22,0.437,3,76,Basic Shield,29,6,1,0,1,0,0
WRK03874,Guindy,13.020217,80.231175,2018-11-01,499.0,20,0.012,5,82,Basic Shield,29,6,4,1,1,1,1
WRK03875,Perambur,13.115654,80.22273,2017-09-01,662.0,20,0.34,3,78,Basic Shield,29,4,2,0,0,0,0
WRK03876,T Nagar,13.039776,80.244344,2021-03-01,754.0,22,0.513,2,76,Basic Shield,29,5,1,0,1,0,0
WRK03877,Guindy,13.005282,80.208598,2021-09-01,709.0,17,0.194,5,79,Basic Shield,29,4,0,1,0,0,1
WRK03878,T Nagar,13.046982,80.234589,2016-10-01,656.0,16,0.243,3,80,Basic Shield,29,14,1,0,1,0,0
WRK03879,Perambur,13.101589,80.228403,2018-01-01,653.0,14,0.147,4,82,Basic Shield,29,5,0,0,1,0,0
WRK03880,Adyar,12.986707,80.260709,2019-04-01,724.0,17,0.188,3,81,Basic Shield,29,7,2,1,1,0,1
WRK03881,Perambur,13.099261,80.229653,2015-02-01,873.0,23,0.601,5,72,Basic Shield,29,3,2,0,0,0,0
WRK03882,Sholinganallur,12.918498,80.211251,2023-02-01,547.0,12,0.385,6,77,Basic Shield,29,11,3,0,1,1,0
WRK03883,Sholinganallur,12.917338,80.216331,2017-02-01,622.0,17,0.173,4,80,Basic Shield,29,7,1,0,1,0,0
WRK03884,Guindy,12.996452,80.204624,2024-05-01,497.0,18,0.208,4,79,Basic Shield,29,12,2,1,1,0,1
WRK03885,Guindy,13.023882,80.220867,2024-02-01,664.0,22,0.287,5,77,Basic Shield,29,10,5,1,1,1,1
WRK03886,Guindy,13.005878,80.211351,2021-10-01,854.0,15,0.72,2,72,Basic Shield,29,6,1,1,1,0,1
WRK03887,Tambaram,12.91566,80.106974,2020-09-01,404.0,13,0.148,5,81,Basic Shield,29,5,2,0,1,0,0
WRK03888,Adyar,12.993357,80.26419,2018-10-01,494.0,16,0.221,1,82,Basic Shield,29,6,1,1,1,0,1
WRK03889,T Nagar,13.0485,80.241416,2024-05-01,618.0,16,0.754,4,69,Standard Shield,49,4,3,0,0,1,0
WRK03890,Velachery,12.985508,80.232203,2022-09-01,483.0,18,0.061,3,83,Basic Shield,29,9,0,0,1,0,0
WRK03891,Perambur,13.134703,80.222742,2024-06-01,495.0,22,0.25,6,76,Basic Shield,29,5,3,0,1,1,0
WRK03892,Guindy,13.000447,80.218058,2020-01-01,497.0,18,0.162,2,82,Basic Shield,29,6,2,1,1,0,1
WRK03893,Chromepet,12.966811,80.127889,2019-05-01,483.0,24,0.507,3,74,Basic Shield,29,9,3,0,1,1,0
WRK03894,Perambur,13.104957,80.22107,2024-02-01,609.0,12,0.572,3,76,Basic Shield,29,7,0,0,1,0,0
WRK03895,Guindy,12.988387,80.205163,2019-08-01,762.0,21,0.02,2,86,Basic Shield,29,6,3,1,1,1,1
WRK03896,T Nagar,13.036842,80.227509,2016-03-01,521.0,25,0.211,5,78,Basic Shield,29,4,0,0,0,0,0
WRK03897,Velachery,13.000445,80.220415,2015-03-01,488.0,16,0.098,3,82,Basic Shield,29,6,1,0,1,0,0
WRK03898,Chromepet,12.951269,80.124712,2023-05-01,741.0,21,0.139,3,82,Basic Shield,29,7,3,0,1,1,0
WRK03899,Guindy,13.023777,80.205402,2018-01-01,595.0,22,0.348,2,79,Basic Shield,29,2,3,1,0,1,1
WRK03900,Sholinganallur,12.919117,80.220041,2015-10-01,708.0,19,0.098,2,84,Basic Shield,29,8,3,0,1,1,0
WRK03901,Chromepet,12.965072,80.158947,2016-11-01,569.0,17,0.182,5,79,Basic Shield,29,9,2,0,1,0,0
WRK03902,Adyar,12.988952,80.261586,2019-05-01,715.0,12,0.332,2,82,Basic Shield,29,6,3,1,1,1,1
WRK03903,Sholinganallur,12.899539,80.244273,2015-09-01,427.0,19,0.249,5,77,Basic Shield,29,4,0,0,0,0,0
WRK03904,Anna Nagar,13.083827,80.190491,2017-07-01,618.0,23,0.795,0,72,Basic Shield,29,4,1,0,0,0,0
WRK03905,Guindy,13.022416,80.201842,2015-09-01,770.0,13,0.335,6,78,Basic Shield,29,3,2,1,0,0,1
WRK03906,Guindy,12.997135,80.227574,2016-03-01,531.0,19,0.294,3,78,Basic Shield,29,5,3,1,1,1,1
WRK03907,Tambaram,12.943458,80.111267,2023-12-01,365.0,17,0.1,3,81,Basic Shield,29,6,1,0,1,0,0
WRK03908,T Nagar,13.034301,80.218709,2019-11-01,519.0,20,0.261,2,80,Basic Shield,29,7,2,0,1,0,0
WRK03909,Velachery,12.969913,80.199832,2024-11-01,670.0,16,0.066,2,85,Basic Shield,29,6,1,0,1,0,0
WRK03910,Perambur,13.116636,80.219281,2018-08-01,730.0,21,0.257,1,82,Basic Shield,29,6,0,0,1,0,0
WRK03911,T Nagar,13.033309,80.229521,2017-03-01,629.0,22,0.087,3,83,Basic Shield,29,6,1,0,1,0,0
WRK03912,Adyar,13.008769,80.258533,2019-03-01,488.0,22,0.231,2,80,Basic Shield,29,6,3,1,1,1,1
WRK03913,Velachery,12.998909,80.198359,2021-12-01,326.0,19,0.089,5,79,Basic Shield,29,7,1,0,1,0,0
WRK03914,Tambaram,12.905792,80.105199,2020-01-01,300.0,20,0.511,2,74,Basic Shield,29,6,1,0,1,0,0
WRK03915,Tambaram,12.917909,80.090046,2018-07-01,602.0,15,0.259,3,79,Basic Shield,29,6,2,0,1,0,0
WRK03916,Sholinganallur,12.892813,80.237012,2018-08-01,815.0,19,0.24,4,80,Basic Shield,29,7,3,0,1,1,0
WRK03917,Velachery,12.963457,80.222075,2019-11-01,653.0,17,0.037,1,86,Basic Shield,29,5,2,0,1,0,0
WRK03918,Guindy,13.015663,80.207125,2018-02-01,605.0,14,0.285,3,80,Basic Shield,29,11,1,1,1,0,1
WRK03919,Velachery,12.990692,80.207518,2020-10-01,581.0,18,0.592,5,71,Basic Shield,29,6,3,0,1,1,0
WRK03920,Tambaram,12.933998,80.098096,2022-05-01,650.0,15,0.562,4,73,Basic Shield,29,7,3,0,1,1,0
WRK03921,Adyar,13.011769,80.24275,2023-05-01,516.0,26,0.197,3,80,Basic Shield,29,4,3,1,0,1,1
WRK03922,Guindy,12.993619,80.201325,2015-07-01,636.0,16,0.007,2,86,Basic Shield,29,6,0,1,1,0,1
WRK03923,Perambur,13.109484,80.226841,2015-12-01,537.0,22,0.223,5,78,Basic Shield,29,8,0,0,1,0,0
WRK03924,Adyar,13.02585,80.256483,2022-11-01,649.0,17,0.137,5,80,Basic Shield,29,4,0,1,0,0,1
WRK03925,Chromepet,12.955946,80.140316,2018-11-01,774.0,15,0.669,2,73,Basic Shield,29,4,2,0,0,0,0
WRK03926,Porur,13.032153,80.156952,2020-09-01,611.0,17,0.178,2,82,Basic Shield,29,8,1,0,1,0,0
WRK03927,T Nagar,13.019744,80.226483,2021-04-01,512.0,17,0.105,2,83,Basic Shield,29,9,3,0,1,1,0
WRK03928,T Nagar,13.020922,80.233426,2018-09-01,712.0,17,0.491,2,76,Basic Shield,29,2,2,0,0,0,0
WRK03929,Porur,13.040743,80.1523,2015-03-01,713.0,28,0.211,4,80,Basic Shield,29,11,2,0,1,0,0
WRK03930,Chromepet,12.951405,80.129123,2024-04-01,561.0,18,0.127,5,80,Basic Shield,29,6,3,0,1,1,0
WRK03931,Tambaram,12.925939,80.08641,2022-05-01,649.0,18,0.177,1,83,Basic Shield,29,5,4,0,1,1,0
WRK03932,Adyar,13.000684,80.247273,2022-11-01,476.0,18,0.228,6,76,Basic Shield,29,8,1,1,1,0,1
WRK03933,Sholinganallur,12.888378,80.233369,2019-04-01,869.0,16,0.496,6,73,Basic Shield,29,6,1,0,1,0,0
WRK03934,Sholinganallur,12.882178,80.21271,2019-09-01,797.0,16,0.627,4,72,Basic Shield,29,6,2,0,1,0,0
WRK03935,Guindy,12.998546,80.240235,2018-01-01,804.0,12,0.28,2,84,Basic Shield,29,3,1,1,0,0,1
WRK03936,Velachery,12.9615,80.206018,2023-08-01,469.0,13,0.261,3,81,Basic Shield,29,11,0,0,1,0,0
WRK03937,Porur,13.048988,80.137335,2020-04-01,775.0,18,0.178,4,81,Basic Shield,29,6,3,0,1,1,0
WRK03938,Velachery,12.981583,80.210515,2015-01-01,672.0,22,0.156,2,83,Basic Shield,29,7,5,0,1,1,0
WRK03939,Sholinganallur,12.903193,80.208951,2023-08-01,540.0,25,0.019,2,85,Basic Shield,29,6,2,0,1,0,0
WRK03940,Anna Nagar,13.092624,80.229242,2021-08-01,599.0,21,0.619,3,72,Basic Shield,29,6,1,0,1,0,0
WRK03941,Adyar,12.990237,80.25894,2020-07-01,613.0,13,0.186,1,85,Basic Shield,29,7,5,1,1,1,1
WRK03942,Sholinganallur,12.917652,80.211012,2019-04-01,521.0,15,0.087,1,84,Basic Shield,29,5,3,0,1,1,0
WRK03943,Tambaram,12.914046,80.093907,2023-04-01,469.0,14,0.564,4,73,Basic Shield,29,7,2,0,1,0,0
WRK03944,Porur,13.026864,80.169921,2020-08-01,494.0,18,0.148,1,83,Basic Shield,29,9,0,0,1,0,0
WRK03945,Perambur,13.124724,80.233367,2015-07-01,546.0,17,0.127,1,84,Basic Shield,29,9,1,0,1,0,0
WRK03946,Porur,13.050866,80.165599,2016-05-01,678.0,15,0.038,5,82,Basic Shield,29,3,1,0,0,0,0
WRK03947,Tambaram,12.921399,80.083016,2021-05-01,697.0,22,0.308,2,80,Basic Shield,29,8,3,0,1,1,0
WRK03948,Guindy,12.993708,80.22605,2016-06-01,482.0,15,0.433,5,73,Basic Shield,29,5,3,1,1,1,1
WRK03949,Porur,13.043445,80.16643,2022-09-01,631.0,15,0.354,6,75,Basic Shield,29,10,0,0,1,0,0
WRK03950,Porur,13.033177,80.169811,2017-04-01,583.0,15,0.241,3,80,Basic Shield,29,4,1,0,0,0,0
WRK03951,Porur,13.034331,80.159981,2016-08-01,764.0,17,0.228,2,82,Basic Shield,29,3,3,0,0,1,0
WRK03952,Adyar,13.002252,80.255354,2023-09-01,771.0,13,0.332,2,82,Basic Shield,29,9,2,1,1,0,1
WRK03953,Perambur,13.100265,80.21557,2023-10-01,621.0,19,0.19,5,79,Basic Shield,29,6,1,0,1,0,0
WRK03954,Anna Nagar,13.099494,80.227228,2023-12-01,526.0,24,0.794,2,69,Standard Shield,49,6,2,0,1,0,0
WRK03955,Tambaram,12.910817,80.103965,2024-07-01,512.0,19,0.387,3,76,Basic Shield,29,3,2,0,0,0,0
WRK03956,Guindy,13.011497,80.220149,2024-12-01,494.0,18,0.267,2,80,Basic Shield,29,12,1,1,1,0,1
WRK03957,T Nagar,13.024817,80.228798,2018-10-01,555.0,19,0.421,2,77,Basic Shield,29,3,1,0,0,0,0
WRK03958,Porur,13.038605,80.145478,2017-02-01,589.0,18,0.38,1,79,Basic Shield,29,5,3,0,1,1,0
WRK03959,Tambaram,12.905158,80.105382,2024-02-01,795.0,12,0.132,5,84,Basic Shield,29,8,0,0,1,0,0
WRK03960,Tambaram,12.926962,80.117482,2017-06-01,536.0,18,0.08,3,83,Basic Shield,29,8,1,0,1,0,0
WRK03961,Perambur,13.100701,80.244306,2016-09-01,674.0,20,0.146,3,82,Basic Shield,29,7,1,0,1,0,0
WRK03962,Porur,13.056296,80.165715,2020-12-01,558.0,15,0.436,5,74,Basic Shield,29,5,3,0,1,1,0
WRK03963,Perambur,13.10596,80.216042,2015-09-01,771.0,17,0.366,1,80,Basic Shield,29,6,2,0,1,0,0
WRK03964,Chromepet,12.96769,80.136124,2015-11-01,642.0,22,0.152,1,84,Basic Shield,29,5,1,0,1,0,0
WRK03965,Adyar,12.991592,80.27357,2017-07-01,574.0,27,0.232,3,80,Basic Shield,29,5,1,1,1,0,1
WRK03966,T Nagar,13.032933,80.224261,2018-02-01,568.0,15,0.575,3,73,Basic Shield,29,11,3,0,1,1,0
WRK03967,Velachery,12.975981,80.214464,2022-12-01,600.0,17,0.232,3,80,Basic Shield,29,7,1,0,1,0,0
WRK03968,Porur,13.041633,80.139801,2024-03-01,581.0,19,0.106,1,84,Basic Shield,29,9,2,0,1,0,0
WRK03969,Anna Nagar,13.090067,80.208605,2017-11-01,591.0,20,0.709,2,71,Basic Shield,29,2,3,0,0,1,0
WRK03970,Adyar,13.022481,80.269435,2024-09-01,640.0,19,0.454,4,75,Basic Shield,29,8,2,1,1,0,1
WRK03971,Guindy,13.014146,80.220243,2020-01-01,599.0,24,0.435,3,76,Basic Shield,29,3,7,1,0,1,1
WRK03972,Sholinganallur,12.884834,80.24702,2019-02-01,511.0,23,0.464,1,77,Basic Shield,29,6,2,0,1,0,0
WRK03973,Tambaram,12.933198,80.091653,2015-08-01,526.0,13,0.259,4,80,Basic Shield,29,6,1,0,1,0,0
WRK03974,Porur,13.016812,80.154109,2019-06-01,648.0,21,0.531,4,73,Basic Shield,29,9,2,0,1,0,0
WRK03975,Perambur,13.107064,80.218462,2018-09-01,510.0,17,0.299,3,78,Basic Shield,29,5,2,0,1,0,0
WRK03976,T Nagar,13.021794,80.236276,2018-06-01,475.0,12,0.16,4,83,Basic Shield,29,7,3,0,1,1,0
WRK03977,T Nagar,13.031052,80.22407,2023-03-01,683.0,18,0.181,3,81,Basic Shield,29,10,1,0,1,0,0
WRK03978,Tambaram,12.922271,80.086867,2022-09-01,607.0,28,0.391,3,77,Basic Shield,29,4,3,0,0,1,0
WRK03979,T Nagar,13.033143,80.228532,2020-01-01,598.0,22,0.344,3,78,Basic Shield,29,9,1,0,1,0,0
WRK03980,Chromepet,12.952384,80.160915,2018-05-01,498.0,26,0.033,4,82,Basic Shield,29,7,1,0,1,0,0
WRK03981,T Nagar,13.023677,80.214704,2022-03-01,702.0,19,0.125,4,82,Basic Shield,29,10,1,0,1,0,0
WRK03982,Anna Nagar,13.085027,80.194021,2024-11-01,475.0,16,0.063,5,81,Basic Shield,29,3,1,0,0,0,0
WRK03983,Sholinganallur,12.902352,80.243112,2018-05-01,657.0,14,0.207,3,82,Basic Shield,29,6,2,0,1,0,0
WRK03984,Porur,13.029611,80.152735,2024-11-01,670.0,21,0.731,2,71,Basic Shield,29,7,2,0,1,0,0
WRK03985,Adyar,13.006395,80.242654,2017-10-01,668.0,23,0.118,2,83,Basic Shield,29,9,2,1,1,0,1
WRK03986,Velachery,12.997273,80.230033,2015-02-01,549.0,15,0.397,6,73,Basic Shield,29,3,4,0,0,1,0
WRK03987,Tambaram,12.924416,80.095546,2020-03-01,501.0,12,0.457,7,74,Basic Shield,29,4,3,0,0,1,0
WRK03988,Velachery,12.980645,80.202564,2017-08-01,528.0,23,0.397,2,77,Basic Shield,29,9,1,0,1,0,0
WRK03989,Anna Nagar,13.094672,80.196697,2015-04-01,525.0,13,0.304,4,79,Basic Shield,29,8,1,0,1,0,0
WRK03990,Adyar,12.99676,80.265536,2016-10-01,702.0,8,0.083,4,89,Basic Shield,29,12,1,1,1,0,1
WRK03991,Perambur,13.115106,80.242389,2021-06-01,510.0,23,0.469,1,77,Basic Shield,29,11,1,0,1,0,0
WRK03992,Sholinganallur,12.888617,80.230207,2018-11-01,831.0,20,0.227,4,80,Basic Shield,29,3,0,0,0,0,0
WRK03993,Adyar,13.002832,80.237896,2018-02-01,771.0,15,0.349,0,81,Basic Shield,29,5,2,1,1,0,1
WRK03994,Velachery,12.9821,80.204329,2017-01-01,642.0,20,0.07,1,85,Basic Shield,29,3,1,0,0,0,0
WRK03995,Adyar,13.005542,80.27091,2017-08-01,619.0,27,0.306,1,80,Basic Shield,29,3,2,1,0,0,1
WRK03996,Perambur,13.116927,80.233793,2024-06-01,411.0,23,0.122,4,80,Basic Shield,29,3,3,0,0,1,0
WRK03997,Tambaram,12.929855,80.112917,2022-12-01,535.0,11,0.197,2,85,Basic Shield,29,4,5,0,0,1,0
WRK03998,Anna Nagar,13.089325,80.228591,2019-07-01,658.0,21,0.322,2,79,Basic Shield,29,2,2,0,0,0,0
WRK03999,Tambaram,12.917392,80.118182,2018-04-01,493.0,13,0.29,5,78,Basic Shield,29,3,1,0,0,0,0
WRK04000,Sholinganallur,12.897071,80.230334,2017-09-01,671.0,20,0.111,3,83,Basic Shield,29,8,6,0,1,1,0
WRK04001,Guindy,13.009434,80.201016,2019-01-01,831.0,22,0.686,1,74,Basic Shield,29,9,2,1,1,0,1
WRK04002,Sholinganallur,12.899989,80.233774,2022-05-01,737.0,18,0.318,3,79,Basic Shield,29,11,1,0,1,0,0
WRK04003,Chromepet,12.932682,80.147628,2015-03-01,598.0,25,0.331,3,78,Basic Shield,29,9,4,0,1,1,0
WRK04004,Tambaram,12.926346,80.098912,2017-02-01,482.0,22,0.394,5,74,Basic Shield,29,3,0,0,0,0,0
WRK04005,Porur,13.030194,80.166938,2023-04-01,486.0,22,0.143,4,80,Basic Shield,29,6,3,0,1,1,0
WRK04006,Adyar,13.00806,80.253895,2018-10-01,677.0,25,0.368,2,79,Basic Shield,29,8,1,1,1,0,1
WRK04007,Adyar,13.008892,80.276092,2018-03-01,497.0,15,0.497,2,75,Basic Shield,29,3,2,1,0,0,1
WRK04008,Chromepet,12.933316,80.151437,2019-06-01,633.0,14,0.086,3,84,Basic Shield,29,9,0,0,1,0,0
WRK04009,Adyar,13.00439,80.270102,2017-08-01,684.0,15,0.485,3,75,Basic Shield,29,6,3,1,1,1,1
WRK04010,Sholinganallur,12.920018,80.22778,2023-12-01,557.0,10,0.166,3,86,Basic Shield,29,7,0,0,1,0,0
WRK04011,Sholinganallur,12.919768,80.244263,2018-11-01,552.0,24,0.352,3,77,Basic Shield,29,7,2,0,1,0,0
WRK04012,Anna Nagar,13.083675,80.20942,2017-09-01,682.0,27,0.262,1,82,Basic Shield,29,5,0,0,1,0,0
WRK04013,Anna Nagar,13.098613,80.214873,2020-10-01,835.0,21,0.268,1,82,Basic Shield,29,5,0,0,1,0,0
WRK04014,Guindy,13.021871,80.214135,2024-01-01,668.0,21,0.271,2,80,Basic Shield,29,6,1,1,1,0,1
WRK04015,Perambur,13.129453,80.22137,2015-05-01,632.0,18,0.218,6,77,Basic Shield,29,6,4,0,1,1,0
WRK04016,Tambaram,12.920503,80.111998,2023-01-01,473.0,16,0.381,1,78,Basic Shield,29,8,1,0,1,0,0
WRK04017,Tambaram,12.938626,80.110295,2018-11-01,417.0,20,0.181,3,80,Basic Shield,29,4,0,0,0,0,0
WRK04018,Perambur,13.12321,80.228345,2021-10-01,558.0,21,0.463,1,77,Basic Shield,29,3,0,0,0,0,0
WRK04019,Anna Nagar,13.105723,80.214529,2021-05-01,578.0,18,0.472,0,78,Basic Shield,29,4,1,0,0,0,0
WRK04020,Chromepet,12.966378,80.143218,2023-08-01,683.0,14,0.199,4,81,Basic Shield,29,9,1,0,1,0,0
WRK04021,Guindy,13.019014,80.219131,2018-07-01,553.0,16,0.265,4,78,Basic Shield,29,8,1,1,1,0,1
WRK04022,Chromepet,12.952147,80.136149,2021-04-01,739.0,10,0.065,1,91,Basic Shield,29,6,2,0,1,0,0
WRK04023,Chromepet,12.950658,80.162083,2021-08-01,558.0,17,0.283,5,77,Basic Shield,29,4,2,0,0,0,0
WRK04024,Adyar,13.001797,80.260837,2021-04-01,806.0,22,0.223,1,83,Basic Shield,29,4,4,1,0,1,1
WRK04025,Velachery,12.999495,80.21187,2024-06-01,583.0,25,0.277,2,80,Basic Shield,29,4,0,0,0,0,0
WRK04026,Adyar,13.014609,80.274773,2020-07-01,579.0,13,0.275,3,81,Basic Shield,29,9,3,1,1,1,1
WRK04027,Adyar,13.007425,80.250294,2015-12-01,354.0,25,0.472,5,72,Basic Shield,29,7,0,1,1,0,1
WRK04028,Sholinganallur,12.903624,80.221119,2020-01-01,894.0,11,0.131,3,87,Basic Shield,29,10,4,0,1,1,0
WRK04029,Chromepet,12.943022,80.140201,2021-08-01,440.0,14,0.453,4,75,Basic Shield,29,11,5,0,1,1,0
WRK04030,Tambaram,12.929197,80.099168,2020-08-01,487.0,17,0.388,4,75,Basic Shield,29,6,2,0,1,0,0
WRK04031,T Nagar,13.01915,80.223273,2021-05-01,711.0,16,0.49,1,77,Basic Shield,29,3,2,0,0,0,0
WRK04032,Perambur,13.136567,80.237473,2015-09-01,816.0,23,0.557,4,73,Basic Shield,29,8,1,0,1,0,0
WRK04033,Velachery,12.964296,80.221291,2017-07-01,711.0,21,0.184,3,81,Basic Shield,29,5,1,0,1,0,0
WRK04034,Adyar,13.011769,80.241994,2020-01-01,365.0,15,0.471,1,76,Basic Shield,29,4,1,1,0,0,1
WRK04035,Anna Nagar,13.07056,80.206858,2022-09-01,497.0,21,0.056,3,83,Basic Shield,29,5,2,0,1,0,0
WRK04036,Tambaram,12.929381,80.081234,2023-01-01,746.0,17,0.158,1,84,Basic Shield,29,5,2,0,1,0,0
WRK04037,Velachery,12.994158,80.227058,2019-04-01,615.0,13,0.213,3,82,Basic Shield,29,6,5,0,1,1,0
WRK04038,Porur,13.051081,80.141693,2024-06-01,725.0,20,0.266,3,80,Basic Shield,29,6,1,0,1,0,0
WRK04039,Anna Nagar,13.105849,80.224613,2024-12-01,515.0,24,0.495,3,74,Basic Shield,29,12,0,0,1,0,0
WRK04040,Velachery,12.962945,80.221332,2022-04-01,508.0,19,0.153,2,82,Basic Shield,29,10,0,0,1,0,0
WRK04041,Tambaram,12.930594,80.104642,2024-09-01,542.0,18,0.268,7,75,Basic Shield,29,9,0,0,1,0,0
WRK04042,Sholinganallur,12.891657,80.221372,2016-03-01,686.0,11,0.098,1,89,Basic Shield,29,8,0,0,1,0,0
WRK04043,Guindy,12.999041,80.237345,2024-01-01,552.0,19,0.423,2,77,Basic Shield,29,5,2,1,1,0,1
WRK04044,T Nagar,13.044954,80.239579,2018-08-01,478.0,22,0.207,3,80,Basic Shield,29,4,3,0,0,1,0
WRK04045,Sholinganallur,12.920526,80.229155,2016-09-01,507.0,12,0.172,5,82,Basic Shield,29,3,2,0,0,0,0
WRK04046,Chromepet,12.936878,80.150392,2022-12-01,581.0,16,0.476,4,74,Basic Shield,29,5,2,0,1,0,0
WRK04047,Tambaram,12.910841,80.100456,2024-09-01,730.0,26,0.416,3,77,Basic Shield,29,5,5,0,1,1,0
WRK04048,Guindy,12.989019,80.212825,2015-04-01,609.0,18,0.218,2,81,Basic Shield,29,4,0,1,0,0,1
WRK04049,Perambur,13.125854,80.248397,2018-07-01,674.0,17,0.499,3,75,Basic Shield,29,6,4,0,1,1,0
WRK04050,Velachery,12.976837,80.22029,2022-05-01,300.0,18,0.516,2,74,Basic Shield,29,7,4,0,1,1,0
WRK04051,T Nagar,13.054203,80.241445,2017-01-01,325.0,17,0.117,5,79,Basic Shield,29,3,3,0,0,1,0
WRK04052,Chromepet,12.967846,80.138072,2023-09-01,730.0,22,0.466,1,78,Basic Shield,29,7,2,0,1,0,0
WRK04053,Tambaram,12.926345,80.098189,2016-03-01,473.0,27,0.432,2,76,Basic Shield,29,7,1,0,1,0,0
WRK04054,Anna Nagar,13.097456,80.200656,2021-04-01,622.0,15,0.068,4,82,Basic Shield,29,4,1,0,0,0,0
WRK04055,Sholinganallur,12.893145,80.212127,2024-11-01,484.0,15,0.314,6,75,Basic Shield,29,6,8,0,1,1,0
WRK04056,Guindy,13.010135,80.235676,2020-01-01,430.0,20,0.385,5,74,Basic Shield,29,2,1,1,0,0,1
WRK04057,Porur,13.049392,80.157696,2015-08-01,457.0,21,0.595,3,72,Basic Shield,29,5,2,0,1,0,0
WRK04058,Chromepet,12.940706,80.147986,2015-03-01,646.0,20,0.496,4,74,Basic Shield,29,2,3,0,0,1,0
WRK04059,Sholinganallur,12.903659,80.208998,2017-11-01,516.0,19,0.547,3,73,Basic Shield,29,8,2,0,1,0,0
WRK04060,Anna Nagar,13.076527,80.21683,2019-12-01,675.0,16,0.3,4,78,Basic Shield,29,5,2,0,1,0,0
WRK04061,Anna Nagar,13.108324,80.194657,2024-08-01,612.0,19,0.27,2,80,Basic Shield,29,3,1,0,0,0,0
WRK04062,Guindy,12.998656,80.224015,2016-12-01,439.0,13,0.248,3,81,Basic Shield,29,7,0,1,1,0,1
WRK04063,Guindy,12.992481,80.223097,2022-04-01,768.0,16,0.058,1,86,Basic Shield,29,2,2,1,0,0,1
WRK04064,Velachery,12.990529,80.221018,2016-11-01,799.0,14,0.22,2,83,Basic Shield,29,8,2,0,1,0,0
WRK04065,Perambur,13.103917,80.230435,2022-07-01,784.0,19,0.669,2,73,Basic Shield,29,8,1,0,1,0,0
WRK04066,Anna Nagar,13.098308,80.211063,2022-12-01,642.0,18,0.119,1,84,Basic Shield,29,8,3,0,1,1,0
WRK04067,Adyar,13.016338,80.258918,2016-03-01,539.0,16,0.621,2,73,Basic Shield,29,9,1,1,1,0,1
WRK04068,Porur,13.040955,80.157099,2020-06-01,685.0,13,0.265,1,84,Basic Shield,29,5,2,0,1,0,0
WRK04069,Chromepet,12.96459,80.152271,2017-07-01,609.0,20,0.16,6,78,Basic Shield,29,9,1,0,1,0,0
WRK04070,Tambaram,12.914715,80.115962,2024-01-01,626.0,19,0.19,2,82,Basic Shield,29,8,0,0,1,0,0
WRK04071,Perambur,13.126054,80.250439,2023-02-01,746.0,20,0.489,4,74,Basic Shield,29,6,2,0,1,0,0
WRK04072,Velachery,12.988849,80.199703,2024-05-01,484.0,19,0.235,2,80,Basic Shield,29,10,1,0,1,0,0
WRK04073,T Nagar,13.044003,80.230298,2017-11-01,719.0,14,0.299,2,81,Basic Shield,29,6,5,0,1,1,0
WRK04074,Velachery,12.997587,80.230382,2018-08-01,376.0,17,0.221,5,77,Basic Shield,29,6,0,0,1,0,0
WRK04075,Sholinganallur,12.892584,80.234787,2023-04-01,620.0,18,0.166,4,80,Basic Shield,29,7,3,0,1,1,0
WRK04076,Guindy,12.989297,80.22379,2018-11-01,569.0,9,0.22,1,88,Basic Shield,29,8,2,1,1,0,1
WRK04077,T Nagar,13.036369,80.224479,2017-04-01,711.0,16,0.255,2,81,Basic Shield,29,6,2,0,1,0,0
WRK04078,Tambaram,12.943316,80.106378,2018-03-01,828.0,12,0.291,3,83,Basic Shield,29,6,3,0,1,1,0
WRK04079,Adyar,12.988085,80.258868,2021-09-01,519.0,18,0.184,5,78,Basic Shield,29,3,1,1,0,0,1
WRK04080,Adyar,13.012831,80.236437,2024-03-01,658.0,14,0.137,5,81,Basic Shield,29,6,0,1,1,0,1
WRK04081,Guindy,13.003147,80.229932,2024-01-01,633.0,20,0.417,6,73,Basic Shield,29,6,2,1,1,0,1
WRK04082,T Nagar,13.031899,80.238996,2015-03-01,568.0,18,0.353,4,76,Basic Shield,29,9,1,0,1,0,0
WRK04083,Perambur,13.108025,80.221968,2022-06-01,493.0,21,0.051,4,82,Basic Shield,29,6,2,0,1,0,0
WRK04084,Perambur,13.114165,80.245355,2017-06-01,596.0,16,0.178,4,80,Basic Shield,29,7,1,0,1,0,0
WRK04085,Tambaram,12.931793,80.089343,2017-02-01,537.0,14,0.195,4,80,Basic Shield,29,4,4,0,0,1,0
WRK04086,Sholinganallur,12.91553,80.233946,2019-04-01,679.0,14,0.613,2,75,Basic Shield,29,6,2,0,1,0,0
WRK04087,Anna Nagar,13.089945,80.229583,2019-10-01,573.0,15,0.318,3,78,Basic Shield,29,7,1,0,1,0,0
WRK04088,Sholinganallur,12.914621,80.227321,2023-03-01,535.0,13,0.571,2,76,Basic Shield,29,9,1,0,1,0,0
WRK04089,Tambaram,12.93929,80.108576,2021-10-01,547.0,17,0.275,7,75,Basic Shield,29,6,3,0,1,1,0
WRK04090,Guindy,13.012771,80.204464,2024-03-01,643.0,23,0.443,1,78,Basic Shield,29,7,2,1,1,0,1
WRK04091,Velachery,13.001172,80.234286,2021-06-01,590.0,20,0.314,3,78,Basic Shield,29,6,4,0,1,1,0
WRK04092,Guindy,13.023616,80.203038,2016-04-01,816.0,26,0.692,2,73,Basic Shield,29,12,1,1,1,0,1
WRK04093,T Nagar,13.019597,80.228683,2024-03-01,795.0,20,0.237,3,81,Basic Shield,29,9,0,0,1,0,0
WRK04094,Chromepet,12.945676,80.135805,2016-09-01,672.0,12,0.364,2,82,Basic Shield,29,7,4,0,1,1,0
WRK04095,Velachery,12.975041,80.198681,2023-06-01,600.0,16,0.669,7,67,Standard Shield,49,9,1,0,1,0,0
WRK04096,Porur,13.02125,80.163005,2017-09-01,392.0,23,0.108,4,80,Basic Shield,29,2,2,0,0,0,0
WRK04097,Perambur,13.134005,80.239727,2019-06-01,721.0,25,0.189,3,81,Basic Shield,29,6,1,0,1,0,0
WRK04098,Velachery,12.977829,80.219132,2017-11-01,588.0,27,0.367,1,79,Basic Shield,29,7,1,0,1,0,0
WRK04099,Velachery,12.99283,80.205217,2017-08-01,644.0,23,0.243,2,81,Basic Shield,29,7,2,0,1,0,0
WRK04100,Tambaram,12.92515,80.100144,2018-08-01,655.0,20,0.234,3,80,Basic Shield,29,6,0,0,1,0,0
WRK04101,Anna Nagar,13.088257,80.219129,2019-03-01,628.0,13,0.268,3,81,Basic Shield,29,5,1,0,1,0,0
WRK04102,Porur,13.031154,80.164499,2024-12-01,653.0,19,0.302,1,81,Basic Shield,29,4,4,0,0,1,0
WRK04103,Porur,13.031707,80.171024,2024-04-01,462.0,19,0.288,3,78,Basic Shield,29,7,2,0,1,0,0
WRK04104,Anna Nagar,13.103532,80.206454,2017-02-01,570.0,17,0.313,5,76,Basic Shield,29,9,2,0,1,0,0
WRK04105,Guindy,12.997559,80.237195,2023-02-01,786.0,18,0.269,0,83,Basic Shield,29,7,3,1,1,1,1
WRK04106,Guindy,12.98794,80.20368,2023-08-01,475.0,18,0.583,4,71,Basic Shield,29,3,1,1,0,0,1
WRK04107,Sholinganallur,12.886373,80.238503,2018-11-01,534.0,18,0.203,3,80,Basic Shield,29,9,1,0,1,0,0
WRK04108,Porur,13.050455,80.173083,2019-07-01,690.0,19,0.371,3,78,Basic Shield,29,2,1,0,0,0,0
WRK04109,Sholinganallur,12.881137,80.232244,2021-10-01,524.0,15,0.204,2,81,Basic Shield,29,7,2,0,1,0,0
WRK04110,Guindy,12.986901,80.235653,2018-01-01,523.0,25,0.381,2,77,Basic Shield,29,6,3,1,1,1,1
WRK04111,Guindy,12.996157,80.204077,2017-07-01,524.0,17,0.444,3,75,Basic Shield,29,6,3,1,1,1,1
WRK04112,Guindy,12.990041,80.214231,2017-06-01,500.0,19,0.163,6,78,Basic Shield,29,4,2,1,0,0,1
WRK04113,Tambaram,12.919454,80.099436,2016-07-01,497.0,23,0.332,4,76,Basic Shield,29,5,0,0,1,0,0
WRK04114,Tambaram,12.914967,80.10353,2021-08-01,703.0,14,0.24,2,82,Basic Shield,29,4,4,0,0,1,0
WRK04115,Porur,13.025115,80.146046,2016-04-01,581.0,22,0.341,1,80,Basic Shield,29,5,1,0,1,0,0
WRK04116,Adyar,13.023463,80.263421,2018-07-01,654.0,19,0.014,4,83,Basic Shield,29,3,2,1,0,0,1
WRK04117,Perambur,13.119991,80.245655,2018-09-01,585.0,20,0.478,4,74,Basic Shield,29,3,4,0,0,1,0
WRK04118,Perambur,13.121893,80.244693,2022-01-01,891.0,24,0.473,6,73,Basic Shield,29,5,1,0,1,0,0
WRK04119,Tambaram,12.910065,80.097305,2016-08-01,771.0,17,0.281,8,75,Basic Shield,29,5,0,0,1,0,0
WRK04120,Guindy,12.988176,80.220355,2023-09-01,560.0,26,0.104,7,78,Basic Shield,29,9,2,1,1,0,1
WRK04121,Sholinganallur,12.918314,80.231881,2023-06-01,453.0,16,0.109,5,80,Basic Shield,29,10,2,0,1,0,0
WRK04122,Adyar,12.987713,80.24715,2016-10-01,645.0,26,0.569,4,72,Basic Shield,29,6,4,1,1,1,1
WRK04123,Porur,13.025489,80.147218,2023-05-01,690.0,11,0.177,1,87,Basic Shield,29,7,2,0,1,0,0
WRK04124,Tambaram,12.922718,80.102527,2021-02-01,675.0,25,0.469,6,72,Basic Shield,29,7,1,0,1,0,0
WRK04125,Tambaram,12.936676,80.111627,2019-06-01,586.0,11,0.165,3,85,Basic Shield,29,6,5,0,1,1,0
WRK04126,Adyar,13.015137,80.256789,2020-08-01,682.0,18,0.097,1,85,Basic Shield,29,6,3,1,1,1,1
WRK04127,Chromepet,12.940592,80.152661,2020-05-01,565.0,18,0.124,5,80,Basic Shield,29,8,3,0,1,1,0
WRK04128,Guindy,13.021523,80.232821,2015-12-01,751.0,13,0.093,5,83,Basic Shield,29,7,4,1,1,1,1
WRK04129,T Nagar,13.058152,80.243597,2019-09-01,564.0,19,0.594,2,73,Basic Shield,29,5,3,0,1,1,0
WRK04130,Adyar,13.018916,80.267573,2020-07-01,741.0,22,0.456,2,77,Basic Shield,29,8,1,1,1,0,1
WRK04131,Adyar,13.011264,80.255791,2017-10-01,551.0,21,0.513,2,75,Basic Shield,29,5,2,1,1,0,1
WRK04132,T Nagar,13.051099,80.241015,2015-05-01,593.0,26,0.468,1,77,Basic Shield,29,9,2,0,1,0,0
WRK04133,Porur,13.036608,80.166918,2019-11-01,625.0,13,0.326,3,80,Basic Shield,29,5,1,0,1,0,0
WRK04134,Porur,13.025688,80.143082,2019-12-01,625.0,18,0.412,4,75,Basic Shield,29,4,1,0,0,0,0
WRK04135,T Nagar,13.023621,80.235496,2024-12-01,681.0,18,0.13,1,84,Basic Shield,29,7,3,0,1,1,0
WRK04136,Tambaram,12.916016,80.101035,2022-11-01,549.0,21,0.67,4,70,Basic Shield,29,9,2,0,1,0,0
WRK04137,Velachery,12.984844,80.201954,2016-09-01,668.0,24,0.488,1,77,Basic Shield,29,5,1,0,1,0,0
WRK04138,Perambur,13.102293,80.252548,2021-07-01,510.0,20,0.169,1,83,Basic Shield,29,9,3,0,1,1,0
WRK04139,Tambaram,12.929873,80.119084,2021-03-01,586.0,15,0.143,1,84,Basic Shield,29,9,2,0,1,0,0
WRK04140,Porur,13.033256,80.167535,2019-12-01,663.0,20,0.288,2,80,Basic Shield,29,3,3,0,0,1,0
WRK04141,Velachery,12.974571,80.204565,2019-10-01,435.0,18,0.172,2,81,Basic Shield,29,10,2,0,1,0,0
WRK04142,Adyar,12.990815,80.273075,2021-12-01,427.0,19,0.15,3,81,Basic Shield,29,9,1,1,1,0,1
WRK04143,Porur,13.029174,80.145593,2017-04-01,508.0,19,0.174,4,80,Basic Shield,29,10,2,0,1,0,0
WRK04144,Adyar,13.015854,80.251701,2021-01-01,586.0,24,0.719,4,69,Standard Shield,49,10,2,1,1,0,1
WRK04145,Velachery,12.985162,80.228831,2015-06-01,730.0,21,0.068,1,86,Basic Shield,29,6,2,0,1,0,0
WRK04146,T Nagar,13.048677,80.218777,2017-05-01,565.0,14,0.097,0,86,Basic Shield,29,2,3,0,0,1,0
WRK04147,Adyar,12.996513,80.239769,2020-08-01,636.0,20,0.364,2,78,Basic Shield,29,4,2,1,0,0,1
WRK04148,Chromepet,12.947741,80.151201,2023-08-01,566.0,21,0.258,3,79,Basic Shield,29,5,1,0,1,0,0
WRK04149,Perambur,13.108802,80.231803,2015-03-01,699.0,15,0.06,2,85,Basic Shield,29,3,1,0,0,0,0
WRK04150,Tambaram,12.936803,80.092685,2020-04-01,574.0,16,0.258,5,77,Basic Shield,29,6,1,0,1,0,0
WRK04151,Velachery,12.992062,80.22233,2016-05-01,458.0,17,0.295,3,78,Basic Shield,29,7,0,0,1,0,0
WRK04152,Adyar,13.008762,80.24622,2023-04-01,736.0,20,0.127,2,84,Basic Shield,29,5,2,1,1,0,1
WRK04153,Porur,13.056492,80.142713,2018-09-01,885.0,22,0.4,2,79,Basic Shield,29,10,1,0,1,0,0
WRK04154,Sholinganallur,12.888687,80.227092,2017-07-01,404.0,16,0.516,3,73,Basic Shield,29,4,1,0,0,0,0
WRK04155,Perambur,13.119979,80.245019,2021-09-01,702.0,23,0.172,3,82,Basic Shield,29,5,0,0,1,0,0
WRK04156,Sholinganallur,12.883195,80.230667,2021-12-01,520.0,21,0.333,4,76,Basic Shield,29,10,2,0,1,0,0
WRK04157,Perambur,13.099275,80.244476,2024-06-01,685.0,23,0.089,5,81,Basic Shield,29,5,2,0,1,0,0
WRK04158,Sholinganallur,12.917046,80.220592,2021-10-01,742.0,18,0.583,0,77,Basic Shield,29,7,3,0,1,1,0
WRK04159,Velachery,12.974926,80.230848,2024-06-01,608.0,19,0.217,2,81,Basic Shield,29,5,1,0,1,0,0
WRK04160,Sholinganallur,12.893054,80.219514,2024-07-01,599.0,21,0.235,2,81,Basic Shield,29,5,3,0,1,1,0
WRK04161,Perambur,13.101326,80.25467,2019-06-01,527.0,24,0.255,5,77,Basic Shield,29,5,2,0,1,0,0
WRK04162,Velachery,12.984495,80.20099,2024-03-01,454.0,17,0.183,5,78,Basic Shield,29,8,2,0,1,0,0
WRK04163,Adyar,12.993425,80.245306,2019-08-01,566.0,18,0.687,1,73,Basic Shield,29,6,2,1,1,0,1
WRK04164,Velachery,12.969127,80.223379,2023-11-01,568.0,15,0.215,8,75,Basic Shield,29,6,0,0,1,0,0
WRK04165,Guindy,13.026218,80.239524,2019-04-01,453.0,16,0.465,4,73,Basic Shield,29,2,1,1,0,0,1
WRK04166,Velachery,12.976582,80.209994,2023-06-01,797.0,16,0.033,3,85,Basic Shield,29,6,3,0,1,1,0
WRK04167,Chromepet,12.960906,80.150378,2023-01-01,705.0,12,0.458,3,79,Basic Shield,29,9,1,0,1,0,0
WRK04168,Anna Nagar,13.104294,80.204724,2017-12-01,794.0,25,0.174,3,82,Basic Shield,29,7,0,0,1,0,0
WRK04169,Perambur,13.131471,80.233557,2020-04-01,696.0,22,0.259,2,81,Basic Shield,29,6,1,0,1,0,0
WRK04170,Perambur,13.123246,80.247626,2017-12-01,795.0,19,0.181,3,82,Basic Shield,29,6,4,0,1,1,0
WRK04171,Perambur,13.128008,80.236053,2016-11-01,469.0,13,0.424,2,78,Basic Shield,29,6,1,0,1,0,0
WRK04172,Tambaram,12.922223,80.112406,2023-07-01,657.0,14,0.25,4,80,Basic Shield,29,6,1,0,1,0,0
WRK04173,Chromepet,12.943655,80.156468,2020-11-01,524.0,19,0.322,4,77,Basic Shield,29,7,2,0,1,0,0
WRK04174,Sholinganallur,12.912115,80.22624,2020-10-01,835.0,16,0.684,4,71,Basic Shield,29,2,4,0,0,1,0
WRK04175,Tambaram,12.912336,80.114243,2022-07-01,485.0,16,0.51,5,72,Basic Shield,29,3,1,0,0,0,0
WRK04176,T Nagar,13.034644,80.241095,2015-05-01,503.0,15,0.167,2,82,Basic Shield,29,11,4,0,1,1,0
WRK04177,Perambur,13.135745,80.249698,2023-12-01,673.0,18,0.146,2,83,Basic Shield,29,9,2,0,1,0,0
WRK04178,Anna Nagar,13.086791,80.218285,2021-04-01,617.0,19,0.553,1,76,Basic Shield,29,10,3,0,1,1,0
WRK04179,T Nagar,13.03195,80.237069,2024-09-01,831.0,24,0.038,4,84,Basic Shield,29,10,2,0,1,0,0
WRK04180,T Nagar,13.031589,80.214381,2015-02-01,454.0,12,0.342,5,78,Basic Shield,29,5,2,0,1,0,0
WRK04181,Velachery,12.965128,80.223252,2019-03-01,726.0,15,0.406,4,76,Basic Shield,29,4,2,0,0,0,0
WRK04182,Anna Nagar,13.101757,80.201664,2018-01-01,673.0,21,0.112,3,83,Basic Shield,29,1,2,0,0,0,0
WRK04183,Velachery,12.998081,80.203248,2015-08-01,444.0,11,0.143,3,85,Basic Shield,29,8,1,0,1,0,0
WRK04184,Perambur,13.121893,80.247321,2024-12-01,554.0,13,0.225,4,81,Basic Shield,29,3,2,0,0,0,0
WRK04185,Adyar,13.008792,80.244154,2021-06-01,596.0,15,0.057,2,84,Basic Shield,29,9,2,1,1,0,1
WRK04186,Tambaram,12.906492,80.084983,2015-09-01,699.0,18,0.16,5,80,Basic Shield,29,6,5,0,1,1,0
WRK04187,Chromepet,12.94862,80.160036,2021-04-01,397.0,14,0.019,2,85,Basic Shield,29,6,0,0,1,0,0
WRK04188,Perambur,13.120253,80.221462,2018-10-01,633.0,15,0.069,3,83,Basic Shield,29,5,2,0,1,0,0
WRK04189,Velachery,12.997925,80.235013,2021-06-01,804.0,22,0.312,4,78,Basic Shield,29,6,0,0,1,0,0
WRK04190,Velachery,12.975903,80.209392,2017-11-01,609.0,16,0.158,2,82,Basic Shield,29,1,0,0,0,0,0
WRK04191,Anna Nagar,13.099459,80.197559,2022-08-01,577.0,17,0.415,5,74,Basic Shield,29,11,1,0,1,0,0
WRK04192,Perambur,13.128131,80.240595,2016-07-01,788.0,16,0.318,4,78,Basic Shield,29,5,0,0,1,0,0
WRK04193,T Nagar,13.057181,80.216375,2017-05-01,756.0,17,0.452,2,77,Basic Shield,29,6,0,0,1,0,0
WRK04194,Adyar,13.004523,80.267062,2018-06-01,544.0,27,0.222,1,82,Basic Shield,29,8,1,1,1,0,1
WRK04195,T Nagar,13.032873,80.245723,2024-04-01,446.0,15,0.144,1,83,Basic Shield,29,9,6,0,1,1,0
WRK04196,Perambur,13.135444,80.235653,2019-06-01,701.0,21,0.61,1,75,Basic Shield,29,9,2,0,1,0,0
WRK04197,Sholinganallur,12.896802,80.224412,2016-02-01,588.0,15,0.211,7,76,Basic Shield,29,6,3,0,1,1,0
WRK04198,Velachery,12.989915,80.213036,2024-11-01,609.0,23,0.11,8,77,Basic Shield,29,7,0,0,1,0,0
WRK04199,Perambur,13.134521,80.241343,2018-01-01,713.0,15,0.125,2,84,Basic Shield,29,5,0,0,1,0,0
WRK04200,Adyar,13.019007,80.246321,2024-05-01,789.0,22,0.252,3,80,Basic Shield,29,10,3,1,1,1,1
WRK04201,Chromepet,12.947686,80.126937,2017-04-01,560.0,22,0.357,4,76,Basic Shield,29,7,1,0,1,0,0
WRK04202,Tambaram,12.939183,80.109188,2023-04-01,580.0,18,0.01,3,84,Basic Shield,29,7,1,0,1,0,0
WRK04203,Velachery,12.979594,80.205982,2022-10-01,499.0,22,0.352,4,76,Basic Shield,29,5,2,0,1,0,0
WRK04204,Porur,13.050263,80.176715,2023-07-01,629.0,16,0.154,2,83,Basic Shield,29,8,2,0,1,0,0
WRK04205,Chromepet,12.956697,80.137219,2020-08-01,532.0,16,0.329,5,76,Basic Shield,29,7,6,0,1,1,0
WRK04206,Adyar,12.988039,80.273423,2016-09-01,613.0,15,0.265,0,82,Basic Shield,29,7,1,1,1,0,1
WRK04207,Perambur,13.108627,80.214972,2015-03-01,803.0,19,0.072,2,85,Basic Shield,29,8,4,0,1,1,0
WRK04208,Velachery,12.963543,80.199647,2018-02-01,631.0,18,0.225,3,80,Basic Shield,29,4,1,0,0,0,0
WRK04209,Porur,13.036975,80.161204,2024-02-01,554.0,15,0.458,1,77,Basic Shield,29,2,0,0,0,0,0
WRK04210,Adyar,13.010802,80.255636,2024-06-01,703.0,14,0.112,3,84,Basic Shield,29,6,1,1,1,0,1
WRK04211,T Nagar,13.026056,80.230403,2020-08-01,652.0,21,0.168,1,83,Basic Shield,29,5,3,0,1,1,0
WRK04212,Sholinganallur,12.912315,80.226436,2020-06-01,325.0,18,0.122,3,81,Basic Shield,29,4,3,0,0,1,0
WRK04213,Tambaram,12.925081,80.080994,2023-01-01,542.0,16,0.271,4,78,Basic Shield,29,5,2,0,1,0,0
WRK04214,Tambaram,12.908537,80.114007,2023-07-01,471.0,17,0.223,5,77,Basic Shield,29,8,1,0,1,0,0
WRK04215,Sholinganallur,12.89562,80.228812,2022-10-01,482.0,14,0.055,2,85,Basic Shield,29,10,1,0,1,0,0
WRK04216,Perambur,13.10122,80.253784,2015-09-01,521.0,22,0.272,1,81,Basic Shield,29,4,2,0,0,0,0
WRK04217,Guindy,13.009318,80.205352,2016-06-01,762.0,20,0.095,3,83,Basic Shield,29,10,2,1,1,0,1
WRK04218,Sholinganallur,12.890013,80.215366,2024-10-01,638.0,20,0.319,5,76,Basic Shield,29,5,3,0,1,1,0
WRK04219,Chromepet,12.965681,80.146728,2023-12-01,515.0,18,0.586,1,74,Basic Shield,29,4,0,0,0,0,0
WRK04220,Guindy,13.003264,80.215326,2020-04-01,598.0,21,0.167,3,81,Basic Shield,29,9,3,1,1,1,1
WRK04221,Velachery,12.965618,80.209666,2015-06-01,462.0,15,0.211,1,82,Basic Shield,29,9,1,0,1,0,0
WRK04222,Sholinganallur,12.903558,80.236839,2019-02-01,503.0,24,0.137,5,79,Basic Shield,29,8,2,0,1,0,0
WRK04223,Adyar,12.988933,80.260211,2023-06-01,658.0,20,0.281,1,81,Basic Shield,29,8,5,1,1,1,1
WRK04224,Adyar,13.004626,80.256137,2015-04-01,631.0,15,0.532,5,72,Basic Shield,29,10,1,1,1,0,1
WRK04225,Perambur,13.117523,80.223594,2018-08-01,597.0,15,0.39,6,74,Basic Shield,29,3,0,0,0,0,0
WRK04226,Chromepet,12.952655,80.139465,2021-09-01,458.0,19,0.362,5,75,Basic Shield,29,11,5,0,1,1,0
WRK04227,Anna Nagar,13.081615,80.200239,2024-06-01,545.0,17,0.347,3,77,Basic Shield,29,8,3,0,1,1,0
WRK04228,Porur,13.047379,80.170875,2021-09-01,590.0,17,0.512,5,72,Basic Shield,29,7,2,0,1,0,0
WRK04229,Chromepet,12.940708,80.130902,2021-10-01,614.0,8,0.168,1,90,Basic Shield,29,6,0,0,1,0,0
WRK04230,Tambaram,12.94315,80.083856,2019-10-01,462.0,21,0.373,5,74,Basic Shield,29,5,2,0,1,0,0
WRK04231,Perambur,13.134216,80.218313,2020-04-01,632.0,18,0.485,5,73,Basic Shield,29,7,2,0,1,0,0
WRK04232,Chromepet,12.967407,80.157874,2020-07-01,821.0,22,0.275,7,76,Basic Shield,29,4,2,0,0,0,0
WRK04233,Velachery,12.976826,80.224573,2018-08-01,661.0,16,0.323,1,80,Basic Shield,29,7,3,0,1,1,0
WRK04234,Chromepet,12.947433,80.162482,2020-09-01,637.0,17,0.67,5,69,Standard Shield,49,8,1,0,1,0,0
WRK04235,Tambaram,12.907023,80.104012,2020-03-01,624.0,28,0.113,5,80,Basic Shield,29,8,2,0,1,0,0
WRK04236,Tambaram,12.942335,80.095614,2020-07-01,300.0,23,0.103,2,82,Basic Shield,29,7,3,0,1,1,0
WRK04237,Guindy,13.011974,80.226916,2021-09-01,359.0,13,0.108,7,79,Basic Shield,29,3,2,1,0,0,1
WRK04238,Chromepet,12.968622,80.13533,2023-02-01,588.0,16,0.272,7,75,Basic Shield,29,4,2,0,0,0,0
WRK04239,Anna Nagar,13.074898,80.205522,2018-09-01,374.0,21,0.164,4,79,Basic Shield,29,7,2,0,1,0,0
WRK04240,Adyar,12.987948,80.240257,2018-02-01,539.0,15,0.408,5,74,Basic Shield,29,5,1,1,1,0,1
WRK04241,Perambur,13.107676,80.214836,2015-12-01,469.0,19,0.104,4,81,Basic Shield,29,2,5,0,0,1,0
WRK04242,Anna Nagar,13.086355,80.228974,2020-09-01,528.0,21,0.147,5,79,Basic Shield,29,3,0,0,0,0,0
WRK04243,Velachery,12.999016,80.237423,2019-04-01,656.0,19,0.452,0,79,Basic Shield,29,5,3,0,1,1,0
WRK04244,Sholinganallur,12.888715,80.245041,2017-12-01,740.0,20,0.464,4,75,Basic Shield,29,6,2,0,1,0,0
WRK04245,Adyar,13.016923,80.245697,2016-04-01,527.0,22,0.149,2,82,Basic Shield,29,4,1,1,0,0,1
WRK04246,Guindy,13.014193,80.239657,2015-11-01,560.0,23,0.438,3,76,Basic Shield,29,2,2,1,0,0,1
WRK04247,Velachery,12.968262,80.212672,2022-03-01,639.0,22,0.238,3,80,Basic Shield,29,8,0,0,1,0,0
WRK04248,Chromepet,12.956444,80.142187,2023-06-01,704.0,17,0.24,2,81,Basic Shield,29,3,1,0,0,0,0
WRK04249,Adyar,13.007636,80.253985,2018-09-01,785.0,18,0.373,1,80,Basic Shield,29,3,2,1,0,0,1
WRK04250,Velachery,12.974814,80.211366,2015-11-01,600.0,14,0.282,4,79,Basic Shield,29,4,0,0,0,0,0
WRK04251,Guindy,13.020263,80.214014,2023-06-01,670.0,16,0.125,2,83,Basic Shield,29,4,0,1,0,0,1
WRK04252,Chromepet,12.943739,80.143346,2016-09-01,577.0,19,0.317,0,81,Basic Shield,29,11,3,0,1,1,0
WRK04253,Adyar,13.006687,80.259329,2019-10-01,755.0,16,0.409,4,76,Basic Shield,29,10,1,1,1,0,1
WRK04254,Chromepet,12.959152,80.140055,2021-03-01,580.0,17,0.307,4,77,Basic Shield,29,5,1,0,1,0,0
WRK04255,Porur,13.031452,80.167034,2024-11-01,697.0,19,0.461,4,75,Basic Shield,29,10,3,0,1,1,0
WRK04256,Sholinganallur,12.902647,80.218145,2024-10-01,633.0,21,0.415,4,75,Basic Shield,29,6,0,0,1,0,0
WRK04257,Velachery,12.995611,80.223287,2016-11-01,736.0,12,0.099,4,85,Basic Shield,29,4,1,0,0,0,0
WRK04258,Sholinganallur,12.897467,80.242282,2019-03-01,599.0,20,0.513,4,73,Basic Shield,29,3,3,0,0,1,0
WRK04259,Sholinganallur,12.913596,80.230686,2017-12-01,674.0,14,0.2,2,83,Basic Shield,29,1,2,0,0,0,0
WRK04260,Velachery,12.975631,80.234126,2021-06-01,486.0,16,0.328,2,78,Basic Shield,29,3,4,0,0,1,0
WRK04261,Guindy,12.993361,80.219465,2015-05-01,726.0,15,0.052,2,85,Basic Shield,29,2,5,1,0,1,1
WRK04262,Sholinganallur,12.887963,80.212385,2020-03-01,657.0,15,0.084,4,82,Basic Shield,29,5,2,0,1,0,0
WRK04263,Adyar,12.992014,80.2653,2016-03-01,715.0,29,0.283,7,75,Basic Shield,29,8,0,1,1,0,1
WRK04264,Porur,13.021712,80.146589,2021-05-01,471.0,20,0.151,4,80,Basic Shield,29,9,2,0,1,0,0
WRK04265,Sholinganallur,12.909611,80.239382,2023-10-01,591.0,24,0.044,3,84,Basic Shield,29,6,2,0,1,0,0
WRK04266,Porur,13.050348,80.1459,2017-07-01,463.0,15,0.145,1,83,Basic Shield,29,4,2,0,0,0,0
WRK04267,T Nagar,13.031725,80.245985,2020-05-01,456.0,14,0.054,2,85,Basic Shield,29,7,1,0,1,0,0
WRK04268,Guindy,12.993535,80.213859,2021-07-01,708.0,14,0.203,4,81,Basic Shield,29,3,5,1,0,1,1
WRK04269,Porur,13.026198,80.160034,2015-11-01,513.0,11,0.523,1,80,Basic Shield,29,8,3,0,1,1,0
WRK04270,Adyar,13.022774,80.249942,2017-11-01,498.0,18,0.469,3,75,Basic Shield,29,6,3,1,1,1,1
WRK04271,Velachery,12.97579,80.200978,2018-12-01,588.0,26,0.128,3,82,Basic Shield,29,8,3,0,1,1,0
WRK04272,Adyar,13.021198,80.267789,2017-03-01,694.0,17,0.252,0,83,Basic Shield,29,5,1,1,1,0,1
WRK04273,Adyar,13.00567,80.254139,2019-12-01,743.0,14,0.252,0,84,Basic Shield,29,4,4,1,0,1,1
WRK04274,Porur,13.018612,80.138618,2024-12-01,668.0,14,0.377,5,76,Basic Shield,29,5,1,0,1,0,0
WRK04275,T Nagar,13.035365,80.233256,2021-11-01,524.0,19,0.204,4,79,Basic Shield,29,8,0,0,1,0,0
WRK04276,Porur,13.045586,80.142222,2019-05-01,684.0,16,0.584,3,73,Basic Shield,29,9,3,0,1,1,0
WRK04277,Porur,13.020679,80.144824,2016-08-01,677.0,22,0.528,2,75,Basic Shield,29,6,4,0,1,1,0
WRK04278,Tambaram,12.9194,80.086412,2017-09-01,556.0,13,0.19,2,83,Basic Shield,29,7,1,0,1,0,0
WRK04279,Sholinganallur,12.91389,80.242554,2020-01-01,659.0,13,0.201,0,86,Basic Shield,29,10,3,0,1,1,0
WRK04280,Porur,13.021306,80.140978,2024-03-01,624.0,17,0.158,2,82,Basic Shield,29,5,1,0,1,0,0
WRK04281,Velachery,12.971864,80.224838,2022-03-01,589.0,16,0.566,1,75,Basic Shield,29,6,2,0,1,0,0
WRK04282,Anna Nagar,13.080672,80.227761,2017-06-01,615.0,20,0.157,5,79,Basic Shield,29,10,1,0,1,0,0
WRK04283,Adyar,12.991092,80.24286,2019-10-01,500.0,17,0.477,2,75,Basic Shield,29,4,1,1,0,0,1
WRK04284,T Nagar,13.024707,80.218899,2020-06-01,689.0,22,0.196,2,82,Basic Shield,29,5,0,0,1,0,0
WRK04285,T Nagar,13.051036,80.236023,2022-06-01,713.0,22,0.048,4,83,Basic Shield,29,3,2,0,0,0,0
WRK04286,Porur,13.054628,80.15087,2020-08-01,683.0,19,0.318,3,79,Basic Shield,29,5,2,0,1,0,0
WRK04287,Velachery,12.999767,80.20523,2015-10-01,453.0,16,0.064,4,81,Basic Shield,29,7,2,0,1,0,0
WRK04288,Tambaram,12.935777,80.107255,2016-05-01,436.0,14,0.354,2,79,Basic Shield,29,7,3,0,1,1,0
WRK04289,Porur,13.021911,80.166002,2021-02-01,358.0,24,0.525,2,74,Basic Shield,29,6,5,0,1,1,0
WRK04290,Sholinganallur,12.898406,80.235799,2018-04-01,712.0,16,0.292,3,79,Basic Shield,29,5,3,0,1,1,0
WRK04291,Velachery,12.997502,80.200494,2017-04-01,739.0,22,0.14,2,83,Basic Shield,29,11,0,0,1,0,0
WRK04292,T Nagar,13.031241,80.22174,2022-11-01,560.0,26,0.434,2,77,Basic Shield,29,3,2,0,0,0,0
WRK04293,Anna Nagar,13.095821,80.225337,2021-06-01,468.0,15,0.263,3,79,Basic Shield,29,4,2,0,0,0,0
WRK04294,Anna Nagar,13.108683,80.20055,2018-06-01,631.0,18,0.506,3,75,Basic Shield,29,12,3,0,1,1,0
WRK04295,Guindy,13.017316,80.204347,2022-03-01,702.0,22,0.36,0,81,Basic Shield,29,7,2,1,1,0,1
WRK04296,Guindy,12.996173,80.227408,2021-01-01,556.0,21,0.134,6,79,Basic Shield,29,5,0,1,1,0,1
WRK04297,Perambur,13.107258,80.229708,2016-06-01,746.0,15,0.39,5,75,Basic Shield,29,8,5,0,1,1,0
WRK04298,Adyar,13.013411,80.252923,2017-04-01,644.0,15,0.309,3,79,Basic Shield,29,9,1,1,1,0,1
WRK04299,Velachery,12.976131,80.218852,2016-06-01,765.0,17,0.407,1,79,Basic Shield,29,5,6,0,1,1,0
WRK04300,Sholinganallur,12.903992,80.229003,2015-12-01,733.0,17,0.297,3,79,Basic Shield,29,5,2,0,1,0,0
WRK04301,Guindy,13.019468,80.223225,2015-09-01,582.0,15,0.188,3,81,Basic Shield,29,8,0,1,1,0,1
WRK04302,Porur,13.017812,80.165577,2023-05-01,627.0,24,0.271,2,80,Basic Shield,29,7,2,0,1,0,0
WRK04303,Sholinganallur,12.914856,80.241596,2020-04-01,690.0,18,0.752,1,72,Basic Shield,29,9,1,0,1,0,0
WRK04304,Adyar,13.013661,80.269863,2016-05-01,593.0,16,0.12,4,81,Basic Shield,29,8,1,1,1,0,1
WRK04305,Perambur,13.134397,80.251639,2020-11-01,774.0,21,0.49,3,76,Basic Shield,29,0,4,0,0,1,0
WRK04306,Chromepet,12.942433,80.150306,2021-12-01,566.0,18,0.307,3,78,Basic Shield,29,6,5,0,1,1,0
WRK04307,Chromepet,12.954149,80.160408,2019-08-01,486.0,16,0.196,2,81,Basic Shield,29,7,0,0,1,0,0
WRK04308,Chromepet,12.945748,80.155796,2016-10-01,644.0,21,0.649,2,73,Basic Shield,29,7,3,0,1,1,0
WRK04309,Tambaram,12.944255,80.099818,2024-07-01,574.0,25,0.339,1,80,Basic Shield,29,9,2,0,1,0,0
WRK04310,Sholinganallur,12.888535,80.222457,2015-01-01,589.0,17,0.467,5,73,Basic Shield,29,5,1,0,1,0,0
WRK04311,Perambur,13.103488,80.232149,2021-09-01,792.0,10,0.233,2,87,Basic Shield,29,9,1,0,1,0,0
WRK04312,Velachery,12.970531,80.215404,2020-03-01,520.0,22,0.426,6,73,Basic Shield,29,7,3,0,1,1,0
WRK04313,Chromepet,12.966145,80.125603,2018-12-01,755.0,21,0.124,2,84,Basic Shield,29,5,3,0,1,1,0
WRK04314,Perambur,13.132483,80.220156,2017-05-01,748.0,21,0.34,2,79,Basic Shield,29,8,1,0,1,0,0
WRK04315,Adyar,13.002015,80.246011,2023-06-01,438.0,21,0.073,2,83,Basic Shield,29,5,2,1,1,0,1
WRK04316,T Nagar,13.031157,80.226739,2015-01-01,636.0,17,0.399,2,78,Basic Shield,29,8,1,0,1,0,0
WRK04317,Tambaram,12.927941,80.104408,2024-10-01,676.0,15,0.147,5,80,Basic Shield,29,7,2,0,1,0,0
WRK04318,Porur,13.016696,80.142143,2020-01-01,370.0,20,0.636,4,70,Basic Shield,29,3,3,0,0,1,0
WRK04319,Tambaram,12.909051,80.113622,2022-03-01,489.0,16,0.187,5,78,Basic Shield,29,9,0,0,1,0,0
WRK04320,Anna Nagar,13.091937,80.216138,2015-05-01,587.0,15,0.459,3,75,Basic Shield,29,3,1,0,0,0,0
WRK04321,Porur,13.034311,80.152342,2022-07-01,770.0,22,0.195,4,80,Basic Shield,29,2,2,0,0,0,0
WRK04322,Porur,13.032526,80.175935,2015-05-01,550.0,16,0.204,5,78,Basic Shield,29,6,3,0,1,1,0
WRK04323,Porur,13.037535,80.153564,2015-09-01,487.0,16,0.585,2,73,Basic Shield,29,8,1,0,1,0,0
WRK04324,Porur,13.053586,80.160569,2015-06-01,619.0,21,0.085,3,83,Basic Shield,29,9,3,0,1,1,0
WRK04325,Porur,13.041078,80.162277,2024-01-01,704.0,19,0.561,0,77,Basic Shield,29,12,3,0,1,1,0
WRK04326,T Nagar,13.023979,80.244643,2022-05-01,502.0,11,0.157,4,84,Basic Shield,29,6,2,0,1,0,0
WRK04327,Porur,13.016991,80.169707,2021-10-01,603.0,21,0.186,2,82,Basic Shield,29,6,2,0,1,0,0
WRK04328,Perambur,13.130827,80.244294,2017-10-01,575.0,18,0.46,3,75,Basic Shield,29,4,2,0,0,0,0
WRK04329,Guindy,13.014025,80.21684,2017-10-01,570.0,22,0.355,1,79,Basic Shield,29,4,3,1,0,1,1
WRK04330,Adyar,12.98829,80.237672,2022-03-01,483.0,14,0.445,2,77,Basic Shield,29,12,3,1,1,1,1
WRK04331,Chromepet,12.967285,80.136793,2021-10-01,300.0,24,0.327,1,78,Basic Shield,29,9,2,0,1,0,0
WRK04332,Velachery,12.986219,80.217298,2020-10-01,641.0,17,0.23,5,78,Basic Shield,29,11,6,0,1,1,0
WRK04333,Sholinganallur,12.899696,80.218486,2018-06-01,596.0,18,0.214,3,80,Basic Shield,29,3,2,0,0,0,0
WRK04334,T Nagar,13.024557,80.234704,2015-05-01,439.0,23,0.26,3,78,Basic Shield,29,8,0,0,1,0,0
WRK04335,Porur,13.017326,80.140318,2023-10-01,699.0,10,0.327,1,85,Basic Shield,29,6,4,0,1,1,0
WRK04336,Adyar,13.01337,80.266608,2015-01-01,502.0,24,0.352,1,79,Basic Shield,29,2,4,1,0,1,1
WRK04337,Velachery,12.970738,80.206026,2015-03-01,590.0,20,0.213,0,83,Basic Shield,29,7,1,0,1,0,0
WRK04338,Guindy,12.987456,80.211693,2019-11-01,663.0,19,0.285,4,78,Basic Shield,29,5,0,1,1,0,1
WRK04339,Adyar,13.017952,80.272506,2024-05-01,495.0,20,0.133,9,75,Basic Shield,29,6,1,1,1,0,1
WRK04340,Anna Nagar,13.093414,80.208546,2019-08-01,538.0,26,0.628,1,74,Basic Shield,29,4,1,0,0,0,0
WRK04341,Adyar,12.995512,80.263813,2023-02-01,747.0,16,0.263,3,80,Basic Shield,29,9,2,1,1,0,1
WRK04342,Chromepet,12.966359,80.131649,2018-05-01,684.0,16,0.253,3,80,Basic Shield,29,3,2,0,0,0,0
WRK04343,Velachery,12.978192,80.216306,2020-10-01,859.0,17,0.207,1,84,Basic Shield,29,5,2,0,1,0,0
WRK04344,Chromepet,12.951035,80.140901,2021-03-01,789.0,23,0.21,0,84,Basic Shield,29,8,2,0,1,0,0
WRK04345,T Nagar,13.021163,80.225488,2017-07-01,646.0,14,0.137,1,85,Basic Shield,29,7,1,0,1,0,0
WRK04346,Tambaram,12.944536,80.102608,2023-11-01,518.0,13,0.571,3,75,Basic Shield,29,6,0,0,1,0,0
WRK04347,T Nagar,13.043267,80.23633,2015-06-01,665.0,23,0.51,2,76,Basic Shield,29,7,2,0,1,0,0
WRK04348,Chromepet,12.941414,80.157482,2018-12-01,627.0,23,0.525,4,73,Basic Shield,29,4,4,0,0,1,0
WRK04349,Sholinganallur,12.906478,80.244993,2023-07-01,513.0,15,0.207,1,82,Basic Shield,29,7,3,0,1,1,0
WRK04350,Guindy,12.991965,80.229257,2015-11-01,532.0,15,0.274,4,78,Basic Shield,29,3,1,1,0,0,1
WRK04351,Adyar,12.996949,80.2402,2024-08-01,641.0,24,0.403,6,74,Basic Shield,29,4,2,1,0,0,1
WRK04352,Tambaram,12.930861,80.081669,2016-10-01,588.0,10,0.388,1,84,Basic Shield,29,9,2,0,1,0,0
WRK04353,T Nagar,13.055655,80.250846,2023-08-01,603.0,19,0.221,2,81,Basic Shield,29,13,0,0,1,0,0
WRK04354,Perambur,13.137434,80.230364,2020-04-01,381.0,17,0.112,5,79,Basic Shield,29,7,3,0,1,1,0
WRK04355,T Nagar,13.028417,80.22258,2017-06-01,767.0,18,0.514,6,72,Basic Shield,29,7,0,0,1,0,0
WRK04356,Tambaram,12.928702,80.095627,2019-07-01,571.0,19,0.091,3,83,Basic Shield,29,6,1,0,1,0,0
WRK04357,Chromepet,12.932256,80.143243,2024-09-01,769.0,14,0.353,3,79,Basic Shield,29,11,2,0,1,0,0
WRK04358,Tambaram,12.923896,80.083667,2016-10-01,544.0,12,0.379,3,80,Basic Shield,29,8,3,0,1,1,0
WRK04359,Sholinganallur,12.896119,80.226873,2017-12-01,829.0,13,0.293,3,82,Basic Shield,29,4,3,0,0,1,0
WRK04360,Guindy,12.988988,80.228177,2022-10-01,597.0,12,0.155,2,85,Basic Shield,29,6,2,1,1,0,1
WRK04361,Adyar,12.99707,80.250544,2018-05-01,378.0,27,0.591,2,73,Basic Shield,29,6,3,1,1,1,1
WRK04362,Guindy,12.990546,80.232578,2020-01-01,355.0,21,0.436,4,74,Basic Shield,29,10,2,1,1,0,1
WRK04363,Tambaram,12.925681,80.098234,2020-06-01,462.0,11,0.099,2,87,Basic Shield,29,3,3,0,0,1,0
WRK04364,Chromepet,12.959602,80.122826,2020-02-01,484.0,14,0.258,5,78,Basic Shield,29,7,4,0,1,1,0
WRK04365,T Nagar,13.033122,80.215184,2015-11-01,685.0,14,0.041,1,87,Basic Shield,29,7,1,0,1,0,0
WRK04366,Chromepet,12.957184,80.159984,2020-07-01,552.0,15,0.155,3,81,Basic Shield,29,11,2,0,1,0,0
WRK04367,Anna Nagar,13.095469,80.218303,2018-06-01,577.0,27,0.212,3,80,Basic Shield,29,5,0,0,1,0,0
WRK04368,Adyar,12.989024,80.261668,2020-03-01,616.0,9,0.144,8,83,Basic Shield,29,5,1,1,1,0,1
WRK04369,T Nagar,13.041106,80.237641,2021-04-01,531.0,24,0.039,2,84,Basic Shield,29,2,0,0,0,0,0
WRK04370,Perambur,13.107085,80.241273,2020-01-01,737.0,10,0.104,1,90,Basic Shield,29,3,2,0,0,0,0
WRK04371,Sholinganallur,12.90334,80.223676,2016-03-01,666.0,20,0.593,1,75,Basic Shield,29,7,1,0,1,0,0
WRK04372,Anna Nagar,13.098998,80.217713,2019-01-01,684.0,27,0.224,0,83,Basic Shield,29,7,2,0,1,0,0
WRK04373,Tambaram,12.908481,80.086069,2021-08-01,657.0,18,0.201,5,79,Basic Shield,29,12,0,0,1,0,0
WRK04374,Sholinganallur,12.899265,80.235012,2022-01-01,598.0,19,0.201,4,79,Basic Shield,29,6,3,0,1,1,0
WRK04375,Porur,13.016902,80.161645,2021-11-01,633.0,17,0.234,4,79,Basic Shield,29,6,3,0,1,1,0
WRK04376,Tambaram,12.911395,80.089343,2022-07-01,627.0,12,0.376,3,80,Basic Shield,29,6,3,0,1,1,0
WRK04377,Chromepet,12.971021,80.150843,2019-07-01,716.0,22,0.223,5,79,Basic Shield,29,6,4,0,1,1,0
WRK04378,Tambaram,12.908293,80.103195,2017-09-01,461.0,23,0.471,0,77,Basic Shield,29,8,5,0,1,1,0
WRK04379,Porur,13.037293,80.146183,2022-01-01,676.0,12,0.094,2,87,Basic Shield,29,6,2,0,1,0,0
WRK04380,Porur,13.055976,80.165481,2018-05-01,551.0,20,0.462,2,76,Basic Shield,29,6,1,0,1,0,0
WRK04381,T Nagar,13.054218,80.219362,2022-03-01,514.0,19,0.346,5,75,Basic Shield,29,6,2,0,1,0,0
WRK04382,Chromepet,12.933394,80.137473,2015-06-01,649.0,24,0.224,3,80,Basic Shield,29,7,3,0,1,1,0
WRK04383,Perambur,13.09786,80.253707,2015-05-01,441.0,11,0.438,0,82,Basic Shield,29,7,1,0,1,0,0
WRK04384,Porur,13.053273,80.16314,2023-12-01,672.0,19,0.422,6,73,Basic Shield,29,1,6,0,0,1,0
WRK04385,Chromepet,12.954249,80.15745,2021-02-01,353.0,26,0.362,1,78,Basic Shield,29,4,3,0,0,1,0
WRK04386,Chromepet,12.961339,80.148985,2015-09-01,599.0,20,0.478,2,76,Basic Shield,29,5,1,0,1,0,0
WRK04387,Porur,13.032473,80.154286,2023-12-01,662.0,22,0.292,2,80,Basic Shield,29,7,2,0,1,0,0
WRK04388,Guindy,13.00963,80.221385,2020-12-01,601.0,19,0.248,2,81,Basic Shield,29,3,1,1,0,0,1
WRK04389,Porur,13.032303,80.172082,2022-02-01,573.0,22,0.181,3,81,Basic Shield,29,10,4,0,1,1,0
WRK04390,Sholinganallur,12.896209,80.208526,2017-10-01,688.0,15,0.103,1,85,Basic Shield,29,7,2,0,1,0,0
WRK04391,Porur,13.023451,80.147964,2016-10-01,754.0,19,0.261,3,80,Basic Shield,29,6,3,0,1,1,0
WRK04392,Sholinganallur,12.915022,80.230291,2018-08-01,630.0,20,0.21,4,79,Basic Shield,29,9,1,0,1,0,0
WRK04393,Tambaram,12.921879,80.113928,2017-04-01,638.0,19,0.196,7,77,Basic Shield,29,5,5,0,1,1,0
WRK04394,Tambaram,12.917261,80.11463,2023-06-01,488.0,12,0.119,1,87,Basic Shield,29,8,1,0,1,0,0
WRK04395,Velachery,12.987677,80.22915,2016-07-01,411.0,19,0.482,3,74,Basic Shield,29,3,1,0,0,0,0
WRK04396,Guindy,13.020118,80.213134,2020-11-01,427.0,10,0.399,4,80,Basic Shield,29,6,3,1,1,1,1
WRK04397,Velachery,12.98447,80.199264,2022-07-01,538.0,8,0.235,3,86,Basic Shield,29,3,1,0,0,0,0
WRK04398,Sholinganallur,12.905595,80.230992,2022-01-01,536.0,20,0.453,1,77,Basic Shield,29,7,2,0,1,0,0
WRK04399,Porur,13.032131,80.14414,2018-11-01,537.0,14,0.145,1,84,Basic Shield,29,4,2,0,0,0,0
WRK04400,Guindy,13.02035,80.232244,2021-01-01,559.0,21,0.103,3,82,Basic Shield,29,10,2,1,1,0,1
WRK04401,Velachery,12.971966,80.232995,2020-03-01,635.0,15,0.114,4,81,Basic Shield,29,6,0,0,1,0,0
WRK04402,Tambaram,12.921494,80.111075,2019-11-01,686.0,15,0.388,5,75,Basic Shield,29,5,1,0,1,0,0
WRK04403,Chromepet,12.953796,80.15753,2019-05-01,654.0,18,0.512,5,73,Basic Shield,29,5,1,0,1,0,0
WRK04404,Sholinganallur,12.897382,80.226676,2015-05-01,666.0,19,0.405,2,78,Basic Shield,29,7,0,0,1,0,0
WRK04405,Tambaram,12.930552,80.110754,2024-07-01,489.0,17,0.672,2,72,Basic Shield,29,15,5,0,1,1,0
WRK04406,Anna Nagar,13.10759,80.220609,2021-04-01,485.0,18,0.554,2,74,Basic Shield,29,12,1,0,1,0,0
WRK04407,Tambaram,12.916832,80.09983,2019-11-01,804.0,16,0.386,7,74,Basic Shield,29,4,4,0,0,1,0
WRK04408,Tambaram,12.931953,80.099871,2017-09-01,487.0,27,0.505,2,75,Basic Shield,29,6,1,0,1,0,0
WRK04409,Anna Nagar,13.085032,80.209691,2023-02-01,558.0,21,0.063,3,83,Basic Shield,29,9,5,0,1,1,0
WRK04410,Sholinganallur,12.912692,80.208108,2016-12-01,672.0,24,0.238,3,80,Basic Shield,29,5,3,0,1,1,0
WRK04411,Adyar,13.003687,80.248234,2021-04-01,692.0,19,0.198,3,81,Basic Shield,29,5,3,1,1,1,1
WRK04412,Sholinganallur,12.907195,80.234158,2024-07-01,554.0,26,0.343,4,76,Basic Shield,29,7,1,0,1,0,0
WRK04413,T Nagar,13.042724,80.249066,2021-12-01,490.0,24,0.309,1,80,Basic Shield,29,7,1,0,1,0,0
WRK04414,Tambaram,12.90556,80.113901,2024-09-01,300.0,10,0.345,1,83,Basic Shield,29,6,1,0,1,0,0
WRK04415,Sholinganallur,12.915768,80.219423,2023-08-01,512.0,14,0.424,5,75,Basic Shield,29,12,3,0,1,1,0
WRK04416,Sholinganallur,12.913335,80.22726,2024-03-01,554.0,25,0.179,6,78,Basic Shield,29,7,2,0,1,0,0
WRK04417,T Nagar,13.024516,80.218072,2021-03-01,507.0,18,0.026,1,86,Basic Shield,29,7,2,0,1,0,0
WRK04418,T Nagar,13.055817,80.238742,2024-08-01,411.0,13,0.286,3,80,Basic Shield,29,6,2,0,1,0,0
WRK04419,Guindy,13.011238,80.200877,2015-04-01,746.0,16,0.05,3,84,Basic Shield,29,2,3,1,0,1,1
WRK04420,Chromepet,12.942635,80.129575,2024-09-01,381.0,17,0.256,1,80,Basic Shield,29,4,3,0,0,1,0
WRK04421,Guindy,13.01867,80.212383,2022-12-01,700.0,18,0.137,3,82,Basic Shield,29,9,3,1,1,1,1
WRK04422,Chromepet,12.958699,80.156296,2019-08-01,591.0,18,0.275,3,79,Basic Shield,29,8,1,0,1,0,0
WRK04423,Anna Nagar,13.078521,80.208829,2020-01-01,542.0,13,0.49,1,78,Basic Shield,29,4,4,0,0,1,0
WRK04424,Perambur,13.11834,80.233936,2024-11-01,541.0,28,0.214,4,79,Basic Shield,29,7,1,0,1,0,0
WRK04425,Perambur,13.118495,80.248726,2016-06-01,725.0,16,0.127,1,85,Basic Shield,29,4,6,0,0,1,0
WRK04426,Tambaram,12.920832,80.080719,2016-02-01,605.0,17,0.281,5,77,Basic Shield,29,10,2,0,1,0,0
WRK04427,Tambaram,12.941703,80.103979,2018-07-01,613.0,25,0.379,1,79,Basic Shield,29,8,3,0,1,1,0
WRK04428,T Nagar,13.050263,80.239457,2020-05-01,533.0,21,0.378,4,76,Basic Shield,29,4,1,0,0,0,0
WRK04429,T Nagar,13.030813,80.245012,2024-02-01,663.0,17,0.228,5,78,Basic Shield,29,9,4,0,1,1,0
WRK04430,Sholinganallur,12.884804,80.216679,2022-11-01,464.0,18,0.21,1,82,Basic Shield,29,4,4,0,0,1,0
WRK04431,Sholinganallur,12.897049,80.234324,2015-06-01,558.0,19,0.339,6,75,Basic Shield,29,3,2,0,0,0,0
WRK04432,Perambur,13.104575,80.252887,2024-07-01,748.0,16,0.488,3,75,Basic Shield,29,6,0,0,1,0,0
WRK04433,Sholinganallur,12.883446,80.247811,2015-12-01,538.0,16,0.638,7,67,Standard Shield,49,5,0,0,1,0,0
WRK04434,Sholinganallur,12.919805,80.217299,2020-01-01,468.0,18,0.194,2,81,Basic Shield,29,6,4,0,1,1,0
WRK04435,Sholinganallur,12.909133,80.245168,2016-11-01,451.0,23,0.431,4,74,Basic Shield,29,3,0,0,0,0,0
WRK04436,Perambur,13.124237,80.252083,2020-07-01,879.0,19,0.141,3,83,Basic Shield,29,6,3,0,1,1,0
WRK04437,Guindy,13.0095,80.217912,2021-07-01,571.0,19,0.054,4,82,Basic Shield,29,0,3,1,0,1,1
WRK04438,Tambaram,12.910259,80.090569,2022-08-01,662.0,17,0.361,3,78,Basic Shield,29,10,2,0,1,0,0
WRK04439,Adyar,12.990301,80.271185,2022-01-01,550.0,16,0.303,1,80,Basic Shield,29,9,2,1,1,0,1
WRK04440,Tambaram,12.915417,80.112391,2023-10-01,476.0,17,0.34,4,76,Basic Shield,29,10,2,0,1,0,0
WRK04441,Tambaram,12.939887,80.081973,2023-12-01,504.0,24,0.183,3,80,Basic Shield,29,6,1,0,1,0,0
WRK04442,Perambur,13.111437,80.229419,2024-07-01,447.0,16,0.238,2,80,Basic Shield,29,7,5,0,1,1,0
WRK04443,Chromepet,12.951726,80.152733,2023-11-01,676.0,16,0.212,0,84,Basic Shield,29,13,1,0,1,0,0
WRK04444,Velachery,12.971775,80.2058,2024-10-01,644.0,28,0.175,4,80,Basic Shield,29,6,4,0,1,1,0
WRK04445,T Nagar,13.052304,80.227836,2017-12-01,467.0,26,0.051,3,83,Basic Shield,29,5,0,0,1,0,0
WRK04446,Velachery,12.996736,80.22786,2018-09-01,804.0,14,0.098,1,87,Basic Shield,29,3,2,0,0,0,0
WRK04447,Sholinganallur,12.910201,80.213946,2016-10-01,693.0,17,0.234,3,80,Basic Shield,29,9,4,0,1,1,0
WRK04448,Guindy,13.001919,80.21475,2023-03-01,663.0,19,0.175,2,82,Basic Shield,29,1,2,1,0,0,1
WRK04449,Tambaram,12.909225,80.111059,2015-03-01,532.0,19,0.283,1,81,Basic Shield,29,6,5,0,1,1,0
WRK04450,Anna Nagar,13.07876,80.192057,2019-05-01,656.0,14,0.122,8,78,Basic Shield,29,5,1,0,1,0,0
WRK04451,Sholinganallur,12.881021,80.245934,2017-02-01,503.0,14,0.17,4,81,Basic Shield,29,6,3,0,1,1,0
WRK04452,Perambur,13.106519,80.222471,2019-05-01,402.0,22,0.478,4,73,Basic Shield,29,4,2,0,0,0,0
WRK04453,Guindy,13.004571,80.227984,2021-01-01,681.0,19,0.246,6,77,Basic Shield,29,8,3,1,1,1,1
WRK04454,Sholinganallur,12.897944,80.217291,2019-12-01,497.0,20,0.43,1,77,Basic Shield,29,6,2,0,1,0,0
WRK04455,Porur,13.0474,80.162579,2020-05-01,688.0,21,0.13,9,76,Basic Shield,29,5,0,0,1,0,0
WRK04456,Tambaram,12.921347,80.092529,2024-12-01,679.0,24,0.297,1,81,Basic Shield,29,6,2,0,1,0,0
WRK04457,Anna Nagar,13.081255,80.192941,2021-07-01,550.0,20,0.31,5,76,Basic Shield,29,4,0,0,0,0,0
WRK04458,Anna Nagar,13.077049,80.205093,2022-12-01,558.0,18,0.278,4,78,Basic Shield,29,5,1,0,1,0,0
WRK04459,Tambaram,12.934171,80.094521,2017-06-01,832.0,15,0.27,7,76,Basic Shield,29,8,1,0,1,0,0
WRK04460,Tambaram,12.928213,80.097486,2024-03-01,387.0,22,0.217,1,81,Basic Shield,29,9,3,0,1,1,0
WRK04461,Velachery,13.000324,80.232827,2021-07-01,577.0,18,0.299,2,79,Basic Shield,29,6,0,0,1,0,0
WRK04462,T Nagar,13.051128,80.253038,2021-02-01,594.0,22,0.046,1,86,Basic Shield,29,5,2,0,1,0,0
WRK04463,Adyar,13.013625,80.239073,2024-12-01,875.0,25,0.243,2,82,Basic Shield,29,5,3,1,1,1,1
WRK04464,Sholinganallur,12.883394,80.234663,2016-10-01,580.0,14,0.154,3,82,Basic Shield,29,6,1,0,1,0,0
WRK04465,T Nagar,13.056634,80.236825,2024-01-01,396.0,10,0.197,5,83,Basic Shield,29,4,1,0,0,0,0
WRK04466,Perambur,13.109489,80.248638,2016-07-01,550.0,20,0.14,1,83,Basic Shield,29,4,1,0,0,0,0
WRK04467,Anna Nagar,13.094854,80.198364,2020-07-01,671.0,16,0.282,4,78,Basic Shield,29,6,3,0,1,1,0
WRK04468,T Nagar,13.055166,80.231212,2016-03-01,439.0,17,0.409,5,74,Basic Shield,29,2,4,0,0,1,0
WRK04469,Adyar,12.990326,80.259271,2015-05-01,535.0,18,0.1,2,83,Basic Shield,29,1,1,1,0,0,1
WRK04470,Anna Nagar,13.092294,80.217864,2018-09-01,569.0,15,0.172,3,81,Basic Shield,29,6,0,0,1,0,0
WRK04471,Chromepet,12.933935,80.137945,2016-03-01,778.0,22,0.138,5,81,Basic Shield,29,6,1,0,1,0,0
WRK04472,Anna Nagar,13.073453,80.197709,2015-01-01,778.0,16,0.257,4,79,Basic Shield,29,9,1,0,1,0,0
WRK04473,T Nagar,13.019485,80.218897,2023-01-01,504.0,17,0.105,6,79,Basic Shield,29,6,0,0,1,0,0
WRK04474,Guindy,13.01796,80.207575,2023-07-01,624.0,19,0.09,2,84,Basic Shield,29,7,0,1,1,0,1
WRK04475,Velachery,12.971999,80.234001,2016-12-01,584.0,14,0.622,3,73,Basic Shield,29,6,0,0,1,0,0
WRK04476,Perambur,13.123163,80.249273,2020-06-01,630.0,14,0.182,3,82,Basic Shield,29,7,1,0,1,0,0
WRK04477,Velachery,12.978923,80.208007,2016-01-01,644.0,17,0.409,7,73,Basic Shield,29,5,1,0,1,0,0
WRK04478,Velachery,12.982255,80.19999,2017-11-01,534.0,12,0.063,4,85,Basic Shield,29,7,2,0,1,0,0
WRK04479,T Nagar,13.01841,80.225591,2020-07-01,647.0,17,0.185,2,82,Basic Shield,29,4,2,0,0,0,0
WRK04480,Guindy,13.013876,80.234414,2018-10-01,594.0,16,0.28,1,81,Basic Shield,29,3,0,1,0,0,1
WRK04481,Guindy,12.997712,80.218252,2018-04-01,594.0,15,0.256,3,79,Basic Shield,29,7,1,1,1,0,1
WRK04482,Perambur,13.112273,80.232597,2020-02-01,599.0,20,0.679,6,68,Standard Shield,49,9,3,0,1,1,0
WRK04483,Chromepet,12.948104,80.136943,2022-06-01,591.0,15,0.12,2,83,Basic Shield,29,5,0,0,1,0,0
WRK04484,Adyar,13.01269,80.257711,2024-07-01,708.0,20,0.151,5,80,Basic Shield,29,7,1,1,1,0,1
WRK04485,Anna Nagar,13.071354,80.206204,2022-10-01,757.0,15,0.06,4,83,Basic Shield,29,7,2,0,1,0,0
WRK04486,Anna Nagar,13.072518,80.199971,2022-05-01,508.0,26,0.173,4,80,Basic Shield,29,5,2,0,1,0,0
WRK04487,Anna Nagar,13.108881,80.198872,2024-07-01,645.0,12,0.199,4,83,Basic Shield,29,6,3,0,1,1,0
WRK04488,Anna Nagar,13.101073,80.199664,2021-09-01,579.0,16,0.126,5,80,Basic Shield,29,5,2,0,1,0,0
WRK04489,Anna Nagar,13.079145,80.218765,2015-10-01,680.0,14,0.181,5,80,Basic Shield,29,6,3,0,1,1,0
WRK04490,Porur,13.049387,80.157483,2022-11-01,440.0,19,0.401,4,75,Basic Shield,29,7,1,0,1,0,0
WRK04491,Sholinganallur,12.895013,80.240816,2017-06-01,793.0,25,0.374,3,78,Basic Shield,29,10,1,0,1,0,0
WRK04492,Chromepet,12.938565,80.162259,2016-05-01,472.0,13,0.364,3,79,Basic Shield,29,3,2,0,0,0,0
WRK04493,T Nagar,13.038249,80.248616,2020-08-01,706.0,20,0.225,0,84,Basic Shield,29,7,1,0,1,0,0
WRK04494,Guindy,13.00172,80.228561,2022-11-01,611.0,22,0.187,3,81,Basic Shield,29,9,2,1,1,0,1
WRK04495,Tambaram,12.918298,80.108456,2015-05-01,536.0,14,0.269,3,80,Basic Shield,29,2,3,0,0,1,0
WRK04496,Sholinganallur,12.903135,80.2477,2017-11-01,846.0,13,0.185,5,82,Basic Shield,29,8,1,0,1,0,0
WRK04497,Chromepet,12.932019,80.159959,2017-09-01,702.0,15,0.079,2,84,Basic Shield,29,10,1,0,1,0,0
WRK04498,Chromepet,12.965019,80.156884,2021-02-01,517.0,10,0.381,6,78,Basic Shield,29,7,4,0,1,1,0
WRK04499,Guindy,12.994569,80.22462,2022-10-01,719.0,19,0.203,3,81,Basic Shield,29,8,1,1,1,0,1
WRK04500,Guindy,12.988648,80.236391,2017-09-01,515.0,16,0.348,2,78,Basic Shield,29,5,1,1,1,0,1
WRK04501,Porur,13.02099,80.142838,2016-09-01,416.0,18,0.642,2,72,Basic Shield,29,5,3,0,1,1,0
WRK04502,Anna Nagar,13.090457,80.204737,2022-07-01,568.0,18,0.061,5,81,Basic Shield,29,6,2,0,1,0,0
WRK04503,Porur,13.028712,80.162499,2017-05-01,419.0,18,0.099,3,82,Basic Shield,29,11,1,0,1,0,0
WRK04504,Guindy,13.009533,80.229744,2020-11-01,577.0,20,0.593,1,75,Basic Shield,29,7,4,1,1,1,1
WRK04505,Porur,13.025638,80.150204,2021-08-01,602.0,16,0.303,3,78,Basic Shield,29,6,1,0,1,0,0
WRK04506,Chromepet,12.967211,80.130358,2015-08-01,484.0,20,0.216,4,79,Basic Shield,29,4,1,0,0,0,0
WRK04507,Adyar,13.004279,80.255019,2024-01-01,521.0,17,0.042,2,84,Basic Shield,29,7,0,1,1,0,1
WRK04508,Velachery,12.997509,80.229709,2022-03-01,553.0,8,0.412,5,81,Basic Shield,29,7,0,0,1,0,0
WRK04509,T Nagar,13.020389,80.228439,2021-01-01,611.0,9,0.225,3,86,Basic Shield,29,6,4,0,1,1,0
WRK04510,Sholinganallur,12.893074,80.216463,2019-09-01,354.0,22,0.231,1,81,Basic Shield,29,6,3,0,1,1,0
WRK04511,Chromepet,12.932966,80.1245,2024-03-01,555.0,14,0.305,2,80,Basic Shield,29,5,5,0,1,1,0
WRK04512,Tambaram,12.936688,80.085077,2015-06-01,581.0,13,0.028,3,86,Basic Shield,29,12,2,0,1,0,0
WRK04513,Perambur,13.132494,80.241891,2021-10-01,575.0,22,0.518,7,70,Basic Shield,29,7,2,0,1,0,0
WRK04514,Velachery,12.990333,80.229761,2017-01-01,348.0,13,0.401,3,77,Basic Shield,29,2,3,0,0,1,0
WRK04515,Porur,13.040913,80.147417,2015-07-01,551.0,18,0.01,2,85,Basic Shield,29,4,2,0,0,0,0
WRK04516,T Nagar,13.026794,80.248807,2022-02-01,608.0,11,0.433,1,82,Basic Shield,29,6,1,0,1,0,0
WRK04517,Velachery,12.997569,80.216874,2024-04-01,427.0,16,0.097,6,79,Basic Shield,29,10,1,0,1,0,0
WRK04518,Anna Nagar,13.105252,80.191767,2020-10-01,627.0,17,0.49,2,76,Basic Shield,29,6,1,0,1,0,0
WRK04519,Perambur,13.115254,80.222646,2020-12-01,693.0,17,0.239,1,82,Basic Shield,29,7,1,0,1,0,0
WRK04520,Guindy,13.003877,80.222496,2020-12-01,482.0,16,0.351,1,79,Basic Shield,29,6,3,1,1,1,1
WRK04521,Perambur,13.124163,80.221639,2022-08-01,644.0,15,0.198,3,81,Basic Shield,29,8,1,0,1,0,0
WRK04522,Sholinganallur,12.886634,80.243647,2015-11-01,537.0,18,0.123,1,84,Basic Shield,29,5,0,0,1,0,0
WRK04523,Velachery,12.976752,80.218436,2019-10-01,588.0,24,0.288,3,79,Basic Shield,29,8,1,0,1,0,0
WRK04524,Sholinganallur,12.886807,80.209314,2018-08-01,753.0,19,0.181,2,83,Basic Shield,29,6,1,0,1,0,0
WRK04525,Sholinganallur,12.918975,80.217297,2022-07-01,700.0,20,0.15,2,83,Basic Shield,29,2,2,0,0,0,0
WRK04526,Sholinganallur,12.909838,80.239835,2018-12-01,502.0,17,0.269,4,78,Basic Shield,29,6,3,0,1,1,0
WRK04527,Guindy,13.018986,80.206849,2019-06-01,545.0,26,0.138,3,81,Basic Shield,29,7,3,1,1,1,1
WRK04528,Sholinganallur,12.899327,80.228532,2015-08-01,462.0,20,0.338,4,76,Basic Shield,29,7,1,0,1,0,0
WRK04529,Adyar,12.996382,80.250838,2020-01-01,645.0,16,0.115,2,83,Basic Shield,29,8,3,1,1,1,1
WRK04530,Porur,13.018177,80.169098,2018-10-01,517.0,22,0.288,4,77,Basic Shield,29,1,1,0,0,0,0
WRK04531,T Nagar,13.030402,80.247095,2021-07-01,567.0,12,0.146,3,84,Basic Shield,29,4,2,0,0,0,0
WRK04532,Velachery,12.992834,80.206467,2018-08-01,527.0,23,0.137,3,81,Basic Shield,29,7,3,0,1,1,0
WRK04533,Sholinganallur,12.89181,80.226116,2018-09-01,663.0,18,0.542,1,76,Basic Shield,29,4,1,0,0,0,0
WRK04534,Tambaram,12.926926,80.115774,2021-05-01,545.0,21,0.116,1,84,Basic Shield,29,4,0,0,0,0,0
WRK04535,Porur,13.033075,80.166047,2015-04-01,389.0,16,0.134,1,83,Basic Shield,29,8,2,0,1,0,0
WRK04536,Anna Nagar,13.091931,80.228836,2020-08-01,469.0,18,0.57,5,70,Basic Shield,29,8,0,0,1,0,0
WRK04537,Porur,13.037393,80.171286,2019-04-01,348.0,13,0.195,2,82,Basic Shield,29,4,1,0,0,0,0
WRK04538,Anna Nagar,13.092486,80.210756,2020-03-01,675.0,10,0.489,2,81,Basic Shield,29,3,3,0,0,1,0
WRK04539,Velachery,12.964169,80.228336,2020-08-01,850.0,14,0.172,2,84,Basic Shield,29,5,6,0,1,1,0
WRK04540,Sholinganallur,12.888606,80.234879,2018-06-01,532.0,21,0.52,2,75,Basic Shield,29,7,3,0,1,1,0
WRK04541,Anna Nagar,13.070514,80.20463,2022-01-01,654.0,12,0.087,3,86,Basic Shield,29,9,4,0,1,1,0
WRK04542,Porur,13.050717,80.153206,2022-12-01,703.0,22,0.422,3,77,Basic Shield,29,7,5,0,1,1,0
WRK04543,Chromepet,12.95931,80.160876,2021-08-01,545.0,19,0.205,3,80,Basic Shield,29,4,2,0,0,0,0
WRK04544,Porur,13.025188,80.158226,2021-07-01,565.0,25,0.258,2,80,Basic Shield,29,6,1,0,1,0,0
WRK04545,T Nagar,13.034446,80.231309,2022-07-01,554.0,18,0.133,3,82,Basic Shield,29,2,2,0,0,0,0
WRK04546,Anna Nagar,13.076172,80.217005,2016-06-01,370.0,19,0.682,2,71,Basic Shield,29,6,0,0,1,0,0
WRK04547,Sholinganallur,12.893787,80.211717,2022-02-01,584.0,19,0.224,1,82,Basic Shield,29,5,1,0,1,0,0
WRK04548,T Nagar,13.044449,80.232412,2022-08-01,568.0,16,0.313,3,78,Basic Shield,29,8,1,0,1,0,0
WRK04549,Velachery,12.998317,80.203063,2016-02-01,748.0,18,0.396,6,74,Basic Shield,29,5,3,0,1,1,0
WRK04550,Guindy,13.02004,80.206516,2018-05-01,648.0,13,0.348,6,77,Basic Shield,29,13,1,1,1,0,1
WRK04551,Porur,13.044376,80.152446,2015-10-01,669.0,11,0.262,5,82,Basic Shield,29,5,1,0,1,0,0
WRK04552,Chromepet,12.96138,80.137786,2018-01-01,479.0,26,0.737,4,68,Standard Shield,49,5,1,0,1,0,0
WRK04553,Adyar,12.998171,80.248664,2015-07-01,828.0,20,0.256,4,80,Basic Shield,29,6,2,1,1,0,1
WRK04554,Anna Nagar,13.09372,80.214707,2015-11-01,475.0,22,0.107,4,81,Basic Shield,29,5,2,0,1,0,0
WRK04555,T Nagar,13.019269,80.248591,2016-01-01,643.0,13,0.409,1,81,Basic Shield,29,6,2,0,1,0,0
WRK04556,Adyar,13.005832,80.252481,2022-04-01,558.0,20,0.219,6,77,Basic Shield,29,15,5,1,1,1,1
WRK04557,T Nagar,13.035922,80.21891,2015-03-01,560.0,21,0.281,2,80,Basic Shield,29,2,0,0,0,0,0
WRK04558,Tambaram,12.936256,80.099736,2024-04-01,678.0,17,0.599,3,73,Basic Shield,29,11,3,0,1,1,0
WRK04559,Velachery,12.991951,80.235049,2024-09-01,559.0,19,0.26,4,78,Basic Shield,29,3,0,0,0,0,0
WRK04560,Tambaram,12.939327,80.084672,2019-02-01,680.0,15,0.522,6,71,Basic Shield,29,8,2,0,1,0,0
WRK04561,Sholinganallur,12.903331,80.221448,2020-02-01,341.0,14,0.306,4,77,Basic Shield,29,5,2,0,1,0,0
WRK04562,T Nagar,13.033656,80.237408,2024-07-01,790.0,20,0.359,2,79,Basic Shield,29,7,1,0,1,0,0
WRK04563,Chromepet,12.966379,80.126201,2022-03-01,498.0,21,0.341,2,78,Basic Shield,29,11,4,0,1,1,0
WRK04564,Porur,13.035939,80.144709,2018-06-01,568.0,16,0.524,1,76,Basic Shield,29,9,2,0,1,0,0
WRK04565,Porur,13.044696,80.144212,2018-05-01,646.0,21,0.15,2,83,Basic Shield,29,5,3,0,1,1,0
WRK04566,Guindy,13.023959,80.217906,2019-10-01,600.0,22,0.21,4,79,Basic Shield,29,4,3,1,0,1,1
WRK04567,Chromepet,12.935455,80.1339,2017-05-01,687.0,19,0.253,2,81,Basic Shield,29,6,5,0,1,1,0
WRK04568,Velachery,12.977779,80.201715,2017-11-01,696.0,19,0.115,2,84,Basic Shield,29,3,3,0,0,1,0
WRK04569,Porur,13.023038,80.166193,2015-11-01,541.0,21,0.354,2,78,Basic Shield,29,9,2,0,1,0,0
WRK04570,T Nagar,13.045161,80.240948,2024-09-01,567.0,15,0.212,2,81,Basic Shield,29,5,3,0,1,1,0
WRK04571,Sholinganallur,12.896067,80.217081,2024-06-01,432.0,20,0.512,4,72,Basic Shield,29,7,1,0,1,0,0
WRK04572,Velachery,12.984427,80.205828,2019-04-01,597.0,22,0.174,1,83,Basic Shield,29,9,0,0,1,0,0
WRK04573,Guindy,12.998001,80.201574,2019-01-01,575.0,23,0.526,2,75,Basic Shield,29,5,3,1,1,1,1
WRK04574,Porur,13.039403,80.170158,2023-07-01,676.0,21,0.198,5,79,Basic Shield,29,7,4,0,1,1,0
WRK04575,Anna Nagar,13.077223,80.218046,2017-11-01,572.0,14,0.194,6,78,Basic Shield,29,11,0,0,1,0,0
WRK04576,Anna Nagar,13.093396,80.202406,2016-10-01,732.0,23,0.237,2,81,Basic Shield,29,7,1,0,1,0,0
WRK04577,Tambaram,12.910662,80.085346,2016-06-01,486.0,21,0.207,3,80,Basic Shield,29,1,3,0,0,1,0
WRK04578,Velachery,12.99007,80.227316,2016-01-01,557.0,21,0.234,4,79,Basic Shield,29,8,1,0,1,0,0
WRK04579,Porur,13.032435,80.140349,2016-10-01,772.0,21,0.269,3,80,Basic Shield,29,7,5,0,1,1,0
WRK04580,Perambur,13.121467,80.217357,2016-11-01,627.0,17,0.06,8,78,Basic Shield,29,10,4,0,1,1,0
WRK04581,Adyar,13.006864,80.239985,2015-06-01,673.0,25,0.18,3,81,Basic Shield,29,3,1,1,0,0,1
WRK04582,Sholinganallur,12.910541,80.223658,2019-05-01,665.0,15,0.064,1,86,Basic Shield,29,5,2,0,1,0,0
WRK04583,Tambaram,12.937591,80.088566,2016-11-01,613.0,22,0.214,4,79,Basic Shield,29,7,1,0,1,0,0
WRK04584,Tambaram,12.921864,80.104016,2016-08-01,628.0,11,0.11,5,84,Basic Shield,29,6,3,0,1,1,0
WRK04585,Anna Nagar,13.075913,80.225208,2021-05-01,482.0,15,0.714,2,71,Basic Shield,29,8,3,0,1,1,0
WRK04586,Anna Nagar,13.079199,80.21984,2018-10-01,347.0,20,0.145,3,80,Basic Shield,29,4,1,0,0,0,0
WRK04587,Sholinganallur,12.90169,80.215052,2016-03-01,657.0,15,0.236,4,79,Basic Shield,29,1,5,0,0,1,0
WRK04588,Perambur,13.130084,80.254449,2015-02-01,628.0,17,0.465,2,76,Basic Shield,29,8,2,0,1,0,0
WRK04589,Velachery,12.991481,80.232305,2017-01-01,600.0,17,0.381,3,77,Basic Shield,29,10,2,0,1,0,0
WRK04590,T Nagar,13.044084,80.22148,2018-09-01,612.0,18,0.492,2,76,Basic Shield,29,10,3,0,1,1,0
WRK04591,Porur,13.02665,80.146034,2020-03-01,450.0,16,0.358,3,77,Basic Shield,29,4,1,0,0,0,0
WRK04592,T Nagar,13.030867,80.219893,2017-08-01,798.0,13,0.55,1,78,Basic Shield,29,9,0,0,1,0,0
WRK04593,Velachery,12.974152,80.215323,2022-04-01,461.0,26,0.206,2,81,Basic Shield,29,6,4,0,1,1,0
WRK04594,Tambaram,12.925495,80.085041,2015-07-01,764.0,18,0.136,4,82,Basic Shield,29,5,4,0,1,1,0
WRK04595,Guindy,13.023978,80.221633,2016-12-01,563.0,23,0.148,5,79,Basic Shield,29,2,4,1,0,1,1
WRK04596,Porur,13.052276,80.160125,2024-03-01,734.0,19,0.205,3,81,Basic Shield,29,7,1,0,1,0,0
WRK04597,Anna Nagar,13.080322,80.224858,2024-10-01,453.0,14,0.266,2,80,Basic Shield,29,6,1,0,1,0,0
WRK04598,Adyar,13.01623,80.24411,2016-02-01,603.0,13,0.461,2,78,Basic Shield,29,9,0,1,1,0,1
WRK04599,Adyar,12.997428,80.273171,2015-08-01,674.0,25,0.129,3,82,Basic Shield,29,8,3,1,1,1,1
WRK04600,Perambur,13.135315,80.231946,2022-08-01,514.0,17,0.229,4,78,Basic Shield,29,13,1,0,1,0,0
WRK04601,Porur,13.022999,80.147892,2018-05-01,580.0,15,0.295,2,80,Basic Shield,29,3,0,0,0,0,0
WRK04602,T Nagar,13.046286,80.233066,2021-08-01,593.0,23,0.751,7,65,Standard Shield,49,6,2,0,1,0,0
WRK04603,T Nagar,13.033818,80.246666,2022-02-01,395.0,12,0.073,3,85,Basic Shield,29,6,0,0,1,0,0
WRK04604,Anna Nagar,13.07409,80.228642,2024-03-01,603.0,19,0.433,4,75,Basic Shield,29,9,3,0,1,1,0
WRK04605,Porur,13.048269,80.145361,2021-05-01,557.0,14,0.322,2,80,Basic Shield,29,8,4,0,1,1,0
WRK04606,Sholinganallur,12.909121,80.219278,2017-12-01,866.0,14,0.353,2,81,Basic Shield,29,6,5,0,1,1,0
WRK04607,Anna Nagar,13.100309,80.229757,2020-09-01,579.0,20,0.336,3,78,Basic Shield,29,10,1,0,1,0,0
WRK04608,T Nagar,13.039778,80.237166,2019-12-01,678.0,11,0.15,3,86,Basic Shield,29,7,1,0,1,0,0
WRK04609,Guindy,13.004432,80.211413,2017-03-01,680.0,22,0.184,0,84,Basic Shield,29,7,0,1,1,0,1
WRK04610,Adyar,13.007621,80.241686,2020-11-01,666.0,16,0.356,5,76,Basic Shield,29,7,1,1,1,0,1
WRK04611,Velachery,12.985256,80.2319,2017-06-01,652.0,9,0.499,1,83,Basic Shield,29,1,7,0,0,1,0
WRK04612,Chromepet,12.957564,80.12802,2019-12-01,433.0,14,0.094,3,83,Basic Shield,29,2,2,0,0,0,0
WRK04613,Perambur,13.113331,80.215693,2018-07-01,579.0,19,0.27,2,80,Basic Shield,29,7,1,0,1,0,0
WRK04614,T Nagar,13.024123,80.227442,2016-09-01,791.0,17,0.31,1,81,Basic Shield,29,11,3,0,1,1,0
WRK04615,Adyar,12.990005,80.241707,2017-04-01,502.0,15,0.37,3,77,Basic Shield,29,4,2,1,0,0,1
WRK04616,Sholinganallur,12.9176,80.234623,2018-06-01,774.0,14,0.2,5,80,Basic Shield,29,3,2,0,0,0,0
WRK04617,Guindy,13.022568,80.224943,2019-07-01,599.0,21,0.176,3,81,Basic Shield,29,8,0,1,1,0,1
WRK04618,Porur,13.055061,80.137163,2016-07-01,885.0,14,0.453,1,80,Basic Shield,29,5,2,0,1,0,0
WRK04619,Tambaram,12.910575,80.117132,2019-08-01,630.0,11,0.304,3,83,Basic Shield,29,8,0,0,1,0,0
WRK04620,Porur,13.01727,80.174298,2018-06-01,555.0,10,0.38,3,82,Basic Shield,29,6,5,0,1,1,0
WRK04621,Chromepet,12.957114,80.157574,2018-04-01,641.0,19,0.192,3,81,Basic Shield,29,7,2,0,1,0,0
WRK04622,Velachery,12.96922,80.214515,2016-01-01,859.0,18,0.408,3,78,Basic Shield,29,5,3,0,1,1,0
WRK04623,Adyar,13.009472,80.250482,2015-07-01,418.0,8,0.128,3,88,Basic Shield,29,3,2,1,0,0,1
WRK04624,T Nagar,13.020347,80.240184,2017-06-01,653.0,18,0.076,5,81,Basic Shield,29,7,2,0,1,0,0
WRK04625,Anna Nagar,13.080009,80.220092,2020-06-01,393.0,12,0.019,3,86,Basic Shield,29,7,3,0,1,1,0
WRK04626,Tambaram,12.922023,80.107252,2023-09-01,593.0,16,0.038,4,83,Basic Shield,29,4,1,0,0,0,0
WRK04627,Perambur,13.107322,80.223369,2019-08-01,800.0,11,0.168,1,88,Basic Shield,29,6,5,0,1,1,0
WRK04628,Guindy,13.015458,80.231256,2021-10-01,502.0,18,0.114,7,78,Basic Shield,29,6,4,1,1,1,1
WRK04629,Tambaram,12.910318,80.095342,2023-02-01,332.0,16,0.337,2,77,Basic Shield,29,4,1,0,0,0,0
WRK04630,Adyar,13.022341,80.24969,2020-03-01,349.0,19,0.131,4,80,Basic Shield,29,6,2,1,1,0,1
WRK04631,Porur,13.020459,80.157801,2016-06-01,478.0,18,0.118,3,82,Basic Shield,29,5,5,0,1,1,0
WRK04632,Tambaram,12.918115,80.083471,2020-01-01,756.0,21,0.637,2,74,Basic Shield,29,5,2,0,1,0,0
WRK04633,Tambaram,12.906866,80.113322,2021-03-01,599.0,25,0.104,3,82,Basic Shield,29,5,1,0,1,0,0
WRK04634,T Nagar,13.019748,80.241051,2024-03-01,605.0,13,0.322,1,82,Basic Shield,29,7,2,0,1,0,0
WRK04635,Anna Nagar,13.10539,80.228971,2015-06-01,462.0,18,0.15,3,81,Basic Shield,29,10,3,0,1,1,0
WRK04636,Porur,13.041022,80.157587,2020-07-01,640.0,15,0.238,2,81,Basic Shield,29,6,3,0,1,1,0
WRK04637,Chromepet,12.957331,80.131575,2023-11-01,479.0,18,0.253,1,81,Basic Shield,29,4,3,0,0,1,0
WRK04638,Porur,13.03137,80.175188,2016-02-01,682.0,28,0.4,5,75,Basic Shield,29,5,3,0,1,1,0
WRK04639,Perambur,13.122705,80.220841,2015-05-01,517.0,18,0.497,1,76,Basic Shield,29,4,2,0,0,0,0
WRK04640,Velachery,12.996764,80.228398,2021-01-01,445.0,26,0.755,2,70,Basic Shield,29,8,2,0,1,0,0
WRK04641,Adyar,13.009838,80.239042,2016-11-01,684.0,14,0.147,2,84,Basic Shield,29,9,1,1,1,0,1
WRK04642,Chromepet,12.951244,80.149884,2017-09-01,494.0,16,0.19,3,80,Basic Shield,29,4,3,0,0,1,0
WRK04643,Anna Nagar,13.108201,80.221745,2023-03-01,651.0,17,0.144,8,77,Basic Shield,29,6,1,0,1,0,0
WRK04644,Chromepet,12.970702,80.125659,2020-10-01,706.0,20,0.133,3,82,Basic Shield,29,5,0,0,1,0,0
WRK04645,T Nagar,13.018475,80.244109,2023-08-01,603.0,19,0.358,1,79,Basic Shield,29,4,2,0,0,0,0
WRK04646,Sholinganallur,12.888949,80.216787,2015-05-01,381.0,18,0.461,4,73,Basic Shield,29,13,1,0,1,0,0
WRK04647,Sholinganallur,12.881217,80.228734,2019-06-01,466.0,26,0.208,2,81,Basic Shield,29,4,0,0,0,0,0
WRK04648,Perambur,13.098553,80.225081,2020-02-01,536.0,16,0.256,4,78,Basic Shield,29,7,1,0,1,0,0
WRK04649,Adyar,13.021718,80.245009,2016-02-01,472.0,20,0.492,3,74,Basic Shield,29,4,0,1,0,0,1
WRK04650,Tambaram,12.940923,80.080921,2024-01-01,439.0,20,0.399,5,74,Basic Shield,29,7,2,0,1,0,0
WRK04651,Sholinganallur,12.908664,80.210088,2024-07-01,535.0,21,0.458,3,75,Basic Shield,29,7,2,0,1,0,0
WRK04652,Velachery,12.983048,80.202591,2023-07-01,538.0,18,0.052,3,83,Basic Shield,29,3,4,0,0,1,0
WRK04653,Anna Nagar,13.072338,80.22856,2017-10-01,656.0,15,0.341,2,79,Basic Shield,29,4,3,0,0,1,0
WRK04654,Adyar,13.01523,80.267717,2017-07-01,779.0,21,0.311,2,80,Basic Shield,29,7,0,1,1,0,1
WRK04655,Sholinganallur,12.905311,80.237175,2015-04-01,761.0,18,0.259,2,81,Basic Shield,29,5,4,0,1,1,0
WRK04656,Perambur,13.098376,80.238919,2016-08-01,584.0,20,0.258,3,79,Basic Shield,29,7,2,0,1,0,0
WRK04657,Guindy,12.989525,80.214596,2021-02-01,541.0,22,0.38,2,78,Basic Shield,29,5,0,1,1,0,1
WRK04658,Tambaram,12.918719,80.10163,2023-01-01,481.0,15,0.244,4,78,Basic Shield,29,6,1,0,1,0,0
WRK04659,Velachery,12.997007,80.23097,2023-06-01,519.0,19,0.14,3,81,Basic Shield,29,3,2,0,0,0,0
WRK04660,Chromepet,12.933427,80.123256,2023-02-01,488.0,16,0.237,4,78,Basic Shield,29,2,2,0,0,0,0
WRK04661,Anna Nagar,13.085994,80.200561,2021-04-01,484.0,14,0.53,4,73,Basic Shield,29,9,3,0,1,1,0
WRK04662,Anna Nagar,13.07731,80.221522,2024-05-01,610.0,22,0.48,1,77,Basic Shield,29,8,2,0,1,0,0
WRK04663,Porur,13.044154,80.173626,2023-09-01,759.0,15,0.095,2,84,Basic Shield,29,9,2,0,1,0,0
WRK04664,Porur,13.037433,80.171969,2016-07-01,701.0,11,0.326,0,85,Basic Shield,29,5,3,0,1,1,0
WRK04665,Chromepet,12.945501,80.143844,2015-01-01,724.0,15,0.368,2,79,Basic Shield,29,3,3,0,0,1,0
WRK04666,Guindy,13.000813,80.206523,2019-04-01,502.0,13,0.338,5,77,Basic Shield,29,5,0,1,1,0,1
WRK04667,Porur,13.036011,80.161523,2015-05-01,728.0,24,0.033,2,85,Basic Shield,29,5,3,0,1,1,0
WRK04668,T Nagar,13.046894,80.227227,2016-11-01,445.0,14,0.313,1,80,Basic Shield,29,1,1,0,0,0,0
WRK04669,Sholinganallur,12.885272,80.241977,2022-05-01,599.0,15,0.467,5,73,Basic Shield,29,5,2,0,1,0,0
WRK04670,T Nagar,13.044258,80.234491,2019-09-01,740.0,18,0.169,5,80,Basic Shield,29,7,3,0,1,1,0
WRK04671,Adyar,13.021664,80.274913,2021-09-01,585.0,20,0.166,4,80,Basic Shield,29,6,1,1,1,0,1
WRK04672,Velachery,12.962145,80.221697,2024-06-01,565.0,20,0.09,3,83,Basic Shield,29,4,1,0,0,0,0
WRK04673,Porur,13.017386,80.139563,2022-04-01,629.0,17,0.294,2,80,Basic Shield,29,9,4,0,1,1,0
WRK04674,Sholinganallur,12.90591,80.216694,2019-06-01,694.0,25,0.386,2,78,Basic Shield,29,3,1,0,0,0,0
WRK04675,Porur,13.056415,80.147807,2015-10-01,576.0,15,0.206,5,78,Basic Shield,29,7,2,0,1,0,0
WRK04676,Tambaram,12.91696,80.104672,2021-10-01,409.0,22,0.368,3,76,Basic Shield,29,3,0,0,0,0,0
WRK04677,Guindy,13.011257,80.203734,2016-12-01,845.0,15,0.474,3,76,Basic Shield,29,5,5,1,1,1,1
WRK04678,Velachery,12.98675,80.231352,2018-07-01,703.0,18,0.131,2,83,Basic Shield,29,3,3,0,0,1,0
WRK04679,Anna Nagar,13.097056,80.223186,2018-12-01,537.0,15,0.532,5,72,Basic Shield,29,5,4,0,1,1,0
WRK04680,Perambur,13.12612,80.225822,2019-10-01,689.0,19,0.279,2,80,Basic Shield,29,5,1,0,1,0,0
WRK04681,Perambur,13.103013,80.223386,2018-03-01,741.0,22,0.151,3,82,Basic Shield,29,4,0,0,0,0,0
WRK04682,Perambur,13.118057,80.217864,2021-02-01,678.0,24,0.21,3,81,Basic Shield,29,13,0,0,1,0,0
WRK04683,Anna Nagar,13.099215,80.223315,2017-08-01,724.0,22,0.435,1,78,Basic Shield,29,7,3,0,1,1,0
WRK04684,Porur,13.040609,80.141276,2020-11-01,763.0,21,0.305,2,80,Basic Shield,29,7,0,0,1,0,0
WRK04685,T Nagar,13.046517,80.235474,2019-06-01,512.0,18,0.133,3,81,Basic Shield,29,4,4,0,0,1,0
WRK04686,Porur,13.021754,80.166241,2021-12-01,616.0,20,0.28,2,80,Basic Shield,29,3,3,0,0,1,0
WRK04687,Chromepet,12.946577,80.142973,2022-10-01,313.0,21,0.468,3,74,Basic Shield,29,5,2,0,1,0,0
WRK04688,Sholinganallur,12.913667,80.231935,2020-02-01,621.0,22,0.585,3,73,Basic Shield,29,7,1,0,1,0,0
WRK04689,Velachery,12.976612,80.20062,2020-11-01,602.0,16,0.117,2,83,Basic Shield,29,7,2,0,1,0,0
WRK04690,Porur,13.040014,80.150924,2016-06-01,447.0,19,0.184,3,80,Basic Shield,29,9,3,0,1,1,0
WRK04691,Anna Nagar,13.094296,80.198664,2016-08-01,448.0,21,0.23,2,80,Basic Shield,29,5,2,0,1,0,0
WRK04692,Perambur,13.123104,80.2323,2018-01-01,735.0,22,0.1,2,84,Basic Shield,29,4,3,0,0,1,0
WRK04693,Velachery,12.974644,80.237099,2020-07-01,482.0,16,0.321,2,78,Basic Shield,29,2,0,0,0,0,0
WRK04694,Velachery,12.988394,80.228599,2020-03-01,628.0,21,0.206,4,80,Basic Shield,29,6,1,0,1,0,0
WRK04695,Adyar,12.988577,80.236287,2019-03-01,525.0,20,0.231,2,81,Basic Shield,29,5,1,1,1,0,1
WRK04696,Velachery,12.978852,80.219645,2023-10-01,641.0,25,0.325,1,80,Basic Shield,29,8,0,0,1,0,0
WRK04697,Anna Nagar,13.08575,80.222009,2022-09-01,649.0,20,0.28,6,76,Basic Shield,29,6,1,0,1,0,0
WRK04698,Velachery,12.990363,80.236825,2015-03-01,652.0,18,0.249,2,81,Basic Shield,29,7,3,0,1,1,0
WRK04699,Adyar,13.008027,80.238919,2020-04-01,479.0,19,0.143,4,80,Basic Shield,29,6,3,1,1,1,1
WRK04700,Velachery,12.969452,80.207904,2023-05-01,670.0,22,0.173,5,79,Basic Shield,29,7,2,0,1,0,0
WRK04701,Perambur,13.132903,80.227317,2017-11-01,719.0,19,0.157,5,80,Basic Shield,29,6,4,0,1,1,0
WRK04702,Chromepet,12.969059,80.158274,2017-08-01,801.0,16,0.248,7,77,Basic Shield,29,9,1,0,1,0,0
WRK04703,Anna Nagar,13.09081,80.198105,2020-03-01,745.0,19,0.209,2,82,Basic Shield,29,8,1,0,1,0,0
WRK04704,T Nagar,13.028431,80.229569,2024-02-01,626.0,17,0.184,2,82,Basic Shield,29,5,2,0,1,0,0
WRK04705,Guindy,13.019064,80.227825,2024-12-01,609.0,23,0.405,3,76,Basic Shield,29,10,3,1,1,1,1
WRK04706,Perambur,13.131997,80.230607,2023-11-01,434.0,19,0.175,7,76,Basic Shield,29,5,1,0,1,0,0
WRK04707,Perambur,13.111521,80.253676,2015-04-01,532.0,21,0.21,4,79,Basic Shield,29,8,4,0,1,1,0
WRK04708,Anna Nagar,13.088907,80.197189,2023-08-01,769.0,19,0.204,5,79,Basic Shield,29,7,3,0,1,1,0
WRK04709,Tambaram,12.905025,80.111017,2017-09-01,593.0,15,0.257,3,79,Basic Shield,29,6,2,0,1,0,0
WRK04710,Chromepet,12.941014,80.146371,2022-09-01,535.0,16,0.527,1,76,Basic Shield,29,8,4,0,1,1,0
WRK04711,Anna Nagar,13.077032,80.213993,2023-03-01,778.0,20,0.451,3,76,Basic Shield,29,5,0,0,1,0,0
WRK04712,Velachery,12.997316,80.20972,2022-03-01,781.0,12,0.272,3,83,Basic Shield,29,10,2,0,1,0,0
WRK04713,Tambaram,12.940964,80.112443,2017-04-01,483.0,15,0.217,2,81,Basic Shield,29,6,3,0,1,1,0
WRK04714,Perambur,13.129658,80.225176,2022-10-01,552.0,19,0.361,3,77,Basic Shield,29,6,2,0,1,0,0
WRK04715,Adyar,12.996844,80.248338,2017-02-01,584.0,20,0.452,2,76,Basic Shield,29,7,2,1,1,0,1
WRK04716,Adyar,13.01443,80.244826,2018-08-01,574.0,26,0.734,4,69,Standard Shield,49,6,5,1,1,1,1
WRK04717,Perambur,13.116809,80.243457,2021-03-01,491.0,24,0.19,3,80,Basic Shield,29,8,4,0,1,1,0
WRK04718,Velachery,12.995633,80.231815,2018-02-01,553.0,22,0.212,3,80,Basic Shield,29,8,1,0,1,0,0
WRK04719,Adyar,12.992178,80.259683,2020-09-01,606.0,16,0.252,3,79,Basic Shield,29,3,3,1,0,1,1
WRK04720,T Nagar,13.042821,80.245528,2016-08-01,686.0,18,0.156,4,81,Basic Shield,29,4,2,0,0,0,0
WRK04721,Adyar,12.990384,80.26313,2023-08-01,625.0,17,0.598,3,73,Basic Shield,29,7,6,1,1,1,1
WRK04722,Chromepet,12.945494,80.135644,2017-11-01,547.0,23,0.445,3,75,Basic Shield,29,5,2,0,1,0,0
WRK04723,Guindy,13.023989,80.22902,2022-07-01,548.0,12,0.358,2,81,Basic Shield,29,8,4,1,1,1,1
WRK04724,Guindy,13.022314,80.210756,2023-04-01,696.0,14,0.15,5,81,Basic Shield,29,6,3,1,1,1,1
WRK04725,Guindy,13.009906,80.214488,2018-10-01,716.0,18,0.185,2,82,Basic Shield,29,8,1,1,1,0,1
WRK04726,Chromepet,12.936961,80.14912,2015-09-01,657.0,16,0.471,0,78,Basic Shield,29,6,0,0,1,0,0
WRK04727,Chromepet,12.957332,80.155152,2016-06-01,547.0,25,0.284,5,77,Basic Shield,29,10,2,0,1,0,0
WRK04728,Anna Nagar,13.108617,80.221526,2016-11-01,674.0,15,0.283,5,77,Basic Shield,29,4,1,0,0,0,0
WRK04729,Anna Nagar,13.096559,80.199085,2015-01-01,556.0,24,0.302,0,81,Basic Shield,29,9,0,0,1,0,0
WRK04730,Sholinganallur,12.904439,80.231815,2022-04-01,412.0,17,0.132,2,82,Basic Shield,29,13,1,0,1,0,0
WRK04731,Tambaram,12.941963,80.103425,2021-07-01,651.0,19,0.079,4,82,Basic Shield,29,7,0,0,1,0,0
WRK04732,Anna Nagar,13.105817,80.226244,2015-12-01,584.0,21,0.113,5,80,Basic Shield,29,6,1,0,1,0,0
WRK04733,T Nagar,13.057541,80.223588,2015-04-01,544.0,18,0.237,6,76,Basic Shield,29,7,3,0,1,1,0
WRK04734,Tambaram,12.910714,80.081467,2023-03-01,573.0,15,0.208,2,81,Basic Shield,29,5,0,0,1,0,0
WRK04735,Guindy,13.020007,80.20377,2020-07-01,604.0,17,0.305,2,79,Basic Shield,29,14,2,1,1,0,1
WRK04736,Velachery,12.9752,80.211448,2017-10-01,672.0,19,0.35,4,77,Basic Shield,29,7,1,0,1,0,0
WRK04737,Sholinganallur,12.896312,80.216525,2022-08-01,808.0,20,0.106,3,83,Basic Shield,29,2,2,0,0,0,0
WRK04738,Velachery,12.973946,80.207173,2022-11-01,738.0,20,0.32,3,79,Basic Shield,29,6,4,0,1,1,0
WRK04739,Velachery,12.997952,80.222954,2021-02-01,526.0,20,0.087,1,84,Basic Shield,29,7,2,0,1,0,0
WRK04740,Chromepet,12.970468,80.158934,2016-08-01,561.0,21,0.6,0,75,Basic Shield,29,5,1,0,1,0,0
WRK04741,Chromepet,12.951569,80.1333,2022-06-01,638.0,21,0.163,3,81,Basic Shield,29,1,1,0,0,0,0
WRK04742,Adyar,12.996481,80.255991,2024-03-01,663.0,15,0.306,7,75,Basic Shield,29,4,2,1,0,0,1
WRK04743,Porur,13.033814,80.174937,2024-01-01,562.0,17,0.369,3,77,Basic Shield,29,10,2,0,1,0,0
WRK04744,Porur,13.047971,80.152205,2017-02-01,620.0,18,0.199,5,79,Basic Shield,29,5,1,0,1,0,0
WRK04745,Guindy,13.010952,80.232255,2019-09-01,501.0,21,0.422,0,79,Basic Shield,29,7,2,1,1,0,1
WRK04746,Sholinganallur,12.906436,80.243633,2018-10-01,571.0,20,0.151,6,78,Basic Shield,29,9,3,0,1,1,0
WRK04747,Porur,13.020923,80.156358,2023-04-01,682.0,14,0.301,2,81,Basic Shield,29,6,1,0,1,0,0
WRK04748,Perambur,13.127319,80.236113,2019-07-01,650.0,15,0.389,4,76,Basic Shield,29,6,2,0,1,0,0
WRK04749,Chromepet,12.953846,80.138824,2020-01-01,543.0,25,0.298,2,79,Basic Shield,29,8,1,0,1,0,0
WRK04750,Chromepet,12.960086,80.12422,2019-01-01,767.0,26,0.275,1,82,Basic Shield,29,5,2,0,1,0,0
WRK04751,T Nagar,13.035905,80.215876,2022-09-01,683.0,17,0.434,6,73,Basic Shield,29,11,3,0,1,1,0
WRK04752,T Nagar,13.056176,80.242986,2021-02-01,538.0,18,0.084,2,84,Basic Shield,29,6,4,0,1,1,0
WRK04753,Chromepet,12.96071,80.149454,2015-08-01,474.0,23,0.269,2,79,Basic Shield,29,3,3,0,0,1,0
WRK04754,Porur,13.051701,80.141706,2016-03-01,901.0,11,0.21,2,87,Basic Shield,29,3,3,0,0,1,0
WRK04755,Guindy,13.010552,80.234547,2020-08-01,660.0,16,0.405,2,78,Basic Shield,29,5,3,1,1,1,1
WRK04756,Porur,13.036449,80.166627,2019-07-01,470.0,19,0.482,1,76,Basic Shield,29,5,3,0,1,1,0
WRK04757,Velachery,12.978862,80.226725,2018-07-01,541.0,22,0.213,1,82,Basic Shield,29,2,0,0,0,0,0
WRK04758,Chromepet,12.934978,80.126415,2018-11-01,594.0,17,0.315,1,80,Basic Shield,29,4,4,0,0,1,0
WRK04759,Guindy,13.022895,80.224934,2019-12-01,519.0,22,0.122,3,82,Basic Shield,29,5,0,1,1,0,1
WRK04760,Sholinganallur,12.90092,80.22554,2023-05-01,364.0,22,0.526,3,73,Basic Shield,29,4,1,0,0,0,0
WRK04761,Chromepet,12.941844,80.129644,2017-04-01,436.0,17,0.492,5,72,Basic Shield,29,5,6,0,1,1,0
WRK04762,Porur,13.032247,80.168179,2018-02-01,520.0,10,0.162,4,85,Basic Shield,29,6,2,0,1,0,0
WRK04763,Porur,13.034084,80.16865,2022-07-01,545.0,16,0.159,3,81,Basic Shield,29,5,3,0,1,1,0
WRK04764,Anna Nagar,13.078737,80.226133,2020-12-01,572.0,27,0.12,6,79,Basic Shield,29,4,2,0,0,0,0
WRK04765,Guindy,13.010094,80.214384,2017-06-01,540.0,18,0.279,1,81,Basic Shield,29,4,3,1,0,1,1
WRK04766,Guindy,13.0228,80.231076,2020-10-01,698.0,23,0.237,2,81,Basic Shield,29,2,0,1,0,0,1
WRK04767,Sholinganallur,12.920593,80.211324,2018-06-01,722.0,11,0.177,0,89,Basic Shield,29,4,1,0,0,0,0
WRK04768,Anna Nagar,13.072796,80.201444,2023-03-01,594.0,17,0.198,2,82,Basic Shield,29,4,1,0,0,0,0
WRK04769,Chromepet,12.964572,80.132465,2020-10-01,627.0,16,0.265,1,81,Basic Shield,29,6,0,0,1,0,0
WRK04770,Velachery,12.997971,80.224208,2015-04-01,801.0,11,0.316,6,80,Basic Shield,29,6,1,0,1,0,0
WRK04771,Perambur,13.11036,80.219721,2015-07-01,577.0,12,0.263,4,81,Basic Shield,29,6,2,0,1,0,0
WRK04772,Adyar,13.024102,80.258081,2019-12-01,601.0,21,0.145,4,81,Basic Shield,29,7,1,1,1,0,1
WRK04773,T Nagar,13.027205,80.230983,2018-01-01,724.0,22,0.226,5,79,Basic Shield,29,6,5,0,1,1,0
WRK04774,Guindy,13.00438,80.203328,2018-09-01,426.0,20,0.546,2,74,Basic Shield,29,4,3,1,0,1,1
WRK04775,Sholinganallur,12.88326,80.22154,2016-10-01,652.0,12,0.206,1,86,Basic Shield,29,6,1,0,1,0,0
WRK04776,Adyar,13.012668,80.252905,2022-11-01,551.0,29,0.252,4,78,Basic Shield,29,6,2,1,1,0,1
WRK04777,Tambaram,12.918148,80.113676,2022-10-01,682.0,20,0.202,3,81,Basic Shield,29,3,4,0,0,1,0
WRK04778,Anna Nagar,13.074716,80.224826,2015-11-01,538.0,15,0.206,2,81,Basic Shield,29,11,1,0,1,0,0
WRK04779,Porur,13.024721,80.157973,2024-05-01,637.0,21,0.442,7,72,Basic Shield,29,5,2,0,1,0,0
WRK04780,Perambur,13.121351,80.225965,2023-07-01,470.0,19,0.631,2,72,Basic Shield,29,8,4,0,1,1,0
WRK04781,Tambaram,12.93595,80.102166,2022-03-01,572.0,18,0.377,6,74,Basic Shield,29,3,3,0,0,1,0
WRK04782,Anna Nagar,13.093762,80.19839,2018-09-01,642.0,21,0.425,5,74,Basic Shield,29,6,2,0,1,0,0
WRK04783,Tambaram,12.926289,80.116314,2024-12-01,603.0,20,0.355,2,78,Basic Shield,29,4,3,0,0,1,0
WRK04784,Sholinganallur,12.91513,80.232067,2020-03-01,500.0,19,0.067,3,83,Basic Shield,29,4,1,0,0,0,0
WRK04785,Velachery,12.990706,80.210726,2022-08-01,853.0,21,0.289,2,81,Basic Shield,29,10,3,0,1,1,0
WRK04786,Perambur,13.105635,80.245061,2015-03-01,678.0,18,0.219,2,82,Basic Shield,29,3,2,0,0,0,0
WRK04787,Porur,13.049314,80.141903,2017-10-01,898.0,17,0.472,3,77,Basic Shield,29,9,3,0,1,1,0
WRK04788,Porur,13.053962,80.137542,2019-11-01,771.0,20,0.461,5,74,Basic Shield,29,8,0,0,1,0,0
WRK04789,Adyar,13.012955,80.268857,2020-12-01,548.0,19,0.377,4,76,Basic Shield,29,5,3,1,1,1,1
WRK04790,Chromepet,12.952747,80.126125,2021-02-01,444.0,13,0.342,3,79,Basic Shield,29,4,3,0,0,1,0
WRK04791,Chromepet,12.943941,80.159361,2016-02-01,457.0,19,0.358,7,73,Basic Shield,29,6,2,0,1,0,0
WRK04792,Anna Nagar,13.089363,80.214819,2016-08-01,582.0,15,0.142,2,83,Basic Shield,29,3,4,0,0,1,0
WRK04793,Chromepet,12.932735,80.13162,2015-07-01,604.0,20,0.315,3,78,Basic Shield,29,6,2,0,1,0,0
WRK04794,Porur,13.029582,80.171828,2022-05-01,663.0,21,0.214,3,81,Basic Shield,29,10,1,0,1,0,0
WRK04795,Perambur,13.105308,80.218219,2020-01-01,498.0,19,0.153,1,83,Basic Shield,29,7,2,0,1,0,0
WRK04796,Velachery,13.001323,80.22412,2018-04-01,554.0,11,0.238,3,84,Basic Shield,29,9,0,0,1,0,0
WRK04797,Guindy,12.999552,80.229624,2022-06-01,532.0,17,0.335,6,74,Basic Shield,29,11,2,1,1,0,1
WRK04798,Porur,13.022342,80.137657,2020-02-01,442.0,23,0.297,3,78,Basic Shield,29,9,4,0,1,1,0
WRK04799,Guindy,12.997201,80.203831,2023-07-01,717.0,17,0.033,1,86,Basic Shield,29,10,5,1,1,1,1
WRK04800,Tambaram,12.912345,80.088436,2018-03-01,532.0,18,0.224,5,78,Basic Shield,29,4,3,0,0,1,0
WRK04801,Velachery,12.97749,80.213653,2018-08-01,573.0,24,0.154,3,81,Basic Shield,29,6,1,0,1,0,0
WRK04802,Tambaram,12.906656,80.108078,2023-10-01,517.0,14,0.233,3,80,Basic Shield,29,4,2,0,0,0,0
WRK04803,Perambur,13.13381,80.219734,2017-01-01,836.0,22,0.338,1,81,Basic Shield,29,2,2,0,0,0,0
WRK04804,Porur,13.044682,80.138283,2023-08-01,426.0,17,0.232,4,78,Basic Shield,29,5,1,0,1,0,0
WRK04805,Velachery,12.993023,80.204235,2021-06-01,627.0,14,0.074,2,85,Basic Shield,29,7,0,0,1,0,0
WRK04806,Adyar,12.988277,80.236807,2024-09-01,617.0,17,0.105,3,82,Basic Shield,29,7,3,1,1,1,1
WRK04807,Guindy,12.993944,80.217068,2016-10-01,797.0,14,0.159,1,85,Basic Shield,29,6,0,1,1,0,1
WRK04808,Velachery,12.971521,80.232407,2018-03-01,300.0,17,0.154,2,81,Basic Shield,29,11,2,0,1,0,0
WRK04809,Tambaram,12.926308,80.117564,2018-05-01,704.0,18,0.228,5,78,Basic Shield,29,5,2,0,1,0,0
WRK04810,Perambur,13.124897,80.254449,2017-11-01,566.0,11,0.419,1,82,Basic Shield,29,7,3,0,1,1,0
WRK04811,Anna Nagar,13.093081,80.209497,2023-08-01,622.0,22,0.266,3,79,Basic Shield,29,13,0,0,1,0,0
WRK04812,Anna Nagar,13.101466,80.210124,2021-11-01,882.0,21,0.178,2,83,Basic Shield,29,9,2,0,1,0,0
WRK04813,Velachery,12.987061,80.222567,2020-09-01,782.0,17,0.41,2,78,Basic Shield,29,2,0,0,0,0,0
WRK04814,Velachery,12.991845,80.203044,2016-03-01,648.0,17,0.47,3,75,Basic Shield,29,5,2,0,1,0,0
WRK04815,Chromepet,12.935959,80.126068,2023-03-01,747.0,20,0.199,1,83,Basic Shield,29,3,2,0,0,0,0
WRK04816,Sholinganallur,12.919569,80.209883,2017-12-01,547.0,13,0.51,5,74,Basic Shield,29,5,1,0,1,0,0
WRK04817,Velachery,12.976978,80.214153,2018-02-01,362.0,8,0.546,2,80,Basic Shield,29,4,2,0,0,0,0
WRK04818,Guindy,13.003199,80.238969,2018-11-01,600.0,23,0.242,7,76,Basic Shield,29,2,4,1,0,1,1
WRK04819,Tambaram,12.923901,80.093403,2021-08-01,765.0,13,0.229,1,85,Basic Shield,29,9,3,0,1,1,0
WRK04820,Sholinganallur,12.89609,80.226576,2016-06-01,426.0,20,0.19,4,79,Basic Shield,29,11,1,0,1,0,0
WRK04821,Tambaram,12.919197,80.084781,2022-03-01,709.0,17,0.024,0,88,Basic Shield,29,7,0,0,1,0,0
WRK04822,Chromepet,12.95591,80.157462,2017-09-01,789.0,26,0.387,4,77,Basic Shield,29,6,1,0,1,0,0
WRK04823,Velachery,12.974696,80.223854,2024-09-01,566.0,22,0.052,1,85,Basic Shield,29,5,4,0,1,1,0
WRK04824,T Nagar,13.030562,80.248535,2018-06-01,664.0,16,0.234,3,80,Basic Shield,29,8,3,0,1,1,0
WRK04825,Sholinganallur,12.884127,80.229089,2023-08-01,752.0,17,0.62,5,71,Basic Shield,29,7,3,0,1,1,0
WRK04826,Anna Nagar,13.08135,80.218795,2023-11-01,484.0,24,0.263,5,77,Basic Shield,29,2,4,0,0,1,0
WRK04827,Perambur,13.102519,80.232005,2015-11-01,499.0,17,0.288,3,78,Basic Shield,29,7,2,0,1,0,0
WRK04828,Chromepet,12.945459,80.138613,2023-06-01,549.0,17,0.124,5,80,Basic Shield,29,6,4,0,1,1,0
WRK04829,Perambur,13.122764,80.248177,2021-02-01,551.0,12,0.21,1,85,Basic Shield,29,9,1,0,1,0,0
WRK04830,Adyar,13.007167,80.26595,2024-08-01,653.0,17,0.045,2,85,Basic Shield,29,8,1,1,1,0,1
WRK04831,Chromepet,12.958669,80.140939,2019-03-01,613.0,22,0.331,3,78,Basic Shield,29,5,1,0,1,0,0
WRK04832,Guindy,13.005701,80.220119,2016-08-01,543.0,15,0.31,3,78,Basic Shield,29,5,3,1,1,1,1
WRK04833,Tambaram,12.928652,80.11834,2020-01-01,593.0,17,0.633,4,71,Basic Shield,29,6,3,0,1,1,0
WRK04834,Adyar,12.99942,80.265453,2021-09-01,731.0,17,0.499,0,78,Basic Shield,29,9,2,1,1,0,1
WRK04835,Velachery,12.996757,80.215779,2022-07-01,522.0,19,0.208,4,79,Basic Shield,29,7,3,0,1,1,0
WRK04836,Perambur,13.136623,80.230896,2022-10-01,460.0,24,0.225,3,79,Basic Shield,29,4,4,0,0,1,0
WRK04837,Perambur,13.109779,80.234857,2021-12-01,700.0,22,0.394,1,79,Basic Shield,29,5,2,0,1,0,0
WRK04838,Perambur,13.123457,80.226152,2018-12-01,591.0,21,0.609,2,73,Basic Shield,29,4,3,0,0,1,0
WRK04839,Porur,13.05107,80.164036,2016-12-01,833.0,13,0.485,4,77,Basic Shield,29,4,0,0,0,0,0
WRK04840,Porur,13.021618,80.16326,2019-03-01,596.0,20,0.511,6,71,Basic Shield,29,5,3,0,1,1,0
WRK04841,Chromepet,12.946737,80.156589,2016-10-01,605.0,15,0.254,2,80,Basic Shield,29,4,4,0,0,1,0
WRK04842,T Nagar,13.025756,80.231038,2024-01-01,654.0,18,0.225,2,81,Basic Shield,29,6,2,0,1,0,0
WRK04843,Velachery,12.975627,80.237494,2021-01-01,599.0,19,0.502,2,75,Basic Shield,29,6,0,0,1,0,0
WRK04844,Tambaram,12.944705,80.087022,2020-06-01,582.0,29,0.135,2,83,Basic Shield,29,6,2,0,1,0,0
WRK04845,Tambaram,12.917695,80.097355,2023-05-01,614.0,18,0.539,4,73,Basic Shield,29,5,5,0,1,1,0
WRK04846,Perambur,13.130754,80.251674,2018-09-01,747.0,24,0.3,5,77,Basic Shield,29,5,4,0,1,1,0
WRK04847,Guindy,13.000069,80.223293,2024-11-01,547.0,26,0.403,6,73,Basic Shield,29,6,6,1,1,1,1
WRK04848,Guindy,13.021444,80.22713,2018-07-01,699.0,21,0.212,1,83,Basic Shield,29,10,0,1,1,0,1
WRK04849,T Nagar,13.042292,80.228654,2024-03-01,553.0,15,0.391,7,72,Basic Shield,29,5,2,0,1,0,0
WRK04850,Adyar,13.022536,80.24823,2015-08-01,673.0,19,0.12,4,81,Basic Shield,29,12,2,1,1,0,1
WRK04851,Anna Nagar,13.101966,80.199301,2017-12-01,670.0,22,0.371,1,79,Basic Shield,29,9,0,0,1,0,0
WRK04852,Guindy,13.003317,80.210267,2015-07-01,580.0,20,0.161,3,81,Basic Shield,29,6,2,1,1,0,1
WRK04853,Porur,13.039085,80.143021,2023-10-01,743.0,15,0.343,2,79,Basic Shield,29,7,1,0,1,0,0
WRK04854,Sholinganallur,12.917659,80.242084,2024-06-01,611.0,20,0.477,2,76,Basic Shield,29,10,2,0,1,0,0
WRK04855,Porur,13.018371,80.154791,2017-04-01,432.0,12,0.143,5,82,Basic Shield,29,7,3,0,1,1,0
WRK04856,T Nagar,13.051404,80.239433,2017-07-01,515.0,18,0.513,4,73,Basic Shield,29,7,3,0,1,1,0
WRK04857,Porur,13.020864,80.160017,2021-02-01,583.0,23,0.074,5,81,Basic Shield,29,7,0,0,1,0,0
WRK04858,Velachery,12.995725,80.214119,2022-11-01,447.0,16,0.615,1,73,Basic Shield,29,11,0,0,1,0,0
WRK04859,Perambur,13.10159,80.21604,2018-09-01,762.0,20,0.31,3,79,Basic Shield,29,5,3,0,1,1,0
WRK04860,T Nagar,13.042228,80.231096,2018-11-01,657.0,24,0.207,2,82,Basic Shield,29,8,2,0,1,0,0
WRK04861,Porur,13.031563,80.139084,2021-12-01,615.0,19,0.376,2,78,Basic Shield,29,2,3,0,0,1,0
WRK04862,Guindy,12.993371,80.240043,2019-10-01,545.0,17,0.291,2,79,Basic Shield,29,5,1,1,1,0,1
WRK04863,Perambur,13.113618,80.216493,2021-05-01,808.0,15,0.054,4,83,Basic Shield,29,3,1,0,0,0,0
WRK04864,Tambaram,12.923735,80.090521,2016-11-01,709.0,8,0.209,5,86,Basic Shield,29,10,5,0,1,1,0
WRK04865,Porur,13.020818,80.140564,2018-04-01,754.0,19,0.497,1,77,Basic Shield,29,7,2,0,1,0,0
WRK04866,T Nagar,13.044284,80.251422,2023-01-01,568.0,18,0.293,1,80,Basic Shield,29,8,1,0,1,0,0
WRK04867,Sholinganallur,12.915239,80.236562,2023-10-01,521.0,27,0.441,4,74,Basic Shield,29,11,5,0,1,1,0
WRK04868,Tambaram,12.917456,80.092495,2023-04-01,472.0,11,0.525,3,77,Basic Shield,29,7,2,0,1,0,0
WRK04869,Guindy,13.000719,80.238753,2021-07-01,599.0,20,0.3,1,80,Basic Shield,29,2,2,1,0,0,1
WRK04870,Guindy,12.999358,80.234827,2022-09-01,650.0,11,0.602,1,79,Basic Shield,29,7,2,1,1,0,1
WRK04871,Guindy,12.987483,80.235318,2018-08-01,691.0,21,0.425,1,78,Basic Shield,29,6,1,1,1,0,1
WRK04872,Guindy,13.001982,80.222262,2023-08-01,771.0,23,0.114,4,82,Basic Shield,29,3,1,1,0,0,1
WRK04873,Porur,13.020676,80.168454,2019-07-01,604.0,15,0.27,1,81,Basic Shield,29,6,1,0,1,0,0
WRK04874,Adyar,13.010597,80.274487,2020-11-01,531.0,19,0.202,4,79,Basic Shield,29,2,1,1,0,0,1
WRK04875,T Nagar,13.058038,80.218192,2021-04-01,591.0,14,0.047,1,87,Basic Shield,29,4,3,0,0,1,0
WRK04876,T Nagar,13.042334,80.223643,2015-06-01,762.0,18,0.031,3,85,Basic Shield,29,5,0,0,1,0,0
WRK04877,Adyar,13.006904,80.24545,2018-09-01,613.0,26,0.231,2,81,Basic Shield,29,3,3,1,0,1,1
WRK04878,Guindy,12.987087,80.225164,2022-01-01,675.0,24,0.437,4,75,Basic Shield,29,10,2,1,1,0,1
WRK04879,Porur,13.025219,80.156738,2023-10-01,804.0,21,0.196,4,81,Basic Shield,29,6,6,0,1,1,0
WRK04880,Adyar,13.000318,80.256493,2022-02-01,769.0,20,0.567,3,74,Basic Shield,29,5,2,1,1,0,1
WRK04881,Tambaram,12.935342,80.095118,2022-07-01,613.0,18,0.192,0,84,Basic Shield,29,4,2,0,0,0,0
WRK04882,Anna Nagar,13.102598,80.220524,2021-06-01,630.0,22,0.249,4,79,Basic Shield,29,4,1,0,0,0,0
WRK04883,Tambaram,12.923595,80.109257,2022-08-01,488.0,21,0.178,2,81,Basic Shield,29,5,4,0,1,1,0
WRK04884,Sholinganallur,12.893261,80.246819,2021-06-01,473.0,26,0.328,1,79,Basic Shield,29,5,3,0,1,1,0
WRK04885,Guindy,13.01497,80.237243,2015-03-01,531.0,15,0.16,3,81,Basic Shield,29,4,2,1,0,0,1
WRK04886,Anna Nagar,13.095099,80.192179,2023-05-01,529.0,17,0.228,1,82,Basic Shield,29,8,3,0,1,1,0
WRK04887,Tambaram,12.918965,80.087739,2019-07-01,826.0,14,0.45,4,77,Basic Shield,29,3,2,0,0,0,0
WRK04888,Velachery,12.977639,80.20536,2015-02-01,565.0,16,0.576,3,73,Basic Shield,29,8,2,0,1,0,0
WRK04889,Sholinganallur,12.890215,80.214965,2023-11-01,727.0,14,0.228,2,83,Basic Shield,29,5,3,0,1,1,0
WRK04890,T Nagar,13.033407,80.237965,2018-09-01,768.0,23,0.198,2,82,Basic Shield,29,12,1,0,1,0,0
WRK04891,Anna Nagar,13.103306,80.228151,2020-04-01,633.0,16,0.218,3,80,Basic Shield,29,9,3,0,1,1,0
WRK04892,Perambur,13.110777,80.242346,2016-08-01,658.0,17,0.155,4,81,Basic Shield,29,7,0,0,1,0,0
WRK04893,Anna Nagar,13.091431,80.222283,2018-04-01,829.0,17,0.377,2,79,Basic Shield,29,5,2,0,1,0,0
WRK04894,T Nagar,13.026396,80.235043,2015-12-01,582.0,19,0.264,4,78,Basic Shield,29,5,2,0,1,0,0
WRK04895,Guindy,13.013599,80.201782,2019-01-01,728.0,17,0.13,3,83,Basic Shield,29,8,4,1,1,1,1
WRK04896,Velachery,12.98362,80.234654,2020-09-01,463.0,15,0.272,4,77,Basic Shield,29,4,1,0,0,0,0
WRK04897,Perambur,13.120114,80.22889,2018-06-01,546.0,14,0.089,5,81,Basic Shield,29,5,0,0,1,0,0
WRK04898,Anna Nagar,13.073986,80.225623,2015-03-01,590.0,15,0.278,5,77,Basic Shield,29,8,1,0,1,0,0
WRK04899,T Nagar,13.03216,80.244509,2024-02-01,657.0,18,0.104,1,85,Basic Shield,29,4,2,0,0,0,0
WRK04900,Sholinganallur,12.896385,80.228063,2016-08-01,658.0,13,0.249,1,84,Basic Shield,29,1,6,0,0,1,0
WRK04901,Adyar,12.998211,80.257957,2023-06-01,650.0,11,0.189,3,85,Basic Shield,29,1,0,1,0,0,1
WRK04902,Porur,13.037979,80.1767,2024-02-01,683.0,16,0.464,2,77,Basic Shield,29,4,1,0,0,0,0
WRK04903,Anna Nagar,13.099895,80.196278,2021-11-01,537.0,16,0.532,3,74,Basic Shield,29,5,0,0,1,0,0
WRK04904,Guindy,12.995867,80.207259,2023-06-01,456.0,13,0.221,3,81,Basic Shield,29,4,2,1,0,0,1
WRK04905,Porur,13.019303,80.170199,2023-02-01,605.0,22,0.08,4,82,Basic Shield,29,3,1,0,0,0,0
WRK04906,Adyar,13.016112,80.253414,2017-12-01,604.0,20,0.282,5,77,Basic Shield,29,7,4,1,1,1,1
WRK04907,Adyar,13.001016,80.264127,2021-10-01,621.0,9,0.66,4,76,Basic Shield,29,5,1,1,1,0,1
WRK04908,Velachery,12.990681,80.216265,2024-12-01,609.0,9,0.294,4,84,Basic Shield,29,7,1,0,1,0,0
WRK04909,Guindy,12.993192,80.227388,2023-12-01,478.0,22,0.364,1,79,Basic Shield,29,8,2,1,1,0,1
WRK04910,Anna Nagar,13.074856,80.195264,2019-03-01,457.0,14,0.604,3,73,Basic Shield,29,6,2,0,1,0,0
WRK04911,Chromepet,12.96277,80.13271,2023-05-01,540.0,27,0.049,5,81,Basic Shield,29,9,2,0,1,0,0
WRK04912,Porur,13.022596,80.139086,2019-02-01,515.0,21,0.476,5,73,Basic Shield,29,12,3,0,1,1,0
WRK04913,Velachery,12.983839,80.22399,2021-12-01,420.0,10,0.113,0,89,Basic Shield,29,5,2,0,1,0,0
WRK04914,Sholinganallur,12.886763,80.232652,2022-03-01,684.0,17,0.061,2,85,Basic Shield,29,5,2,0,1,0,0
WRK04915,Porur,13.053102,80.144631,2020-07-01,373.0,26,0.288,2,79,Basic Shield,29,6,4,0,1,1,0
WRK04916,Tambaram,12.939829,80.105699,2022-08-01,586.0,17,0.347,1,79,Basic Shield,29,3,4,0,0,1,0
WRK04917,Tambaram,12.907014,80.090352,2018-10-01,498.0,19,0.27,3,79,Basic Shield,29,4,1,0,0,0,0
WRK04918,Velachery,12.983087,80.221005,2020-03-01,710.0,19,0.256,2,81,Basic Shield,29,5,3,0,1,1,0
WRK04919,T Nagar,13.037935,80.241174,2020-03-01,687.0,17,0.224,4,79,Basic Shield,29,5,4,0,1,1,0
WRK04920,Anna Nagar,13.10514,80.228206,2015-05-01,548.0,22,0.26,3,79,Basic Shield,29,8,1,0,1,0,0
WRK04921,Adyar,13.025076,80.237584,2018-09-01,530.0,21,0.327,7,74,Basic Shield,29,4,1,1,0,0,1
WRK04922,Porur,13.021847,80.154573,2019-09-01,729.0,10,0.368,3,83,Basic Shield,29,8,1,0,1,0,0
WRK04923,Porur,13.053056,80.137036,2022-07-01,717.0,22,0.351,6,75,Basic Shield,29,4,0,0,0,0,0
WRK04924,Perambur,13.127933,80.223848,2017-04-01,719.0,18,0.359,2,79,Basic Shield,29,7,4,0,1,1,0
WRK04925,Chromepet,12.968626,80.154331,2022-09-01,614.0,17,0.099,0,86,Basic Shield,29,7,2,0,1,0,0
WRK04926,Velachery,12.963359,80.216299,2019-05-01,668.0,23,0.323,3,78,Basic Shield,29,5,2,0,1,0,0
WRK04927,Chromepet,12.93316,80.145094,2020-01-01,711.0,22,0.486,2,76,Basic Shield,29,4,3,0,0,1,0
WRK04928,Adyar,13.015153,80.249105,2017-05-01,679.0,17,0.073,3,83,Basic Shield,29,7,2,1,1,0,1
WRK04929,Perambur,13.120261,80.224782,2016-08-01,574.0,16,0.247,0,82,Basic Shield,29,4,1,0,0,0,0
WRK04930,Chromepet,12.9329,80.160294,2024-10-01,370.0,11,0.202,3,83,Basic Shield,29,4,4,0,0,1,0
WRK04931,T Nagar,13.023109,80.230878,2017-11-01,555.0,24,0.107,3,82,Basic Shield,29,5,2,0,1,0,0
WRK04932,Anna Nagar,13.105677,80.221473,2016-09-01,825.0,19,0.787,8,65,Standard Shield,49,5,4,0,1,1,0
WRK04933,Adyar,13.015882,80.267437,2016-03-01,800.0,22,0.321,2,80,Basic Shield,29,5,4,1,1,1,1
WRK04934,Adyar,12.995251,80.253313,2023-04-01,432.0,12,0.103,2,86,Basic Shield,29,2,1,1,0,0,1
WRK04935,T Nagar,13.056446,80.242219,2015-01-01,588.0,18,0.136,2,83,Basic Shield,29,8,0,0,1,0,0
WRK04936,Sholinganallur,12.909098,80.222697,2022-09-01,618.0,13,0.266,2,82,Basic Shield,29,8,0,0,1,0,0
WRK04937,Adyar,13.010759,80.268597,2021-05-01,580.0,19,0.395,2,78,Basic Shield,29,3,2,1,0,0,1
WRK04938,T Nagar,13.022244,80.237853,2019-02-01,677.0,15,0.335,2,79,Basic Shield,29,8,3,0,1,1,0
WRK04939,Adyar,13.004837,80.262216,2021-06-01,683.0,16,0.37,1,80,Basic Shield,29,4,1,1,0,0,1
WRK04940,Perambur,13.107484,80.223326,2017-12-01,462.0,21,0.602,5,70,Basic Shield,29,9,4,0,1,1,0
WRK04941,Tambaram,12.928757,80.098778,2022-07-01,711.0,18,0.548,5,72,Basic Shield,29,5,4,0,1,1,0
WRK04942,T Nagar,13.057868,80.235814,2015-01-01,531.0,25,0.631,4,71,Basic Shield,29,10,2,0,1,0,0
WRK04943,Perambur,13.109744,80.216414,2019-02-01,642.0,13,0.288,1,83,Basic Shield,29,3,0,0,0,0,0
WRK04944,T Nagar,13.058076,80.23397,2020-05-01,582.0,15,0.604,1,74,Basic Shield,29,5,3,0,1,1,0
WRK04945,Chromepet,12.949566,80.157635,2018-12-01,667.0,11,0.252,1,86,Basic Shield,29,8,1,0,1,0,0
WRK04946,Guindy,13.010053,80.2127,2022-06-01,558.0,14,0.371,1,80,Basic Shield,29,3,3,1,0,1,1
WRK04947,Porur,13.032608,80.155761,2018-11-01,554.0,12,0.202,4,82,Basic Shield,29,7,1,0,1,0,0
WRK04948,Perambur,13.098737,80.24967,2021-04-01,459.0,14,0.302,2,80,Basic Shield,29,6,1,0,1,0,0
WRK04949,Perambur,13.129219,80.215068,2023-01-01,518.0,18,0.124,5,80,Basic Shield,29,7,2,0,1,0,0
WRK04950,Velachery,12.993292,80.208637,2016-07-01,483.0,15,0.296,2,79,Basic Shield,29,10,1,0,1,0,0
WRK04951,Velachery,12.994141,80.234461,2019-10-01,592.0,23,0.838,4,67,Standard Shield,49,7,4,0,1,1,0
WRK04952,Chromepet,12.933571,80.151336,2023-03-01,551.0,18,0.192,3,80,Basic Shield,29,8,1,0,1,0,0
WRK04953,Sholinganallur,12.914794,80.225069,2015-02-01,447.0,18,0.089,3,82,Basic Shield,29,7,2,0,1,0,0
WRK04954,Chromepet,12.94841,80.14465,2021-08-01,682.0,19,0.256,4,79,Basic Shield,29,3,4,0,0,1,0
WRK04955,Chromepet,12.966021,80.122787,2022-11-01,705.0,15,0.23,1,82,Basic Shield,29,4,0,0,0,0,0
WRK04956,Adyar,13.010779,80.246254,2015-08-01,638.0,28,0.272,3,79,Basic Shield,29,5,0,1,1,0,1
WRK04957,Guindy,12.999986,80.20389,2021-12-01,538.0,18,0.59,1,74,Basic Shield,29,2,2,1,0,0,1
WRK04958,Porur,13.048444,80.160905,2017-05-01,589.0,25,0.062,3,83,Basic Shield,29,2,3,0,0,1,0
WRK04959,Tambaram,12.90629,80.119319,2023-04-01,630.0,11,0.147,1,88,Basic Shield,29,9,1,0,1,0,0
WRK04960,Velachery,12.964207,80.231643,2024-11-01,404.0,14,0.059,3,83,Basic Shield,29,10,1,0,1,0,0
WRK04961,Sholinganallur,12.899929,80.232711,2024-08-01,510.0,19,0.241,6,76,Basic Shield,29,5,1,0,1,0,0
WRK04962,Velachery,12.973834,80.21478,2022-10-01,428.0,17,0.798,4,67,Standard Shield,49,8,2,0,1,0,0
WRK04963,Anna Nagar,13.105909,80.222745,2019-01-01,566.0,11,0.509,6,75,Basic Shield,29,1,2,0,0,0,0
WRK04964,Guindy,13.013277,80.224029,2023-02-01,633.0,26,0.291,5,77,Basic Shield,29,4,2,1,0,0,1
WRK04965,Tambaram,12.909402,80.112606,2018-03-01,436.0,26,0.044,3,83,Basic Shield,29,3,2,0,0,0,0
WRK04966,Perambur,13.102098,80.246606,2016-11-01,860.0,16,0.284,0,83,Basic Shield,29,9,1,0,1,0,0
WRK04967,Sholinganallur,12.906463,80.213559,2023-08-01,680.0,15,0.023,4,83,Basic Shield,29,6,0,0,1,0,0
WRK04968,Perambur,13.130164,80.223532,2015-04-01,525.0,15,0.137,5,79,Basic Shield,29,4,2,0,0,0,0
WRK04969,Adyar,13.022963,80.265029,2023-11-01,468.0,15,0.409,0,79,Basic Shield,29,8,2,1,1,0,1
WRK04970,Perambur,13.134436,80.239627,2020-09-01,577.0,19,0.466,1,77,Basic Shield,29,10,1,0,1,0,0
WRK04971,Perambur,13.124892,80.215671,2015-11-01,601.0,14,0.185,2,83,Basic Shield,29,8,3,0,1,1,0
WRK04972,Velachery,12.997427,80.209777,2018-03-01,626.0,14,0.156,3,83,Basic Shield,29,3,0,0,0,0,0
WRK04973,Velachery,12.992364,80.205857,2015-01-01,616.0,18,0.484,2,76,Basic Shield,29,8,3,0,1,1,0
WRK04974,T Nagar,13.037876,80.220197,2024-01-01,539.0,16,0.269,2,80,Basic Shield,29,8,0,0,1,0,0
WRK04975,Chromepet,12.940435,80.147539,2017-10-01,664.0,10,0.15,2,88,Basic Shield,29,7,2,0,1,0,0
WRK04976,Chromepet,12.961624,80.152556,2015-07-01,510.0,14,0.395,2,78,Basic Shield,29,4,3,0,0,1,0
WRK04977,Chromepet,12.958505,80.133678,2024-04-01,446.0,27,0.053,3,83,Basic Shield,29,9,3,0,1,1,0
WRK04978,Chromepet,12.971485,80.127418,2020-10-01,532.0,15,0.62,2,73,Basic Shield,29,5,3,0,1,1,0
WRK04979,Porur,13.022123,80.176189,2016-09-01,652.0,20,0.176,2,82,Basic Shield,29,9,0,0,1,0,0
WRK04980,Adyar,12.9916,80.275692,2024-11-01,744.0,16,0.377,3,78,Basic Shield,29,3,1,1,0,0,1
WRK04981,T Nagar,13.047563,80.229074,2017-12-01,581.0,14,0.066,3,84,Basic Shield,29,5,3,0,1,1,0
WRK04982,Velachery,12.98573,80.215025,2017-12-01,683.0,20,0.082,2,84,Basic Shield,29,9,3,0,1,1,0
WRK04983,Perambur,13.107268,80.238433,2015-05-01,665.0,14,0.401,4,77,Basic Shield,29,5,2,0,1,0,0
WRK04984,Anna Nagar,13.08987,80.215545,2015-04-01,585.0,12,0.199,3,83,Basic Shield,29,6,1,0,1,0,0
WRK04985,Perambur,13.109875,80.223342,2015-11-01,516.0,10,0.285,2,84,Basic Shield,29,4,0,0,0,0,0
WRK04986,Porur,13.034129,80.153868,2019-02-01,365.0,16,0.289,1,80,Basic Shield,29,5,2,0,1,0,0
WRK04987,T Nagar,13.040783,80.227764,2017-06-01,669.0,17,0.023,1,86,Basic Shield,29,4,2,0,0,0,0
WRK04988,Chromepet,12.966635,80.157693,2021-10-01,512.0,17,0.319,5,76,Basic Shield,29,8,2,0,1,0,0
WRK04989,Velachery,12.996772,80.219247,2023-03-01,473.0,13,0.098,0,87,Basic Shield,29,8,5,0,1,1,0
WRK04990,Adyar,13.023683,80.262215,2024-03-01,502.0,18,0.402,8,71,Basic Shield,29,9,2,1,1,0,1
WRK04991,Anna Nagar,13.072296,80.192101,2021-11-01,625.0,14,0.083,2,85,Basic Shield,29,4,6,0,0,1,0
WRK04992,Chromepet,12.968632,80.139795,2020-06-01,642.0,19,0.266,6,76,Basic Shield,29,9,1,0,1,0,0
WRK04993,Perambur,13.109272,80.243404,2022-11-01,656.0,25,0.11,1,85,Basic Shield,29,6,2,0,1,0,0
WRK04994,Adyar,13.022147,80.253793,2020-07-01,618.0,16,0.23,1,82,Basic Shield,29,7,4,1,1,1,1
WRK04995,Velachery,13.000394,80.21826,2018-07-01,768.0,18,0.093,3,83,Basic Shield,29,7,3,0,1,1,0
WRK04996,Porur,13.02029,80.158946,2018-04-01,551.0,18,0.463,3,75,Basic Shield,29,3,0,0,0,0,0
WRK04997,Velachery,12.999882,80.23404,2017-09-01,714.0,16,0.624,2,74,Basic Shield,29,2,3,0,0,1,0
WRK04998,T Nagar,13.045085,80.229466,2020-05-01,596.0,15,0.144,4,81,Basic Shield,29,2,1,0,0,0,0
WRK04999,Velachery,12.989964,80.204862,2017-03-01,622.0,12,0.238,2,84,Basic Shield,29,8,2,0,1,0,0
WRK05000,Porur,13.054205,80.148105,2022-10-01,530.0,19,0.544,3,73,Basic Shield,29,7,5,0,1,1,0
WRK05001,Chromepet,12.971137,80.151755,2018-04-01,526.0,18,0.181,2,82,Basic Shield,29,9,1,0,1,0,0
WRK05002,Sholinganallur,12.887041,80.220782,2019-06-01,670.0,21,0.371,4,76,Basic Shield,29,6,0,0,1,0,0
WRK05003,Porur,13.054549,80.173558,2017-02-01,638.0,23,0.47,2,76,Basic Shield,29,4,3,0,0,1,0
WRK05004,Anna Nagar,13.090187,80.201588,2017-03-01,579.0,17,0.16,7,77,Basic Shield,29,7,0,0,1,0,0
WRK05005,Chromepet,12.961317,80.151006,2020-10-01,789.0,10,0.081,5,87,Basic Shield,29,6,1,0,1,0,0
WRK05006,Chromepet,12.957901,80.12792,2021-01-01,846.0,21,0.297,1,82,Basic Shield,29,7,2,0,1,0,0
WRK05007,Chromepet,12.949051,80.123179,2022-09-01,785.0,25,0.183,5,80,Basic Shield,29,7,3,0,1,1,0
WRK05008,Adyar,12.992837,80.236717,2017-02-01,493.0,27,0.062,1,85,Basic Shield,29,3,2,1,0,0,1
WRK05009,Chromepet,12.941088,80.16243,2016-10-01,664.0,17,0.057,3,84,Basic Shield,29,5,4,0,1,1,0
WRK05010,Tambaram,12.921451,80.081918,2019-03-01,831.0,14,0.17,0,86,Basic Shield,29,2,1,0,0,0,0
WRK05011,Tambaram,12.930711,80.089983,2018-09-01,449.0,14,0.084,4,82,Basic Shield,29,4,2,0,0,0,0
WRK05012,Adyar,13.02613,80.253671,2016-10-01,330.0,22,0.363,3,76,Basic Shield,29,5,3,1,1,1,1
WRK05013,Chromepet,12.936622,80.160732,2020-05-01,742.0,14,0.159,3,83,Basic Shield,29,6,0,0,1,0,0
WRK05014,Adyar,12.99028,80.260435,2022-10-01,645.0,15,0.497,4,74,Basic Shield,29,4,0,1,0,0,1
WRK05015,Porur,13.018002,80.167986,2024-06-01,630.0,15,0.663,4,70,Basic Shield,29,8,0,0,1,0,0
WRK05016,Chromepet,12.950455,80.128557,2021-04-01,573.0,14,0.157,2,83,Basic Shield,29,5,2,0,1,0,0
WRK05017,Anna Nagar,13.083982,80.218971,2015-12-01,555.0,17,0.121,2,83,Basic Shield,29,5,2,0,1,0,0
WRK05018,Perambur,13.111886,80.235007,2024-02-01,300.0,17,0.217,3,79,Basic Shield,29,4,1,0,0,0,0
WRK05019,T Nagar,13.049192,80.227223,2020-05-01,560.0,15,0.318,4,77,Basic Shield,29,9,1,0,1,0,0
WRK05020,Chromepet,12.958549,80.13084,2021-01-01,680.0,14,0.125,0,86,Basic Shield,29,8,2,0,1,0,0
WRK05021,Guindy,13.008915,80.224852,2023-01-01,638.0,13,0.341,3,80,Basic Shield,29,4,4,1,0,1,1
WRK05022,Anna Nagar,13.077694,80.216629,2018-12-01,634.0,15,0.18,5,79,Basic Shield,29,6,3,0,1,1,0
WRK05023,Chromepet,12.947746,80.150318,2021-08-01,568.0,19,0.445,3,75,Basic Shield,29,7,0,0,1,0,0
WRK05024,Guindy,12.999708,80.236397,2015-11-01,672.0,9,0.053,3,90,Basic Shield,29,5,2,1,1,0,1
WRK05025,Porur,13.052202,80.14232,2020-12-01,701.0,21,0.471,2,77,Basic Shield,29,6,4,0,1,1,0
WRK05026,Chromepet,12.954418,80.135819,2017-02-01,700.0,19,0.242,2,81,Basic Shield,29,7,2,0,1,0,0
WRK05027,Velachery,12.98605,80.213182,2015-03-01,553.0,18,0.247,2,80,Basic Shield,29,5,2,0,1,0,0
WRK05028,Porur,13.046571,80.168033,2016-01-01,743.0,14,0.22,4,81,Basic Shield,29,6,2,0,1,0,0
WRK05029,Chromepet,12.968637,80.141339,2022-09-01,547.0,10,0.135,4,86,Basic Shield,29,7,4,0,1,1,0
WRK05030,Anna Nagar,13.078776,80.203773,2019-01-01,534.0,16,0.421,2,77,Basic Shield,29,2,0,0,0,0,0
WRK05031,Chromepet,12.94702,80.151603,2018-06-01,300.0,22,0.328,1,78,Basic Shield,29,9,0,0,1,0,0
WRK05032,T Nagar,13.057234,80.253358,2019-07-01,556.0,17,0.521,2,75,Basic Shield,29,7,4,0,1,1,0
WRK05033,T Nagar,13.023767,80.228129,2019-01-01,438.0,17,0.484,1,76,Basic Shield,29,8,2,0,1,0,0
WRK05034,Guindy,12.995787,80.238546,2021-08-01,726.0,13,0.42,2,80,Basic Shield,29,5,1,1,1,0,1
WRK05035,Chromepet,12.967499,80.158054,2015-01-01,669.0,18,0.397,2,78,Basic Shield,29,9,4,0,1,1,0
WRK05036,Anna Nagar,13.106055,80.192363,2021-03-01,863.0,19,0.208,2,83,Basic Shield,29,3,4,0,0,1,0
WRK05037,Tambaram,12.931113,80.083111,2019-04-01,741.0,15,0.361,3,78,Basic Shield,29,6,3,0,1,1,0
WRK05038,Porur,13.030217,80.142817,2022-09-01,777.0,18,0.1,4,82,Basic Shield,29,7,2,0,1,0,0
WRK05039,Sholinganallur,12.90542,80.221332,2017-08-01,447.0,21,0.305,6,75,Basic Shield,29,6,5,0,1,1,0
WRK05040,Sholinganallur,12.897053,80.233909,2024-11-01,671.0,23,0.216,1,83,Basic Shield,29,5,2,0,1,0,0
WRK05041,Anna Nagar,13.091421,80.228803,2022-09-01,612.0,21,0.053,4,83,Basic Shield,29,5,0,0,1,0,0
WRK05042,Guindy,12.990285,80.21844,2017-06-01,557.0,14,0.118,0,86,Basic Shield,29,8,2,1,1,0,1
WRK05043,Sholinganallur,12.889572,80.238086,2020-02-01,692.0,20,0.534,2,75,Basic Shield,29,9,2,0,1,0,0
WRK05044,T Nagar,13.045583,80.238106,2015-12-01,584.0,17,0.335,2,79,Basic Shield,29,4,1,0,0,0,0
WRK05045,Velachery,12.993164,80.19919,2019-01-01,491.0,19,0.234,2,80,Basic Shield,29,7,1,0,1,0,0
WRK05046,Anna Nagar,13.095081,80.219301,2022-12-01,537.0,17,0.254,7,75,Basic Shield,29,5,2,0,1,0,0
WRK05047,Velachery,12.983565,80.210168,2021-01-01,725.0,19,0.27,4,79,Basic Shield,29,6,0,0,1,0,0
WRK05048,Porur,13.025133,80.168195,2022-03-01,379.0,18,0.512,2,74,Basic Shield,29,4,2,0,0,0,0
WRK05049,Tambaram,12.932599,80.107735,2024-03-01,630.0,9,0.023,3,90,Basic Shield,29,5,1,0,1,0,0
WRK05050,T Nagar,13.052112,80.240868,2019-12-01,595.0,27,0.608,2,73,Basic Shield,29,5,3,0,1,1,0
WRK05051,Guindy,12.987778,80.22042,2022-06-01,517.0,13,0.384,2,79,Basic Shield,29,6,1,1,1,0,1
WRK05052,Guindy,13.023357,80.223121,2022-08-01,337.0,16,0.153,2,81,Basic Shield,29,6,2,1,1,0,1
WRK05053,Tambaram,12.941923,80.098342,2023-02-01,607.0,18,0.296,2,80,Basic Shield,29,6,1,0,1,0,0
WRK05054,Adyar,13.000322,80.26733,2022-04-01,751.0,13,0.186,2,85,Basic Shield,29,4,2,1,0,0,1
WRK05055,Tambaram,12.934627,80.086582,2023-05-01,652.0,20,0.303,5,77,Basic Shield,29,10,1,0,1,0,0
WRK05056,Porur,13.04386,80.168973,2017-10-01,853.0,24,0.132,2,84,Basic Shield,29,6,1,0,1,0,0
WRK05057,Tambaram,12.934302,80.080182,2017-05-01,434.0,18,0.041,3,83,Basic Shield,29,8,3,0,1,1,0
WRK05058,Porur,13.019762,80.167583,2020-08-01,656.0,17,0.071,1,85,Basic Shield,29,10,3,0,1,1,0
WRK05059,Anna Nagar,13.107945,80.22539,2021-04-01,411.0,19,0.483,4,73,Basic Shield,29,8,2,0,1,0,0
WRK05060,Anna Nagar,13.071436,80.22541,2020-02-01,821.0,13,0.215,3,83,Basic Shield,29,4,4,0,0,1,0
WRK05061,Porur,13.02732,80.159984,2021-06-01,632.0,28,0.236,2,81,Basic Shield,29,5,6,0,1,1,0
WRK05062,Porur,13.045803,80.167186,2020-01-01,567.0,11,0.509,1,80,Basic Shield,29,8,1,0,1,0,0
WRK05063,Tambaram,12.927657,80.094269,2018-07-01,551.0,21,0.485,2,76,Basic Shield,29,7,0,0,1,0,0
WRK05064,Tambaram,12.915782,80.082447,2016-12-01,721.0,20,0.346,2,79,Basic Shield,29,7,1,0,1,0,0
WRK05065,Anna Nagar,13.097186,80.20432,2019-08-01,387.0,16,0.064,3,82,Basic Shield,29,6,4,0,1,1,0
WRK05066,Tambaram,12.934424,80.11093,2018-03-01,569.0,14,0.474,3,76,Basic Shield,29,9,1,0,1,0,0
WRK05067,Anna Nagar,13.104968,80.202378,2019-10-01,496.0,16,0.117,2,83,Basic Shield,29,9,0,0,1,0,0
WRK05068,Chromepet,12.940418,80.136379,2020-06-01,530.0,30,0.303,4,77,Basic Shield,29,8,5,0,1,1,0
WRK05069,Tambaram,12.906511,80.094746,2019-05-01,701.0,14,0.197,1,84,Basic Shield,29,7,0,0,1,0,0
WRK05070,Chromepet,12.962753,80.15238,2021-11-01,600.0,19,0.461,4,74,Basic Shield,29,10,1,0,1,0,0
WRK05071,Anna Nagar,13.08015,80.224681,2020-08-01,567.0,18,0.407,2,77,Basic Shield,29,5,1,0,1,0,0
WRK05072,Chromepet,12.939723,80.125044,2018-10-01,386.0,15,0.196,1,82,Basic Shield,29,8,0,0,1,0,0
WRK05073,Sholinganallur,12.892783,80.214961,2023-11-01,546.0,14,0.209,2,82,Basic Shield,29,5,1,0,1,0,0
WRK05074,T Nagar,13.019309,80.225583,2017-08-01,517.0,23,0.335,3,77,Basic Shield,29,9,2,0,1,0,0
WRK05075,Adyar,12.999009,80.243001,2024-06-01,574.0,9,0.158,2,88,Basic Shield,29,2,5,1,0,1,1
WRK05076,Anna Nagar,13.091213,80.203592,2016-10-01,597.0,13,0.376,1,81,Basic Shield,29,5,1,0,1,0,0
WRK05077,Tambaram,12.925165,80.100614,2023-02-01,577.0,19,0.396,5,74,Basic Shield,29,3,2,0,0,0,0
WRK05078,Tambaram,12.944082,80.090435,2021-04-01,789.0,18,0.174,2,83,Basic Shield,29,6,2,0,1,0,0
WRK05079,Sholinganallur,12.89828,80.224862,2016-12-01,564.0,14,0.275,4,79,Basic Shield,29,7,4,0,1,1,0
WRK05080,Velachery,12.985211,80.222587,2020-08-01,583.0,13,0.498,4,75,Basic Shield,29,4,4,0,0,1,0
WRK05081,Anna Nagar,13.108932,80.207005,2018-02-01,653.0,16,0.284,7,75,Basic Shield,29,5,2,0,1,0,0
WRK05082,Porur,13.048948,80.156384,2023-03-01,504.0,16,0.343,2,78,Basic Shield,29,4,4,0,0,1,0
WRK05083,Tambaram,12.940024,80.090143,2018-10-01,500.0,14,0.067,5,82,Basic Shield,29,9,2,0,1,0,0
WRK05084,Anna Nagar,13.095882,80.225894,2015-04-01,538.0,17,0.79,1,70,Basic Shield,29,3,1,0,0,0,0
WRK05085,Adyar,13.00115,80.274361,2022-04-01,649.0,22,0.35,4,77,Basic Shield,29,7,1,1,1,0,1
WRK05086,Chromepet,12.970442,80.143084,2018-01-01,457.0,29,0.083,2,83,Basic Shield,29,8,1,0,1,0,0
WRK05087,Anna Nagar,13.099065,80.194592,2022-12-01,592.0,20,0.411,5,74,Basic Shield,29,8,5,0,1,1,0
WRK05088,Anna Nagar,13.076134,80.230014,2017-12-01,655.0,17,0.276,2,80,Basic Shield,29,6,3,0,1,1,0
WRK05089,Perambur,13.111105,80.240387,2017-10-01,792.0,12,0.325,3,82,Basic Shield,29,7,1,0,1,0,0
WRK05090,Adyar,13.015585,80.246686,2022-06-01,739.0,17,0.187,2,82,Basic Shield,29,9,0,1,1,0,1
WRK05091,Anna Nagar,13.075337,80.202528,2016-05-01,563.0,22,0.281,1,81,Basic Shield,29,7,4,0,1,1,0
WRK05092,Perambur,13.125262,80.225243,2019-02-01,530.0,12,0.28,1,84,Basic Shield,29,6,0,0,1,0,0
WRK05093,Chromepet,12.938985,80.130372,2020-12-01,719.0,11,0.156,3,86,Basic Shield,29,6,2,0,1,0,0
WRK05094,Guindy,13.009805,80.233952,2017-04-01,582.0,17,0.248,1,81,Basic Shield,29,7,2,1,1,0,1
WRK05095,Tambaram,12.929403,80.089882,2023-07-01,824.0,16,0.239,6,78,Basic Shield,29,7,3,0,1,1,0
WRK05096,Anna Nagar,13.077753,80.195038,2021-09-01,622.0,16,0.456,4,74,Basic Shield,29,2,2,0,0,0,0
WRK05097,Sholinganallur,12.913548,80.242035,2021-07-01,730.0,20,0.078,1,86,Basic Shield,29,5,2,0,1,0,0
WRK05098,Porur,13.045689,80.156856,2019-08-01,357.0,17,0.182,2,81,Basic Shield,29,9,1,0,1,0,0
WRK05099,T Nagar,13.051106,80.241453,2021-11-01,549.0,23,0.163,2,82,Basic Shield,29,8,2,0,1,0,0
WRK05100,Velachery,12.993616,80.227358,2021-10-01,616.0,24,0.241,4,79,Basic Shield,29,5,1,0,1,0,0
WRK05101,Porur,13.044202,80.17165,2022-09-01,615.0,19,0.662,3,71,Basic Shield,29,7,2,0,1,0,0
WRK05102,Adyar,13.025911,80.259661,2024-03-01,559.0,19,0.452,4,74,Basic Shield,29,7,3,1,1,1,1
WRK05103,T Nagar,13.022894,80.219816,2024-01-01,642.0,15,0.208,4,80,Basic Shield,29,1,1,0,0,0,0
WRK05104,Chromepet,12.952138,80.143821,2017-09-01,496.0,11,0.532,1,79,Basic Shield,29,6,3,0,1,1,0
WRK05105,Guindy,13.006974,80.225855,2023-04-01,573.0,17,0.575,4,72,Basic Shield,29,10,0,1,1,0,1
WRK05106,Chromepet,12.96602,80.16149,2020-08-01,523.0,22,0.364,2,78,Basic Shield,29,4,1,0,0,0,0
WRK05107,Anna Nagar,13.078533,80.225465,2015-11-01,753.0,14,0.15,4,82,Basic Shield,29,4,0,0,0,0,0
WRK05108,Porur,13.029395,80.170631,2016-01-01,561.0,15,0.22,1,82,Basic Shield,29,6,0,0,1,0,0
WRK05109,Tambaram,12.924977,80.090738,2017-12-01,327.0,15,0.345,3,76,Basic Shield,29,6,3,0,1,1,0
WRK05110,Perambur,13.10609,80.247666,2016-06-01,672.0,20,0.209,3,81,Basic Shield,29,10,3,0,1,1,0
WRK05111,Perambur,13.103979,80.245565,2019-11-01,522.0,25,0.157,1,83,Basic Shield,29,5,3,0,1,1,0
WRK05112,Anna Nagar,13.099557,80.215912,2019-04-01,658.0,21,0.244,3,80,Basic Shield,29,6,1,0,1,0,0
WRK05113,Adyar,12.996462,80.238392,2021-06-01,477.0,17,0.15,1,83,Basic Shield,29,4,3,1,0,1,1
WRK05114,Velachery,12.983131,80.205116,2022-10-01,733.0,12,0.45,1,81,Basic Shield,29,9,2,0,1,0,0
WRK05115,Perambur,13.099299,80.240177,2017-11-01,646.0,17,0.086,3,83,Basic Shield,29,14,1,0,1,0,0
WRK05116,Chromepet,12.940197,80.160366,2022-09-01,300.0,15,0.228,5,76,Basic Shield,29,5,0,0,1,0,0
WRK05117,Anna Nagar,13.09283,80.210616,2018-05-01,315.0,16,0.186,1,81,Basic Shield,29,8,3,0,1,1,0
WRK05118,Guindy,12.988093,80.216442,2020-02-01,616.0,19,0.171,5,79,Basic Shield,29,5,2,1,1,0,1
WRK05119,Anna Nagar,13.098007,80.229535,2017-07-01,614.0,19,0.149,0,85,Basic Shield,29,9,3,0,1,1,0
WRK05120,Chromepet,12.958998,80.153521,2023-07-01,573.0,19,0.126,5,80,Basic Shield,29,5,0,0,1,0,0
WRK05121,Sholinganallur,12.885691,80.217084,2024-01-01,479.0,21,0.483,4,73,Basic Shield,29,3,2,0,0,0,0
WRK05122,T Nagar,13.042574,80.239309,2019-10-01,644.0,11,0.25,2,85,Basic Shield,29,8,2,0,1,0,0
WRK05123,T Nagar,13.040412,80.219359,2015-01-01,472.0,19,0.274,3,78,Basic Shield,29,3,1,0,0,0,0
WRK05124,Sholinganallur,12.892617,80.222999,2019-07-01,635.0,17,0.236,0,83,Basic Shield,29,8,3,0,1,1,0
WRK05125,Anna Nagar,13.106195,80.198501,2017-12-01,693.0,21,0.277,1,81,Basic Shield,29,5,4,0,1,1,0
WRK05126,Porur,13.025521,80.148369,2019-06-01,555.0,16,0.68,4,70,Basic Shield,29,6,4,0,1,1,0
WRK05127,Sholinganallur,12.891499,80.225551,2024-02-01,689.0,13,0.2,2,84,Basic Shield,29,8,2,0,1,0,0
WRK05128,T Nagar,13.042044,80.244669,2023-07-01,631.0,26,0.503,5,73,Basic Shield,29,8,1,0,1,0,0
WRK05129,Chromepet,12.960459,80.143043,2016-05-01,631.0,16,0.194,3,81,Basic Shield,29,4,1,0,0,0,0
WRK05130,Perambur,13.100056,80.229945,2019-06-01,427.0,19,0.136,2,82,Basic Shield,29,1,1,0,0,0,0
WRK05131,Anna Nagar,13.0851,80.199776,2021-07-01,490.0,19,0.395,3,76,Basic Shield,29,5,1,0,1,0,0
WRK05132,Porur,13.022395,80.148372,2024-08-01,463.0,16,0.61,2,73,Basic Shield,29,6,1,0,1,0,0
WRK05133,Sholinganallur,12.886847,80.238071,2015-11-01,653.0,19,0.144,3,82,Basic Shield,29,5,2,0,1,0,0
WRK05134,T Nagar,13.027293,80.251119,2015-08-01,674.0,22,0.044,1,86,Basic Shield,29,4,4,0,0,1,0
WRK05135,Guindy,12.994179,80.223103,2024-08-01,586.0,21,0.132,3,82,Basic Shield,29,4,3,1,0,1,1
WRK05136,Adyar,12.992498,80.271191,2015-10-01,776.0,13,0.557,3,76,Basic Shield,29,8,3,1,1,1,1
WRK05137,Tambaram,12.92126,80.094569,2019-11-01,701.0,17,0.252,5,78,Basic Shield,29,9,0,0,1,0,0
WRK05138,Velachery,12.996337,80.211004,2018-12-01,655.0,16,0.083,5,81,Basic Shield,29,4,2,0,0,0,0
WRK05139,Anna Nagar,13.069954,80.192068,2016-08-01,423.0,28,0.184,4,79,Basic Shield,29,5,2,0,1,0,0
WRK05140,Anna Nagar,13.072482,80.21926,2020-08-01,779.0,22,0.329,4,78,Basic Shield,29,3,4,0,0,1,0
WRK05141,Adyar,13.01631,80.241523,2018-11-01,678.0,17,0.363,3,78,Basic Shield,29,4,4,1,0,1,1
WRK05142,Adyar,12.988729,80.261924,2024-09-01,875.0,14,0.517,4,76,Basic Shield,29,6,2,1,1,0,1
WRK05143,Chromepet,12.955031,80.156967,2023-03-01,558.0,15,0.261,3,79,Basic Shield,29,5,2,0,1,0,0
WRK05144,Guindy,13.002197,80.201151,2018-06-01,709.0,21,0.579,2,74,Basic Shield,29,6,2,1,1,0,1
WRK05145,Perambur,13.121117,80.220139,2019-06-01,589.0,9,0.382,7,79,Basic Shield,29,8,2,0,1,0,0
WRK05146,Adyar,12.998352,80.270679,2016-03-01,605.0,16,0.634,4,71,Basic Shield,29,8,2,1,1,0,1
WRK05147,Velachery,12.975267,80.20885,2016-08-01,572.0,15,0.208,3,80,Basic Shield,29,6,0,0,1,0,0
WRK05148,Tambaram,12.936002,80.116214,2015-12-01,480.0,16,0.376,5,74,Basic Shield,29,3,4,0,0,1,0
WRK05149,Guindy,13.001355,80.230917,2021-10-01,352.0,16,0.559,1,74,Basic Shield,29,4,1,1,0,0,1
WRK05150,Chromepet,12.954004,80.136309,2024-09-01,759.0,20,0.398,3,77,Basic Shield,29,7,2,0,1,0,0
WRK05151,Chromepet,12.937694,80.140484,2022-08-01,606.0,19,0.057,3,83,Basic Shield,29,10,0,0,1,0,0
WRK05152,Perambur,13.101245,80.247624,2021-06-01,438.0,12,0.407,4,78,Basic Shield,29,7,2,0,1,0,0
WRK05153,Sholinganallur,12.898014,80.218423,2021-01-01,604.0,17,0.351,3,78,Basic Shield,29,3,1,0,0,0,0
WRK05154,T Nagar,13.049397,80.237079,2017-11-01,354.0,21,0.561,4,71,Basic Shield,29,2,1,0,0,0,0
WRK05155,Tambaram,12.94465,80.097835,2021-08-01,550.0,17,0.318,3,78,Basic Shield,29,4,3,0,0,1,0
WRK05156,Adyar,13.025463,80.2748,2015-10-01,525.0,16,0.185,3,80,Basic Shield,29,7,3,1,1,1,1
WRK05157,Velachery,12.963661,80.198381,2020-07-01,669.0,27,0.494,1,77,Basic Shield,29,9,0,0,1,0,0
WRK05158,Sholinganallur,12.918645,80.229757,2022-03-01,353.0,21,0.154,5,78,Basic Shield,29,11,3,0,1,1,0
WRK05159,Velachery,12.990876,80.209869,2018-05-01,478.0,19,0.068,4,82,Basic Shield,29,5,3,0,1,1,0
WRK05160,T Nagar,13.043562,80.239924,2022-12-01,626.0,18,0.513,3,74,Basic Shield,29,4,4,0,0,1,0
WRK05161,Velachery,12.983298,80.199685,2022-12-01,762.0,20,0.772,4,69,Standard Shield,49,4,1,0,0,0,0
WRK05162,Perambur,13.104449,80.220995,2016-04-01,727.0,12,0.064,1,89,Basic Shield,29,7,1,0,1,0,0
WRK05163,Porur,13.047467,80.158693,2018-04-01,678.0,19,0.437,2,77,Basic Shield,29,3,0,0,0,0,0
WRK05164,Porur,13.017545,80.145994,2023-09-01,624.0,20,0.146,3,82,Basic Shield,29,7,0,0,1,0,0
WRK05165,Perambur,13.104569,80.222152,2023-11-01,493.0,13,0.106,4,83,Basic Shield,29,4,2,0,0,0,0
WRK05166,Guindy,12.990943,80.219183,2021-02-01,521.0,20,0.039,4,82,Basic Shield,29,7,3,1,1,1,1
WRK05167,Chromepet,12.953012,80.152513,2018-09-01,526.0,13,0.617,3,74,Basic Shield,29,8,3,0,1,1,0
WRK05168,Guindy,13.026492,80.237917,2020-10-01,411.0,20,0.366,1,78,Basic Shield,29,4,3,1,0,1,1
WRK05169,T Nagar,13.044323,80.234853,2018-10-01,553.0,16,0.191,3,80,Basic Shield,29,4,3,0,0,1,0
WRK05170,Porur,13.055902,80.137402,2020-04-01,525.0,16,0.436,5,73,Basic Shield,29,3,0,0,0,0,0
WRK05171,Porur,13.025425,80.152292,2015-10-01,630.0,7,0.28,4,86,Basic Shield,29,5,3,0,1,1,0
WRK05172,Anna Nagar,13.074332,80.210274,2022-02-01,743.0,21,0.259,6,77,Basic Shield,29,4,1,0,0,0,0
WRK05173,Tambaram,12.927495,80.114293,2017-11-01,452.0,22,0.197,3,80,Basic Shield,29,8,4,0,1,1,0
WRK05174,Sholinganallur,12.911813,80.232765,2020-11-01,474.0,10,0.1,2,88,Basic Shield,29,4,3,0,0,1,0
WRK05175,T Nagar,13.021621,80.22997,2016-12-01,679.0,16,0.285,3,79,Basic Shield,29,3,1,0,0,0,0
WRK05176,Porur,13.026682,80.174674,2023-08-01,487.0,19,0.187,3,80,Basic Shield,29,3,0,0,0,0,0
WRK05177,Tambaram,12.928996,80.09287,2016-12-01,596.0,21,0.277,4,78,Basic Shield,29,7,2,0,1,0,0
WRK05178,Perambur,13.131304,80.233885,2016-06-01,704.0,20,0.472,3,76,Basic Shield,29,6,5,0,1,1,0
WRK05179,Porur,13.023503,80.150233,2022-05-01,617.0,19,0.665,5,69,Standard Shield,49,4,3,0,0,1,0
WRK05180,Sholinganallur,12.884274,80.228046,2023-01-01,743.0,13,0.345,2,81,Basic Shield,29,5,2,0,1,0,0
WRK05181,Perambur,13.109703,80.22457,2015-10-01,720.0,21,0.245,2,81,Basic Shield,29,5,4,0,1,1,0
WRK05182,Perambur,13.118716,80.234405,2022-10-01,389.0,15,0.164,0,83,Basic Shield,29,7,0,0,1,0,0
WRK05183,Anna Nagar,13.100564,80.222437,2017-05-01,355.0,15,0.395,1,77,Basic Shield,29,5,3,0,1,1,0
WRK05184,Sholinganallur,12.903747,80.210039,2024-11-01,616.0,20,0.231,4,79,Basic Shield,29,5,2,0,1,0,0
WRK05185,Perambur,13.123808,80.222066,2015-02-01,562.0,19,0.604,1,74,Basic Shield,29,8,5,0,1,1,0
WRK05186,Porur,13.041228,80.169821,2017-10-01,547.0,13,0.042,2,86,Basic Shield,29,9,2,0,1,0,0
WRK05187,T Nagar,13.029203,80.225541,2016-07-01,749.0,11,0.34,3,82,Basic Shield,29,4,3,0,0,1,0
WRK05188,Guindy,13.017681,80.222592,2017-08-01,526.0,14,0.282,2,80,Basic Shield,29,8,2,1,1,0,1
WRK05189,T Nagar,13.027143,80.220514,2015-01-01,591.0,20,0.525,3,74,Basic Shield,29,7,2,0,1,0,0
WRK05190,Chromepet,12.97005,80.149025,2017-08-01,569.0,22,0.16,4,80,Basic Shield,29,8,0,0,1,0,0
WRK05191,Sholinganallur,12.888609,80.247485,2016-08-01,630.0,14,0.165,2,83,Basic Shield,29,6,3,0,1,1,0
WRK05192,T Nagar,13.048502,80.22165,2015-10-01,552.0,23,0.469,2,76,Basic Shield,29,4,2,0,0,0,0
WRK05193,Anna Nagar,13.088501,80.212413,2015-07-01,552.0,25,0.245,4,78,Basic Shield,29,1,2,0,0,0,0
WRK05194,Velachery,12.989405,80.206996,2019-04-01,544.0,16,0.378,2,78,Basic Shield,29,3,1,0,0,0,0
WRK05195,T Nagar,13.05694,80.216708,2023-10-01,630.0,26,0.308,2,79,Basic Shield,29,7,4,0,1,1,0
WRK05196,Velachery,12.972915,80.222406,2018-05-01,598.0,14,0.113,3,83,Basic Shield,29,3,4,0,0,1,0
WRK05197,Chromepet,12.946188,80.122712,2023-08-01,647.0,16,0.041,2,85,Basic Shield,29,2,3,0,0,1,0
WRK05198,Porur,13.023929,80.160681,2020-09-01,647.0,26,0.043,2,85,Basic Shield,29,5,2,0,1,0,0
WRK05199,Anna Nagar,13.095876,80.207905,2016-11-01,498.0,15,0.585,6,69,Standard Shield,49,2,2,0,0,0,0
WRK05200,Chromepet,12.954669,80.131863,2017-11-01,846.0,12,0.105,5,85,Basic Shield,29,5,1,0,1,0,0
WRK05201,Adyar,12.999601,80.248026,2015-06-01,546.0,19,0.37,3,77,Basic Shield,29,5,3,1,1,1,1
WRK05202,Perambur,13.107519,80.246998,2019-04-01,516.0,17,0.449,6,72,Basic Shield,29,6,0,0,1,0,0
WRK05203,Guindy,13.00768,80.230656,2019-04-01,647.0,9,0.18,1,89,Basic Shield,29,8,1,1,1,0,1
WRK05204,Porur,13.041583,80.150261,2020-06-01,625.0,13,0.553,3,76,Basic Shield,29,4,3,0,0,1,0
WRK05205,Adyar,13.007599,80.270389,2016-12-01,957.0,23,0.433,3,78,Basic Shield,29,6,2,1,1,0,1
WRK05206,Chromepet,12.965992,80.139408,2019-03-01,536.0,16,0.567,1,75,Basic Shield,29,6,4,0,1,1,0
WRK05207,Adyar,13.00965,80.265973,2024-03-01,548.0,15,0.289,4,77,Basic Shield,29,0,5,1,0,1,1
WRK05208,Chromepet,12.947149,80.156795,2017-06-01,559.0,10,0.361,6,79,Basic Shield,29,3,2,0,0,0,0
WRK05209,Anna Nagar,13.088003,80.200082,2021-06-01,722.0,9,0.408,3,83,Basic Shield,29,5,6,0,1,1,0
WRK05210,Sholinganallur,12.9001,80.212561,2015-09-01,723.0,21,0.436,2,77,Basic Shield,29,6,0,0,1,0,0
WRK05211,Guindy,13.019498,80.236899,2023-09-01,606.0,13,0.311,0,83,Basic Shield,29,3,1,1,0,0,1
WRK05212,Perambur,13.11449,80.2352,2024-12-01,376.0,20,0.594,1,74,Basic Shield,29,8,1,0,1,0,0
WRK05213,Perambur,13.10698,80.227757,2020-01-01,410.0,11,0.246,3,83,Basic Shield,29,7,3,0,1,1,0
WRK05214,Perambur,13.115075,80.253768,2022-02-01,470.0,23,0.387,3,76,Basic Shield,29,3,2,0,0,0,0
WRK05215,Velachery,12.981013,80.198422,2023-04-01,543.0,13,0.294,2,81,Basic Shield,29,11,4,0,1,1,0
WRK05216,Sholinganallur,12.888054,80.236956,2018-08-01,456.0,21,0.642,5,69,Standard Shield,49,8,0,0,1,0,0
WRK05217,Velachery,12.992015,80.22208,2019-11-01,686.0,15,0.081,5,81,Basic Shield,29,2,3,0,0,1,0
WRK05218,Adyar,13.01154,80.262198,2019-08-01,484.0,16,0.606,5,70,Basic Shield,29,13,3,1,1,1,1
WRK05219,Perambur,13.109472,80.23151,2018-02-01,857.0,20,0.639,1,75,Basic Shield,29,7,0,0,1,0,0
WRK05220,Velachery,12.991457,80.21671,2019-12-01,314.0,20,0.209,2,80,Basic Shield,29,8,5,0,1,1,0
WRK05221,Sholinganallur,12.899235,80.208593,2018-08-01,622.0,21,0.395,1,79,Basic Shield,29,9,2,0,1,0,0
WRK05222,Porur,13.025653,80.169005,2015-10-01,545.0,20,0.072,2,84,Basic Shield,29,3,6,0,0,1,0
WRK05223,T Nagar,13.052594,80.215871,2019-01-01,621.0,24,0.325,3,78,Basic Shield,29,5,2,0,1,0,0
WRK05224,Porur,13.038463,80.164438,2022-02-01,520.0,25,0.212,6,77,Basic Shield,29,5,1,0,1,0,0
WRK05225,Velachery,12.979856,80.215587,2017-02-01,490.0,23,0.12,3,82,Basic Shield,29,1,5,0,0,1,0
WRK05226,Chromepet,12.943588,80.143159,2016-07-01,794.0,15,0.233,2,82,Basic Shield,29,5,1,0,1,0,0
WRK05227,Perambur,13.123183,80.232121,2016-04-01,713.0,21,0.083,4,82,Basic Shield,29,9,0,0,1,0,0
WRK05228,T Nagar,13.038073,80.252199,2020-06-01,557.0,13,0.204,3,82,Basic Shield,29,7,2,0,1,0,0
WRK05229,Perambur,13.119453,80.220204,2024-06-01,540.0,20,0.323,3,78,Basic Shield,29,3,3,0,0,1,0
WRK05230,Perambur,13.124229,80.231993,2018-05-01,646.0,19,0.223,2,81,Basic Shield,29,3,0,0,0,0,0
WRK05231,Sholinganallur,12.886186,80.230901,2021-05-01,621.0,18,0.282,1,81,Basic Shield,29,6,3,0,1,1,0
WRK05232,Sholinganallur,12.891362,80.212429,2018-11-01,632.0,22,0.603,3,73,Basic Shield,29,7,4,0,1,1,0
WRK05233,Perambur,13.104298,80.220352,2016-06-01,809.0,18,0.346,3,79,Basic Shield,29,5,2,0,1,0,0
WRK05234,Tambaram,12.942724,80.096123,2015-04-01,639.0,16,0.125,2,83,Basic Shield,29,6,2,0,1,0,0
WRK05235,Guindy,12.990088,80.205036,2018-08-01,303.0,16,0.213,1,81,Basic Shield,29,11,2,1,1,0,1
WRK05236,Perambur,13.099249,80.216788,2019-12-01,639.0,16,0.309,1,81,Basic Shield,29,13,1,0,1,0,0
WRK05237,Tambaram,12.937908,80.10597,2022-10-01,610.0,27,0.147,0,85,Basic Shield,29,13,1,0,1,0,0
WRK05238,Anna Nagar,13.099352,80.191694,2023-01-01,589.0,17,0.419,7,72,Basic Shield,29,6,1,0,1,0,0
WRK05239,Adyar,13.010425,80.237298,2017-02-01,565.0,21,0.214,5,78,Basic Shield,29,9,3,1,1,1,1
WRK05240,Guindy,12.987656,80.223848,2021-05-01,571.0,21,0.185,6,78,Basic Shield,29,7,1,1,1,0,1
WRK05241,T Nagar,13.043049,80.243661,2021-08-01,757.0,16,0.672,0,75,Basic Shield,29,4,5,0,0,1,0
WRK05242,Perambur,13.132396,80.218304,2021-05-01,701.0,10,0.581,1,80,Basic Shield,29,9,2,0,1,0,0
WRK05243,T Nagar,13.026278,80.223916,2022-03-01,575.0,19,0.21,2,81,Basic Shield,29,4,1,0,0,0,0
WRK05244,T Nagar,13.048715,80.232282,2024-01-01,588.0,26,0.087,1,85,Basic Shield,29,9,5,0,1,1,0
WRK05245,Guindy,13.020049,80.219785,2022-02-01,453.0,13,0.106,6,81,Basic Shield,29,0,4,1,0,1,1
WRK05246,Porur,13.030728,80.17624,2021-03-01,674.0,10,0.092,3,88,Basic Shield,29,2,3,0,0,1,0
WRK05247,Perambur,13.110259,80.234355,2023-11-01,880.0,14,0.424,2,79,Basic Shield,29,9,0,0,1,0,0
WRK05248,T Nagar,13.028756,80.222747,2017-04-01,908.0,22,0.391,4,77,Basic Shield,29,1,3,0,0,1,0
WRK05249,Anna Nagar,13.096766,80.219237,2022-03-01,505.0,18,0.366,5,75,Basic Shield,29,6,1,0,1,0,0
WRK05250,Velachery,12.973263,80.206974,2023-10-01,318.0,17,0.302,0,80,Basic Shield,29,9,2,0,1,0,0
WRK05251,Sholinganallur,12.900735,80.22627,2021-09-01,626.0,16,0.354,3,78,Basic Shield,29,2,4,0,0,1,0
WRK05252,Sholinganallur,12.906273,80.21478,2022-05-01,676.0,23,0.362,3,78,Basic Shield,29,5,1,0,1,0,0
WRK05253,Chromepet,12.968378,80.131743,2024-06-01,586.0,22,0.27,5,77,Basic Shield,29,7,3,0,1,1,0
WRK05254,Velachery,12.985863,80.23555,2023-11-01,636.0,20,0.323,3,78,Basic Shield,29,3,4,0,0,1,0
WRK05255,Perambur,13.106832,80.233266,2018-04-01,607.0,15,0.036,1,86,Basic Shield,29,9,3,0,1,1,0
WRK05256,Guindy,12.991484,80.203218,2019-10-01,435.0,19,0.272,1,80,Basic Shield,29,7,4,1,1,1,1
WRK05257,Guindy,13.018086,80.236197,2017-08-01,691.0,12,0.247,9,77,Basic Shield,29,2,4,1,0,1,1
WRK05258,Velachery,12.970806,80.226093,2018-06-01,527.0,16,0.246,1,81,Basic Shield,29,8,1,0,1,0,0
WRK05259,Anna Nagar,13.086969,80.210944,2016-01-01,791.0,20,0.297,5,78,Basic Shield,29,7,1,0,1,0,0
WRK05260,Velachery,12.967519,80.215284,2021-02-01,766.0,17,0.118,2,84,Basic Shield,29,9,3,0,1,1,0
WRK05261,Guindy,13.020414,80.216629,2024-04-01,683.0,16,0.223,2,81,Basic Shield,29,4,1,1,0,0,1
WRK05262,Adyar,13.018325,80.24923,2018-05-01,724.0,26,0.302,2,80,Basic Shield,29,1,0,1,0,0,1
WRK05263,T Nagar,13.05747,80.242204,2021-07-01,575.0,17,0.172,3,81,Basic Shield,29,7,3,0,1,1,0
WRK05264,Guindy,13.017372,80.212784,2023-03-01,767.0,16,0.138,4,82,Basic Shield,29,13,1,1,1,0,1
WRK05265,Sholinganallur,12.883647,80.211518,2016-12-01,583.0,13,0.332,3,80,Basic Shield,29,6,2,0,1,0,0
WRK05266,T Nagar,13.025827,80.243923,2020-05-01,563.0,18,0.291,5,76,Basic Shield,29,5,2,0,1,0,0
WRK05267,Porur,13.031742,80.137403,2019-01-01,310.0,20,0.085,6,78,Basic Shield,29,3,1,0,0,0,0
WRK05268,Velachery,12.963428,80.211799,2017-08-01,667.0,25,0.77,1,71,Basic Shield,29,7,3,0,1,1,0
WRK05269,Guindy,12.987762,80.223606,2021-11-01,537.0,16,0.153,0,84,Basic Shield,29,6,3,1,1,1,1
WRK05270,Perambur,13.123446,80.234549,2021-03-01,697.0,25,0.099,4,82,Basic Shield,29,6,1,0,1,0,0
WRK05271,Chromepet,12.953727,80.156689,2019-12-01,589.0,20,0.397,0,80,Basic Shield,29,9,2,0,1,0,0
WRK05272,Anna Nagar,13.091379,80.199154,2018-04-01,807.0,22,0.142,2,84,Basic Shield,29,8,4,0,1,1,0
WRK05273,Perambur,13.124105,80.220523,2019-06-01,650.0,15,0.216,3,80,Basic Shield,29,7,3,0,1,1,0
WRK05274,Tambaram,12.91053,80.098529,2021-08-01,593.0,24,0.271,3,79,Basic Shield,29,5,1,0,1,0,0
WRK05275,Chromepet,12.933155,80.161576,2024-05-01,575.0,20,0.153,4,80,Basic Shield,29,6,2,0,1,0,0
WRK05276,T Nagar,13.054004,80.233402,2019-06-01,681.0,8,0.233,4,86,Basic Shield,29,6,2,0,1,0,0
WRK05277,Adyar,12.998778,80.239876,2021-08-01,641.0,19,0.209,5,79,Basic Shield,29,6,4,1,1,1,1
WRK05278,Perambur,13.129921,80.229778,2017-12-01,487.0,18,0.295,2,79,Basic Shield,29,5,1,0,1,0,0
WRK05279,Anna Nagar,13.080762,80.210428,2021-10-01,552.0,20,0.161,5,79,Basic Shield,29,0,5,0,0,1,0
WRK05280,Guindy,13.010221,80.214999,2016-01-01,647.0,19,0.001,1,87,Basic Shield,29,6,4,1,1,1,1
WRK05281,Chromepet,12.971333,80.125603,2023-03-01,590.0,19,0.21,1,82,Basic Shield,29,5,2,0,1,0,0
WRK05282,Sholinganallur,12.903556,80.224251,2018-03-01,421.0,29,0.474,3,74,Basic Shield,29,2,1,0,0,0,0
WRK05283,Adyar,12.997111,80.260252,2019-02-01,417.0,20,0.133,4,80,Basic Shield,29,1,1,1,0,0,1
WRK05284,Adyar,13.022608,80.251321,2017-10-01,478.0,22,0.417,2,77,Basic Shield,29,3,1,1,0,0,1
WRK05285,Guindy,12.990274,80.237684,2021-12-01,658.0,19,0.338,0,81,Basic Shield,29,7,2,1,1,0,1
WRK05286,Sholinganallur,12.90447,80.230772,2019-06-01,705.0,15,0.387,7,73,Basic Shield,29,7,3,0,1,1,0
WRK05287,Anna Nagar,13.074105,80.196532,2020-09-01,718.0,26,0.159,7,78,Basic Shield,29,8,1,0,1,0,0
WRK05288,T Nagar,13.047542,80.243162,2023-09-01,524.0,15,0.109,2,83,Basic Shield,29,2,2,0,0,0,0
WRK05289,Porur,13.041829,80.176456,2022-10-01,478.0,15,0.302,4,77,Basic Shield,29,3,1,0,0,0,0
WRK05290,Sholinganallur,12.883401,80.233135,2019-10-01,377.0,16,0.217,3,79,Basic Shield,29,5,1,0,1,0,0
WRK05291,Sholinganallur,12.913777,80.221928,2017-04-01,540.0,24,0.064,4,82,Basic Shield,29,7,1,0,1,0,0
WRK05292,Porur,13.030733,80.174424,2021-03-01,481.0,17,0.104,2,83,Basic Shield,29,7,1,0,1,0,0
WRK05293,Perambur,13.102603,80.22237,2021-11-01,530.0,19,0.078,1,85,Basic Shield,29,6,2,0,1,0,0
WRK05294,Chromepet,12.963314,80.155727,2021-02-01,683.0,13,0.414,7,75,Basic Shield,29,3,1,0,0,0,0
WRK05295,Tambaram,12.91792,80.111644,2017-03-01,664.0,17,0.361,7,74,Basic Shield,29,4,2,0,0,0,0
WRK05296,Guindy,13.009704,80.209822,2019-08-01,499.0,15,0.162,4,80,Basic Shield,29,6,0,1,1,0,1
WRK05297,Porur,13.034276,80.138205,2017-04-01,714.0,18,0.276,5,78,Basic Shield,29,9,1,0,1,0,0
WRK05298,Adyar,13.004342,80.243187,2024-09-01,690.0,19,0.13,4,81,Basic Shield,29,5,5,1,1,1,1
WRK05299,Velachery,12.96736,80.220738,2021-10-01,770.0,13,0.398,1,81,Basic Shield,29,9,0,0,1,0,0
WRK05300,Tambaram,12.912188,80.10456,2020-11-01,376.0,20,0.229,6,76,Basic Shield,29,6,3,0,1,1,0
WRK05301,Adyar,12.996314,80.267084,2023-08-01,661.0,17,0.346,2,79,Basic Shield,29,6,0,1,1,0,1
WRK05302,Guindy,13.018581,80.215003,2018-06-01,627.0,22,0.293,4,78,Basic Shield,29,10,3,1,1,1,1
WRK05303,Tambaram,12.924315,80.106524,2018-12-01,773.0,21,0.423,4,76,Basic Shield,29,4,3,0,0,1,0
WRK05304,Anna Nagar,13.098459,80.229406,2020-02-01,747.0,15,0.214,2,82,Basic Shield,29,6,0,0,1,0,0
WRK05305,Chromepet,12.948538,80.141956,2020-08-01,742.0,12,0.387,1,82,Basic Shield,29,3,4,0,0,1,0
WRK05306,Tambaram,12.932587,80.090151,2017-08-01,533.0,19,0.147,3,81,Basic Shield,29,8,0,0,1,0,0
WRK05307,Guindy,13.016721,80.216909,2019-02-01,692.0,17,0.293,4,78,Basic Shield,29,4,2,1,0,0,1
WRK05308,Guindy,13.023067,80.220007,2019-05-01,636.0,18,0.297,3,79,Basic Shield,29,6,3,1,1,1,1
WRK05309,Tambaram,12.944817,80.114449,2017-12-01,841.0,24,0.235,1,83,Basic Shield,29,5,3,0,1,1,0
WRK05310,Velachery,12.992701,80.211186,2021-08-01,656.0,18,0.619,2,73,Basic Shield,29,11,3,0,1,1,0
WRK05311,Guindy,13.009325,80.23947,2021-01-01,430.0,19,0.184,2,81,Basic Shield,29,7,2,1,1,0,1
WRK05312,Porur,13.01944,80.171966,2024-11-01,444.0,13,0.068,4,83,Basic Shield,29,3,2,0,0,0,0
WRK05313,Sholinganallur,12.903094,80.240103,2024-12-01,573.0,9,0.113,2,89,Basic Shield,29,6,2,0,1,0,0
WRK05314,Chromepet,12.952892,80.134642,2022-02-01,745.0,19,0.328,2,80,Basic Shield,29,8,3,0,1,1,0
WRK05315,Anna Nagar,13.108241,80.19799,2024-12-01,399.0,13,0.054,2,85,Basic Shield,29,12,3,0,1,1,0
WRK05316,Chromepet,12.93882,80.130525,2023-09-01,390.0,21,0.13,2,82,Basic Shield,29,7,3,0,1,1,0
WRK05317,Tambaram,12.92367,80.088845,2020-03-01,633.0,18,0.328,5,76,Basic Shield,29,4,3,0,0,1,0
WRK05318,Anna Nagar,13.077738,80.199766,2019-12-01,750.0,21,0.538,1,76,Basic Shield,29,7,2,0,1,0,0
WRK05319,Perambur,13.136217,80.249132,2022-03-01,608.0,17,0.288,6,76,Basic Shield,29,6,0,0,1,0,0
WRK05320,Tambaram,12.936665,80.112787,2017-09-01,514.0,22,0.39,2,77,Basic Shield,29,8,0,0,1,0,0
WRK05321,Chromepet,12.962779,80.160654,2017-04-01,372.0,16,0.275,5,76,Basic Shield,29,8,0,0,1,0,0
WRK05322,Adyar,13.016062,80.265489,2017-05-01,730.0,23,0.349,3,78,Basic Shield,29,6,3,1,1,1,1
WRK05323,Tambaram,12.912329,80.08569,2021-11-01,741.0,16,0.396,5,75,Basic Shield,29,5,2,0,1,0,0
WRK05324,Porur,13.024495,80.150863,2019-03-01,545.0,26,0.47,6,72,Basic Shield,29,5,3,0,1,1,0
WRK05325,Adyar,13.009056,80.253393,2021-09-01,575.0,15,0.245,3,79,Basic Shield,29,9,1,1,1,0,1
WRK05326,Velachery,12.998765,80.225613,2015-09-01,716.0,10,0.105,2,89,Basic Shield,29,8,2,0,1,0,0
WRK05327,Tambaram,12.91195,80.117219,2023-03-01,664.0,20,0.48,1,77,Basic Shield,29,6,2,0,1,0,0
WRK05328,Adyar,13.013225,80.251822,2016-09-01,411.0,19,0.582,3,72,Basic Shield,29,4,0,1,0,0,1
WRK05329,Porur,13.02081,80.161504,2015-05-01,619.0,19,0.257,5,77,Basic Shield,29,8,0,0,1,0,0
WRK05330,Velachery,12.963297,80.226437,2021-08-01,693.0,14,0.158,1,85,Basic Shield,29,11,0,0,1,0,0
WRK05331,Porur,13.029187,80.171935,2016-02-01,509.0,23,0.095,3,82,Basic Shield,29,7,4,0,1,1,0
WRK05332,Perambur,13.100018,80.22828,2023-06-01,546.0,20,0.452,7,71,Basic Shield,29,5,0,0,1,0,0
WRK05333,Chromepet,12.942143,80.142337,2022-10-01,745.0,25,0.098,2,84,Basic Shield,29,7,5,0,1,1,0
WRK05334,Anna Nagar,13.100932,80.224169,2023-01-01,762.0,19,0.189,3,82,Basic Shield,29,7,1,0,1,0,0
WRK05335,Chromepet,12.944876,80.15644,2024-02-01,605.0,17,0.429,5,74,Basic Shield,29,10,3,0,1,1,0
WRK05336,Sholinganallur,12.916522,80.208058,2022-12-01,526.0,16,0.058,2,84,Basic Shield,29,7,0,0,1,0,0
WRK05337,Tambaram,12.943657,80.105866,2023-03-01,418.0,13,0.265,6,77,Basic Shield,29,3,5,0,0,1,0
WRK05338,Velachery,12.970448,80.228026,2021-04-01,641.0,15,0.204,7,77,Basic Shield,29,4,1,0,0,0,0
WRK05339,T Nagar,13.042716,80.244725,2018-08-01,525.0,6,0.125,4,90,Basic Shield,29,8,2,0,1,0,0
WRK05340,Adyar,13.0037,80.254333,2023-04-01,381.0,20,0.187,4,79,Basic Shield,29,9,3,1,1,1,1
WRK05341,Adyar,12.98925,80.267305,2016-03-01,473.0,21,0.078,6,79,Basic Shield,29,5,4,1,1,1,1
WRK05342,Guindy,12.99674,80.228161,2022-05-01,568.0,19,0.101,6,79,Basic Shield,29,7,2,1,1,0,1
WRK05343,Porur,13.048091,80.173902,2024-09-01,668.0,23,0.499,2,76,Basic Shield,29,2,4,0,0,1,0
WRK05344,Tambaram,12.915933,80.099555,2017-07-01,674.0,16,0.219,3,80,Basic Shield,29,5,2,0,1,0,0
WRK05345,Velachery,12.973151,80.235301,2016-02-01,442.0,19,0.087,2,83,Basic Shield,29,7,1,0,1,0,0
WRK05346,Sholinganallur,12.882203,80.222885,2015-06-01,300.0,21,0.346,5,74,Basic Shield,29,8,0,0,1,0,0
WRK05347,Velachery,12.994292,80.198652,2018-12-01,448.0,16,0.237,3,79,Basic Shield,29,5,1,0,1,0,0
WRK05348,Adyar,12.989895,80.265235,2015-03-01,872.0,18,0.343,2,80,Basic Shield,29,6,0,1,1,0,1
WRK05349,Velachery,12.999763,80.231827,2024-02-01,711.0,13,0.593,2,76,Basic Shield,29,4,1,0,0,0,0
WRK05350,T Nagar,13.031635,80.242532,2022-05-01,674.0,17,0.132,7,78,Basic Shield,29,7,0,0,1,0,0
WRK05351,Velachery,12.966317,80.209043,2016-02-01,675.0,18,0.769,3,69,Standard Shield,49,2,1,0,0,0,0
WRK05352,Perambur,13.119699,80.229728,2020-09-01,482.0,20,0.568,3,73,Basic Shield,29,2,4,0,0,1,0
WRK05353,Guindy,13.018395,80.22268,2022-06-01,532.0,12,0.149,3,84,Basic Shield,29,12,4,1,1,1,1
WRK05354,Velachery,12.993403,80.218097,2015-12-01,498.0,10,0.488,1,81,Basic Shield,29,1,2,0,0,0,0
WRK05355,Porur,13.036681,80.155915,2020-12-01,672.0,17,0.558,2,75,Basic Shield,29,4,1,0,0,0,0
WRK05356,Adyar,13.010044,80.252774,2015-10-01,672.0,12,0.291,4,81,Basic Shield,29,5,2,1,1,0,1
WRK05357,T Nagar,13.024978,80.243095,2018-11-01,512.0,20,0.295,1,80,Basic Shield,29,3,3,0,0,1,0
WRK05358,Adyar,13.004922,80.272036,2015-10-01,660.0,19,0.247,4,79,Basic Shield,29,5,4,1,1,1,1
WRK05359,Chromepet,12.941811,80.14911,2016-02-01,669.0,17,0.181,2,82,Basic Shield,29,5,0,0,1,0,0
WRK05360,Porur,13.029031,80.166853,2024-03-01,517.0,16,0.287,4,77,Basic Shield,29,6,3,0,1,1,0
WRK05361,Anna Nagar,13.098736,80.19609,2018-06-01,507.0,15,0.133,3,81,Basic Shield,29,7,0,0,1,0,0
WRK05362,Velachery,12.963687,80.223035,2022-02-01,760.0,21,0.176,2,83,Basic Shield,29,10,3,0,1,1,0
WRK05363,Tambaram,12.929864,80.115063,2021-06-01,579.0,16,0.203,2,81,Basic Shield,29,4,0,0,0,0,0
WRK05364,Sholinganallur,12.905379,80.247697,2017-12-01,520.0,22,0.237,4,78,Basic Shield,29,6,1,0,1,0,0
WRK05365,Anna Nagar,13.081726,80.211429,2017-10-01,568.0,25,0.236,5,78,Basic Shield,29,9,0,0,1,0,0
WRK05366,Sholinganallur,12.895125,80.242128,2020-09-01,547.0,21,0.317,4,77,Basic Shield,29,7,2,0,1,0,0
WRK05367,Velachery,12.969666,80.2088,2019-12-01,827.0,15,0.249,5,79,Basic Shield,29,9,1,0,1,0,0
WRK05368,Porur,13.031872,80.151312,2023-09-01,602.0,18,0.323,2,79,Basic Shield,29,4,3,0,0,1,0
WRK05369,Anna Nagar,13.084477,80.218588,2015-02-01,577.0,14,0.367,4,77,Basic Shield,29,2,3,0,0,1,0
WRK05370,Tambaram,12.932006,80.119822,2017-03-01,660.0,20,0.258,2,81,Basic Shield,29,8,0,0,1,0,0
WRK05371,Porur,13.029834,80.148336,2020-01-01,407.0,19,0.247,1,81,Basic Shield,29,7,1,0,1,0,0
WRK05372,Guindy,12.99258,80.217365,2021-07-01,700.0,21,0.354,1,80,Basic Shield,29,2,1,1,0,0,1
WRK05373,T Nagar,13.04854,80.22679,2020-06-01,812.0,19,0.458,3,76,Basic Shield,29,5,1,0,1,0,0
WRK05374,Sholinganallur,12.911622,80.222931,2024-05-01,764.0,16,0.16,2,83,Basic Shield,29,5,1,0,1,0,0
WRK05375,Sholinganallur,12.886219,80.223714,2019-07-01,600.0,16,0.383,3,77,Basic Shield,29,2,2,0,0,0,0
WRK05376,T Nagar,13.028314,80.216864,2020-06-01,633.0,14,0.191,4,81,Basic Shield,29,6,4,0,1,1,0
WRK05377,Adyar,13.025636,80.258765,2020-10-01,698.0,19,0.319,1,81,Basic Shield,29,3,2,1,0,0,1
WRK05378,Anna Nagar,13.088304,80.195396,2018-02-01,600.0,7,0.215,3,88,Basic Shield,29,5,2,0,1,0,0
WRK05379,Guindy,12.99185,80.218528,2018-11-01,534.0,20,0.202,4,79,Basic Shield,29,7,2,1,1,0,1
WRK05380,Velachery,12.976673,80.214024,2015-09-01,609.0,17,0.261,3,79,Basic Shield,29,7,1,0,1,0,0
WRK05381,Sholinganallur,12.894685,80.243032,2015-09-01,344.0,17,0.407,2,76,Basic Shield,29,11,2,0,1,0,0
WRK05382,Sholinganallur,12.909899,80.239117,2022-09-01,341.0,16,0.684,1,72,Basic Shield,29,6,3,0,1,1,0
WRK05383,Porur,13.046244,80.167,2022-10-01,828.0,12,0.206,2,86,Basic Shield,29,2,0,0,0,0,0
WRK05384,Anna Nagar,13.101065,80.222977,2017-09-01,419.0,23,0.314,3,77,Basic Shield,29,9,5,0,1,1,0
WRK05385,Adyar,13.007948,80.23937,2023-05-01,558.0,17,0.549,2,74,Basic Shield,29,6,1,1,1,0,1
WRK05386,Adyar,13.012246,80.245123,2018-12-01,630.0,12,0.111,0,88,Basic Shield,29,7,4,1,1,1,1
WRK05387,Tambaram,12.938695,80.103451,2016-11-01,588.0,20,0.402,4,75,Basic Shield,29,7,1,0,1,0,0
WRK05388,Anna Nagar,13.101576,80.208767,2023-05-01,520.0,24,0.609,3,72,Basic Shield,29,4,0,0,0,0,0
WRK05389,Anna Nagar,13.088758,80.208732,2022-09-01,364.0,15,0.324,4,76,Basic Shield,29,2,3,0,0,1,0
WRK05390,Anna Nagar,13.090698,80.211646,2018-08-01,548.0,17,0.325,3,78,Basic Shield,29,5,0,0,1,0,0
WRK05391,T Nagar,13.035965,80.245193,2023-08-01,707.0,22,0.034,2,85,Basic Shield,29,7,1,0,1,0,0
WRK05392,Chromepet,12.94534,80.133158,2022-06-01,440.0,18,0.449,3,75,Basic Shield,29,4,3,0,0,1,0
WRK05393,Velachery,12.973984,80.212845,2016-11-01,538.0,10,0.199,2,86,Basic Shield,29,8,3,0,1,1,0
WRK05394,Guindy,13.007441,80.203207,2024-07-01,626.0,13,0.22,4,81,Basic Shield,29,10,3,1,1,1,1
WRK05395,Adyar,13.023223,80.247636,2016-03-01,560.0,17,0.043,3,83,Basic Shield,29,6,4,1,1,1,1
WRK05396,Tambaram,12.9157,80.106263,2019-03-01,718.0,16,0.382,5,75,Basic Shield,29,6,1,0,1,0,0
WRK05397,Anna Nagar,13.074088,80.201562,2017-01-01,565.0,20,0.175,7,77,Basic Shield,29,7,2,0,1,0,0
WRK05398,Anna Nagar,13.098587,80.229177,2019-02-01,373.0,25,0.474,3,74,Basic Shield,29,16,0,0,1,0,0
WRK05399,Porur,13.029318,80.151687,2019-01-01,789.0,12,0.083,3,87,Basic Shield,29,4,2,0,0,0,0
WRK05400,Adyar,12.990983,80.237135,2015-01-01,435.0,23,0.502,2,75,Basic Shield,29,4,4,1,0,1,1
WRK05401,Chromepet,12.936503,80.129433,2024-03-01,678.0,19,0.253,2,81,Basic Shield,29,13,5,0,1,1,0
WRK05402,Adyar,12.98898,80.258456,2024-12-01,623.0,18,0.265,2,80,Basic Shield,29,8,3,1,1,1,1
WRK05403,Perambur,13.126142,80.253415,2017-06-01,539.0,19,0.391,1,78,Basic Shield,29,6,1,0,1,0,0
WRK05404,Adyar,13.02452,80.269834,2017-03-01,564.0,17,0.473,1,77,Basic Shield,29,3,2,1,0,0,1
WRK05405,Sholinganallur,12.911627,80.240801,2018-12-01,549.0,14,0.027,4,84,Basic Shield,29,5,2,0,1,0,0
WRK05406,Guindy,13.008515,80.212281,2019-02-01,637.0,14,0.096,3,84,Basic Shield,29,11,0,1,1,0,1
WRK05407,Porur,13.03006,80.166071,2022-07-01,676.0,20,0.378,5,75,Basic Shield,29,4,1,0,0,0,0
WRK05408,Chromepet,12.968425,80.141606,2019-07-01,543.0,20,0.263,2,80,Basic Shield,29,6,1,0,1,0,0
WRK05409,Chromepet,12.963502,80.156715,2023-05-01,375.0,19,0.117,2,82,Basic Shield,29,4,3,0,0,1,0
WRK05410,Velachery,12.968097,80.222098,2018-09-01,537.0,19,0.294,0,81,Basic Shield,29,5,2,0,1,0,0
WRK05411,Porur,13.017316,80.143791,2017-10-01,653.0,21,0.064,1,85,Basic Shield,29,4,1,0,0,0,0
WRK05412,T Nagar,13.037042,80.215799,2018-04-01,432.0,20,0.204,0,83,Basic Shield,29,4,1,0,0,0,0
WRK05413,Tambaram,12.93808,80.112331,2015-01-01,581.0,24,0.255,2,80,Basic Shield,29,8,0,0,1,0,0
WRK05414,Chromepet,12.956888,80.148657,2024-11-01,506.0,26,0.246,2,80,Basic Shield,29,5,3,0,1,1,0
WRK05415,Tambaram,12.92669,80.10945,2015-01-01,637.0,23,0.076,2,84,Basic Shield,29,2,0,0,0,0,0
WRK05416,Velachery,12.985384,80.212052,2020-03-01,698.0,14,0.26,5,79,Basic Shield,29,1,0,0,0,0,0
WRK05417,Guindy,13.026368,80.234669,2022-06-01,472.0,23,0.334,1,79,Basic Shield,29,9,1,1,1,0,1
WRK05418,Velachery,12.988387,80.19963,2024-05-01,810.0,22,0.249,3,81,Basic Shield,29,4,1,0,0,0,0
WRK05419,Tambaram,12.926879,80.110424,2016-08-01,635.0,23,0.566,5,71,Basic Shield,29,5,6,0,1,1,0
WRK05420,Velachery,12.981006,80.209603,2016-06-01,807.0,19,0.286,2,81,Basic Shield,29,8,5,0,1,1,0
WRK05421,Perambur,13.098605,80.22552,2022-11-01,584.0,15,0.191,7,77,Basic Shield,29,7,3,0,1,1,0
WRK05422,Sholinganallur,12.896052,80.221913,2019-03-01,768.0,11,0.172,4,85,Basic Shield,29,8,3,0,1,1,0
WRK05423,Porur,13.026031,80.149311,2023-02-01,546.0,27,0.389,1,78,Basic Shield,29,7,2,0,1,0,0
WRK05424,Perambur,13.12178,80.239911,2019-11-01,632.0,16,0.165,3,81,Basic Shield,29,7,0,0,1,0,0
WRK05425,Perambur,13.123227,80.250081,2022-09-01,608.0,14,0.19,4,81,Basic Shield,29,7,2,0,1,0,0
WRK05426,Anna Nagar,13.096421,80.207577,2023-06-01,471.0,22,0.171,4,79,Basic Shield,29,9,3,0,1,1,0
WRK05427,Tambaram,12.942042,80.0812,2018-11-01,598.0,18,0.535,3,74,Basic Shield,29,6,4,0,1,1,0
WRK05428,Sholinganallur,12.893037,80.223397,2023-07-01,545.0,31,0.368,2,78,Basic Shield,29,9,3,0,1,1,0
WRK05429,Tambaram,12.934149,80.090106,2016-08-01,342.0,21,0.034,8,78,Basic Shield,29,3,2,0,0,0,0
WRK05430,Chromepet,12.968433,80.15671,2019-04-01,523.0,18,0.186,4,79,Basic Shield,29,3,2,0,0,0,0
WRK05431,T Nagar,13.035002,80.223911,2015-10-01,627.0,21,0.25,1,82,Basic Shield,29,5,1,0,1,0,0
WRK05432,Porur,13.044731,80.165605,2019-10-01,484.0,16,0.664,5,69,Standard Shield,49,9,1,0,1,0,0
WRK05433,Guindy,13.020529,80.234185,2015-05-01,640.0,22,0.161,5,79,Basic Shield,29,10,3,1,1,1,1
WRK05434,Chromepet,12.949536,80.161366,2024-05-01,492.0,20,0.527,5,71,Basic Shield,29,6,1,0,1,0,0
WRK05435,Sholinganallur,12.913273,80.235895,2022-09-01,794.0,17,0.146,1,85,Basic Shield,29,9,2,0,1,0,0
WRK05436,Velachery,12.978508,80.216926,2021-12-01,560.0,19,0.386,1,79,Basic Shield,29,4,3,0,0,1,0
WRK05437,Guindy,13.00236,80.212377,2022-05-01,500.0,17,0.207,7,76,Basic Shield,29,4,3,1,0,1,1
WRK05438,Velachery,12.975351,80.22464,2017-01-01,814.0,20,0.122,0,86,Basic Shield,29,8,1,0,1,0,0
WRK05439,Perambur,13.116558,80.241828,2024-12-01,677.0,19,0.494,7,71,Basic Shield,29,6,2,0,1,0,0
WRK05440,Perambur,13.1004,80.240947,2018-12-01,569.0,29,0.347,1,79,Basic Shield,29,7,0,0,1,0,0
WRK05441,Chromepet,12.963025,80.138535,2017-08-01,536.0,22,0.2,2,81,Basic Shield,29,5,2,0,1,0,0
WRK05442,Tambaram,12.92625,80.089632,2015-10-01,838.0,12,0.298,2,84,Basic Shield,29,4,0,0,0,0,0
WRK05443,Perambur,13.128416,80.228904,2021-01-01,631.0,20,0.264,1,81,Basic Shield,29,6,0,0,1,0,0
WRK05444,Chromepet,12.944908,80.15726,2017-08-01,588.0,18,0.367,2,78,Basic Shield,29,3,2,0,0,0,0
WRK05445,Anna Nagar,13.078396,80.20502,2021-03-01,515.0,30,0.698,2,71,Basic Shield,29,9,2,0,1,0,0
WRK05446,T Nagar,13.048736,80.252745,2017-11-01,692.0,12,0.247,3,83,Basic Shield,29,6,3,0,1,1,0
WRK05447,Chromepet,12.964339,80.124017,2019-02-01,634.0,20,0.303,2,80,Basic Shield,29,6,0,0,1,0,0
WRK05448,T Nagar,13.057117,80.216984,2021-08-01,594.0,17,0.31,3,78,Basic Shield,29,1,3,0,0,1,0
WRK05449,Anna Nagar,13.083786,80.20505,2020-06-01,653.0,16,0.305,2,80,Basic Shield,29,11,4,0,1,1,0
WRK05450,T Nagar,13.044861,80.216617,2023-10-01,397.0,17,0.127,1,83,Basic Shield,29,2,1,0,0,0,0
WRK05451,Porur,13.0293,80.168462,2019-03-01,648.0,13,0.581,1,77,Basic Shield,29,7,1,0,1,0,0
WRK05452,Chromepet,12.940871,80.145232,2021-06-01,658.0,18,0.213,3,81,Basic Shield,29,8,3,0,1,1,0
WRK05453,Sholinganallur,12.906227,80.241144,2023-10-01,733.0,21,0.672,4,71,Basic Shield,29,7,0,0,1,0,0
WRK05454,Chromepet,12.937359,80.134392,2016-08-01,582.0,18,0.341,2,79,Basic Shield,29,3,1,0,0,0,0
WRK05455,Guindy,13.00806,80.208232,2023-04-01,495.0,18,0.269,1,81,Basic Shield,29,7,4,1,1,1,1
WRK05456,Sholinganallur,12.916129,80.211524,2022-12-01,413.0,14,0.071,3,83,Basic Shield,29,9,2,0,1,0,0
WRK05457,T Nagar,13.041685,80.237461,2018-08-01,498.0,20,0.234,2,80,Basic Shield,29,6,5,0,1,1,0
WRK05458,Adyar,13.012891,80.248158,2024-01-01,628.0,15,0.7,2,72,Basic Shield,29,5,5,1,1,1,1
WRK05459,Porur,13.017734,80.154355,2018-05-01,630.0,18,0.467,1,77,Basic Shield,29,8,3,0,1,1,0
WRK05460,Sholinganallur,12.919241,80.242699,2020-02-01,568.0,20,0.282,1,81,Basic Shield,29,4,4,0,0,1,0
WRK05461,T Nagar,13.028029,80.238394,2023-11-01,435.0,22,0.326,1,79,Basic Shield,29,5,1,0,1,0,0
WRK05462,Guindy,12.995663,80.213018,2019-02-01,704.0,8,0.393,2,85,Basic Shield,29,8,2,1,1,0,1
WRK05463,Guindy,13.025574,80.220226,2020-01-01,455.0,14,0.372,1,79,Basic Shield,29,6,4,1,1,1,1
WRK05464,Velachery,12.993505,80.208667,2024-04-01,540.0,18,0.227,2,81,Basic Shield,29,8,1,0,1,0,0
WRK05465,Guindy,13.015428,80.220216,2019-04-01,465.0,17,0.45,4,74,Basic Shield,29,5,3,1,1,1,1
WRK05466,Porur,13.016697,80.153869,2016-03-01,525.0,13,0.097,5,82,Basic Shield,29,4,6,0,0,1,0
WRK05467,Perambur,13.114913,80.236502,2017-02-01,735.0,16,0.122,1,85,Basic Shield,29,6,3,0,1,1,0
WRK05468,Porur,13.049168,80.145609,2016-01-01,480.0,18,0.247,2,80,Basic Shield,29,4,2,0,0,0,0
WRK05469,Perambur,13.134662,80.22669,2021-02-01,744.0,28,0.142,3,82,Basic Shield,29,7,1,0,1,0,0
WRK05470,Sholinganallur,12.910883,80.242431,2020-10-01,682.0,9,0.598,0,82,Basic Shield,29,2,3,0,0,1,0
WRK05471,T Nagar,13.020695,80.218102,2016-01-01,503.0,15,0.049,5,81,Basic Shield,29,5,2,0,1,0,0
WRK05472,Guindy,13.021261,80.203905,2015-10-01,809.0,16,0.168,1,84,Basic Shield,29,14,2,1,1,0,1
WRK05473,Perambur,13.13622,80.244445,2024-05-01,541.0,19,0.251,2,80,Basic Shield,29,5,3,0,1,1,0
WRK05474,Porur,13.037648,80.153709,2021-03-01,462.0,16,0.319,2,78,Basic Shield,29,8,1,0,1,0,0
WRK05475,Guindy,13.018309,80.215352,2019-07-01,744.0,26,0.284,1,82,Basic Shield,29,5,2,1,1,0,1
WRK05476,Tambaram,12.942294,80.08889,2019-03-01,497.0,14,0.62,4,72,Basic Shield,29,5,2,0,1,0,0
WRK05477,Sholinganallur,12.893291,80.243907,2015-09-01,754.0,19,0.561,5,72,Basic Shield,29,7,2,0,1,0,0
WRK05478,Guindy,12.991984,80.209107,2017-08-01,702.0,18,0.261,4,79,Basic Shield,29,7,2,1,1,0,1
WRK05479,Porur,13.036944,80.157838,2016-04-01,589.0,24,0.284,1,81,Basic Shield,29,4,3,0,0,1,0
WRK05480,Adyar,13.015142,80.240975,2019-04-01,748.0,20,0.221,2,82,Basic Shield,29,6,0,1,1,0,1
WRK05481,T Nagar,13.053338,80.215208,2021-02-01,547.0,14,0.49,4,74,Basic Shield,29,3,3,0,0,1,0
WRK05482,Tambaram,12.915123,80.085362,2017-07-01,695.0,20,0.29,5,77,Basic Shield,29,4,3,0,0,1,0
WRK05483,Sholinganallur,12.915222,80.217902,2015-07-01,751.0,11,0.57,1,80,Basic Shield,29,5,2,0,1,0,0
WRK05484,Anna Nagar,13.078443,80.211882,2024-10-01,680.0,18,0.386,6,74,Basic Shield,29,3,2,0,0,0,0
WRK05485,Velachery,12.983556,80.200543,2024-01-01,485.0,17,0.09,2,83,Basic Shield,29,6,3,0,1,1,0
WRK05486,T Nagar,13.021903,80.232264,2016-06-01,747.0,16,0.221,1,83,Basic Shield,29,6,2,0,1,0,0
WRK05487,Chromepet,12.940446,80.159117,2020-03-01,458.0,16,0.121,1,83,Basic Shield,29,13,2,0,1,0,0
WRK05488,Porur,13.019068,80.152969,2018-06-01,712.0,15,0.185,1,83,Basic Shield,29,3,3,0,0,1,0
WRK05489,Guindy,13.001096,80.205855,2020-03-01,476.0,19,0.024,3,83,Basic Shield,29,3,1,1,0,0,1
WRK05490,Guindy,13.000231,80.223433,2023-04-01,558.0,22,0.267,1,81,Basic Shield,29,5,3,1,1,1,1
WRK05491,Porur,13.027427,80.173792,2023-02-01,528.0,15,0.322,4,77,Basic Shield,29,9,2,0,1,0,0
WRK05492,Perambur,13.104087,80.219595,2019-10-01,448.0,31,0.249,3,79,Basic Shield,29,3,1,0,0,0,0
WRK05493,Adyar,12.990033,80.257084,2018-09-01,747.0,21,0.164,6,79,Basic Shield,29,7,3,1,1,1,1
WRK05494,Porur,13.048503,80.174758,2019-03-01,563.0,10,0.173,2,87,Basic Shield,29,7,1,0,1,0,0
WRK05495,Porur,13.022328,80.174257,2024-09-01,434.0,18,0.491,3,74,Basic Shield,29,11,3,0,1,1,0
WRK05496,Porur,13.029458,80.159482,2018-12-01,553.0,18,0.123,1,84,Basic Shield,29,6,0,0,1,0,0
WRK05497,Chromepet,12.961431,80.162153,2024-11-01,458.0,14,0.054,2,85,Basic Shield,29,12,3,0,1,1,0
WRK05498,Tambaram,12.915287,80.11873,2018-06-01,513.0,26,0.247,4,78,Basic Shield,29,3,3,0,0,1,0
WRK05499,T Nagar,13.035835,80.242547,2016-03-01,660.0,15,0.179,4,80,Basic Shield,29,6,1,0,1,0,0
WRK05500,Adyar,12.99104,80.24745,2021-09-01,735.0,14,0.767,3,71,Basic Shield,29,10,2,1,1,0,1
WRK05501,Velachery,12.987997,80.228704,2021-10-01,571.0,21,0.146,3,81,Basic Shield,29,6,3,0,1,1,0
WRK05502,T Nagar,13.04227,80.236748,2021-11-01,649.0,10,0.172,2,87,Basic Shield,29,9,4,0,1,1,0
WRK05503,Tambaram,12.930612,80.104554,2018-05-01,579.0,17,0.199,2,81,Basic Shield,29,12,0,0,1,0,0
WRK05504,Perambur,13.106106,80.225792,2015-10-01,797.0,20,0.125,0,86,Basic Shield,29,1,1,0,0,0,0
WRK05505,Velachery,12.96487,80.236614,2020-01-01,595.0,15,0.417,3,76,Basic Shield,29,4,1,0,0,0,0
WRK05506,Chromepet,12.941189,80.148565,2023-04-01,647.0,22,0.167,2,82,Basic Shield,29,4,1,0,0,0,0
WRK05507,Sholinganallur,12.882292,80.224061,2015-12-01,445.0,17,0.575,3,72,Basic Shield,29,7,0,0,1,0,0
WRK05508,Tambaram,12.919096,80.113464,2021-02-01,488.0,15,0.411,4,75,Basic Shield,29,3,0,0,0,0,0
WRK05509,Sholinganallur,12.888176,80.242914,2021-02-01,512.0,24,0.603,1,74,Basic Shield,29,10,2,0,1,0,0
WRK05510,Guindy,13.014531,80.206925,2021-08-01,432.0,16,0.152,5,79,Basic Shield,29,8,1,1,1,0,1
WRK05511,Porur,13.035782,80.165121,2020-03-01,555.0,21,0.237,1,82,Basic Shield,29,5,2,0,1,0,0
WRK05512,Tambaram,12.931659,80.100564,2016-03-01,639.0,21,0.119,2,83,Basic Shield,29,8,3,0,1,1,0
WRK05513,Guindy,12.991615,80.229137,2019-04-01,527.0,15,0.345,2,78,Basic Shield,29,4,2,1,0,0,1
WRK05514,Guindy,13.012773,80.213044,2024-05-01,542.0,22,0.266,5,77,Basic Shield,29,8,1,1,1,0,1
WRK05515,Chromepet,12.968592,80.154907,2023-01-01,399.0,23,0.225,0,82,Basic Shield,29,6,1,0,1,0,0
WRK05516,Porur,13.050701,80.155237,2016-04-01,310.0,17,0.25,3,78,Basic Shield,29,6,2,0,1,0,0
WRK05517,Anna Nagar,13.104545,80.226003,2017-09-01,642.0,21,0.445,4,75,Basic Shield,29,3,1,0,0,0,0
WRK05518,Perambur,13.109906,80.231644,2023-12-01,427.0,23,0.284,2,79,Basic Shield,29,4,2,0,0,0,0
WRK05519,Sholinganallur,12.896567,80.239105,2019-07-01,583.0,19,0.273,5,77,Basic Shield,29,6,2,0,1,0,0
WRK05520,Adyar,12.993461,80.25899,2017-11-01,466.0,23,0.381,3,76,Basic Shield,29,8,2,1,1,0,1
WRK05521,Porur,13.03062,80.176687,2017-07-01,633.0,19,0.606,4,72,Basic Shield,29,8,3,0,1,1,0
WRK05522,Sholinganallur,12.897762,80.245566,2017-09-01,498.0,18,0.318,2,79,Basic Shield,29,5,2,0,1,0,0
WRK05523,Anna Nagar,13.077692,80.21289,2015-01-01,565.0,17,0.544,2,74,Basic Shield,29,4,3,0,0,1,0
WRK05524,Tambaram,12.926503,80.118868,2019-06-01,469.0,24,0.426,2,76,Basic Shield,29,6,1,0,1,0,0
WRK05525,Sholinganallur,12.897633,80.237481,2015-01-01,612.0,21,0.188,2,82,Basic Shield,29,6,0,0,1,0,0
WRK05526,Velachery,12.980406,80.218207,2016-11-01,660.0,18,0.283,2,80,Basic Shield,29,7,1,0,1,0,0
WRK05527,Guindy,13.017451,80.239023,2023-04-01,593.0,21,0.008,5,82,Basic Shield,29,9,4,1,1,1,1
WRK05528,Chromepet,12.933955,80.127096,2023-06-01,640.0,19,0.301,3,79,Basic Shield,29,3,2,0,0,0,0
WRK05529,Chromepet,12.959421,80.152887,2022-12-01,640.0,18,0.308,3,79,Basic Shield,29,9,1,0,1,0,0
WRK05530,Guindy,13.014184,80.210868,2017-02-01,521.0,23,0.213,1,82,Basic Shield,29,5,1,1,1,0,1
WRK05531,Chromepet,12.943022,80.154936,2023-08-01,531.0,17,0.322,5,76,Basic Shield,29,8,2,0,1,0,0
WRK05532,Adyar,13.020099,80.251686,2017-06-01,552.0,12,0.213,3,83,Basic Shield,29,4,3,1,0,1,1
WRK05533,Guindy,13.000173,80.205322,2024-09-01,326.0,17,0.094,2,82,Basic Shield,29,6,1,1,1,0,1
WRK05534,Adyar,13.015353,80.256827,2022-10-01,658.0,13,0.135,3,84,Basic Shield,29,5,1,1,1,0,1
WRK05535,Porur,13.056333,80.168924,2018-06-01,732.0,17,0.023,4,84,Basic Shield,29,9,3,0,1,1,0
WRK05536,Guindy,12.999404,80.228327,2016-09-01,622.0,16,0.219,4,79,Basic Shield,29,6,3,1,1,1,1
WRK05537,Anna Nagar,13.072793,80.218045,2017-06-01,612.0,20,0.14,1,84,Basic Shield,29,7,2,0,1,0,0
WRK05538,Porur,13.046976,80.171708,2022-08-01,420.0,19,0.212,4,78,Basic Shield,29,10,2,0,1,0,0
WRK05539,T Nagar,13.023582,80.244362,2023-01-01,622.0,17,0.133,3,82,Basic Shield,29,6,5,0,1,1,0
WRK05540,Guindy,12.995117,80.230052,2022-09-01,539.0,16,0.115,2,83,Basic Shield,29,5,2,1,1,0,1
WRK05541,Anna Nagar,13.088509,80.216921,2017-03-01,602.0,24,0.534,1,76,Basic Shield,29,7,3,0,1,1,0
WRK05542,Tambaram,12.916813,80.108693,2016-08-01,631.0,21,0.295,4,78,Basic Shield,29,5,1,0,1,0,0
WRK05543,Porur,13.035092,80.17408,2020-01-01,525.0,17,0.161,4,80,Basic Shield,29,6,0,0,1,0,0
WRK05544,Porur,13.052742,80.174529,2018-03-01,825.0,28,0.28,1,82,Basic Shield,29,5,2,0,1,0,0
WRK05545,Guindy,13.02345,80.233499,2015-04-01,583.0,15,0.347,4,76,Basic Shield,29,4,1,1,0,0,1
WRK05546,T Nagar,13.030403,80.229187,2023-05-01,427.0,16,0.184,3,80,Basic Shield,29,4,1,0,0,0,0
WRK05547,T Nagar,13.049427,80.238429,2019-02-01,687.0,21,0.3,3,79,Basic Shield,29,4,0,0,0,0,0
WRK05548,T Nagar,13.025495,80.230734,2019-03-01,474.0,14,0.054,3,84,Basic Shield,29,5,1,0,1,0,0
WRK05549,Adyar,12.993736,80.248663,2021-08-01,592.0,18,0.132,7,78,Basic Shield,29,5,4,1,1,1,1
WRK05550,Guindy,12.991234,80.200857,2022-03-01,470.0,19,0.281,3,78,Basic Shield,29,8,0,1,1,0,1
WRK05551,Sholinganallur,12.897674,80.242849,2018-09-01,549.0,16,0.558,5,71,Basic Shield,29,3,1,0,0,0,0
WRK05552,T Nagar,13.025941,80.240969,2020-12-01,650.0,14,0.185,4,81,Basic Shield,29,4,2,0,0,0,0
WRK05553,Velachery,12.998182,80.217331,2018-07-01,707.0,19,0.353,2,79,Basic Shield,29,6,1,0,1,0,0
WRK05554,Velachery,12.980118,80.21998,2019-12-01,674.0,19,0.136,3,82,Basic Shield,29,4,1,0,0,0,0
WRK05555,Anna Nagar,13.089325,80.21825,2018-12-01,690.0,17,0.365,2,79,Basic Shield,29,5,2,0,1,0,0
WRK05556,Chromepet,12.941946,80.146795,2015-01-01,586.0,13,0.403,4,77,Basic Shield,29,9,5,0,1,1,0
WRK05557,Chromepet,12.951846,80.129857,2019-07-01,619.0,26,0.133,2,83,Basic Shield,29,7,0,0,1,0,0
WRK05558,Chromepet,12.968999,80.149842,2017-04-01,582.0,15,0.253,3,79,Basic Shield,29,5,0,0,1,0,0
WRK05559,Chromepet,12.93515,80.138021,2018-04-01,469.0,17,0.426,5,73,Basic Shield,29,5,1,0,1,0,0
WRK05560,Sholinganallur,12.892219,80.208462,2019-11-01,819.0,12,0.423,4,79,Basic Shield,29,5,1,0,1,0,0
WRK05561,T Nagar,13.025796,80.226584,2016-02-01,596.0,17,0.305,1,80,Basic Shield,29,4,1,0,0,0,0
WRK05562,Tambaram,12.914206,80.109392,2019-05-01,614.0,18,0.358,7,73,Basic Shield,29,2,2,0,0,0,0
WRK05563,Tambaram,12.929965,80.092735,2023-10-01,530.0,15,0.414,1,78,Basic Shield,29,6,1,0,1,0,0
WRK05564,T Nagar,13.039107,80.245825,2021-11-01,713.0,15,0.13,3,82,Basic Shield,29,8,3,0,1,1,0
WRK05565,Tambaram,12.916087,80.096537,2018-10-01,668.0,16,0.058,4,83,Basic Shield,29,6,2,0,1,0,0
WRK05566,Velachery,12.992456,80.230928,2016-05-01,486.0,8,0.186,2,88,Basic Shield,29,8,1,0,1,0,0
WRK05567,Adyar,13.023445,80.245816,2015-11-01,762.0,16,0.259,3,80,Basic Shield,29,5,2,1,1,0,1
WRK05568,Guindy,12.986995,80.215496,2016-12-01,642.0,16,0.048,3,84,Basic Shield,29,9,2,1,1,0,1
WRK05569,Chromepet,12.949778,80.161942,2017-02-01,673.0,23,0.408,4,76,Basic Shield,29,2,0,0,0,0,0
WRK05570,Sholinganallur,12.904341,80.212649,2016-04-01,520.0,26,0.133,5,79,Basic Shield,29,7,0,0,1,0,0
WRK05571,Porur,13.019154,80.163875,2016-03-01,569.0,14,0.303,7,75,Basic Shield,29,4,4,0,0,1,0
WRK05572,Sholinganallur,12.915577,80.21732,2024-11-01,724.0,17,0.197,3,81,Basic Shield,29,4,3,0,0,1,0
WRK05573,Velachery,12.966766,80.237928,2018-12-01,567.0,24,0.151,3,81,Basic Shield,29,7,2,0,1,0,0
WRK05574,Guindy,13.005824,80.202678,2020-01-01,865.0,23,0.423,1,79,Basic Shield,29,4,2,1,0,0,1
WRK05575,Sholinganallur,12.890993,80.22644,2021-01-01,571.0,17,0.153,2,82,Basic Shield,29,4,3,0,0,1,0
WRK05576,Adyar,13.013183,80.251302,2017-04-01,576.0,16,0.233,3,80,Basic Shield,29,0,1,1,0,0,1
WRK05577,Guindy,12.999397,80.207666,2017-09-01,437.0,19,0.092,2,83,Basic Shield,29,2,4,1,0,1,1
WRK05578,Perambur,13.125233,80.236687,2018-02-01,361.0,18,0.543,5,70,Basic Shield,29,4,3,0,0,1,0
WRK05579,Chromepet,12.957007,80.151901,2021-10-01,681.0,19,0.118,1,85,Basic Shield,29,2,1,0,0,0,0
WRK05580,Guindy,13.021505,80.234259,2024-12-01,697.0,15,0.222,3,81,Basic Shield,29,8,3,1,1,1,1
WRK05581,Sholinganallur,12.897653,80.213064,2020-10-01,710.0,19,0.131,5,80,Basic Shield,29,6,3,0,1,1,0
WRK05582,Perambur,13.106165,80.241439,2018-05-01,738.0,21,0.349,1,80,Basic Shield,29,8,2,0,1,0,0
WRK05583,Guindy,13.010033,80.219626,2017-11-01,545.0,17,0.182,3,81,Basic Shield,29,3,4,1,0,1,1
WRK05584,Porur,13.042957,80.153697,2015-02-01,731.0,24,0.381,3,78,Basic Shield,29,9,1,0,1,0,0
WRK05585,Velachery,12.969502,80.201986,2024-11-01,495.0,17,0.376,4,75,Basic Shield,29,4,2,0,0,0,0
WRK05586,Porur,13.032748,80.156729,2023-12-01,521.0,19,0.521,3,74,Basic Shield,29,4,2,0,0,0,0
WRK05587,Porur,13.039892,80.168561,2016-09-01,486.0,15,0.44,9,69,Standard Shield,49,8,3,0,1,1,0
WRK05588,Chromepet,12.944759,80.130324,2023-10-01,888.0,23,0.236,1,83,Basic Shield,29,4,0,0,0,0,0
WRK05589,Chromepet,12.935628,80.154348,2022-05-01,649.0,23,0.26,3,80,Basic Shield,29,4,2,0,0,0,0
WRK05590,Tambaram,12.936281,80.110994,2016-02-01,720.0,18,0.169,4,81,Basic Shield,29,8,2,0,1,0,0
WRK05591,Velachery,12.979246,80.198883,2017-03-01,522.0,24,0.22,6,77,Basic Shield,29,2,5,0,0,1,0
WRK05592,Adyar,13.017507,80.256776,2022-05-01,731.0,17,0.026,4,84,Basic Shield,29,6,2,1,1,0,1
WRK05593,Guindy,12.995557,80.232986,2018-04-01,552.0,16,0.555,6,70,Basic Shield,29,10,2,1,1,0,1
WRK05594,Perambur,13.136155,80.223078,2023-06-01,529.0,10,0.247,3,84,Basic Shield,29,4,4,0,0,1,0
WRK05595,Chromepet,12.935779,80.126619,2022-10-01,564.0,19,0.174,2,82,Basic Shield,29,3,4,0,0,1,0
WRK05596,Perambur,13.134039,80.244474,2020-07-01,519.0,16,0.547,4,72,Basic Shield,29,9,3,0,1,1,0
WRK05597,Adyar,12.998199,80.239256,2016-09-01,424.0,15,0.334,1,79,Basic Shield,29,4,2,1,0,0,1
WRK05598,Sholinganallur,12.900295,80.215432,2018-10-01,750.0,10,0.138,4,86,Basic Shield,29,6,2,0,1,0,0
WRK05599,Guindy,12.987217,80.201091,2023-03-01,788.0,24,0.331,3,79,Basic Shield,29,8,2,1,1,0,1
WRK05600,Perambur,13.106429,80.254157,2015-04-01,650.0,16,0.515,3,74,Basic Shield,29,3,0,0,0,0,0
WRK05601,Tambaram,12.92366,80.097825,2020-12-01,621.0,14,0.26,5,78,Basic Shield,29,5,1,0,1,0,0
WRK05602,T Nagar,13.029267,80.225622,2018-10-01,629.0,19,0.167,5,79,Basic Shield,29,4,4,0,0,1,0
WRK05603,Sholinganallur,12.91344,80.227516,2018-02-01,622.0,15,0.619,3,72,Basic Shield,29,6,1,0,1,0,0
WRK05604,Velachery,12.971225,80.207759,2022-10-01,532.0,24,0.479,7,71,Basic Shield,29,2,5,0,0,1,0
WRK05605,Velachery,12.96655,80.203984,2019-02-01,626.0,26,0.464,2,76,Basic Shield,29,4,1,0,0,0,0
WRK05606,Guindy,13.016095,80.206147,2016-05-01,567.0,20,0.281,7,75,Basic Shield,29,13,1,1,1,0,1
WRK05607,Chromepet,12.947803,80.145565,2015-02-01,596.0,19,0.444,6,73,Basic Shield,29,6,1,0,1,0,0
WRK05608,Adyar,13.00587,80.260501,2019-12-01,643.0,14,0.595,0,77,Basic Shield,29,7,5,1,1,1,1
WRK05609,Chromepet,12.965902,80.159627,2015-12-01,657.0,10,0.227,2,86,Basic Shield,29,7,3,0,1,1,0
WRK05610,Anna Nagar,13.098606,80.198162,2015-03-01,823.0,17,0.05,2,86,Basic Shield,29,11,1,0,1,0,0
WRK05611,Adyar,12.996497,80.274332,2018-03-01,434.0,18,0.83,2,68,Standard Shield,49,5,4,1,1,1,1
WRK05612,Porur,13.046155,80.175277,2017-11-01,494.0,26,0.03,1,85,Basic Shield,29,4,2,0,0,0,0
WRK05613,Tambaram,12.92706,80.080753,2015-05-01,496.0,20,0.087,6,79,Basic Shield,29,6,4,0,1,1,0
WRK05614,Perambur,13.098605,80.217046,2016-05-01,672.0,16,0.24,1,82,Basic Shield,29,5,2,0,1,0,0
WRK05615,T Nagar,13.056547,80.24051,2016-05-01,603.0,20,0.155,0,84,Basic Shield,29,7,0,0,1,0,0
WRK05616,Sholinganallur,12.88553,80.231452,2016-03-01,749.0,21,0.415,3,77,Basic Shield,29,7,2,0,1,0,0
WRK05617,Guindy,13.006896,80.203048,2020-08-01,484.0,14,0.406,6,74,Basic Shield,29,6,3,1,1,1,1
WRK05618,T Nagar,13.028947,80.232503,2022-08-01,363.0,16,0.573,6,69,Standard Shield,49,7,4,0,1,1,0
WRK05619,T Nagar,13.052417,80.235991,2017-07-01,652.0,20,0.161,6,79,Basic Shield,29,5,2,0,1,0,0
WRK05620,Anna Nagar,13.086826,80.191449,2023-11-01,703.0,21,0.085,5,81,Basic Shield,29,9,1,0,1,0,0
WRK05621,Chromepet,12.957643,80.15609,2017-03-01,756.0,15,0.379,1,80,Basic Shield,29,3,1,0,0,0,0
WRK05622,Tambaram,12.936273,80.100507,2016-10-01,589.0,14,0.104,1,85,Basic Shield,29,6,1,0,1,0,0
WRK05623,Chromepet,12.956893,80.14186,2019-08-01,440.0,20,0.147,2,82,Basic Shield,29,5,3,0,1,1,0
WRK05624,Porur,13.025413,80.166102,2024-12-01,646.0,18,0.196,2,82,Basic Shield,29,2,1,0,0,0,0
WRK05625,Sholinganallur,12.919723,80.227472,2018-03-01,650.0,16,0.293,3,79,Basic Shield,29,5,7,0,1,1,0
WRK05626,T Nagar,13.030724,80.242588,2017-05-01,602.0,18,0.345,1,80,Basic Shield,29,7,2,0,1,0,0
WRK05627,Velachery,12.984669,80.204987,2016-08-01,522.0,18,0.474,4,74,Basic Shield,29,3,2,0,0,0,0
WRK05628,T Nagar,13.019013,80.222864,2017-07-01,506.0,17,0.21,4,79,Basic Shield,29,5,5,0,1,1,0
WRK05629,Adyar,13.019615,80.238375,2017-02-01,393.0,18,0.597,4,71,Basic Shield,29,7,1,1,1,0,1
WRK05630,Porur,13.024334,80.157614,2019-09-01,542.0,15,0.13,5,80,Basic Shield,29,5,2,0,1,0,0
WRK05631,Velachery,12.996724,80.225561,2016-01-01,407.0,12,0.274,3,81,Basic Shield,29,5,1,0,1,0,0
WRK05632,Anna Nagar,13.092568,80.208233,2024-12-01,396.0,19,0.096,2,83,Basic Shield,29,9,1,0,1,0,0
WRK05633,Chromepet,12.971453,80.147938,2023-02-01,418.0,19,0.391,5,74,Basic Shield,29,18,6,0,1,1,0
WRK05634,Sholinganallur,12.88218,80.214175,2018-10-01,728.0,16,0.466,3,76,Basic Shield,29,11,0,0,1,0,0
WRK05635,Velachery,12.996285,80.225477,2023-09-01,602.0,24,0.244,5,78,Basic Shield,29,6,1,0,1,0,0
WRK05636,Perambur,13.125362,80.218763,2021-01-01,810.0,15,0.247,2,82,Basic Shield,29,5,2,0,1,0,0
WRK05637,Tambaram,12.943971,80.113003,2024-02-01,583.0,21,0.086,1,85,Basic Shield,29,6,3,0,1,1,0
WRK05638,Velachery,12.97412,80.223643,2015-03-01,775.0,24,0.456,3,76,Basic Shield,29,6,2,0,1,0,0
WRK05639,Velachery,12.977097,80.200939,2017-10-01,600.0,24,0.388,2,78,Basic Shield,29,7,3,0,1,1,0
WRK05640,Guindy,13.016086,80.207613,2021-04-01,579.0,23,0.23,3,80,Basic Shield,29,4,2,1,0,0,1
WRK05641,Sholinganallur,12.899407,80.213601,2017-07-01,732.0,18,0.072,2,85,Basic Shield,29,9,3,0,1,1,0
WRK05642,Guindy,12.990611,80.224951,2024-03-01,643.0,17,0.019,0,87,Basic Shield,29,10,1,1,1,0,1
WRK05643,Porur,13.037639,80.157941,2022-03-01,679.0,16,0.299,2,80,Basic Shield,29,7,1,0,1,0,0
WRK05644,Sholinganallur,12.913346,80.231995,2020-03-01,525.0,18,0.065,5,81,Basic Shield,29,16,0,0,1,0,0
WRK05645,Anna Nagar,13.102114,80.213679,2023-02-01,448.0,21,0.76,7,65,Standard Shield,49,10,0,0,1,0,0
WRK05646,Chromepet,12.940222,80.14561,2024-08-01,535.0,20,0.113,3,82,Basic Shield,29,2,4,0,0,1,0
WRK05647,Chromepet,12.960053,80.151561,2017-12-01,420.0,22,0.71,2,70,Basic Shield,29,10,2,0,1,0,0
WRK05648,Chromepet,12.944758,80.129514,2022-08-01,683.0,17,0.28,3,79,Basic Shield,29,8,1,0,1,0,0
WRK05649,T Nagar,13.02616,80.239037,2019-03-01,592.0,18,0.583,2,74,Basic Shield,29,2,4,0,0,1,0
WRK05650,Tambaram,12.928155,80.090036,2022-04-01,449.0,21,0.192,5,78,Basic Shield,29,7,2,0,1,0,0
WRK05651,Anna Nagar,13.077526,80.195461,2020-08-01,421.0,26,0.379,2,77,Basic Shield,29,6,2,0,1,0,0
WRK05652,Perambur,13.10574,80.230029,2019-10-01,694.0,21,0.348,2,79,Basic Shield,29,6,2,0,1,0,0
WRK05653,Perambur,13.133956,80.230819,2016-05-01,631.0,23,0.18,3,81,Basic Shield,29,7,3,0,1,1,0
WRK05654,T Nagar,13.031538,80.22631,2019-04-01,497.0,12,0.223,2,84,Basic Shield,29,5,1,0,1,0,0
WRK05655,Chromepet,12.956683,80.125734,2017-03-01,495.0,23,0.293,3,78,Basic Shield,29,5,1,0,1,0,0
WRK05656,Sholinganallur,12.913025,80.20937,2024-01-01,784.0,13,0.208,2,84,Basic Shield,29,9,4,0,1,1,0
WRK05657,Porur,13.035672,80.146334,2024-03-01,803.0,16,0.691,2,73,Basic Shield,29,5,1,0,1,0,0
WRK05658,Porur,13.022671,80.169514,2021-08-01,474.0,23,0.057,2,84,Basic Shield,29,7,1,0,1,0,0
WRK05659,Adyar,13.018163,80.262802,2016-09-01,516.0,17,0.252,2,80,Basic Shield,29,4,1,1,0,0,1
WRK05660,Perambur,13.131544,80.25299,2023-07-01,641.0,22,0.067,4,82,Basic Shield,29,7,0,0,1,0,0
WRK05661,Tambaram,12.937611,80.082917,2021-12-01,773.0,16,0.071,2,85,Basic Shield,29,7,1,0,1,0,0
WRK05662,Guindy,13.011708,80.232026,2016-11-01,732.0,12,0.182,1,87,Basic Shield,29,9,1,1,1,0,1
WRK05663,Anna Nagar,13.104175,80.191425,2020-04-01,712.0,14,0.029,3,85,Basic Shield,29,9,3,0,1,1,0
WRK05664,T Nagar,13.027649,80.225761,2023-01-01,947.0,13,0.199,5,82,Basic Shield,29,5,1,0,1,0,0
WRK05665,Velachery,12.99681,80.226764,2019-12-01,494.0,17,0.402,0,79,Basic Shield,29,5,6,0,1,1,0
WRK05666,Tambaram,12.939579,80.094139,2020-02-01,541.0,18,0.311,3,78,Basic Shield,29,3,1,0,0,0,0
WRK05667,T Nagar,13.032777,80.230467,2019-11-01,533.0,16,0.26,1,81,Basic Shield,29,3,2,0,0,0,0
WRK05668,T Nagar,13.025521,80.222468,2020-07-01,480.0,13,0.39,2,79,Basic Shield,29,6,3,0,1,1,0
WRK05669,Velachery,13.001358,80.216072,2021-10-01,583.0,16,0.267,2,80,Basic Shield,29,8,4,0,1,1,0
WRK05670,Anna Nagar,13.095325,80.219987,2023-07-01,645.0,14,0.344,3,79,Basic Shield,29,5,3,0,1,1,0
WRK05671,Guindy,12.995634,80.236697,2024-04-01,727.0,20,0.148,1,84,Basic Shield,29,4,2,1,0,0,1
WRK05672,Sholinganallur,12.91012,80.234198,2018-02-01,626.0,16,0.264,7,75,Basic Shield,29,7,1,0,1,0,0
WRK05673,T Nagar,13.053759,80.216744,2022-01-01,360.0,20,0.127,2,82,Basic Shield,29,2,0,0,0,0,0
WRK05674,Sholinganallur,12.888938,80.207954,2024-04-01,782.0,21,0.157,3,82,Basic Shield,29,9,1,0,1,0,0
WRK05675,Chromepet,12.95372,80.143738,2024-07-01,572.0,25,0.559,2,74,Basic Shield,29,3,7,0,0,1,0
WRK05676,Velachery,12.961953,80.230452,2021-10-01,484.0,14,0.26,4,79,Basic Shield,29,5,2,0,1,0,0
WRK05677,Guindy,13.02046,80.236886,2024-06-01,702.0,16,0.38,4,76,Basic Shield,29,7,1,1,1,0,1
WRK05678,Sholinganallur,12.918675,80.209126,2019-07-01,681.0,16,0.161,3,82,Basic Shield,29,4,0,0,0,0,0
WRK05679,Velachery,12.968575,80.205585,2016-12-01,523.0,14,0.09,3,83,Basic Shield,29,6,3,0,1,1,0
WRK05680,T Nagar,13.038103,80.219616,2024-04-01,443.0,18,0.307,3,78,Basic Shield,29,5,0,0,1,0,0
WRK05681,Sholinganallur,12.908643,80.209275,2017-07-01,423.0,19,0.267,5,76,Basic Shield,29,4,1,0,0,0,0
WRK05682,Chromepet,12.965648,80.145972,2021-03-01,494.0,21,0.069,4,82,Basic Shield,29,7,1,0,1,0,0
WRK05683,Perambur,13.12488,80.220522,2016-06-01,702.0,15,0.443,0,79,Basic Shield,29,7,3,0,1,1,0
WRK05684,Velachery,12.997542,80.210426,2024-03-01,674.0,19,0.274,5,77,Basic Shield,29,7,6,0,1,1,0
WRK05685,Adyar,13.010067,80.254795,2022-04-01,385.0,20,0.147,6,77,Basic Shield,29,7,5,1,1,1,1
WRK05686,Perambur,13.132631,80.244401,2022-12-01,691.0,18,0.162,2,83,Basic Shield,29,6,3,0,1,1,0
WRK05687,Guindy,13.011612,80.233829,2024-01-01,612.0,14,0.242,1,83,Basic Shield,29,5,3,1,1,1,1
WRK05688,Porur,13.052493,80.145919,2019-01-01,784.0,17,0.367,3,78,Basic Shield,29,2,0,0,0,0,0
WRK05689,Chromepet,12.964503,80.126785,2015-02-01,461.0,21,0.007,10,77,Basic Shield,29,3,1,0,0,0,0
WRK05690,Chromepet,12.958086,80.131348,2018-04-01,641.0,11,0.534,0,81,Basic Shield,29,9,2,0,1,0,0
WRK05691,T Nagar,13.045065,80.240186,2022-03-01,519.0,15,0.789,3,68,Standard Shield,49,6,1,0,1,0,0
WRK05692,Sholinganallur,12.901656,80.214137,2017-04-01,486.0,14,0.539,3,74,Basic Shield,29,5,3,0,1,1,0
WRK05693,Porur,13.026274,80.175912,2019-04-01,600.0,14,0.231,0,84,Basic Shield,29,6,2,0,1,0,0
WRK05694,Sholinganallur,12.894699,80.23039,2022-10-01,534.0,25,0.416,2,77,Basic Shield,29,6,2,0,1,0,0
WRK05695,Chromepet,12.936785,80.161773,2024-07-01,472.0,17,0.344,1,79,Basic Shield,29,4,5,0,0,1,0
WRK05696,Velachery,12.994685,80.199852,2015-09-01,636.0,15,0.1,3,83,Basic Shield,29,5,4,0,1,1,0
WRK05697,Tambaram,12.940427,80.106763,2016-09-01,694.0,13,0.463,0,81,Basic Shield,29,4,1,0,0,0,0
WRK05698,Tambaram,12.943973,80.08701,2017-07-01,642.0,6,0.703,0,83,Basic Shield,29,9,3,0,1,1,0
WRK05699,Perambur,13.110331,80.223734,2019-12-01,574.0,19,0.136,4,81,Basic Shield,29,10,1,0,1,0,0
WRK05700,T Nagar,13.043037,80.240386,2024-01-01,533.0,23,0.501,6,71,Basic Shield,29,8,2,0,1,0,0
WRK05701,Adyar,13.003748,80.257176,2016-08-01,655.0,19,0.308,5,77,Basic Shield,29,5,1,1,1,0,1
WRK05702,Tambaram,12.905483,80.096164,2020-09-01,562.0,23,0.116,4,81,Basic Shield,29,9,2,0,1,0,0
WRK05703,Velachery,12.971691,80.206301,2016-10-01,572.0,21,0.194,2,81,Basic Shield,29,8,3,0,1,1,0
WRK05704,Tambaram,12.912694,80.119403,2024-01-01,366.0,19,0.525,3,73,Basic Shield,29,6,1,0,1,0,0
WRK05705,Chromepet,12.941102,80.156513,2022-05-01,484.0,20,0.58,2,73,Basic Shield,29,8,4,0,1,1,0
WRK05706,Sholinganallur,12.901289,80.219456,2021-08-01,814.0,19,0.608,8,68,Standard Shield,49,5,1,0,1,0,0
WRK05707,Perambur,13.101745,80.247787,2023-08-01,537.0,17,0.452,5,73,Basic Shield,29,7,5,0,1,1,0
WRK05708,T Nagar,13.050858,80.214763,2016-08-01,459.0,17,0.185,1,82,Basic Shield,29,6,0,0,1,0,0
WRK05709,Chromepet,12.957882,80.136857,2016-06-01,445.0,20,0.283,0,81,Basic Shield,29,5,2,0,1,0,0
WRK05710,Perambur,13.125291,80.226873,2015-10-01,583.0,17,0.458,4,74,Basic Shield,29,5,3,0,1,1,0
WRK05711,Tambaram,12.905462,80.080444,2017-12-01,626.0,23,0.155,6,79,Basic Shield,29,5,0,0,1,0,0
WRK05712,Chromepet,12.932177,80.143488,2022-12-01,744.0,15,0.141,2,83,Basic Shield,29,5,3,0,1,1,0
WRK05713,Tambaram,12.915219,80.082444,2015-08-01,526.0,16,0.123,3,82,Basic Shield,29,3,1,0,0,0,0
WRK05714,Tambaram,12.928925,80.086565,2024-11-01,446.0,8,0.039,4,89,Basic Shield,29,7,2,0,1,0,0
WRK05715,Anna Nagar,13.074778,80.194796,2022-11-01,799.0,23,0.344,3,79,Basic Shield,29,11,4,0,1,1,0
WRK05716,Adyar,13.004093,80.272634,2016-11-01,607.0,17,0.302,6,75,Basic Shield,29,13,0,1,1,0,1
WRK05717,Sholinganallur,12.883031,80.22716,2020-09-01,709.0,19,0.618,2,74,Basic Shield,29,5,0,0,1,0,0
WRK05718,Perambur,13.125437,80.233144,2020-06-01,711.0,13,0.161,4,83,Basic Shield,29,1,4,0,0,1,0
WRK05719,Tambaram,12.9115,80.095442,2020-01-01,728.0,23,0.549,2,75,Basic Shield,29,6,2,0,1,0,0
WRK05720,Chromepet,12.960724,80.130267,2022-06-01,542.0,28,0.239,3,79,Basic Shield,29,4,2,0,0,0,0
WRK05721,Guindy,13.026098,80.225644,2024-03-01,693.0,24,0.593,2,74,Basic Shield,29,3,3,1,0,1,1
WRK05722,Anna Nagar,13.10446,80.224408,2024-03-01,578.0,11,0.224,4,83,Basic Shield,29,4,2,0,0,0,0
WRK05723,Adyar,13.008058,80.251434,2022-07-01,464.0,19,0.075,5,80,Basic Shield,29,5,2,1,1,0,1
WRK05724,Tambaram,12.935728,80.104245,2019-04-01,613.0,22,0.578,1,75,Basic Shield,29,6,2,0,1,0,0
WRK05725,Adyar,13.006849,80.246574,2019-11-01,524.0,13,0.427,0,81,Basic Shield,29,5,0,1,1,0,1
WRK05726,Guindy,13.013663,80.224149,2019-03-01,575.0,12,0.384,2,81,Basic Shield,29,5,3,1,1,1,1
WRK05727,Velachery,12.99939,80.234112,2020-07-01,609.0,15,0.201,7,77,Basic Shield,29,9,3,0,1,1,0
WRK05728,T Nagar,13.020488,80.231881,2018-02-01,818.0,23,0.315,1,81,Basic Shield,29,6,2,0,1,0,0
WRK05729,Adyar,13.025491,80.266205,2024-01-01,660.0,22,0.144,3,82,Basic Shield,29,9,3,1,1,1,1
WRK05730,Perambur,13.102088,80.240479,2022-09-01,660.0,21,0.377,5,75,Basic Shield,29,4,4,0,0,1,0
WRK05731,T Nagar,13.047499,80.231851,2019-01-01,946.0,16,0.484,4,76,Basic Shield,29,9,2,0,1,0,0
WRK05732,Guindy,12.993882,80.205437,2022-02-01,770.0,24,0.285,1,82,Basic Shield,29,4,1,1,0,0,1
WRK05733,Guindy,13.007966,80.217829,2015-09-01,641.0,27,0.17,1,83,Basic Shield,29,7,2,1,1,0,1
WRK05734,Chromepet,12.946906,80.130411,2021-06-01,417.0,15,0.186,6,77,Basic Shield,29,6,1,0,1,0,0
WRK05735,Velachery,12.963639,80.23337,2021-02-01,481.0,12,0.309,5,79,Basic Shield,29,4,1,0,0,0,0
WRK05736,Anna Nagar,13.083207,80.194233,2022-05-01,704.0,12,0.418,2,81,Basic Shield,29,7,2,0,1,0,0
WRK05737,Tambaram,12.926784,80.111857,2016-08-01,615.0,16,0.028,7,80,Basic Shield,29,5,3,0,1,1,0
WRK05738,Porur,13.048558,80.165881,2017-08-01,724.0,20,0.028,3,85,Basic Shield,29,4,1,0,0,0,0
WRK05739,Anna Nagar,13.091636,80.216555,2024-04-01,693.0,14,0.082,0,87,Basic Shield,29,8,5,0,1,1,0
WRK05740,Chromepet,12.959071,80.131204,2020-01-01,689.0,22,0.326,5,76,Basic Shield,29,4,2,0,0,0,0
WRK05741,Velachery,12.988743,80.200658,2023-12-01,536.0,18,0.609,7,68,Standard Shield,49,7,0,0,1,0,0
WRK05742,Guindy,13.022142,80.210851,2018-03-01,511.0,21,0.683,1,72,Basic Shield,29,9,2,1,1,0,1
WRK05743,Tambaram,12.916005,80.102028,2022-12-01,687.0,12,0.069,2,88,Basic Shield,29,5,2,0,1,0,0
WRK05744,Anna Nagar,13.106222,80.222998,2024-11-01,578.0,21,0.144,1,84,Basic Shield,29,6,1,0,1,0,0
WRK05745,Guindy,12.991137,80.236443,2015-10-01,570.0,24,0.398,3,76,Basic Shield,29,4,1,1,0,0,1
WRK05746,Tambaram,12.933743,80.086765,2021-01-01,623.0,16,0.153,2,83,Basic Shield,29,5,0,0,1,0,0
WRK05747,Guindy,13.021691,80.223743,2018-05-01,544.0,17,0.584,3,73,Basic Shield,29,4,1,1,0,0,1
WRK05748,Tambaram,12.907456,80.107872,2017-01-01,653.0,20,0.065,2,84,Basic Shield,29,7,2,0,1,0,0
WRK05749,Chromepet,12.934416,80.145149,2015-07-01,479.0,16,0.385,3,76,Basic Shield,29,6,0,0,1,0,0
WRK05750,Anna Nagar,13.088566,80.205543,2023-07-01,650.0,11,0.184,1,87,Basic Shield,29,1,2,0,0,0,0
WRK05751,Tambaram,12.919372,80.093924,2020-06-01,529.0,19,0.514,4,73,Basic Shield,29,9,0,0,1,0,0
WRK05752,Guindy,13.023157,80.236568,2021-04-01,541.0,9,0.1,4,87,Basic Shield,29,4,1,1,0,0,1
WRK05753,Anna Nagar,13.104748,80.193545,2018-04-01,587.0,21,0.328,1,80,Basic Shield,29,4,3,0,0,1,0
WRK05754,Adyar,13.023472,80.272105,2019-07-01,476.0,20,0.263,1,81,Basic Shield,29,4,3,1,0,1,1
WRK05755,Porur,13.038783,80.141338,2022-02-01,469.0,23,0.151,3,81,Basic Shield,29,1,2,0,0,0,0
WRK05756,T Nagar,13.044959,80.216649,2018-11-01,469.0,21,0.184,2,81,Basic Shield,29,10,0,0,1,0,0
WRK05757,Perambur,13.126634,80.249092,2024-08-01,604.0,21,0.561,1,75,Basic Shield,29,7,0,0,1,0,0
WRK05758,Anna Nagar,13.097604,80.22641,2015-09-01,300.0,10,0.151,1,87,Basic Shield,29,9,6,0,1,1,0
WRK05759,Sholinganallur,12.916602,80.219507,2020-03-01,692.0,20,0.652,3,72,Basic Shield,29,4,1,0,0,0,0
WRK05760,Anna Nagar,13.07908,80.190916,2024-08-01,708.0,19,0.221,1,83,Basic Shield,29,5,1,0,1,0,0
WRK05761,Velachery,12.965481,80.221356,2017-01-01,658.0,17,0.69,5,69,Standard Shield,49,7,0,0,1,0,0
WRK05762,Porur,13.026706,80.161693,2024-11-01,435.0,14,0.494,2,76,Basic Shield,29,4,3,0,0,1,0
WRK05763,Chromepet,12.934686,80.16043,2020-06-01,643.0,12,0.218,2,84,Basic Shield,29,7,3,0,1,1,0
WRK05764,Guindy,13.013354,80.237324,2018-01-01,545.0,14,0.246,2,81,Basic Shield,29,6,0,1,1,0,1
WRK05765,Sholinganallur,12.917827,80.218811,2016-09-01,646.0,19,0.503,3,75,Basic Shield,29,3,3,0,0,1,0
WRK05766,Porur,13.049461,80.173797,2024-02-01,523.0,24,0.579,3,73,Basic Shield,29,9,2,0,1,0,0
WRK05767,Velachery,12.970412,80.232822,2022-09-01,420.0,11,0.258,1,84,Basic Shield,29,8,7,0,1,1,0
WRK05768,T Nagar,13.033621,80.233202,2016-09-01,606.0,12,0.185,3,84,Basic Shield,29,6,1,0,1,0,0
WRK05769,Tambaram,12.911226,80.118763,2019-08-01,485.0,11,0.176,3,84,Basic Shield,29,9,1,0,1,0,0
WRK05770,Perambur,13.101033,80.227442,2015-07-01,627.0,25,0.237,3,80,Basic Shield,29,3,1,0,0,0,0
WRK05771,Guindy,13.005317,80.226863,2015-12-01,660.0,12,0.068,8,81,Basic Shield,29,7,3,1,1,1,1
WRK05772,Anna Nagar,13.094783,80.19267,2024-04-01,479.0,20,0.169,2,82,Basic Shield,29,11,2,0,1,0,0
WRK05773,Velachery,12.968103,80.237479,2016-04-01,534.0,25,0.236,4,78,Basic Shield,29,4,1,0,0,0,0
WRK05774,Porur,13.027399,80.168265,2024-04-01,590.0,16,0.568,6,70,Basic Shield,29,9,3,0,1,1,0
WRK05775,Adyar,13.00195,80.26175,2016-11-01,717.0,18,0.066,7,80,Basic Shield,29,8,2,1,1,0,1
WRK05776,Porur,13.019199,80.154213,2023-02-01,865.0,14,0.143,6,81,Basic Shield,29,3,4,0,0,1,0
WRK05777,Tambaram,12.923532,80.099376,2023-06-01,355.0,27,0.431,1,77,Basic Shield,29,5,3,0,1,1,0
WRK05778,Guindy,13.016438,80.23424,2016-12-01,627.0,19,0.136,3,82,Basic Shield,29,7,3,1,1,1,1
WRK05779,T Nagar,13.036518,80.216826,2022-09-01,680.0,23,0.14,4,81,Basic Shield,29,6,2,0,1,0,0
WRK05780,Porur,13.055259,80.172751,2016-04-01,751.0,19,0.212,3,81,Basic Shield,29,3,4,0,0,1,0
WRK05781,Adyar,12.992857,80.263575,2020-10-01,572.0,16,0.531,2,75,Basic Shield,29,8,1,1,1,0,1
WRK05782,Perambur,13.117733,80.219475,2019-05-01,743.0,17,0.049,5,82,Basic Shield,29,8,1,0,1,0,0
WRK05783,Porur,13.024574,80.144458,2024-06-01,572.0,15,0.124,4,81,Basic Shield,29,4,4,0,0,1,0
WRK05784,Tambaram,12.937269,80.116558,2022-07-01,553.0,11,0.389,2,81,Basic Shield,29,9,1,0,1,0,0
WRK05785,Porur,13.050705,80.171191,2015-06-01,353.0,8,0.318,2,85,Basic Shield,29,3,2,0,0,0,0
WRK05786,Porur,13.038626,80.176278,2020-06-01,446.0,22,0.101,2,83,Basic Shield,29,4,0,0,0,0,0
WRK05787,Anna Nagar,13.100133,80.226095,2020-11-01,664.0,16,0.533,5,72,Basic Shield,29,7,2,0,1,0,0
WRK05788,Adyar,13.020757,80.25484,2016-07-01,712.0,23,0.13,4,81,Basic Shield,29,10,1,1,1,0,1
WRK05789,Porur,13.042324,80.170024,2018-01-01,564.0,14,0.734,3,71,Basic Shield,29,9,3,0,1,1,0
WRK05790,Sholinganallur,12.91586,80.217042,2022-08-01,712.0,14,0.035,1,87,Basic Shield,29,4,2,0,0,0,0
WRK05791,Tambaram,12.942136,80.083345,2023-01-01,625.0,26,0.307,3,78,Basic Shield,29,8,0,0,1,0,0
WRK05792,Anna Nagar,13.089618,80.196723,2019-12-01,533.0,18,0.286,4,77,Basic Shield,29,5,1,0,1,0,0
WRK05793,Anna Nagar,13.104807,80.212025,2016-03-01,497.0,17,0.415,0,79,Basic Shield,29,6,3,0,1,1,0
WRK05794,Anna Nagar,13.103877,80.1981,2018-12-01,646.0,26,0.172,3,81,Basic Shield,29,5,4,0,1,1,0
WRK05795,Adyar,13.024597,80.273467,2024-07-01,578.0,20,0.49,2,76,Basic Shield,29,9,0,1,1,0,1
WRK05796,Porur,13.017074,80.170442,2016-10-01,670.0,18,0.176,6,78,Basic Shield,29,10,0,0,1,0,0
WRK05797,T Nagar,13.023695,80.228456,2023-07-01,629.0,17,0.585,3,73,Basic Shield,29,4,1,0,0,0,0
WRK05798,Perambur,13.098425,80.219459,2019-09-01,550.0,19,0.532,2,75,Basic Shield,29,6,3,0,1,1,0
WRK05799,Porur,13.049621,80.166738,2017-09-01,622.0,13,0.285,2,82,Basic Shield,29,5,1,0,1,0,0
WRK05800,Adyar,12.991772,80.269327,2015-04-01,608.0,13,0.339,3,80,Basic Shield,29,8,1,1,1,0,1
WRK05801,Adyar,13.014351,80.269379,2018-12-01,685.0,14,0.291,5,78,Basic Shield,29,4,1,1,0,0,1
WRK05802,Adyar,12.991571,80.270315,2021-10-01,681.0,22,0.132,5,80,Basic Shield,29,5,3,1,1,1,1
WRK05803,Adyar,13.012076,80.260078,2019-11-01,438.0,20,0.526,4,72,Basic Shield,29,10,4,1,1,1,1
WRK05804,Velachery,12.979365,80.215418,2024-06-01,744.0,23,0.493,3,75,Basic Shield,29,4,2,0,0,0,0
WRK05805,T Nagar,13.019831,80.215323,2024-07-01,652.0,19,0.278,3,79,Basic Shield,29,6,3,0,1,1,0
WRK05806,Perambur,13.125664,80.246955,2018-11-01,725.0,25,0.353,2,79,Basic Shield,29,6,3,0,1,1,0
WRK05807,Velachery,12.983227,80.216453,2015-10-01,478.0,18,0.467,2,76,Basic Shield,29,3,2,0,0,0,0
WRK05808,Tambaram,12.916074,80.092026,2024-06-01,789.0,19,0.506,1,77,Basic Shield,29,9,0,0,1,0,0
WRK05809,Guindy,13.012577,80.234297,2016-06-01,401.0,16,0.439,3,75,Basic Shield,29,7,0,1,1,0,1
WRK05810,Adyar,13.019196,80.23985,2018-07-01,725.0,16,0.675,3,72,Basic Shield,29,8,0,1,1,0,1
WRK05811,Chromepet,12.947245,80.132117,2016-01-01,538.0,14,0.245,1,82,Basic Shield,29,8,1,0,1,0,0
WRK05812,Perambur,13.113964,80.224223,2015-07-01,432.0,27,0.227,4,78,Basic Shield,29,4,3,0,0,1,0
WRK05813,Adyar,12.99417,80.248756,2019-02-01,564.0,15,0.418,6,73,Basic Shield,29,8,2,1,1,0,1
WRK05814,Adyar,13.000327,80.237179,2020-07-01,599.0,17,0.304,3,78,Basic Shield,29,6,2,1,1,0,1
WRK05815,Sholinganallur,12.903618,80.208325,2015-07-01,557.0,24,0.107,3,82,Basic Shield,29,9,1,0,1,0,0
WRK05816,Chromepet,12.946747,80.152707,2017-07-01,558.0,14,0.428,4,76,Basic Shield,29,11,2,0,1,0,0
WRK05817,Perambur,13.105252,80.244645,2020-09-01,513.0,24,0.307,3,78,Basic Shield,29,3,1,0,0,0,0
WRK05818,Anna Nagar,13.075416,80.21981,2021-01-01,545.0,21,0.183,3,81,Basic Shield,29,5,2,0,1,0,0
WRK05819,Adyar,13.011656,80.2599,2020-10-01,605.0,11,0.45,2,81,Basic Shield,29,11,3,1,1,1,1
WRK05820,Adyar,12.988957,80.240076,2023-10-01,771.0,26,0.284,1,82,Basic Shield,29,10,0,1,1,0,1
WRK05821,Anna Nagar,13.101267,80.195929,2015-09-01,769.0,18,0.385,0,81,Basic Shield,29,2,4,0,0,1,0
WRK05822,Velachery,13.000973,80.232864,2018-07-01,486.0,22,0.28,4,77,Basic Shield,29,5,1,0,1,0,0
WRK05823,Porur,13.044809,80.138386,2021-08-01,596.0,18,0.255,6,76,Basic Shield,29,10,1,0,1,0,0
WRK05824,Anna Nagar,13.10026,80.194048,2017-03-01,736.0,20,0.079,5,82,Basic Shield,29,4,0,0,0,0,0
WRK05825,T Nagar,13.041639,80.231761,2023-11-01,603.0,30,0.39,3,77,Basic Shield,29,4,1,0,0,0,0
WRK05826,Guindy,13.016136,80.233834,2019-12-01,399.0,17,0.343,2,78,Basic Shield,29,5,0,1,1,0,1
WRK05827,Guindy,13.009352,80.204276,2018-12-01,653.0,27,0.383,5,75,Basic Shield,29,5,1,1,1,0,1
WRK05828,Velachery,12.97716,80.223817,2023-08-01,650.0,19,0.121,3,82,Basic Shield,29,7,1,0,1,0,0
WRK05829,Velachery,12.9782,80.233955,2015-08-01,493.0,15,0.187,2,81,Basic Shield,29,6,1,0,1,0,0
WRK05830,Adyar,13.021884,80.266804,2016-08-01,564.0,22,0.058,8,78,Basic Shield,29,8,2,1,1,0,1
WRK05831,Velachery,13.001401,80.217795,2017-11-01,552.0,15,0.653,2,72,Basic Shield,29,7,2,0,1,0,0
WRK05832,Chromepet,12.949877,80.133719,2018-01-01,680.0,20,0.211,5,79,Basic Shield,29,4,2,0,0,0,0
WRK05833,Sholinganallur,12.893268,80.217345,2022-09-01,526.0,19,0.529,3,74,Basic Shield,29,8,1,0,1,0,0
WRK05834,Adyar,13.018612,80.260142,2021-12-01,547.0,30,0.083,4,82,Basic Shield,29,5,2,1,1,0,1
WRK05835,Sholinganallur,12.902792,80.220982,2019-02-01,623.0,23,0.162,4,80,Basic Shield,29,2,3,0,0,1,0
WRK05836,Velachery,12.972912,80.22408,2015-11-01,693.0,19,0.083,3,83,Basic Shield,29,7,3,0,1,1,0
WRK05837,Perambur,13.126743,80.234138,2020-09-01,655.0,12,0.582,2,77,Basic Shield,29,3,3,0,0,1,0
WRK05838,Perambur,13.101691,80.254147,2024-04-01,666.0,16,0.161,6,79,Basic Shield,29,5,2,0,1,0,0
WRK05839,Chromepet,12.957041,80.145727,2016-03-01,617.0,13,0.185,1,85,Basic Shield,29,9,4,0,1,1,0
WRK05840,Chromepet,12.93671,80.129518,2019-09-01,587.0,19,0.245,3,80,Basic Shield,29,9,0,0,1,0,0
WRK05841,Tambaram,12.940867,80.080539,2018-08-01,581.0,16,0.406,6,73,Basic Shield,29,13,5,0,1,1,0
WRK05842,Velachery,12.975342,80.202138,2017-11-01,608.0,20,0.04,4,83,Basic Shield,29,9,1,0,1,0,0
WRK05843,Porur,13.039146,80.164165,2017-12-01,657.0,24,0.493,5,73,Basic Shield,29,7,0,0,1,0,0
WRK05844,Perambur,13.125129,80.224386,2017-02-01,715.0,13,0.545,1,78,Basic Shield,29,4,5,0,0,1,0
WRK05845,Adyar,12.990064,80.255333,2018-04-01,558.0,15,0.092,3,82,Basic Shield,29,6,1,1,1,0,1
WRK05846,Anna Nagar,13.099306,80.20705,2017-07-01,668.0,17,0.29,2,80,Basic Shield,29,3,3,0,0,1,0
WRK05847,T Nagar,13.031842,80.245729,2024-08-01,446.0,17,0.072,0,85,Basic Shield,29,5,1,0,1,0,0
WRK05848,Velachery,12.997595,80.20139,2017-08-01,627.0,21,0.222,3,80,Basic Shield,29,6,5,0,1,1,0
WRK05849,T Nagar,13.052742,80.234628,2017-01-01,755.0,25,0.3,7,75,Basic Shield,29,4,2,0,0,0,0
WRK05850,Anna Nagar,13.099754,80.216663,2015-03-01,754.0,13,0.049,5,84,Basic Shield,29,9,3,0,1,1,0
WRK05851,Velachery,12.980186,80.22903,2018-01-01,533.0,20,0.267,2,80,Basic Shield,29,5,4,0,1,1,0
WRK05852,Chromepet,12.934763,80.132291,2022-12-01,710.0,18,0.143,4,81,Basic Shield,29,8,0,0,1,0,0
WRK05853,Sholinganallur,12.885019,80.208748,2020-07-01,628.0,17,0.302,2,80,Basic Shield,29,14,1,0,1,0,0
WRK05854,Adyar,12.993572,80.238082,2021-10-01,594.0,22,0.342,0,81,Basic Shield,29,7,0,1,1,0,1
WRK05855,Adyar,12.991082,80.269557,2022-10-01,649.0,16,0.263,1,81,Basic Shield,29,11,4,1,1,1,1
WRK05856,Anna Nagar,13.105392,80.216407,2018-11-01,692.0,17,0.172,1,84,Basic Shield,29,4,5,0,0,1,0
WRK05857,Anna Nagar,13.096935,80.190883,2016-02-01,846.0,21,0.226,1,83,Basic Shield,29,4,4,0,0,1,0
WRK05858,Velachery,12.9714,80.228301,2019-11-01,426.0,22,0.05,0,86,Basic Shield,29,7,3,0,1,1,0
WRK05859,Perambur,13.105542,80.250068,2017-12-01,731.0,18,0.051,1,86,Basic Shield,29,6,3,0,1,1,0
WRK05860,Chromepet,12.969791,80.139945,2018-02-01,734.0,23,0.253,6,77,Basic Shield,29,5,2,0,1,0,0
WRK05861,Anna Nagar,13.104937,80.229324,2015-12-01,710.0,20,0.12,3,83,Basic Shield,29,4,2,0,0,0,0
WRK05862,Chromepet,12.938485,80.154234,2018-02-01,592.0,17,0.037,4,83,Basic Shield,29,4,1,0,0,0,0
WRK05863,Sholinganallur,12.912236,80.223091,2023-10-01,722.0,21,0.243,5,78,Basic Shield,29,0,3,0,0,1,0
WRK05864,Porur,13.016831,80.147094,2020-09-01,922.0,23,0.247,4,80,Basic Shield,29,6,3,0,1,1,0
WRK05865,Guindy,13.00778,80.220153,2021-08-01,519.0,21,0.322,2,79,Basic Shield,29,7,2,1,1,0,1
WRK05866,Tambaram,12.907799,80.083916,2018-03-01,589.0,23,0.424,2,77,Basic Shield,29,6,4,0,1,1,0
WRK05867,Velachery,12.965018,80.198547,2017-02-01,483.0,21,0.557,2,74,Basic Shield,29,7,0,0,1,0,0
WRK05868,Porur,13.022448,80.154509,2015-06-01,549.0,22,0.272,1,81,Basic Shield,29,7,3,0,1,1,0
WRK05869,Perambur,13.103455,80.243074,2018-04-01,745.0,16,0.185,4,81,Basic Shield,29,8,1,0,1,0,0
WRK05870,Anna Nagar,13.070561,80.214369,2024-08-01,695.0,14,0.083,3,84,Basic Shield,29,8,1,0,1,0,0
WRK05871,Tambaram,12.91274,80.100682,2019-08-01,856.0,17,0.174,2,83,Basic Shield,29,10,1,0,1,0,0
WRK05872,Porur,13.018188,80.172259,2020-06-01,406.0,21,0.259,2,79,Basic Shield,29,4,2,0,0,0,0
WRK05873,Perambur,13.106197,80.236956,2017-07-01,715.0,21,0.091,3,83,Basic Shield,29,3,1,0,0,0,0
WRK05874,Perambur,13.10431,80.245174,2016-10-01,494.0,14,0.249,3,80,Basic Shield,29,4,1,0,0,0,0
WRK05875,Guindy,13.001257,80.210421,2023-08-01,575.0,18,0.184,2,82,Basic Shield,29,4,1,1,0,0,1
WRK05876,Anna Nagar,13.087662,80.225931,2018-02-01,618.0,20,0.155,3,81,Basic Shield,29,7,3,0,1,1,0
WRK05877,Anna Nagar,13.101185,80.216921,2023-06-01,541.0,17,0.069,6,80,Basic Shield,29,3,1,0,0,0,0
WRK05878,Tambaram,12.917137,80.09109,2020-01-01,622.0,21,0.534,2,75,Basic Shield,29,8,5,0,1,1,0
WRK05879,T Nagar,13.035141,80.229498,2024-03-01,608.0,13,0.376,3,79,Basic Shield,29,6,1,0,1,0,0
WRK05880,Tambaram,12.935961,80.086484,2017-06-01,479.0,19,0.696,3,70,Basic Shield,29,7,2,0,1,0,0
WRK05881,Velachery,13.000316,80.229248,2023-08-01,445.0,9,0.354,3,83,Basic Shield,29,5,3,0,1,1,0
WRK05882,Velachery,12.987612,80.21561,2024-11-01,582.0,14,0.113,3,83,Basic Shield,29,2,0,0,0,0,0
WRK05883,Chromepet,12.939949,80.155826,2020-09-01,653.0,24,0.199,2,82,Basic Shield,29,10,1,0,1,0,0
WRK05884,Porur,13.049511,80.161325,2020-12-01,452.0,17,0.131,3,81,Basic Shield,29,8,2,0,1,0,0
WRK05885,Tambaram,12.924759,80.106413,2024-03-01,300.0,23,0.165,2,81,Basic Shield,29,9,1,0,1,0,0
WRK05886,Sholinganallur,12.905924,80.220035,2022-04-01,643.0,15,0.093,4,82,Basic Shield,29,1,2,0,0,0,0
WRK05887,Tambaram,12.936689,80.083608,2024-01-01,556.0,20,0.385,3,77,Basic Shield,29,12,2,0,1,0,0
WRK05888,Anna Nagar,13.083381,80.218315,2021-12-01,697.0,22,0.246,5,78,Basic Shield,29,3,1,0,0,0,0
WRK05889,Porur,13.036685,80.154106,2015-11-01,545.0,25,0.473,3,75,Basic Shield,29,5,3,0,1,1,0
WRK05890,Guindy,13.000971,80.205623,2019-07-01,539.0,17,0.352,2,78,Basic Shield,29,8,6,1,1,1,1
WRK05891,Sholinganallur,12.898409,80.244687,2020-12-01,586.0,19,0.283,4,78,Basic Shield,29,4,3,0,0,1,0
WRK05892,Adyar,13.005121,80.24453,2024-06-01,873.0,16,0.028,4,84,Basic Shield,29,3,2,1,0,0,1
WRK05893,Anna Nagar,13.07538,80.223869,2017-08-01,552.0,13,0.308,3,80,Basic Shield,29,2,5,0,0,1,0
WRK05894,Adyar,13.023468,80.252707,2016-04-01,487.0,16,0.375,2,77,Basic Shield,29,7,1,1,1,0,1
WRK05895,Tambaram,12.936555,80.097421,2021-10-01,453.0,21,0.116,3,81,Basic Shield,29,5,3,0,1,1,0
WRK05896,Tambaram,12.942842,80.109692,2024-08-01,541.0,18,0.395,3,76,Basic Shield,29,4,5,0,0,1,0
WRK05897,Adyar,13.01816,80.241171,2015-03-01,461.0,18,0.111,3,82,Basic Shield,29,7,1,1,1,0,1
WRK05898,Velachery,12.975877,80.200265,2017-08-01,585.0,23,0.405,6,73,Basic Shield,29,4,2,0,0,0,0
WRK05899,Guindy,12.992323,80.235944,2015-10-01,378.0,12,0.379,1,81,Basic Shield,29,5,0,1,1,0,1
WRK05900,Perambur,13.105431,80.236573,2024-05-01,559.0,26,0.093,3,82,Basic Shield,29,4,2,0,0,0,0
WRK05901,Adyar,12.999121,80.272092,2024-03-01,517.0,16,0.449,2,76,Basic Shield,29,6,2,1,1,0,1
WRK05902,Porur,13.027171,80.138333,2017-03-01,498.0,19,0.324,4,77,Basic Shield,29,5,5,0,1,1,0
WRK05903,Chromepet,12.951369,80.147672,2017-03-01,652.0,12,0.497,3,78,Basic Shield,29,5,1,0,1,0,0
WRK05904,Adyar,12.99216,80.267172,2022-06-01,576.0,12,0.459,5,76,Basic Shield,29,10,4,1,1,1,1
WRK05905,Porur,13.039989,80.156055,2020-06-01,381.0,20,0.544,3,73,Basic Shield,29,9,2,0,1,0,0
WRK05906,Adyar,13.018143,80.242481,2022-12-01,589.0,20,0.347,2,79,Basic Shield,29,6,3,1,1,1,1
WRK05907,Sholinganallur,12.903378,80.216383,2017-01-01,823.0,31,0.079,6,81,Basic Shield,29,6,2,0,1,0,0
WRK05908,T Nagar,13.019881,80.219852,2024-10-01,535.0,18,0.182,5,79,Basic Shield,29,2,3,0,0,1,0
WRK05909,Velachery,12.984689,80.22933,2017-05-01,337.0,11,0.305,1,83,Basic Shield,29,8,2,0,1,0,0
WRK05910,Chromepet,12.939905,80.147877,2022-03-01,449.0,20,0.244,2,80,Basic Shield,29,4,3,0,0,1,0
WRK05911,Anna Nagar,13.084593,80.228284,2020-06-01,705.0,17,0.352,6,75,Basic Shield,29,5,0,0,1,0,0
WRK05912,Sholinganallur,12.890111,80.21773,2022-11-01,672.0,19,0.276,4,78,Basic Shield,29,7,0,0,1,0,0
WRK05913,Chromepet,12.955706,80.127534,2017-04-01,677.0,22,0.529,3,74,Basic Shield,29,4,6,0,0,1,0
WRK05914,Sholinganallur,12.915478,80.227922,2023-05-01,748.0,16,0.35,4,77,Basic Shield,29,8,1,0,1,0,0
WRK05915,Chromepet,12.936752,80.127916,2020-09-01,547.0,21,0.146,3,81,Basic Shield,29,6,3,0,1,1,0
WRK05916,Chromepet,12.957293,80.142158,2020-04-01,567.0,16,0.292,4,77,Basic Shield,29,5,2,0,1,0,0
WRK05917,Tambaram,12.934347,80.082518,2022-05-01,526.0,20,0.268,2,80,Basic Shield,29,8,3,0,1,1,0
WRK05918,T Nagar,13.054122,80.22883,2015-02-01,548.0,16,0.06,3,83,Basic Shield,29,5,3,0,1,1,0
WRK05919,Chromepet,12.938944,80.160952,2021-05-01,626.0,22,0.228,3,80,Basic Shield,29,7,2,0,1,0,0
WRK05920,Guindy,12.9931,80.203737,2017-06-01,749.0,16,0.169,5,80,Basic Shield,29,4,3,1,0,1,1
WRK05921,Adyar,13.017383,80.256864,2024-09-01,711.0,15,0.346,0,81,Basic Shield,29,6,4,1,1,1,1
WRK05922,Adyar,13.020264,80.264918,2023-08-01,300.0,24,0.111,1,83,Basic Shield,29,6,0,1,1,0,1
WRK05923,Adyar,13.011845,80.255589,2016-02-01,683.0,25,0.419,5,75,Basic Shield,29,5,1,1,1,0,1
WRK05924,T Nagar,13.031753,80.225695,2020-02-01,519.0,15,0.166,4,80,Basic Shield,29,5,2,0,1,0,0
WRK05925,Velachery,12.973381,80.231287,2023-06-01,689.0,22,0.15,1,84,Basic Shield,29,5,5,0,1,1,0
WRK05926,Sholinganallur,12.899204,80.228091,2020-08-01,804.0,22,0.349,1,81,Basic Shield,29,8,1,0,1,0,0
WRK05927,Guindy,13.010461,80.211482,2018-03-01,557.0,14,0.209,2,82,Basic Shield,29,9,3,1,1,1,1
WRK05928,Perambur,13.135935,80.235597,2016-01-01,854.0,17,0.045,1,87,Basic Shield,29,9,5,0,1,1,0
WRK05929,Perambur,13.135952,80.21635,2016-10-01,611.0,11,0.036,7,84,Basic Shield,29,9,2,0,1,0,0
WRK05930,T Nagar,13.025363,80.23729,2017-02-01,678.0,16,0.429,2,77,Basic Shield,29,9,5,0,1,1,0
WRK05931,Anna Nagar,13.082885,80.210541,2024-07-01,718.0,15,0.095,2,84,Basic Shield,29,6,2,0,1,0,0
WRK05932,Adyar,12.990103,80.266144,2016-05-01,543.0,17,0.354,5,75,Basic Shield,29,4,0,1,0,0,1
WRK05933,Perambur,13.129123,80.236367,2022-07-01,748.0,16,0.66,3,72,Basic Shield,29,8,1,0,1,0,0
WRK05934,Chromepet,12.971099,80.128018,2019-11-01,620.0,17,0.052,4,83,Basic Shield,29,7,4,0,1,1,0
WRK05935,Tambaram,12.927211,80.087091,2022-10-01,410.0,17,0.223,4,78,Basic Shield,29,11,0,0,1,0,0
WRK05936,Adyar,12.994765,80.270959,2016-10-01,484.0,10,0.487,2,80,Basic Shield,29,7,1,1,1,0,1
WRK05937,Sholinganallur,12.882485,80.238287,2021-05-01,632.0,21,0.167,4,80,Basic Shield,29,6,1,0,1,0,0
WRK05938,Perambur,13.101201,80.242924,2018-10-01,657.0,15,0.229,5,78,Basic Shield,29,7,1,0,1,0,0
WRK05939,Perambur,13.101178,80.227966,2024-03-01,574.0,23,0.261,3,79,Basic Shield,29,8,3,0,1,1,0
WRK05940,Velachery,12.965796,80.203141,2017-08-01,776.0,27,0.172,0,85,Basic Shield,29,5,3,0,1,1,0
WRK05941,Sholinganallur,12.886626,80.242305,2023-01-01,350.0,15,0.126,5,79,Basic Shield,29,6,1,0,1,0,0
WRK05942,Porur,13.043626,80.150323,2016-02-01,587.0,18,0.138,3,82,Basic Shield,29,4,3,0,0,1,0
WRK05943,Porur,13.023173,80.15774,2022-09-01,680.0,18,0.344,5,76,Basic Shield,29,10,2,0,1,0,0
WRK05944,Perambur,13.130428,80.228676,2017-12-01,350.0,10,0.364,5,79,Basic Shield,29,4,3,0,0,1,0
WRK05945,Anna Nagar,13.069265,80.198878,2020-05-01,746.0,20,0.262,4,79,Basic Shield,29,5,1,0,1,0,0
WRK05946,T Nagar,13.047017,80.241946,2021-11-01,780.0,11,0.388,2,83,Basic Shield,29,7,3,0,1,1,0
WRK05947,Sholinganallur,12.915158,80.212096,2021-07-01,903.0,17,0.348,7,75,Basic Shield,29,8,0,0,1,0,0
WRK05948,Guindy,12.992302,80.203343,2015-09-01,595.0,14,0.063,4,83,Basic Shield,29,3,2,1,0,0,1
WRK05949,Perambur,13.116542,80.227998,2017-12-01,644.0,15,0.016,2,85,Basic Shield,29,3,3,0,0,1,0
WRK05950,Perambur,13.114648,80.24181,2022-06-01,495.0,15,0.229,2,80,Basic Shield,29,5,2,0,1,0,0
WRK05951,Perambur,13.107685,80.254766,2017-05-01,519.0,23,0.274,1,81,Basic Shield,29,6,0,0,1,0,0
WRK05952,Tambaram,12.908279,80.092414,2018-11-01,602.0,26,0.357,3,77,Basic Shield,29,6,4,0,1,1,0
WRK05953,Porur,13.054998,80.164232,2021-06-01,593.0,10,0.03,4,88,Basic Shield,29,5,0,0,1,0,0
WRK05954,Tambaram,12.935197,80.085644,2018-02-01,560.0,23,0.38,4,76,Basic Shield,29,5,2,0,1,0,0
WRK05955,T Nagar,13.037676,80.214524,2018-09-01,808.0,21,0.151,3,83,Basic Shield,29,8,1,0,1,0,0
WRK05956,Adyar,12.988189,80.268332,2024-08-01,724.0,16,0.149,1,84,Basic Shield,29,8,4,1,1,1,1
WRK05957,Chromepet,12.948443,80.142471,2015-05-01,645.0,20,0.493,5,73,Basic Shield,29,4,2,0,0,0,0
WRK05958,Porur,13.02562,80.14628,2015-05-01,495.0,17,0.206,4,79,Basic Shield,29,4,2,0,0,0,0
WRK05959,Tambaram,12.941788,80.098538,2020-10-01,487.0,20,0.051,3,83,Basic Shield,29,8,4,0,1,1,0
WRK05960,Chromepet,12.954785,80.154732,2023-08-01,718.0,12,0.246,1,85,Basic Shield,29,5,3,0,1,1,0
WRK05961,Anna Nagar,13.094295,80.193891,2016-11-01,489.0,24,0.169,2,82,Basic Shield,29,4,4,0,0,1,0
WRK05962,Anna Nagar,13.075931,80.206167,2021-03-01,826.0,17,0.161,6,79,Basic Shield,29,9,3,0,1,1,0
WRK05963,Anna Nagar,13.092052,80.218331,2020-07-01,566.0,19,0.264,5,77,Basic Shield,29,6,1,0,1,0,0
WRK05964,Tambaram,12.938662,80.108409,2015-12-01,761.0,14,0.241,3,81,Basic Shield,29,6,1,0,1,0,0
WRK05965,Chromepet,12.959169,80.140588,2021-04-01,551.0,13,0.492,5,74,Basic Shield,29,6,1,0,1,0,0
WRK05966,Anna Nagar,13.073653,80.222657,2020-05-01,669.0,22,0.54,3,74,Basic Shield,29,5,5,0,1,1,0
WRK05967,Porur,13.033284,80.160524,2019-03-01,502.0,16,0.465,7,71,Basic Shield,29,5,2,0,1,0,0
WRK05968,Porur,13.052729,80.151169,2023-06-01,642.0,14,0.202,5,80,Basic Shield,29,2,2,0,0,0,0
WRK05969,Adyar,12.994702,80.260432,2017-11-01,405.0,17,0.199,6,77,Basic Shield,29,5,3,1,1,1,1
WRK05970,T Nagar,13.029075,80.224325,2022-05-01,621.0,26,0.209,4,79,Basic Shield,29,6,2,0,1,0,0
WRK05971,Tambaram,12.939939,80.108112,2022-09-01,422.0,14,0.207,3,80,Basic Shield,29,6,2,0,1,0,0
WRK05972,Guindy,13.004165,80.239644,2023-07-01,847.0,18,0.701,1,74,Basic Shield,29,7,2,1,1,0,1
WRK05973,Adyar,12.991092,80.245663,2015-11-01,775.0,14,0.514,6,73,Basic Shield,29,7,4,1,1,1,1
WRK05974,Porur,13.031745,80.141842,2022-10-01,543.0,19,0.291,3,78,Basic Shield,29,8,2,0,1,0,0
WRK05975,Chromepet,12.938443,80.162306,2019-12-01,620.0,17,0.224,4,79,Basic Shield,29,5,2,0,1,0,0
WRK05976,Guindy,12.991477,80.209152,2024-08-01,706.0,15,0.559,6,71,Basic Shield,29,5,1,1,1,0,1
WRK05977,Perambur,13.108257,80.241246,2021-11-01,554.0,20,0.112,2,83,Basic Shield,29,3,2,0,0,0,0
WRK05978,Guindy,12.994539,80.202735,2022-10-01,610.0,23,0.357,1,79,Basic Shield,29,4,3,1,0,1,1
WRK05979,Anna Nagar,13.077677,80.198759,2024-06-01,416.0,19,0.465,1,76,Basic Shield,29,8,1,0,1,0,0
WRK05980,Chromepet,12.954954,80.12822,2017-10-01,300.0,15,0.379,5,73,Basic Shield,29,7,5,0,1,1,0
WRK05981,Perambur,13.103431,80.248076,2020-11-01,655.0,14,0.559,4,74,Basic Shield,29,4,4,0,0,1,0
WRK05982,Guindy,13.00247,80.204563,2018-03-01,877.0,17,0.248,4,80,Basic Shield,29,5,1,1,1,0,1
WRK05983,Sholinganallur,12.894611,80.234963,2021-07-01,628.0,17,0.453,3,76,Basic Shield,29,6,0,0,1,0,0
WRK05984,Guindy,13.006195,80.227272,2020-12-01,505.0,24,0.169,3,81,Basic Shield,29,7,1,1,1,0,1
WRK05985,Anna Nagar,13.089968,80.211503,2015-03-01,677.0,24,0.183,3,81,Basic Shield,29,6,0,0,1,0,0
WRK05986,Sholinganallur,12.893144,80.234257,2023-04-01,676.0,27,0.483,4,74,Basic Shield,29,7,3,0,1,1,0
WRK05987,Porur,13.023513,80.161666,2023-10-01,570.0,19,0.247,0,82,Basic Shield,29,7,2,0,1,0,0
WRK05988,Guindy,13.000993,80.226605,2018-10-01,446.0,17,0.089,3,82,Basic Shield,29,4,1,1,0,0,1
WRK05989,Velachery,12.975667,80.227954,2024-04-01,868.0,19,0.033,2,86,Basic Shield,29,6,0,0,1,0,0
WRK05990,T Nagar,13.033761,80.244245,2019-08-01,451.0,14,0.158,2,83,Basic Shield,29,6,0,0,1,0,0
WRK05991,Sholinganallur,12.88163,80.215922,2021-07-01,612.0,13,0.293,0,84,Basic Shield,29,6,0,0,1,0,0
WRK05992,Chromepet,12.969635,80.13697,2019-03-01,683.0,15,0.225,2,81,Basic Shield,29,3,3,0,0,1,0
WRK05993,Adyar,12.986818,80.247387,2024-03-01,816.0,14,0.19,3,83,Basic Shield,29,6,3,1,1,1,1
WRK05994,Anna Nagar,13.082454,80.224884,2024-11-01,390.0,13,0.161,1,84,Basic Shield,29,6,1,0,1,0,0
WRK05995,Guindy,13.0006,80.217531,2023-05-01,796.0,23,0.371,1,80,Basic Shield,29,3,4,1,0,1,1
WRK05996,Anna Nagar,13.095705,80.199205,2020-01-01,435.0,12,0.263,6,78,Basic Shield,29,5,3,0,1,1,0
WRK05997,Sholinganallur,12.883694,80.22668,2019-08-01,499.0,25,0.365,2,78,Basic Shield,29,6,1,0,1,0,0
WRK05998,Adyar,12.999956,80.25926,2018-01-01,492.0,15,0.255,2,80,Basic Shield,29,7,3,1,1,1,1
WRK05999,Guindy,12.998913,80.219223,2017-09-01,629.0,20,0.575,3,73,Basic Shield,29,4,1,1,0,0,1
WRK06000,Tambaram,12.941492,80.091949,2021-01-01,484.0,19,0.113,4,81,Basic Shield,29,7,1,0,1,0,0
WRK06001,Guindy,13.000481,80.226733,2018-06-01,717.0,17,0.564,1,76,Basic Shield,29,7,2,1,1,0,1
WRK06002,Guindy,13.000601,80.215829,2015-01-01,570.0,12,0.06,6,83,Basic Shield,29,2,1,1,0,0,1
WRK06003,Anna Nagar,13.098674,80.21729,2022-03-01,716.0,18,0.561,4,73,Basic Shield,29,8,1,0,1,0,0
WRK06004,Chromepet,12.942473,80.151877,2019-11-01,673.0,17,0.129,1,84,Basic Shield,29,6,1,0,1,0,0
WRK06005,Tambaram,12.942979,80.101718,2015-06-01,655.0,14,0.55,3,75,Basic Shield,29,15,2,0,1,0,0
WRK06006,Velachery,12.988518,80.237607,2015-03-01,760.0,20,0.168,3,82,Basic Shield,29,5,2,0,1,0,0
WRK06007,Perambur,13.111506,80.241255,2019-08-01,574.0,18,0.016,5,82,Basic Shield,29,5,1,0,1,0,0
WRK06008,Chromepet,12.959447,80.129648,2024-12-01,622.0,22,0.146,2,83,Basic Shield,29,8,0,0,1,0,0
WRK06009,Velachery,12.975965,80.210387,2024-05-01,651.0,18,0.408,3,77,Basic Shield,29,7,1,0,1,0,0
WRK06010,Anna Nagar,13.089931,80.207143,2019-04-01,692.0,17,0.207,4,80,Basic Shield,29,4,5,0,0,1,0
WRK06011,Adyar,13.009452,80.248261,2019-09-01,582.0,10,0.132,2,88,Basic Shield,29,6,5,1,1,1,1
WRK06012,Chromepet,12.93992,80.16226,2021-11-01,522.0,12,0.186,3,83,Basic Shield,29,6,3,0,1,1,0
WRK06013,Sholinganallur,12.902526,80.245539,2024-01-01,661.0,12,0.389,4,79,Basic Shield,29,4,3,0,0,1,0
WRK06014,Sholinganallur,12.892004,80.214039,2018-07-01,572.0,19,0.091,2,84,Basic Shield,29,3,2,0,0,0,0
WRK06015,Velachery,12.963084,80.210332,2017-06-01,407.0,11,0.017,3,87,Basic Shield,29,6,2,0,1,0,0
WRK06016,Adyar,13.017069,80.24317,2018-07-01,569.0,12,0.187,3,84,Basic Shield,29,9,4,1,1,1,1
WRK06017,Porur,13.039659,80.172669,2020-02-01,626.0,19,0.192,5,79,Basic Shield,29,5,2,0,1,0,0
WRK06018,Adyar,12.998893,80.256853,2021-05-01,461.0,27,0.405,3,76,Basic Shield,29,9,2,1,1,0,1
WRK06019,Porur,13.050741,80.158783,2021-01-01,632.0,19,0.203,8,76,Basic Shield,29,8,2,0,1,0,0
WRK06020,Sholinganallur,12.883356,80.23098,2023-10-01,530.0,21,0.204,0,83,Basic Shield,29,13,2,0,1,0,0
WRK06021,Perambur,13.113281,80.218042,2021-01-01,430.0,9,0.296,3,84,Basic Shield,29,6,1,0,1,0,0
WRK06022,Porur,13.01898,80.165891,2019-03-01,563.0,17,0.118,3,82,Basic Shield,29,8,2,0,1,0,0
WRK06023,Anna Nagar,13.090652,80.198593,2021-06-01,682.0,24,0.289,4,78,Basic Shield,29,11,0,0,1,0,0
WRK06024,Chromepet,12.937751,80.144221,2019-10-01,598.0,12,0.451,2,79,Basic Shield,29,9,5,0,1,1,0
WRK06025,Porur,13.031172,80.174092,2021-01-01,457.0,22,0.207,2,81,Basic Shield,29,4,2,0,0,0,0
WRK06026,Adyar,12.991655,80.25458,2019-03-01,610.0,24,0.237,2,81,Basic Shield,29,4,0,1,0,0,1
WRK06027,Guindy,13.017766,80.231795,2024-09-01,507.0,25,0.208,1,82,Basic Shield,29,6,1,1,1,0,1
WRK06028,Chromepet,12.932944,80.152222,2024-05-01,451.0,18,0.307,1,80,Basic Shield,29,5,1,0,1,0,0
WRK06029,Velachery,12.999421,80.228052,2019-10-01,588.0,21,0.135,1,84,Basic Shield,29,5,2,0,1,0,0
WRK06030,Perambur,13.115111,80.234932,2023-03-01,627.0,21,0.243,2,81,Basic Shield,29,6,0,0,1,0,0
WRK06031,Anna Nagar,13.105829,80.215451,2021-05-01,808.0,18,0.23,2,82,Basic Shield,29,8,1,0,1,0,0
WRK06032,T Nagar,13.024661,80.231872,2024-10-01,480.0,11,0.587,3,76,Basic Shield,29,7,0,0,1,0,0
WRK06033,Sholinganallur,12.882778,80.230271,2024-02-01,315.0,16,0.439,4,73,Basic Shield,29,2,4,0,0,1,0
WRK06034,Velachery,12.992604,80.221694,2021-08-01,633.0,18,0.268,2,80,Basic Shield,29,3,3,0,0,1,0
WRK06035,Perambur,13.126092,80.215941,2018-09-01,551.0,14,0.182,3,82,Basic Shield,29,5,0,0,1,0,0
WRK06036,Adyar,12.989774,80.266291,2023-02-01,339.0,25,0.108,4,80,Basic Shield,29,5,1,1,1,0,1
WRK06037,Velachery,12.985703,80.20441,2019-09-01,587.0,14,0.173,3,82,Basic Shield,29,2,4,0,0,1,0
WRK06038,Perambur,13.099128,80.215425,2019-01-01,712.0,6,0.186,2,91,Basic Shield,29,9,3,0,1,1,0
WRK06039,Anna Nagar,13.104487,80.212953,2021-09-01,568.0,13,0.35,0,82,Basic Shield,29,6,1,0,1,0,0
WRK06040,Chromepet,12.952787,80.143642,2024-02-01,863.0,16,0.039,3,85,Basic Shield,29,9,4,0,1,1,0
WRK06041,Adyar,13.004644,80.239185,2016-02-01,797.0,16,0.28,5,78,Basic Shield,29,5,0,1,1,0,1
WRK06042,Tambaram,12.934437,80.092593,2022-10-01,601.0,20,0.332,4,77,Basic Shield,29,6,3,0,1,1,0
WRK06043,Perambur,13.100173,80.237418,2018-03-01,564.0,21,0.234,1,82,Basic Shield,29,4,2,0,0,0,0
WRK06044,Guindy,13.012816,80.219143,2024-07-01,478.0,25,0.177,0,83,Basic Shield,29,9,1,1,1,0,1
WRK06045,Perambur,13.116115,80.237773,2024-01-01,422.0,20,0.458,2,75,Basic Shield,29,9,1,0,1,0,0
WRK06046,Velachery,12.98159,80.206719,2023-12-01,673.0,16,0.313,3,79,Basic Shield,29,7,0,0,1,0,0
WRK06047,T Nagar,13.054158,80.239013,2023-06-01,427.0,21,0.228,0,82,Basic Shield,29,8,1,0,1,0,0
WRK06048,Anna Nagar,13.101571,80.210249,2016-09-01,465.0,17,0.206,3,80,Basic Shield,29,5,3,0,1,1,0
WRK06049,Sholinganallur,12.901484,80.241442,2016-07-01,395.0,18,0.17,1,82,Basic Shield,29,6,4,0,1,1,0
WRK06050,Velachery,12.974541,80.198133,2021-01-01,466.0,14,0.32,4,77,Basic Shield,29,7,1,0,1,0,0
WRK06051,Porur,13.055014,80.159283,2022-05-01,863.0,12,0.488,3,79,Basic Shield,29,7,5,0,1,1,0
WRK06052,Perambur,13.108256,80.248605,2015-09-01,494.0,20,0.182,5,78,Basic Shield,29,3,1,0,0,0,0
WRK06053,T Nagar,13.019009,80.23946,2024-05-01,769.0,24,0.237,2,82,Basic Shield,29,6,1,0,1,0,0
WRK06054,Porur,13.053708,80.161874,2017-07-01,758.0,19,0.24,4,79,Basic Shield,29,9,3,0,1,1,0
WRK06055,Porur,13.025963,80.150404,2016-10-01,603.0,13,0.073,4,84,Basic Shield,29,5,1,0,1,0,0
WRK06056,T Nagar,13.044267,80.24449,2017-03-01,621.0,13,0.172,3,83,Basic Shield,29,3,1,0,0,0,0
WRK06057,Adyar,13.02505,80.269031,2021-06-01,487.0,19,0.366,4,76,Basic Shield,29,6,2,1,1,0,1
WRK06058,Guindy,12.997558,80.207515,2024-10-01,477.0,16,0.277,4,77,Basic Shield,29,1,2,1,0,0,1
WRK06059,Adyar,12.998478,80.264305,2017-04-01,810.0,25,0.508,1,77,Basic Shield,29,6,0,1,1,0,1
WRK06060,Tambaram,12.930609,80.091953,2023-04-01,776.0,18,0.31,5,77,Basic Shield,29,4,1,0,0,0,0
WRK06061,Anna Nagar,13.072534,80.207616,2024-06-01,808.0,21,0.276,2,81,Basic Shield,29,10,1,0,1,0,0
WRK06062,Porur,13.022718,80.166195,2018-04-01,540.0,24,0.113,2,83,Basic Shield,29,5,0,0,1,0,0
WRK06063,T Nagar,13.024631,80.235847,2021-01-01,410.0,19,0.818,2,68,Standard Shield,49,10,5,0,1,1,0
WRK06064,Adyar,13.019896,80.269916,2016-02-01,767.0,16,0.118,1,85,Basic Shield,29,4,1,1,0,0,1
WRK06065,T Nagar,13.039337,80.227604,2021-11-01,481.0,18,0.132,4,80,Basic Shield,29,5,0,0,1,0,0
WRK06066,Guindy,13.022778,80.204539,2024-02-01,653.0,19,0.141,1,84,Basic Shield,29,4,1,1,0,0,1
WRK06067,Velachery,12.98199,80.21652,2019-06-01,553.0,15,0.518,1,76,Basic Shield,29,2,2,0,0,0,0
WRK06068,Porur,13.040239,80.13946,2016-07-01,722.0,21,0.393,3,77,Basic Shield,29,2,2,0,0,0,0
WRK06069,Anna Nagar,13.100602,80.21444,2021-06-01,591.0,13,0.281,0,84,Basic Shield,29,3,4,0,0,1,0
WRK06070,Adyar,12.992485,80.248593,2016-12-01,547.0,20,0.507,4,73,Basic Shield,29,5,2,1,1,0,1
WRK06071,Sholinganallur,12.917324,80.232336,2016-12-01,717.0,20,0.106,3,83,Basic Shield,29,6,1,0,1,0,0
WRK06072,Anna Nagar,13.085255,80.215471,2016-08-01,520.0,24,0.28,1,81,Basic Shield,29,5,4,0,1,1,0
WRK06073,T Nagar,13.044024,80.224893,2022-01-01,567.0,19,0.316,3,78,Basic Shield,29,10,0,0,1,0,0
WRK06074,Perambur,13.114242,80.228795,2019-01-01,657.0,14,0.187,3,82,Basic Shield,29,8,2,0,1,0,0
WRK06075,Adyar,13.022398,80.27302,2024-09-01,654.0,13,0.308,5,79,Basic Shield,29,9,4,1,1,1,1
WRK06076,Perambur,13.130346,80.224431,2019-11-01,559.0,17,0.489,2,76,Basic Shield,29,5,5,0,1,1,0
WRK06077,Sholinganallur,12.889266,80.240153,2019-02-01,674.0,15,0.261,2,81,Basic Shield,29,6,4,0,1,1,0
WRK06078,Chromepet,12.945318,80.145254,2019-07-01,696.0,29,0.189,3,81,Basic Shield,29,5,1,0,1,0,0
WRK06079,Guindy,12.993666,80.21865,2023-03-01,590.0,16,0.281,6,76,Basic Shield,29,3,3,1,0,1,1
WRK06080,Chromepet,12.939832,80.140275,2022-01-01,526.0,13,0.284,2,81,Basic Shield,29,6,3,0,1,1,0
WRK06081,Guindy,13.006043,80.225701,2015-05-01,471.0,21,0.243,2,80,Basic Shield,29,6,2,1,1,0,1
WRK06082,T Nagar,13.02977,80.238745,2019-04-01,495.0,18,0.242,3,79,Basic Shield,29,8,3,0,1,1,0
WRK06083,Perambur,13.098038,80.232186,2024-06-01,545.0,14,0.343,6,75,Basic Shield,29,7,3,0,1,1,0
WRK06084,Guindy,12.992716,80.236891,2022-08-01,530.0,14,0.305,0,82,Basic Shield,29,3,1,1,0,0,1
WRK06085,Perambur,13.118342,80.245572,2023-01-01,454.0,21,0.141,4,80,Basic Shield,29,8,2,0,1,0,0
WRK06086,Sholinganallur,12.91081,80.211847,2018-08-01,692.0,15,0.407,5,75,Basic Shield,29,8,0,0,1,0,0
WRK06087,Chromepet,12.947032,80.131608,2015-03-01,684.0,16,0.252,1,82,Basic Shield,29,9,3,0,1,1,0
WRK06088,Guindy,13.018527,80.221047,2018-05-01,769.0,14,0.22,2,83,Basic Shield,29,5,2,1,1,0,1
WRK06089,Chromepet,12.952094,80.126259,2021-07-01,911.0,24,0.216,3,82,Basic Shield,29,6,0,0,1,0,0
WRK06090,Guindy,13.015715,80.203658,2022-07-01,874.0,16,0.248,6,78,Basic Shield,29,5,1,1,1,0,1
WRK06091,Guindy,13.02603,80.20637,2024-05-01,601.0,22,0.384,2,78,Basic Shield,29,4,0,1,0,0,1
WRK06092,Porur,13.04088,80.145941,2021-11-01,751.0,24,0.167,6,79,Basic Shield,29,6,1,0,1,0,0
WRK06093,Perambur,13.124795,80.219061,2022-09-01,777.0,31,0.126,2,84,Basic Shield,29,6,5,0,1,1,0
WRK06094,Anna Nagar,13.087545,80.219764,2023-07-01,625.0,15,0.372,1,79,Basic Shield,29,4,4,0,0,1,0
WRK06095,Porur,13.021166,80.16276,2017-08-01,640.0,13,0.353,3,80,Basic Shield,29,7,0,0,1,0,0
WRK06096,Porur,13.016517,80.138022,2023-03-01,740.0,17,0.185,0,85,Basic Shield,29,10,2,0,1,0,0
WRK06097,Perambur,13.131458,80.225838,2021-05-01,554.0,10,0.486,2,81,Basic Shield,29,6,3,0,1,1,0
WRK06098,Porur,13.020068,80.144506,2018-05-01,650.0,11,0.19,4,84,Basic Shield,29,9,2,0,1,0,0
WRK06099,Adyar,12.989298,80.265301,2016-07-01,765.0,11,0.179,2,87,Basic Shield,29,8,2,1,1,0,1
WRK06100,Velachery,12.970431,80.210885,2016-07-01,728.0,24,0.194,6,78,Basic Shield,29,9,1,0,1,0,0
WRK06101,Adyar,12.997157,80.263705,2016-12-01,576.0,16,0.408,7,72,Basic Shield,29,5,1,1,1,0,1
WRK06102,Porur,13.041617,80.137054,2015-02-01,680.0,14,0.649,2,74,Basic Shield,29,6,3,0,1,1,0
WRK06103,Velachery,12.969694,80.204415,2022-01-01,491.0,19,0.365,2,78,Basic Shield,29,3,3,0,0,1,0
WRK06104,Adyar,13.012051,80.245465,2019-10-01,546.0,18,0.559,4,72,Basic Shield,29,9,3,1,1,1,1
WRK06105,Porur,13.044742,80.151423,2018-08-01,644.0,18,0.132,1,84,Basic Shield,29,7,2,0,1,0,0
WRK06106,Tambaram,12.940012,80.095065,2016-10-01,599.0,18,0.153,3,81,Basic Shield,29,12,1,0,1,0,0
WRK06107,Chromepet,12.941797,80.151417,2017-01-01,506.0,14,0.195,2,82,Basic Shield,29,3,5,0,0,1,0
WRK06108,Velachery,12.994683,80.200182,2020-07-01,938.0,18,0.064,2,86,Basic Shield,29,4,1,0,0,0,0
WRK06109,Sholinganallur,12.893237,80.226424,2016-06-01,605.0,22,0.152,5,79,Basic Shield,29,6,2,0,1,0,0
WRK06110,Anna Nagar,13.084736,80.202722,2015-01-01,653.0,10,0.279,2,85,Basic Shield,29,4,1,0,0,0,0
WRK06111,Porur,13.022602,80.143389,2019-04-01,662.0,24,0.506,1,77,Basic Shield,29,7,1,0,1,0,0
WRK06112,Chromepet,12.956037,80.15917,2016-04-01,590.0,20,0.282,3,79,Basic Shield,29,7,2,0,1,0,0
WRK06113,Perambur,13.109436,80.217533,2017-02-01,638.0,15,0.362,2,78,Basic Shield,29,12,2,0,1,0,0
WRK06114,Guindy,13.020664,80.209506,2024-10-01,920.0,27,0.156,1,85,Basic Shield,29,7,3,1,1,1,1
WRK06115,Velachery,12.964947,80.237794,2024-12-01,634.0,16,0.368,3,77,Basic Shield,29,6,1,0,1,0,0
WRK06116,Chromepet,12.968309,80.137558,2017-08-01,689.0,22,0.432,2,77,Basic Shield,29,7,1,0,1,0,0
WRK06117,Perambur,13.134261,80.252005,2022-03-01,543.0,23,0.173,6,78,Basic Shield,29,4,3,0,0,1,0
WRK06118,T Nagar,13.045816,80.251122,2016-11-01,633.0,27,0.228,3,80,Basic Shield,29,5,1,0,1,0,0
WRK06119,Sholinganallur,12.899483,80.214913,2017-10-01,480.0,8,0.399,4,82,Basic Shield,29,8,0,0,1,0,0
WRK06120,Guindy,13.007951,80.227219,2015-04-01,637.0,18,0.256,1,82,Basic Shield,29,10,1,1,1,0,1
WRK06121,Adyar,13.006176,80.254227,2021-05-01,347.0,20,0.225,5,77,Basic Shield,29,7,1,1,1,0,1
WRK06122,Chromepet,12.964716,80.153285,2019-10-01,683.0,21,0.239,4,79,Basic Shield,29,6,2,0,1,0,0
WRK06123,Chromepet,12.945875,80.158662,2022-11-01,551.0,22,0.179,2,82,Basic Shield,29,7,2,0,1,0,0
WRK06124,Chromepet,12.95416,80.123439,2020-05-01,667.0,19,0.046,3,84,Basic Shield,29,6,0,0,1,0,0
WRK06125,Anna Nagar,13.07984,80.229127,2017-01-01,526.0,18,0.408,4,75,Basic Shield,29,13,0,0,1,0,0
WRK06126,Porur,13.040547,80.162614,2021-03-01,743.0,20,0.041,2,85,Basic Shield,29,4,2,0,0,0,0
WRK06127,T Nagar,13.030789,80.249041,2023-05-01,663.0,16,0.354,3,78,Basic Shield,29,1,1,0,0,0,0
WRK06128,Perambur,13.101306,80.234447,2023-09-01,461.0,16,0.311,2,79,Basic Shield,29,11,3,0,1,1,0
WRK06129,Guindy,12.997756,80.217387,2015-04-01,477.0,15,0.178,4,79,Basic Shield,29,1,2,1,0,0,1
WRK06130,Porur,13.041185,80.163259,2021-09-01,500.0,10,0.348,3,82,Basic Shield,29,7,0,0,1,0,0
WRK06131,Guindy,13.005253,80.206086,2019-09-01,584.0,19,0.36,3,77,Basic Shield,29,4,2,1,0,0,1
WRK06132,T Nagar,13.057365,80.23582,2016-11-01,566.0,14,0.529,2,76,Basic Shield,29,7,3,0,1,1,0
WRK06133,Perambur,13.100507,80.246057,2015-01-01,417.0,26,0.655,6,67,Standard Shield,49,5,4,0,1,1,0
WRK06134,Chromepet,12.947426,80.130006,2018-12-01,641.0,25,0.581,2,74,Basic Shield,29,3,0,0,0,0,0
WRK06135,Sholinganallur,12.906237,80.230339,2021-09-01,804.0,17,0.432,1,79,Basic Shield,29,8,5,0,1,1,0
WRK06136,Perambur,13.115285,80.251909,2015-07-01,385.0,14,0.214,2,81,Basic Shield,29,7,4,0,1,1,0
WRK06137,Porur,13.021742,80.162516,2022-06-01,551.0,24,0.201,1,82,Basic Shield,29,6,0,0,1,0,0
WRK06138,Anna Nagar,13.105272,80.2057,2020-07-01,599.0,25,0.501,2,75,Basic Shield,29,8,3,0,1,1,0
WRK06139,Tambaram,12.917647,80.113338,2018-06-01,407.0,18,0.329,1,79,Basic Shield,29,6,1,0,1,0,0
WRK06140,Sholinganallur,12.915648,80.229327,2016-08-01,570.0,14,0.232,2,82,Basic Shield,29,7,2,0,1,0,0
WRK06141,Guindy,12.996382,80.210337,2020-02-01,423.0,14,0.537,4,73,Basic Shield,29,3,2,1,0,0,1
WRK06142,Velachery,12.997481,80.226876,2024-01-01,574.0,17,0.645,2,72,Basic Shield,29,6,2,0,1,0,0
WRK06143,Sholinganallur,12.894458,80.216931,2016-11-01,495.0,19,0.085,3,82,Basic Shield,29,5,3,0,1,1,0
WRK06144,Adyar,12.986834,80.238217,2015-03-01,614.0,20,0.312,1,80,Basic Shield,29,6,1,1,1,0,1
WRK06145,Tambaram,12.921121,80.099762,2021-05-01,827.0,33,0.738,2,72,Basic Shield,29,3,3,0,0,1,0
WRK06146,Velachery,12.999421,80.215051,2021-05-01,721.0,21,0.517,4,74,Basic Shield,29,5,2,0,1,0,0
WRK06147,Anna Nagar,13.072196,80.213098,2015-02-01,435.0,15,0.529,2,74,Basic Shield,29,2,4,0,0,1,0
WRK06148,Tambaram,12.932786,80.08363,2018-10-01,622.0,12,0.235,3,83,Basic Shield,29,2,1,0,0,0,0
WRK06149,Guindy,13.007459,80.220999,2020-06-01,358.0,18,0.443,3,74,Basic Shield,29,5,4,1,1,1,1
WRK06150,Perambur,13.099225,80.252483,2016-01-01,566.0,17,0.34,5,76,Basic Shield,29,8,3,0,1,1,0
WRK06151,Anna Nagar,13.101095,80.21545,2016-04-01,474.0,19,0.389,6,73,Basic Shield,29,8,3,0,1,1,0
WRK06152,Sholinganallur,12.908294,80.247828,2019-04-01,663.0,13,0.17,4,82,Basic Shield,29,4,0,0,0,0,0
WRK06153,Adyar,12.994207,80.273193,2022-02-01,548.0,17,0.49,4,73,Basic Shield,29,6,5,1,1,1,1
WRK06154,Anna Nagar,13.075076,80.19305,2023-05-01,580.0,17,0.192,2,82,Basic Shield,29,8,4,0,1,1,0
WRK06155,Guindy,13.015722,80.238341,2024-05-01,310.0,14,0.537,4,72,Basic Shield,29,5,3,1,1,1,1
WRK06156,Anna Nagar,13.105026,80.221078,2023-05-01,678.0,21,0.543,3,74,Basic Shield,29,6,2,0,1,0,0
WRK06157,Perambur,13.126332,80.223012,2018-09-01,616.0,20,0.424,1,78,Basic Shield,29,5,2,0,1,0,0
WRK06158,Porur,13.030979,80.147327,2018-05-01,433.0,19,0.478,4,73,Basic Shield,29,3,3,0,0,1,0
WRK06159,Tambaram,12.921087,80.091525,2018-09-01,552.0,17,0.063,1,85,Basic Shield,29,7,1,0,1,0,0
WRK06160,Velachery,12.995295,80.212806,2021-08-01,510.0,17,0.552,1,75,Basic Shield,29,3,4,0,0,1,0
WRK06161,Tambaram,12.934632,80.08155,2023-12-01,567.0,22,0.164,2,82,Basic Shield,29,5,1,0,1,0,0
WRK06162,T Nagar,13.02425,80.242174,2022-07-01,562.0,21,0.465,2,76,Basic Shield,29,4,0,0,0,0,0
WRK06163,Chromepet,12.938417,80.149913,2020-05-01,864.0,19,0.329,2,80,Basic Shield,29,9,1,0,1,0,0
WRK06164,Chromepet,12.932498,80.15899,2020-12-01,476.0,17,0.556,2,74,Basic Shield,29,4,0,0,0,0,0
WRK06165,Porur,13.046,80.149357,2021-07-01,530.0,15,0.415,3,76,Basic Shield,29,9,3,0,1,1,0
WRK06166,Tambaram,12.937252,80.097606,2022-03-01,305.0,14,0.196,5,78,Basic Shield,29,2,2,0,0,0,0
WRK06167,Chromepet,12.952582,80.137988,2015-06-01,563.0,25,0.195,2,81,Basic Shield,29,6,1,0,1,0,0
WRK06168,Tambaram,12.933023,80.095908,2024-10-01,553.0,18,0.458,2,76,Basic Shield,29,7,2,0,1,0,0
WRK06169,Anna Nagar,13.07427,80.227008,2020-08-01,802.0,16,0.094,4,83,Basic Shield,29,8,1,0,1,0,0
WRK06170,Anna Nagar,13.087895,80.202086,2023-02-01,694.0,31,0.3,2,80,Basic Shield,29,4,1,0,0,0,0
WRK06171,Porur,13.032005,80.137954,2021-12-01,503.0,16,0.112,1,84,Basic Shield,29,4,3,0,0,1,0
WRK06172,Guindy,12.990146,80.218894,2022-06-01,324.0,19,0.116,4,80,Basic Shield,29,9,3,1,1,1,1
WRK06173,Velachery,12.994435,80.226208,2021-08-01,618.0,15,0.174,7,77,Basic Shield,29,7,1,0,1,0,0
WRK06174,T Nagar,13.045105,80.220218,2020-03-01,534.0,21,0.316,0,81,Basic Shield,29,7,6,0,1,1,0
WRK06175,Adyar,13.004189,80.240069,2022-12-01,530.0,17,0.611,2,73,Basic Shield,29,4,4,1,0,1,1
WRK06176,Chromepet,12.962646,80.126318,2023-06-01,677.0,17,0.175,2,82,Basic Shield,29,5,2,0,1,0,0
WRK06177,Perambur,13.114365,80.219283,2023-07-01,599.0,11,0.465,10,72,Basic Shield,29,5,1,0,1,0,0
WRK06178,Adyar,13.003442,80.264278,2015-08-01,634.0,24,0.194,5,79,Basic Shield,29,4,3,1,0,1,1
WRK06179,Velachery,12.989701,80.208461,2022-07-01,702.0,16,0.306,2,80,Basic Shield,29,9,3,0,1,1,0
WRK06180,Guindy,13.009096,80.236394,2016-02-01,579.0,20,0.188,3,81,Basic Shield,29,8,3,1,1,1,1
WRK06181,Adyar,13.017804,80.244415,2020-06-01,703.0,12,0.293,4,81,Basic Shield,29,4,2,1,0,0,1
WRK06182,Porur,13.038516,80.138782,2016-09-01,573.0,14,0.168,3,82,Basic Shield,29,6,1,0,1,0,0
WRK06183,Velachery,12.980115,80.233484,2022-12-01,575.0,20,0.469,5,73,Basic Shield,29,6,2,0,1,0,0
WRK06184,Velachery,12.985994,80.211585,2021-02-01,579.0,18,0.104,4,81,Basic Shield,29,5,2,0,1,0,0
WRK06185,Anna Nagar,13.08635,80.198906,2015-03-01,458.0,20,0.596,1,74,Basic Shield,29,3,1,0,0,0,0
WRK06186,Guindy,13.017562,80.211624,2020-08-01,730.0,19,0.086,3,83,Basic Shield,29,4,1,1,0,0,1
WRK06187,Sholinganallur,12.894138,80.228707,2021-02-01,790.0,19,0.143,4,82,Basic Shield,29,2,4,0,0,1,0
WRK06188,Guindy,13.007921,80.231008,2019-06-01,491.0,23,0.434,9,69,Standard Shield,49,4,1,1,0,0,1
WRK06189,Anna Nagar,13.098176,80.223408,2024-02-01,637.0,20,0.104,3,83,Basic Shield,29,4,1,0,0,0,0
WRK06190,Chromepet,12.952741,80.149157,2019-07-01,598.0,18,0.193,5,79,Basic Shield,29,6,1,0,1,0,0
WRK06191,T Nagar,13.035206,80.220611,2015-06-01,623.0,24,0.019,6,81,Basic Shield,29,10,1,0,1,0,0
WRK06192,Perambur,13.101622,80.239568,2016-12-01,417.0,23,0.278,3,78,Basic Shield,29,8,3,0,1,1,0
WRK06193,Anna Nagar,13.104336,80.213703,2019-06-01,533.0,13,0.538,4,74,Basic Shield,29,3,0,0,0,0,0
WRK06194,T Nagar,13.032605,80.23784,2017-12-01,559.0,18,0.266,3,79,Basic Shield,29,13,3,0,1,1,0
WRK06195,Sholinganallur,12.895543,80.24104,2022-10-01,450.0,17,0.558,3,73,Basic Shield,29,7,1,0,1,0,0
WRK06196,T Nagar,13.044626,80.241196,2021-08-01,615.0,20,0.344,7,74,Basic Shield,29,6,3,0,1,1,0
WRK06197,Velachery,12.961782,80.21199,2022-04-01,468.0,22,0.007,2,85,Basic Shield,29,11,1,0,1,0,0
WRK06198,Porur,13.044751,80.160968,2017-08-01,653.0,20,0.29,9,73,Basic Shield,29,3,5,0,0,1,0
WRK06199,Velachery,12.985264,80.205627,2017-03-01,572.0,19,0.164,1,83,Basic Shield,29,3,0,0,0,0,0
WRK06200,Velachery,12.976433,80.227503,2018-02-01,422.0,20,0.599,3,72,Basic Shield,29,5,1,0,1,0,0
WRK06201,Velachery,12.97726,80.217662,2019-01-01,593.0,19,0.658,6,68,Standard Shield,49,2,4,0,0,1,0
WRK06202,Sholinganallur,12.906257,80.208596,2023-02-01,385.0,14,0.083,1,85,Basic Shield,29,8,1,0,1,0,0
WRK06203,Sholinganallur,12.905909,80.239514,2019-06-01,832.0,28,0.302,3,80,Basic Shield,29,6,2,0,1,0,0
WRK06204,Anna Nagar,13.078911,80.214287,2019-01-01,655.0,17,0.141,2,83,Basic Shield,29,7,1,0,1,0,0
WRK06205,Chromepet,12.949888,80.138475,2022-07-01,434.0,17,0.336,4,76,Basic Shield,29,3,3,0,0,1,0
WRK06206,Perambur,13.124895,80.219407,2022-03-01,594.0,18,0.389,5,75,Basic Shield,29,6,3,0,1,1,0
WRK06207,Velachery,12.976342,80.225443,2015-11-01,634.0,22,0.528,1,76,Basic Shield,29,7,0,0,1,0,0
WRK06208,Sholinganallur,12.896735,80.22505,2017-01-01,833.0,19,0.25,2,82,Basic Shield,29,4,3,0,0,1,0
WRK06209,T Nagar,13.049846,80.215729,2016-06-01,442.0,15,0.26,2,80,Basic Shield,29,8,4,0,1,1,0
WRK06210,Porur,13.043926,80.174675,2023-07-01,700.0,19,0.266,6,77,Basic Shield,29,2,3,0,0,1,0
WRK06211,Guindy,13.024107,80.221021,2017-07-01,591.0,14,0.246,3,81,Basic Shield,29,6,1,1,1,0,1
WRK06212,Porur,13.051799,80.155702,2016-05-01,701.0,15,0.314,3,79,Basic Shield,29,4,2,0,0,0,0
WRK06213,Velachery,12.997501,80.232365,2018-08-01,624.0,16,0.345,4,77,Basic Shield,29,7,0,0,1,0,0
WRK06214,Porur,13.031959,80.174543,2018-04-01,517.0,16,0.104,5,80,Basic Shield,29,8,3,0,1,1,0
WRK06215,Sholinganallur,12.903719,80.223483,2021-02-01,716.0,20,0.2,0,84,Basic Shield,29,1,0,0,0,0,0
WRK06216,Velachery,12.96848,80.218277,2015-06-01,647.0,18,0.467,5,73,Basic Shield,29,4,7,0,0,1,0
WRK06217,Adyar,13.007324,80.253148,2024-09-01,558.0,21,0.281,6,76,Basic Shield,29,4,0,1,0,0,1
WRK06218,Porur,13.048807,80.166309,2016-07-01,734.0,16,0.248,3,80,Basic Shield,29,3,1,0,0,0,0
WRK06219,Adyar,12.990371,80.251791,2021-07-01,777.0,24,0.464,2,77,Basic Shield,29,4,3,1,0,1,1
WRK06220,Perambur,13.110148,80.226008,2015-11-01,559.0,28,0.381,3,77,Basic Shield,29,8,4,0,1,1,0
WRK06221,Chromepet,12.969231,80.125635,2024-02-01,621.0,23,0.587,5,71,Basic Shield,29,3,4,0,0,1,0
WRK06222,Tambaram,12.906952,80.087971,2021-09-01,592.0,17,0.086,4,82,Basic Shield,29,8,2,0,1,0,0
WRK06223,Chromepet,12.936076,80.136114,2019-09-01,654.0,20,0.173,2,82,Basic Shield,29,5,2,0,1,0,0
WRK06224,T Nagar,13.030245,80.238549,2022-11-01,618.0,25,0.187,4,80,Basic Shield,29,9,2,0,1,0,0
WRK06225,Porur,13.0553,80.168757,2024-01-01,552.0,16,0.278,6,76,Basic Shield,29,9,2,0,1,0,0
WRK06226,Anna Nagar,13.090405,80.215098,2020-10-01,520.0,17,0.236,2,80,Basic Shield,29,8,2,0,1,0,0
WRK06227,Porur,13.034787,80.149213,2020-09-01,533.0,17,0.097,6,79,Basic Shield,29,4,4,0,0,1,0
WRK06228,Chromepet,12.949841,80.145162,2020-07-01,554.0,24,0.225,0,83,Basic Shield,29,10,1,0,1,0,0
WRK06229,Tambaram,12.914803,80.09242,2018-02-01,735.0,26,0.377,2,79,Basic Shield,29,8,0,0,1,0,0
WRK06230,Adyar,13.016528,80.237696,2018-07-01,439.0,21,0.547,1,75,Basic Shield,29,5,4,1,1,1,1
WRK06231,Tambaram,12.940349,80.09581,2016-12-01,717.0,22,0.504,4,74,Basic Shield,29,8,1,0,1,0,0
WRK06232,Sholinganallur,12.911928,80.208059,2015-09-01,367.0,22,0.284,3,78,Basic Shield,29,8,2,0,1,0,0
WRK06233,T Nagar,13.052467,80.240931,2019-07-01,595.0,19,0.151,6,78,Basic Shield,29,9,1,0,1,0,0
WRK06234,Sholinganallur,12.917323,80.240188,2024-07-01,592.0,17,0.083,3,83,Basic Shield,29,7,1,0,1,0,0
WRK06235,Adyar,12.995417,80.236759,2022-08-01,673.0,16,0.295,1,81,Basic Shield,29,6,5,1,1,1,1
WRK06236,Sholinganallur,12.916259,80.217581,2019-01-01,617.0,18,0.058,3,83,Basic Shield,29,6,3,0,1,1,0
WRK06237,T Nagar,13.034285,80.236039,2020-02-01,635.0,11,0.664,1,77,Basic Shield,29,4,3,0,0,1,0
WRK06238,Anna Nagar,13.075735,80.217996,2024-03-01,566.0,19,0.069,4,82,Basic Shield,29,9,1,0,1,0,0
WRK06239,Sholinganallur,12.914453,80.222358,2020-11-01,525.0,18,0.34,1,79,Basic Shield,29,7,0,0,1,0,0
WRK06240,Porur,13.023338,80.149581,2016-07-01,771.0,27,0.147,2,83,Basic Shield,29,8,0,0,1,0,0
WRK06241,T Nagar,13.029274,80.222069,2015-03-01,837.0,16,0.323,2,80,Basic Shield,29,4,4,0,0,1,0
WRK06242,Porur,13.021243,80.168569,2023-02-01,470.0,21,0.435,3,75,Basic Shield,29,7,2,0,1,0,0
WRK06243,Chromepet,12.96469,80.133538,2018-12-01,638.0,18,0.445,6,73,Basic Shield,29,6,1,0,1,0,0
WRK06244,Velachery,13.001357,80.20397,2016-05-01,617.0,12,0.417,0,82,Basic Shield,29,5,0,0,1,0,0
WRK06245,Porur,13.025203,80.173198,2024-03-01,648.0,17,0.416,1,78,Basic Shield,29,4,3,0,0,1,0
WRK06246,Chromepet,12.961427,80.147664,2017-01-01,571.0,21,0.188,4,80,Basic Shield,29,12,4,0,1,1,0
WRK06247,Guindy,13.00476,80.226223,2022-05-01,644.0,21,0.21,1,83,Basic Shield,29,5,4,1,1,1,1
WRK06248,Chromepet,12.9617,80.143826,2024-01-01,534.0,27,0.624,3,72,Basic Shield,29,6,3,0,1,1,0
WRK06249,Velachery,12.974682,80.235104,2021-04-01,724.0,15,0.567,2,75,Basic Shield,29,7,0,0,1,0,0
WRK06250,Guindy,13.006818,80.240576,2019-05-01,496.0,16,0.246,6,76,Basic Shield,29,8,0,1,1,0,1
WRK06251,T Nagar,13.055107,80.222283,2016-04-01,626.0,14,0.13,2,84,Basic Shield,29,6,0,0,1,0,0
WRK06252,Tambaram,12.925809,80.084591,2017-10-01,648.0,19,0.236,1,82,Basic Shield,29,7,2,0,1,0,0
WRK06253,Perambur,13.114613,80.224921,2019-11-01,666.0,14,0.47,4,75,Basic Shield,29,3,4,0,0,1,0
WRK06254,Perambur,13.12432,80.234651,2015-02-01,537.0,22,0.536,2,74,Basic Shield,29,7,4,0,1,1,0
WRK06255,Guindy,13.000024,80.22637,2022-10-01,591.0,11,0.383,3,81,Basic Shield,29,4,1,1,0,0,1
WRK06256,Tambaram,12.908366,80.097292,2021-06-01,499.0,12,0.141,1,86,Basic Shield,29,4,1,0,0,0,0
WRK06257,Anna Nagar,13.074662,80.226011,2022-07-01,540.0,21,0.097,1,84,Basic Shield,29,10,2,0,1,0,0
WRK06258,Adyar,12.99384,80.26305,2017-11-01,546.0,24,0.325,3,78,Basic Shield,29,7,1,1,1,0,1
WRK06259,Chromepet,12.93645,80.141605,2017-11-01,557.0,10,0.066,3,88,Basic Shield,29,4,1,0,0,0,0
WRK06260,Anna Nagar,13.100773,80.211725,2024-06-01,803.0,16,0.46,0,79,Basic Shield,29,8,0,0,1,0,0
WRK06261,Sholinganallur,12.896607,80.224319,2024-06-01,411.0,18,0.25,4,78,Basic Shield,29,6,6,0,1,1,0
WRK06262,T Nagar,13.02757,80.236927,2017-12-01,668.0,20,0.398,2,78,Basic Shield,29,5,1,0,1,0,0
WRK06263,Velachery,12.9951,80.22211,2019-07-01,600.0,17,0.396,2,78,Basic Shield,29,5,3,0,1,1,0
WRK06264,Velachery,12.990162,80.22932,2018-02-01,535.0,15,0.169,3,81,Basic Shield,29,6,1,0,1,0,0
WRK06265,Perambur,13.117684,80.245509,2019-11-01,663.0,15,0.17,5,79,Basic Shield,29,2,3,0,0,1,0
WRK06266,Sholinganallur,12.914877,80.230757,2017-02-01,646.0,16,0.271,4,78,Basic Shield,29,3,5,0,0,1,0
WRK06267,Tambaram,12.938806,80.090455,2023-04-01,559.0,15,0.418,9,70,Basic Shield,29,5,1,0,1,0,0
WRK06268,Velachery,12.970982,80.223439,2023-04-01,527.0,19,0.3,6,75,Basic Shield,29,7,3,0,1,1,0
WRK06269,T Nagar,13.025797,80.230917,2021-09-01,699.0,11,0.146,1,88,Basic Shield,29,9,2,0,1,0,0
WRK06270,Tambaram,12.929866,80.105475,2020-06-01,375.0,22,0.368,2,77,Basic Shield,29,6,3,0,1,1,0
WRK06271,Guindy,13.007514,80.205626,2023-09-01,748.0,10,0.437,1,84,Basic Shield,29,3,1,1,0,0,1
WRK06272,Adyar,12.998904,80.243231,2023-03-01,746.0,14,0.369,2,80,Basic Shield,29,2,0,1,0,0,1
WRK06273,Tambaram,12.912211,80.101039,2017-08-01,780.0,19,0.326,2,80,Basic Shield,29,9,1,0,1,0,0
WRK06274,Anna Nagar,13.079714,80.217762,2020-02-01,606.0,16,0.258,2,80,Basic Shield,29,8,0,0,1,0,0
WRK06275,Velachery,12.995806,80.20955,2017-01-01,671.0,20,0.308,2,80,Basic Shield,29,6,2,0,1,0,0
WRK06276,Chromepet,12.949479,80.138626,2022-08-01,492.0,18,0.123,3,82,Basic Shield,29,6,6,0,1,1,0
WRK06277,Anna Nagar,13.10289,80.218881,2016-09-01,735.0,16,0.643,6,69,Standard Shield,49,4,2,0,0,0,0
WRK06278,T Nagar,13.057194,80.214867,2021-03-01,598.0,22,0.389,2,78,Basic Shield,29,9,1,0,1,0,0
WRK06279,Sholinganallur,12.901195,80.217249,2024-02-01,557.0,21,0.26,2,80,Basic Shield,29,4,2,0,0,0,0
WRK06280,Adyar,13.024553,80.239396,2017-02-01,636.0,16,0.387,2,78,Basic Shield,29,11,0,1,1,0,1
WRK06281,Sholinganallur,12.915725,80.222872,2022-03-01,767.0,13,0.238,5,81,Basic Shield,29,10,1,0,1,0,0
WRK06282,Tambaram,12.933976,80.106089,2016-01-01,359.0,21,0.408,3,75,Basic Shield,29,5,2,0,1,0,0
WRK06283,Anna Nagar,13.073157,80.204612,2022-11-01,592.0,12,0.332,4,80,Basic Shield,29,8,2,0,1,0,0
WRK06284,Anna Nagar,13.106162,80.20427,2019-11-01,708.0,18,0.254,1,82,Basic Shield,29,4,3,0,0,1,0
WRK06285,T Nagar,13.022498,80.2374,2020-06-01,695.0,20,0.162,1,84,Basic Shield,29,4,2,0,0,0,0
WRK06286,Chromepet,12.969679,80.1386,2019-10-01,566.0,19,0.042,4,82,Basic Shield,29,11,2,0,1,0,0
WRK06287,Guindy,13.002317,80.235431,2017-08-01,424.0,21,0.169,3,80,Basic Shield,29,7,1,1,1,0,1
WRK06288,Perambur,13.119078,80.231955,2016-11-01,654.0,17,0.32,5,76,Basic Shield,29,5,2,0,1,0,0
WRK06289,T Nagar,13.047032,80.223318,2019-09-01,464.0,15,0.107,3,82,Basic Shield,29,4,4,0,0,1,0
WRK06290,Sholinganallur,12.893884,80.227708,2015-08-01,510.0,10,0.318,4,82,Basic Shield,29,3,3,0,0,1,0
WRK06291,Anna Nagar,13.09284,80.223768,2018-09-01,481.0,15,0.153,3,81,Basic Shield,29,2,3,0,0,1,0
WRK06292,Anna Nagar,13.074209,80.211922,2018-04-01,434.0,16,0.293,2,79,Basic Shield,29,4,1,0,0,0,0
WRK06293,Sholinganallur,12.90164,80.239995,2023-04-01,730.0,18,0.05,1,86,Basic Shield,29,5,3,0,1,1,0
WRK06294,Anna Nagar,13.093425,80.216812,2018-09-01,699.0,15,0.233,1,82,Basic Shield,29,4,4,0,0,1,0
WRK06295,Chromepet,12.945911,80.162435,2020-04-01,424.0,22,0.296,3,78,Basic Shield,29,7,3,0,1,1,0
WRK06296,Perambur,13.121217,80.232613,2018-02-01,574.0,30,0.273,5,77,Basic Shield,29,7,3,0,1,1,0
WRK06297,Guindy,13.008406,80.226348,2016-05-01,740.0,21,0.444,2,77,Basic Shield,29,4,1,1,0,0,1
WRK06298,T Nagar,13.026487,80.230801,2019-09-01,380.0,18,0.364,5,74,Basic Shield,29,7,3,0,1,1,0
WRK06299,Velachery,12.998269,80.21497,2015-04-01,817.0,21,0.109,2,84,Basic Shield,29,6,1,0,1,0,0
WRK06300,Guindy,13.020178,80.221854,2021-05-01,784.0,26,0.17,3,82,Basic Shield,29,8,3,1,1,1,1
WRK06301,Adyar,13.018146,80.268686,2023-05-01,477.0,15,0.293,2,79,Basic Shield,29,6,1,1,1,0,1
WRK06302,Chromepet,12.96371,80.123753,2017-01-01,670.0,22,0.29,3,79,Basic Shield,29,7,1,0,1,0,0
WRK06303,Chromepet,12.954552,80.160941,2021-09-01,658.0,17,0.214,4,80,Basic Shield,29,5,1,0,1,0,0
WRK06304,Adyar,13.002001,80.274135,2016-03-01,681.0,18,0.167,2,83,Basic Shield,29,6,0,1,1,0,1
WRK06305,Sholinganallur,12.885804,80.214636,2016-10-01,578.0,16,0.473,5,73,Basic Shield,29,5,1,0,1,0,0
WRK06306,Adyar,13.017615,80.255697,2017-12-01,473.0,15,0.253,6,76,Basic Shield,29,1,1,1,0,0,1
WRK06307,Sholinganallur,12.916661,80.247871,2020-01-01,626.0,22,0.45,5,74,Basic Shield,29,2,3,0,0,1,0
WRK06308,Adyar,13.022842,80.257373,2019-12-01,409.0,14,0.335,4,77,Basic Shield,29,10,4,1,1,1,1
WRK06309,Anna Nagar,13.081072,80.209517,2024-05-01,405.0,26,0.427,6,72,Basic Shield,29,4,0,0,0,0,0
WRK06310,Chromepet,12.960212,80.125655,2020-01-01,464.0,21,0.483,3,74,Basic Shield,29,8,3,0,1,1,0
WRK06311,Guindy,12.992573,80.239001,2021-11-01,708.0,16,0.162,1,84,Basic Shield,29,5,1,1,1,0,1
WRK06312,T Nagar,13.019744,80.253201,2024-03-01,479.0,9,0.38,3,82,Basic Shield,29,5,1,0,1,0,0
WRK06313,Velachery,12.985158,80.232739,2024-06-01,728.0,25,0.454,2,77,Basic Shield,29,7,2,0,1,0,0
WRK06314,Adyar,13.017865,80.249947,2020-04-01,573.0,23,0.425,4,75,Basic Shield,29,8,2,1,1,0,1
WRK06315,Sholinganallur,12.899244,80.246887,2024-08-01,689.0,22,0.509,4,74,Basic Shield,29,7,5,0,1,1,0
WRK06316,Tambaram,12.916569,80.088854,2017-06-01,515.0,20,0.352,4,76,Basic Shield,29,8,1,0,1,0,0
WRK06317,Sholinganallur,12.915113,80.24115,2024-11-01,565.0,16,0.08,0,86,Basic Shield,29,14,2,0,1,0,0
WRK06318,Guindy,12.995602,80.232987,2021-06-01,624.0,16,0.215,0,83,Basic Shield,29,8,2,1,1,0,1
WRK06319,Sholinganallur,12.884167,80.209124,2018-09-01,604.0,17,0.325,0,81,Basic Shield,29,3,0,0,0,0,0
WRK06320,Tambaram,12.930607,80.101988,2019-08-01,521.0,15,0.52,3,74,Basic Shield,29,11,1,0,1,0,0
WRK06321,Chromepet,12.942421,80.147121,2018-04-01,622.0,15,0.069,1,85,Basic Shield,29,8,3,0,1,1,0
WRK06322,Perambur,13.125214,80.23024,2019-02-01,640.0,12,0.555,8,72,Basic Shield,29,1,1,0,0,0,0
WRK06323,Velachery,12.968077,80.220863,2024-10-01,866.0,25,0.139,4,82,Basic Shield,29,5,2,0,1,0,0
WRK06324,Tambaram,12.906019,80.082935,2015-07-01,592.0,18,0.346,4,77,Basic Shield,29,8,2,0,1,0,0
WRK06325,Chromepet,12.947997,80.157197,2019-02-01,652.0,27,0.136,0,85,Basic Shield,29,7,3,0,1,1,0
WRK06326,Tambaram,12.905969,80.09652,2017-07-01,761.0,22,0.032,2,86,Basic Shield,29,7,0,0,1,0,0
WRK06327,Sholinganallur,12.915343,80.230255,2022-02-01,630.0,20,0.656,3,72,Basic Shield,29,8,0,0,1,0,0
WRK06328,Perambur,13.121351,80.231307,2020-05-01,651.0,20,0.077,3,83,Basic Shield,29,5,2,0,1,0,0
WRK06329,Velachery,12.98108,80.205334,2024-02-01,638.0,19,0.193,1,83,Basic Shield,29,11,2,0,1,0,0
WRK06330,T Nagar,13.052493,80.234028,2024-12-01,688.0,23,0.277,2,80,Basic Shield,29,4,4,0,0,1,0
WRK06331,Sholinganallur,12.91311,80.22657,2015-06-01,508.0,16,0.229,2,80,Basic Shield,29,6,0,0,1,0,0
WRK06332,Sholinganallur,12.920748,80.217236,2021-07-01,573.0,18,0.664,5,69,Standard Shield,49,2,0,0,0,0,0
WRK06333,Porur,13.027947,80.154866,2022-01-01,540.0,17,0.472,9,69,Standard Shield,49,5,1,0,1,0,0
WRK06334,Chromepet,12.945214,80.152757,2017-02-01,608.0,16,0.11,4,81,Basic Shield,29,11,0,0,1,0,0
WRK06335,Perambur,13.100169,80.218482,2024-09-01,491.0,15,0.184,4,79,Basic Shield,29,6,2,0,1,0,0
WRK06336,Chromepet,12.956438,80.158997,2016-02-01,685.0,24,0.524,5,72,Basic Shield,29,6,1,0,1,0,0
WRK06337,Chromepet,12.947834,80.156536,2019-11-01,452.0,17,0.321,4,76,Basic Shield,29,3,2,0,0,0,0
WRK06338,Guindy,12.988962,80.209113,2017-11-01,776.0,24,0.708,0,74,Basic Shield,29,11,1,1,1,0,1
WRK06339,Perambur,13.131804,80.244921,2024-11-01,605.0,20,0.201,4,80,Basic Shield,29,3,4,0,0,1,0
WRK06340,Sholinganallur,12.914059,80.225089,2023-11-01,598.0,15,0.17,2,82,Basic Shield,29,6,3,0,1,1,0
WRK06341,Chromepet,12.947526,80.135332,2024-01-01,558.0,15,0.323,2,79,Basic Shield,29,2,2,0,0,0,0
WRK06342,Adyar,13.013941,80.244844,2020-02-01,779.0,23,0.082,6,81,Basic Shield,29,5,0,1,1,0,1
WRK06343,Guindy,13.008659,80.201963,2015-06-01,547.0,24,0.381,4,76,Basic Shield,29,8,1,1,1,0,1
WRK06344,Porur,13.044202,80.154779,2018-08-01,561.0,22,0.024,4,83,Basic Shield,29,5,3,0,1,1,0
WRK06345,Sholinganallur,12.881061,80.222879,2021-04-01,731.0,23,0.23,3,81,Basic Shield,29,8,1,0,1,0,0
WRK06346,Adyar,13.020254,80.242174,2017-03-01,729.0,20,0.108,2,84,Basic Shield,29,6,2,1,1,0,1
WRK06347,Tambaram,12.933006,80.107442,2021-03-01,638.0,12,0.119,2,86,Basic Shield,29,7,2,0,1,0,0
WRK06348,Velachery,12.996134,80.206703,2021-11-01,554.0,18,0.475,2,76,Basic Shield,29,6,1,0,1,0,0
WRK06349,Sholinganallur,12.910933,80.234421,2023-02-01,740.0,22,0.191,4,80,Basic Shield,29,8,1,0,1,0,0
WRK06350,Chromepet,12.937464,80.127377,2015-04-01,416.0,23,0.404,1,78,Basic Shield,29,8,5,0,1,1,0
WRK06351,Chromepet,12.954573,80.13333,2024-12-01,548.0,17,0.368,1,79,Basic Shield,29,5,1,0,1,0,0
WRK06352,Velachery,12.981086,80.237649,2022-03-01,525.0,13,0.089,4,83,Basic Shield,29,8,0,0,1,0,0
WRK06353,Sholinganallur,12.884623,80.224575,2016-12-01,793.0,27,0.424,3,77,Basic Shield,29,9,3,0,1,1,0
WRK06354,Guindy,13.022155,80.240025,2021-03-01,536.0,23,0.344,0,80,Basic Shield,29,5,4,1,1,1,1
WRK06355,Tambaram,12.939425,80.112529,2021-08-01,751.0,15,0.224,2,82,Basic Shield,29,6,3,0,1,1,0
WRK06356,Velachery,12.984897,80.216538,2016-02-01,481.0,13,0.157,1,85,Basic Shield,29,2,2,0,0,0,0
WRK06357,Porur,13.032001,80.147618,2022-10-01,550.0,16,0.242,2,80,Basic Shield,29,7,4,0,1,1,0
WRK06358,Chromepet,12.962464,80.150062,2024-09-01,468.0,24,0.168,4,79,Basic Shield,29,4,3,0,0,1,0
WRK06359,Sholinganallur,12.887559,80.217435,2018-09-01,704.0,18,0.39,2,78,Basic Shield,29,9,0,0,1,0,0
WRK06360,Sholinganallur,12.919362,80.234266,2017-08-01,605.0,22,0.346,3,78,Basic Shield,29,7,1,0,1,0,0
WRK06361,Sholinganallur,12.89951,80.240811,2019-12-01,688.0,18,0.512,4,74,Basic Shield,29,4,2,0,0,0,0
WRK06362,Porur,13.033253,80.168405,2020-06-01,467.0,21,0.32,7,73,Basic Shield,29,1,3,0,0,1,0
WRK06363,Chromepet,12.962157,80.144889,2019-02-01,688.0,17,0.233,4,79,Basic Shield,29,2,0,0,0,0,0
WRK06364,Anna Nagar,13.09633,80.214152,2023-03-01,534.0,16,0.159,2,82,Basic Shield,29,10,2,0,1,0,0
WRK06365,Guindy,12.996253,80.216051,2024-09-01,623.0,14,0.27,2,81,Basic Shield,29,6,3,1,1,1,1
WRK06366,Anna Nagar,13.097206,80.204418,2022-11-01,739.0,20,0.172,5,80,Basic Shield,29,4,1,0,0,0,0
WRK06367,Perambur,13.105131,80.234091,2018-11-01,616.0,19,0.277,6,76,Basic Shield,29,9,2,0,1,0,0
WRK06368,Sholinganallur,12.901373,80.229171,2018-06-01,636.0,19,0.502,1,77,Basic Shield,29,7,8,0,1,1,0
WRK06369,Chromepet,12.946682,80.149174,2019-02-01,685.0,21,0.362,2,79,Basic Shield,29,6,1,0,1,0,0
WRK06370,Chromepet,12.9515,80.160649,2021-01-01,439.0,13,0.212,0,84,Basic Shield,29,4,2,0,0,0,0
WRK06371,Adyar,12.989171,80.238945,2015-05-01,644.0,26,0.214,4,79,Basic Shield,29,3,2,1,0,0,1
WRK06372,Sholinganallur,12.882562,80.22125,2020-12-01,867.0,23,0.189,2,83,Basic Shield,29,4,2,0,0,0,0
WRK06373,Chromepet,12.962995,80.123535,2021-01-01,573.0,15,0.07,3,83,Basic Shield,29,8,0,0,1,0,0
WRK06374,Adyar,12.999916,80.259688,2023-12-01,649.0,20,0.254,1,82,Basic Shield,29,8,4,1,1,1,1
WRK06375,Adyar,13.006461,80.260396,2015-07-01,752.0,16,0.389,2,78,Basic Shield,29,4,0,1,0,0,1
WRK06376,Sholinganallur,12.882226,80.242844,2023-01-01,708.0,20,0.178,3,81,Basic Shield,29,6,1,0,1,0,0
WRK06377,Anna Nagar,13.091428,80.199107,2019-11-01,627.0,17,0.23,5,78,Basic Shield,29,6,0,0,1,0,0
WRK06378,Velachery,12.998437,80.212883,2024-05-01,391.0,15,0.221,0,82,Basic Shield,29,9,2,0,1,0,0
WRK06379,Porur,13.03594,80.174928,2023-08-01,483.0,18,0.103,2,83,Basic Shield,29,4,3,0,0,1,0
WRK06380,Sholinganallur,12.901622,80.240578,2024-08-01,811.0,17,0.022,1,87,Basic Shield,29,6,4,0,1,1,0
WRK06381,Sholinganallur,12.918731,80.233179,2021-05-01,484.0,14,0.624,2,73,Basic Shield,29,2,3,0,0,1,0
WRK06382,Sholinganallur,12.906784,80.237663,2015-12-01,569.0,15,0.536,1,76,Basic Shield,29,5,2,0,1,0,0
WRK06383,Porur,13.023743,80.156894,2024-11-01,396.0,14,0.243,5,78,Basic Shield,29,4,1,0,0,0,0
WRK06384,Sholinganallur,12.905782,80.245321,2022-06-01,555.0,14,0.245,6,77,Basic Shield,29,9,4,0,1,1,0
WRK06385,Anna Nagar,13.099421,80.190679,2019-07-01,585.0,15,0.305,7,74,Basic Shield,29,9,0,0,1,0,0
WRK06386,Tambaram,12.943673,80.111245,2016-11-01,949.0,18,0.543,4,74,Basic Shield,29,6,1,0,1,0,0
WRK06387,Anna Nagar,13.105726,80.229381,2020-01-01,583.0,22,0.327,5,76,Basic Shield,29,3,1,0,0,0,0
WRK06388,Sholinganallur,12.881864,80.232655,2021-08-01,609.0,10,0.195,6,83,Basic Shield,29,4,5,0,0,1,0
WRK06389,Guindy,12.991419,80.205274,2015-10-01,770.0,15,0.519,4,74,Basic Shield,29,8,0,1,1,0,1
WRK06390,Guindy,13.025316,80.226997,2015-05-01,670.0,18,0.339,3,78,Basic Shield,29,9,3,1,1,1,1
WRK06391,Chromepet,12.968391,80.143349,2020-05-01,633.0,10,0.331,1,85,Basic Shield,29,8,0,0,1,0,0
WRK06392,Anna Nagar,13.094065,80.201859,2015-06-01,535.0,21,0.446,4,74,Basic Shield,29,5,2,0,1,0,0
WRK06393,Anna Nagar,13.094068,80.19345,2017-02-01,420.0,17,0.133,4,80,Basic Shield,29,7,1,0,1,0,0
WRK06394,Guindy,12.996839,80.231959,2024-02-01,537.0,17,0.311,3,78,Basic Shield,29,5,3,1,1,1,1
WRK06395,Guindy,12.995141,80.214931,2020-05-01,686.0,18,0.072,1,85,Basic Shield,29,5,2,1,1,0,1
WRK06396,T Nagar,13.025731,80.22022,2015-08-01,570.0,14,0.504,5,73,Basic Shield,29,6,8,0,1,1,0
WRK06397,Velachery,12.997324,80.204803,2016-08-01,765.0,16,0.194,4,80,Basic Shield,29,5,2,0,1,0,0
WRK06398,T Nagar,13.030671,80.25201,2017-02-01,767.0,25,0.172,4,81,Basic Shield,29,5,3,0,1,1,0
WRK06399,Guindy,13.021812,80.240462,2021-06-01,730.0,14,0.307,4,79,Basic Shield,29,8,1,1,1,0,1
WRK06400,Tambaram,12.920575,80.095369,2018-11-01,576.0,19,0.065,5,81,Basic Shield,29,5,1,0,1,0,0
WRK06401,Adyar,12.987645,80.275225,2020-12-01,467.0,24,0.592,6,69,Standard Shield,49,6,1,1,1,0,1
WRK06402,Tambaram,12.914476,80.103487,2017-09-01,553.0,15,0.195,3,80,Basic Shield,29,4,2,0,0,0,0
WRK06403,Sholinganallur,12.895254,80.239912,2024-06-01,930.0,18,0.186,4,81,Basic Shield,29,6,1,0,1,0,0
WRK06404,Adyar,13.013938,80.258299,2015-11-01,873.0,20,0.083,5,82,Basic Shield,29,7,2,1,1,0,1
WRK06405,Chromepet,12.953112,80.128263,2021-06-01,570.0,17,0.319,4,77,Basic Shield,29,7,3,0,1,1,0
WRK06406,Chromepet,12.946811,80.16024,2021-04-01,490.0,13,0.233,3,81,Basic Shield,29,5,2,0,1,0,0
WRK06407,Guindy,12.989982,80.226073,2020-10-01,647.0,18,0.168,1,83,Basic Shield,29,3,2,1,0,0,1
WRK06408,T Nagar,13.052705,80.238857,2024-07-01,608.0,15,0.245,4,79,Basic Shield,29,5,0,0,1,0,0
WRK06409,Adyar,12.989646,80.245082,2015-02-01,674.0,19,0.142,5,80,Basic Shield,29,7,4,1,1,1,1
WRK06410,Chromepet,12.93881,80.137052,2022-05-01,768.0,14,0.288,3,81,Basic Shield,29,6,3,0,1,1,0
WRK06411,Tambaram,12.927149,80.109225,2022-09-01,538.0,8,0.379,3,84,Basic Shield,29,3,2,0,0,0,0
WRK06412,Velachery,12.988324,80.206977,2020-03-01,619.0,21,0.434,2,77,Basic Shield,29,7,0,0,1,0,0
WRK06413,T Nagar,13.031122,80.234582,2016-03-01,815.0,16,0.257,4,79,Basic Shield,29,6,1,0,1,0,0
WRK06414,Porur,13.02772,80.13983,2017-04-01,577.0,22,0.519,5,72,Basic Shield,29,3,3,0,0,1,0
WRK06415,Chromepet,12.964133,80.138052,2021-02-01,826.0,26,0.185,1,84,Basic Shield,29,6,0,0,1,0,0
WRK06416,Velachery,12.991044,80.237997,2023-08-01,755.0,17,0.103,2,84,Basic Shield,29,2,0,0,0,0,0
WRK06417,Adyar,13.005757,80.26088,2022-10-01,462.0,24,0.187,2,81,Basic Shield,29,6,5,1,1,1,1
WRK06418,Guindy,12.996728,80.229724,2020-08-01,414.0,15,0.318,3,77,Basic Shield,29,6,0,1,1,0,1
WRK06419,Guindy,13.014018,80.219476,2023-07-01,341.0,19,0.172,4,79,Basic Shield,29,6,0,1,1,0,1
WRK06420,Guindy,12.987324,80.214963,2024-09-01,629.0,17,0.146,0,85,Basic Shield,29,6,2,1,1,0,1
WRK06421,Guindy,13.006345,80.210254,2015-01-01,502.0,15,0.298,4,77,Basic Shield,29,5,1,1,1,0,1
WRK06422,Velachery,12.999331,80.202144,2017-03-01,532.0,20,0.351,3,77,Basic Shield,29,6,1,0,1,0,0
WRK06423,Perambur,13.124659,80.247378,2023-07-01,491.0,24,0.291,2,79,Basic Shield,29,11,1,0,1,0,0
WRK06424,Chromepet,12.962757,80.133295,2023-10-01,523.0,25,0.1,5,80,Basic Shield,29,5,1,0,1,0,0
WRK06425,Porur,13.054847,80.154749,2020-06-01,516.0,18,0.338,4,76,Basic Shield,29,5,7,0,1,1,0
WRK06426,T Nagar,13.023263,80.244435,2019-12-01,642.0,27,0.256,4,79,Basic Shield,29,8,2,0,1,0,0
WRK06427,Velachery,12.977444,80.200446,2021-06-01,439.0,8,0.218,1,88,Basic Shield,29,3,1,0,0,0,0
WRK06428,Velachery,12.968885,80.207774,2020-10-01,701.0,17,0.224,0,84,Basic Shield,29,9,1,0,1,0,0
WRK06429,Tambaram,12.943481,80.100203,2022-12-01,626.0,17,0.428,1,78,Basic Shield,29,5,2,0,1,0,0
WRK06430,Tambaram,12.905878,80.082387,2023-10-01,596.0,26,0.168,3,81,Basic Shield,29,3,1,0,0,0,0
WRK06431,T Nagar,13.031795,80.214198,2017-03-01,484.0,18,0.137,3,81,Basic Shield,29,6,1,0,1,0,0
WRK06432,Perambur,13.110865,80.240604,2019-12-01,612.0,14,0.048,1,87,Basic Shield,29,7,1,0,1,0,0
WRK06433,Anna Nagar,13.069599,80.223958,2021-11-01,516.0,17,0.036,3,83,Basic Shield,29,8,1,0,1,0,0
WRK06434,Anna Nagar,13.095619,80.229026,2016-02-01,650.0,11,0.216,2,85,Basic Shield,29,4,2,0,0,0,0
WRK06435,Tambaram,12.935899,80.108674,2023-12-01,634.0,12,0.366,3,80,Basic Shield,29,3,0,0,0,0,0
WRK06436,Velachery,12.971556,80.208379,2019-11-01,591.0,21,0.365,2,78,Basic Shield,29,2,1,0,0,0,0
WRK06437,Anna Nagar,13.074845,80.222888,2021-12-01,535.0,14,0.532,7,71,Basic Shield,29,3,2,0,0,0,0
WRK06438,Adyar,13.017834,80.267313,2020-06-01,688.0,16,0.083,4,82,Basic Shield,29,7,2,1,1,0,1
WRK06439,T Nagar,13.048868,80.253961,2024-09-01,691.0,34,0.257,3,80,Basic Shield,29,5,1,0,1,0,0
WRK06440,Velachery,12.977814,80.214602,2016-06-01,534.0,16,0.165,5,79,Basic Shield,29,8,1,0,1,0,0
WRK06441,Sholinganallur,12.889532,80.220901,2015-09-01,578.0,13,0.03,2,87,Basic Shield,29,8,2,0,1,0,0
WRK06442,Anna Nagar,13.078389,80.216409,2021-04-01,633.0,18,0.317,3,78,Basic Shield,29,5,2,0,1,0,0
WRK06443,Adyar,13.012164,80.239812,2018-04-01,755.0,18,0.089,3,83,Basic Shield,29,4,2,1,0,0,1
WRK06444,T Nagar,13.018525,80.237007,2018-01-01,684.0,18,0.137,5,80,Basic Shield,29,7,1,0,1,0,0
WRK06445,Guindy,13.008347,80.235996,2016-10-01,474.0,22,0.139,1,83,Basic Shield,29,7,4,1,1,1,1
WRK06446,Porur,13.016585,80.142794,2024-01-01,682.0,16,0.212,4,80,Basic Shield,29,3,2,0,0,0,0
WRK06447,T Nagar,13.034948,80.235261,2016-12-01,649.0,17,0.032,2,85,Basic Shield,29,9,3,0,1,1,0
WRK06448,Guindy,13.011691,80.216437,2015-06-01,411.0,20,0.338,2,78,Basic Shield,29,6,0,1,1,0,1
WRK06449,Perambur,13.118583,80.223648,2023-11-01,735.0,15,0.195,2,82,Basic Shield,29,10,1,0,1,0,0
WRK06450,T Nagar,13.019308,80.237216,2024-08-01,377.0,18,0.126,4,80,Basic Shield,29,5,5,0,1,1,0
WRK06451,Anna Nagar,13.078606,80.207384,2018-06-01,902.0,17,0.356,1,81,Basic Shield,29,3,2,0,0,0,0
WRK06452,Guindy,12.98979,80.234111,2024-02-01,427.0,13,0.083,2,85,Basic Shield,29,4,2,1,0,0,1
WRK06453,Velachery,12.969833,80.232791,2020-07-01,611.0,26,0.402,5,75,Basic Shield,29,5,2,0,1,0,0
WRK06454,Porur,13.043179,80.138722,2020-08-01,458.0,25,0.173,6,77,Basic Shield,29,10,2,0,1,0,0
WRK06455,Porur,13.047431,80.155075,2019-03-01,591.0,21,0.175,3,81,Basic Shield,29,10,3,0,1,1,0
WRK06456,T Nagar,13.052949,80.244134,2022-07-01,537.0,27,0.317,6,75,Basic Shield,29,2,5,0,0,1,0
WRK06457,Porur,13.033611,80.138827,2015-04-01,832.0,16,0.128,5,81,Basic Shield,29,7,1,0,1,0,0
WRK06458,Sholinganallur,12.886921,80.243892,2019-04-01,714.0,20,0.218,3,81,Basic Shield,29,9,1,0,1,0,0
WRK06459,Chromepet,12.947862,80.133616,2016-02-01,566.0,15,0.501,5,72,Basic Shield,29,3,2,0,0,0,0
WRK06460,Guindy,13.000999,80.204365,2015-05-01,600.0,19,0.197,0,84,Basic Shield,29,7,1,1,1,0,1
WRK06461,Adyar,13.005125,80.274454,2018-08-01,650.0,27,0.228,0,83,Basic Shield,29,2,1,1,0,0,1
WRK06462,Velachery,12.961653,80.233369,2017-01-01,461.0,9,0.514,0,83,Basic Shield,29,4,2,0,0,0,0
WRK06463,Velachery,12.97619,80.219959,2023-02-01,604.0,16,0.151,2,83,Basic Shield,29,10,3,0,1,1,0
WRK06464,Guindy,13.011852,80.221301,2015-06-01,482.0,16,0.319,1,80,Basic Shield,29,9,6,1,1,1,1
WRK06465,T Nagar,13.034336,80.243297,2023-08-01,593.0,21,0.159,8,76,Basic Shield,29,3,5,0,0,1,0
WRK06466,Tambaram,12.937276,80.096365,2024-04-01,698.0,13,0.532,2,77,Basic Shield,29,8,1,0,1,0,0
WRK06467,Perambur,13.131787,80.220845,2020-12-01,717.0,16,0.457,2,77,Basic Shield,29,4,1,0,0,0,0
WRK06468,T Nagar,13.054058,80.229853,2016-12-01,630.0,13,0.538,3,76,Basic Shield,29,7,3,0,1,1,0
WRK06469,Guindy,13.004126,80.209333,2017-05-01,611.0,21,0.288,5,77,Basic Shield,29,7,2,1,1,0,1
WRK06470,Perambur,13.119779,80.250262,2020-12-01,466.0,23,0.376,2,77,Basic Shield,29,8,2,0,1,0,0
WRK06471,Velachery,12.997715,80.228745,2019-11-01,639.0,17,0.5,3,75,Basic Shield,29,6,4,0,1,1,0
WRK06472,Sholinganallur,12.904076,80.225394,2021-12-01,727.0,23,0.103,1,85,Basic Shield,29,5,1,0,1,0,0
WRK06473,T Nagar,13.026521,80.239401,2018-05-01,507.0,17,0.146,4,80,Basic Shield,29,12,4,0,1,1,0
WRK06474,Anna Nagar,13.103814,80.205253,2015-11-01,471.0,21,0.201,2,81,Basic Shield,29,7,3,0,1,1,0
WRK06475,Tambaram,12.944582,80.089127,2022-12-01,539.0,17,0.584,2,74,Basic Shield,29,5,2,0,1,0,0
WRK06476,Guindy,13.004359,80.219806,2021-06-01,536.0,20,0.374,3,77,Basic Shield,29,7,2,1,1,0,1
WRK06477,T Nagar,13.046777,80.253612,2015-04-01,517.0,25,0.372,4,76,Basic Shield,29,7,2,0,1,0,0
WRK06478,Tambaram,12.938592,80.11594,2017-02-01,545.0,13,0.638,4,72,Basic Shield,29,9,2,0,1,0,0
WRK06479,Porur,13.040237,80.170417,2019-02-01,469.0,20,0.01,3,84,Basic Shield,29,3,2,0,0,0,0
WRK06480,Anna Nagar,13.087451,80.220918,2017-11-01,647.0,13,0.674,7,69,Standard Shield,49,4,3,0,0,1,0
WRK06481,Porur,13.039336,80.173046,2019-09-01,679.0,19,0.378,3,77,Basic Shield,29,6,2,0,1,0,0
WRK06482,Perambur,13.129715,80.224525,2017-05-01,789.0,17,0.249,4,79,Basic Shield,29,5,0,0,1,0,0
WRK06483,Velachery,12.980788,80.232999,2019-08-01,609.0,20,0.04,3,84,Basic Shield,29,7,3,0,1,1,0
WRK06484,T Nagar,13.019318,80.239301,2022-12-01,755.0,13,0.419,4,78,Basic Shield,29,6,1,0,1,0,0
WRK06485,Velachery,12.981046,80.21501,2016-04-01,540.0,20,0.084,5,81,Basic Shield,29,5,0,0,1,0,0
WRK06486,Anna Nagar,13.099881,80.21976,2016-05-01,610.0,14,0.505,2,76,Basic Shield,29,4,2,0,0,0,0
WRK06487,Velachery,12.997805,80.221778,2021-12-01,770.0,14,0.141,3,84,Basic Shield,29,6,2,0,1,0,0
WRK06488,Anna Nagar,13.084448,80.229378,2015-04-01,432.0,14,0.233,1,82,Basic Shield,29,5,1,0,1,0,0
WRK06489,Porur,13.021196,80.142378,2023-07-01,672.0,22,0.428,4,75,Basic Shield,29,3,2,0,0,0,0
WRK06490,Tambaram,12.930586,80.104105,2019-10-01,585.0,16,0.153,6,78,Basic Shield,29,9,2,0,1,0,0
WRK06491,Guindy,13.015298,80.201949,2018-11-01,690.0,20,0.225,5,78,Basic Shield,29,4,1,1,0,0,1
WRK06492,Anna Nagar,13.086157,80.222887,2017-01-01,725.0,16,0.342,2,79,Basic Shield,29,6,1,0,1,0,0
WRK06493,Sholinganallur,12.906414,80.228133,2019-11-01,686.0,17,0.69,4,70,Basic Shield,29,6,3,0,1,1,0
WRK06494,Adyar,13.015165,80.258898,2023-07-01,500.0,28,0.303,3,78,Basic Shield,29,5,2,1,1,0,1
WRK06495,Chromepet,12.953383,80.128268,2017-09-01,606.0,21,0.336,4,77,Basic Shield,29,5,3,0,1,1,0
WRK06496,Perambur,13.123095,80.23841,2023-03-01,518.0,15,0.179,2,82,Basic Shield,29,10,2,0,1,0,0
WRK06497,Porur,13.027999,80.169431,2023-05-01,565.0,22,0.369,3,77,Basic Shield,29,5,3,0,1,1,0
WRK06498,Porur,13.050585,80.161485,2016-05-01,795.0,15,0.249,0,83,Basic Shield,29,6,4,0,1,1,0
WRK06499,Tambaram,12.925033,80.082371,2020-02-01,642.0,24,0.181,7,77,Basic Shield,29,4,2,0,0,0,0
WRK06500,Adyar,13.008069,80.264808,2022-02-01,310.0,14,0.243,2,80,Basic Shield,29,4,1,1,0,0,1
WRK06501,T Nagar,13.052164,80.232287,2020-02-01,408.0,12,0.181,2,84,Basic Shield,29,6,1,0,1,0,0
WRK06502,Perambur,13.11006,80.223148,2022-12-01,495.0,14,0.291,2,80,Basic Shield,29,6,3,0,1,1,0
WRK06503,Tambaram,12.909658,80.118899,2022-03-01,643.0,21,0.393,3,77,Basic Shield,29,4,1,0,0,0,0
WRK06504,Guindy,13.019216,80.225359,2023-03-01,727.0,25,0.196,3,81,Basic Shield,29,5,1,1,1,0,1
WRK06505,Tambaram,12.93966,80.095696,2024-01-01,590.0,22,0.139,3,82,Basic Shield,29,6,1,0,1,0,0
WRK06506,Velachery,12.977251,80.222379,2024-03-01,451.0,18,0.411,4,75,Basic Shield,29,7,3,0,1,1,0
WRK06507,Velachery,12.981216,80.207096,2019-11-01,506.0,15,0.2,1,82,Basic Shield,29,3,1,0,0,0,0
WRK06508,Chromepet,12.937031,80.16172,2021-04-01,718.0,15,0.109,1,85,Basic Shield,29,5,2,0,1,0,0
WRK06509,Guindy,13.013223,80.201453,2024-10-01,419.0,22,0.285,6,75,Basic Shield,29,3,3,1,0,1,1
WRK06510,Sholinganallur,12.917056,80.246243,2022-03-01,688.0,21,0.286,1,81,Basic Shield,29,9,2,0,1,0,0
WRK06511,Anna Nagar,13.10121,80.192464,2020-07-01,551.0,18,0.146,2,82,Basic Shield,29,6,4,0,1,1,0
WRK06512,Perambur,13.11321,80.234048,2018-01-01,743.0,16,0.274,2,81,Basic Shield,29,3,3,0,0,1,0
WRK06513,Porur,13.039329,80.175546,2019-02-01,463.0,11,0.291,2,83,Basic Shield,29,2,5,0,0,1,0
WRK06514,Tambaram,12.942017,80.097904,2020-01-01,694.0,20,0.184,4,80,Basic Shield,29,11,2,0,1,0,0
WRK06515,Perambur,13.09818,80.241693,2016-01-01,611.0,20,0.243,2,81,Basic Shield,29,5,2,0,1,0,0
WRK06516,Guindy,13.020958,80.231811,2017-03-01,595.0,19,0.041,2,85,Basic Shield,29,4,1,1,0,0,1
WRK06517,Porur,13.026791,80.138215,2016-11-01,685.0,16,0.137,4,81,Basic Shield,29,3,2,0,0,0,0
WRK06518,Porur,13.053527,80.175052,2016-06-01,570.0,14,0.265,3,80,Basic Shield,29,4,1,0,0,0,0
WRK06519,Adyar,13.010863,80.246132,2016-07-01,584.0,13,0.596,2,76,Basic Shield,29,6,3,1,1,1,1
WRK06520,Anna Nagar,13.077134,80.195774,2022-02-01,522.0,15,0.612,4,71,Basic Shield,29,7,1,0,1,0,0
WRK06521,Adyar,13.007999,80.25678,2020-07-01,729.0,20,0.408,3,77,Basic Shield,29,10,2,1,1,0,1
WRK06522,Chromepet,12.971392,80.159631,2018-05-01,413.0,17,0.44,3,75,Basic Shield,29,8,1,0,1,0,0
WRK06523,Adyar,12.99153,80.273725,2019-03-01,757.0,21,0.181,4,81,Basic Shield,29,8,4,1,1,1,1
WRK06524,Adyar,13.020232,80.27486,2015-05-01,811.0,18,0.302,2,81,Basic Shield,29,9,1,1,1,0,1
WRK06525,Perambur,13.116004,80.239621,2017-05-01,676.0,15,0.098,1,85,Basic Shield,29,8,2,0,1,0,0
WRK06526,T Nagar,13.048717,80.220951,2016-01-01,608.0,19,0.457,2,76,Basic Shield,29,2,5,0,0,1,0
WRK06527,Guindy,13.024459,80.220076,2023-10-01,575.0,12,0.071,3,86,Basic Shield,29,5,1,1,1,0,1
WRK06528,Tambaram,12.929945,80.111564,2020-12-01,731.0,13,0.235,1,84,Basic Shield,29,9,3,0,1,1,0
WRK06529,Velachery,12.995552,80.237575,2024-11-01,556.0,19,0.196,3,80,Basic Shield,29,6,0,0,1,0,0
WRK06530,Anna Nagar,13.080251,80.21433,2024-12-01,306.0,16,0.261,2,79,Basic Shield,29,7,1,0,1,0,0
WRK06531,Perambur,13.117609,80.217847,2017-06-01,709.0,27,0.747,2,71,Basic Shield,29,2,0,0,0,0,0
WRK06532,Porur,13.035177,80.167562,2016-11-01,300.0,17,0.332,0,79,Basic Shield,29,12,2,0,1,0,0
WRK06533,Porur,13.038888,80.137567,2020-08-01,784.0,19,0.3,5,77,Basic Shield,29,5,3,0,1,1,0
WRK06534,Velachery,12.988422,80.226132,2022-03-01,605.0,17,0.396,3,77,Basic Shield,29,3,4,0,0,1,0
WRK06535,T Nagar,13.056867,80.252549,2016-12-01,564.0,21,0.123,1,84,Basic Shield,29,8,1,0,1,0,0
WRK06536,Porur,13.033574,80.172439,2015-10-01,629.0,12,0.22,4,82,Basic Shield,29,9,1,0,1,0,0
WRK06537,Guindy,13.02597,80.225154,2016-08-01,499.0,17,0.382,1,78,Basic Shield,29,9,0,1,1,0,1
WRK06538,Guindy,13.013391,80.222816,2018-04-01,668.0,22,0.173,2,82,Basic Shield,29,3,2,1,0,0,1
WRK06539,Anna Nagar,13.101974,80.228116,2016-11-01,521.0,19,0.388,4,75,Basic Shield,29,9,3,0,1,1,0
WRK06540,Chromepet,12.961094,80.155288,2024-05-01,580.0,14,0.05,4,83,Basic Shield,29,1,0,0,0,0,0
WRK06541,Sholinganallur,12.916805,80.243402,2023-11-01,809.0,13,0.137,2,86,Basic Shield,29,7,3,0,1,1,0
WRK06542,Adyar,13.019611,80.26923,2020-02-01,501.0,16,0.277,2,79,Basic Shield,29,3,1,1,0,0,1
WRK06543,Tambaram,12.934869,80.085065,2022-10-01,768.0,16,0.314,6,76,Basic Shield,29,4,2,0,0,0,0
WRK06544,Porur,13.050508,80.16125,2015-03-01,665.0,15,0.521,0,77,Basic Shield,29,4,2,0,0,0,0
WRK06545,Guindy,12.991975,80.229639,2024-08-01,629.0,19,0.084,4,82,Basic Shield,29,8,1,1,1,0,1
WRK06546,Anna Nagar,13.101231,80.213267,2023-01-01,508.0,15,0.18,1,82,Basic Shield,29,6,0,0,1,0,0
WRK06547,Chromepet,12.945202,80.161562,2023-10-01,431.0,20,0.087,4,81,Basic Shield,29,4,1,0,0,0,0
WRK06548,Porur,13.022945,80.15976,2019-06-01,583.0,18,0.283,2,80,Basic Shield,29,7,3,0,1,1,0
WRK06549,Tambaram,12.924374,80.082844,2015-07-01,779.0,18,0.441,3,77,Basic Shield,29,3,5,0,0,1,0
WRK06550,Guindy,13.015965,80.23133,2019-08-01,577.0,11,0.365,6,78,Basic Shield,29,6,1,1,1,0,1
WRK06551,Porur,13.045917,80.167147,2015-08-01,650.0,19,0.238,6,77,Basic Shield,29,7,3,0,1,1,0
WRK06552,Perambur,13.1276,80.230239,2019-11-01,879.0,18,0.312,4,79,Basic Shield,29,6,2,0,1,0,0
WRK06553,Adyar,13.024416,80.25879,2023-04-01,413.0,17,0.097,3,82,Basic Shield,29,12,2,1,1,0,1
WRK06554,T Nagar,13.028091,80.240289,2023-02-01,832.0,18,0.419,1,79,Basic Shield,29,5,1,0,1,0,0
WRK06555,Guindy,13.007259,80.20943,2019-02-01,600.0,11,0.351,4,80,Basic Shield,29,9,3,1,1,1,1
WRK06556,Anna Nagar,13.073243,80.202791,2024-01-01,555.0,16,0.447,3,75,Basic Shield,29,7,1,0,1,0,0
WRK06557,Adyar,13.00234,80.246193,2018-10-01,596.0,24,0.13,4,81,Basic Shield,29,10,3,1,1,1,1
WRK06558,Velachery,12.969092,80.203686,2022-12-01,491.0,15,0.388,3,76,Basic Shield,29,3,2,0,0,0,0
WRK06559,Adyar,12.987477,80.255089,2023-09-01,619.0,24,0.334,2,79,Basic Shield,29,3,1,1,0,0,1
WRK06560,T Nagar,13.053188,80.238759,2015-12-01,690.0,14,0.085,2,85,Basic Shield,29,6,1,0,1,0,0
WRK06561,Tambaram,12.939921,80.102431,2020-03-01,483.0,9,0.621,5,75,Basic Shield,29,6,0,0,1,0,0
WRK06562,Adyar,13.009441,80.264833,2015-02-01,425.0,19,0.552,2,74,Basic Shield,29,6,1,1,1,0,1
WRK06563,Anna Nagar,13.10823,80.19582,2017-01-01,664.0,16,0.27,3,79,Basic Shield,29,2,4,0,0,1,0
WRK06564,T Nagar,13.037184,80.231666,2019-12-01,650.0,21,0.445,0,79,Basic Shield,29,5,2,0,1,0,0
WRK06565,Perambur,13.111794,80.228011,2021-09-01,411.0,19,0.215,4,78,Basic Shield,29,5,0,0,1,0,0
WRK06566,Guindy,13.01021,80.208723,2023-07-01,567.0,27,0.18,1,83,Basic Shield,29,7,1,1,1,0,1
WRK06567,Adyar,12.992274,80.273418,2017-02-01,773.0,24,0.645,1,74,Basic Shield,29,2,2,1,0,0,1
WRK06568,Chromepet,12.971007,80.130512,2021-11-01,796.0,15,0.27,2,81,Basic Shield,29,6,2,0,1,0,0
WRK06569,Velachery,12.986777,80.204844,2016-02-01,608.0,20,0.125,2,83,Basic Shield,29,7,0,0,1,0,0
WRK06570,Adyar,12.991418,80.238219,2015-11-01,659.0,23,0.255,4,79,Basic Shield,29,6,5,1,1,1,1
WRK06571,Porur,13.045503,80.170861,2018-05-01,650.0,15,0.201,5,79,Basic Shield,29,5,1,0,1,0,0
WRK06572,Adyar,12.987952,80.266185,2023-11-01,561.0,17,0.252,3,79,Basic Shield,29,7,2,1,1,0,1
WRK06573,Sholinganallur,12.899025,80.238516,2018-01-01,648.0,22,0.139,2,83,Basic Shield,29,4,3,0,0,1,0
WRK06574,Chromepet,12.935188,80.150013,2022-01-01,626.0,19,0.474,2,76,Basic Shield,29,7,2,0,1,0,0
WRK06575,Adyar,13.002328,80.261291,2017-11-01,437.0,14,0.597,2,74,Basic Shield,29,3,2,1,0,0,1
WRK06576,Tambaram,12.916217,80.094781,2022-11-01,596.0,25,0.096,5,81,Basic Shield,29,6,1,0,1,0,0
WRK06577,Sholinganallur,12.889098,80.246604,2015-02-01,519.0,16,0.284,2,79,Basic Shield,29,7,1,0,1,0,0
WRK06578,Velachery,12.973669,80.234886,2022-06-01,533.0,18,0.169,3,81,Basic Shield,29,8,2,0,1,0,0
WRK06579,Perambur,13.125184,80.253482,2023-11-01,728.0,17,0.151,2,83,Basic Shield,29,10,0,0,1,0,0
WRK06580,Porur,13.023228,80.174224,2015-06-01,879.0,14,0.316,3,81,Basic Shield,29,4,3,0,0,1,0
WRK06581,Tambaram,12.937944,80.087338,2020-10-01,734.0,18,0.317,3,79,Basic Shield,29,6,0,0,1,0,0
WRK06582,T Nagar,13.051967,80.221202,2023-02-01,466.0,18,0.293,5,76,Basic Shield,29,4,3,0,0,1,0
WRK06583,Sholinganallur,12.911186,80.231665,2022-07-01,555.0,13,0.338,2,81,Basic Shield,29,9,2,0,1,0,0
WRK06584,Adyar,13.013673,80.275042,2020-12-01,820.0,15,0.177,4,81,Basic Shield,29,6,5,1,1,1,1
WRK06585,Guindy,13.025276,80.221563,2024-04-01,605.0,14,0.142,2,84,Basic Shield,29,4,0,1,0,0,1
WRK06586,Tambaram,12.916205,80.084893,2024-10-01,706.0,23,0.396,1,79,Basic Shield,29,7,1,0,1,0,0
WRK06587,Porur,13.046569,80.158662,2023-05-01,586.0,14,0.07,5,82,Basic Shield,29,6,1,0,1,0,0
WRK06588,Anna Nagar,13.103652,80.229758,2021-06-01,502.0,15,0.323,2,79,Basic Shield,29,5,2,0,1,0,0
WRK06589,Perambur,13.118196,80.2345,2017-09-01,434.0,15,0.276,1,80,Basic Shield,29,5,2,0,1,0,0
WRK06590,Velachery,13.001216,80.224899,2020-07-01,514.0,21,0.221,5,78,Basic Shield,29,5,1,0,1,0,0
WRK06591,Chromepet,12.936315,80.135973,2022-01-01,754.0,24,0.314,4,78,Basic Shield,29,4,3,0,0,1,0
WRK06592,Porur,13.027827,80.163448,2019-01-01,699.0,16,0.364,3,78,Basic Shield,29,9,0,0,1,0,0
WRK06593,Sholinganallur,12.889062,80.244882,2024-11-01,531.0,14,0.531,2,76,Basic Shield,29,4,1,0,0,0,0
WRK06594,Tambaram,12.929653,80.106797,2016-10-01,792.0,13,0.16,5,82,Basic Shield,29,7,2,0,1,0,0
WRK06595,Adyar,13.025825,80.25546,2018-05-01,786.0,22,0.175,2,83,Basic Shield,29,6,2,1,1,0,1
WRK06596,Anna Nagar,13.076782,80.224925,2016-07-01,590.0,25,0.256,0,82,Basic Shield,29,5,1,0,1,0,0
WRK06597,Adyar,13.009514,80.236625,2019-12-01,647.0,14,0.785,3,70,Basic Shield,29,11,2,1,1,0,1
WRK06598,Chromepet,12.960092,80.139398,2019-02-01,705.0,17,0.132,3,82,Basic Shield,29,4,3,0,0,1,0
WRK06599,T Nagar,13.032183,80.242093,2020-08-01,547.0,24,0.298,3,78,Basic Shield,29,6,4,0,1,1,0
WRK06600,Velachery,12.998218,80.202765,2016-03-01,700.0,19,0.672,5,70,Basic Shield,29,6,1,0,1,0,0
WRK06601,Perambur,13.108506,80.233607,2015-04-01,732.0,25,0.28,5,78,Basic Shield,29,10,3,0,1,1,0
WRK06602,Anna Nagar,13.087573,80.221756,2017-04-01,597.0,16,0.339,4,77,Basic Shield,29,11,1,0,1,0,0
WRK06603,Guindy,13.007484,80.228297,2022-03-01,581.0,18,0.358,5,75,Basic Shield,29,9,2,1,1,0,1
WRK06604,Velachery,12.979495,80.222293,2016-02-01,745.0,22,0.303,1,81,Basic Shield,29,8,2,0,1,0,0
WRK06605,Sholinganallur,12.894303,80.210923,2016-05-01,718.0,18,0.088,1,85,Basic Shield,29,6,0,0,1,0,0
WRK06606,Velachery,12.970298,80.209579,2024-03-01,718.0,12,0.367,2,82,Basic Shield,29,9,1,0,1,0,0
WRK06607,Tambaram,12.934019,80.115187,2023-03-01,518.0,15,0.09,5,80,Basic Shield,29,9,2,0,1,0,0
WRK06608,Tambaram,12.91562,80.089152,2017-04-01,388.0,24,0.265,2,79,Basic Shield,29,5,1,0,1,0,0
WRK06609,Chromepet,12.959592,80.125543,2021-02-01,688.0,16,0.533,2,75,Basic Shield,29,6,2,0,1,0,0
WRK06610,Guindy,12.998946,80.217123,2020-12-01,549.0,20,0.08,3,83,Basic Shield,29,5,0,1,1,0,1
WRK06611,Tambaram,12.940682,80.085397,2019-01-01,409.0,14,0.214,3,80,Basic Shield,29,7,0,0,1,0,0
WRK06612,T Nagar,13.04007,80.244298,2024-06-01,554.0,24,0.385,0,80,Basic Shield,29,8,0,0,1,0,0
WRK06613,T Nagar,13.039222,80.240286,2023-05-01,830.0,21,0.197,3,82,Basic Shield,29,8,1,0,1,0,0
WRK06614,Porur,13.039814,80.148712,2024-02-01,616.0,17,0.383,5,75,Basic Shield,29,9,1,0,1,0,0
WRK06615,Anna Nagar,13.087606,80.195004,2015-04-01,617.0,22,0.336,2,79,Basic Shield,29,10,1,0,1,0,0
WRK06616,Porur,13.053522,80.17193,2022-12-01,653.0,15,0.026,2,85,Basic Shield,29,8,0,0,1,0,0
WRK06617,T Nagar,13.022496,80.214674,2023-10-01,651.0,19,0.481,2,76,Basic Shield,29,6,0,0,1,0,0
WRK06618,Adyar,12.989953,80.273668,2017-05-01,665.0,17,0.296,3,79,Basic Shield,29,6,1,1,1,0,1
WRK06619,Chromepet,12.964461,80.14424,2016-11-01,755.0,24,0.22,7,77,Basic Shield,29,5,1,0,1,0,0
WRK06620,Anna Nagar,13.108782,80.215478,2024-03-01,482.0,21,0.446,1,77,Basic Shield,29,6,2,0,1,0,0
WRK06621,Perambur,13.128137,80.228113,2018-09-01,300.0,16,0.128,2,81,Basic Shield,29,4,1,0,0,0,0
WRK06622,Guindy,13.008276,80.221985,2017-04-01,829.0,20,0.23,1,83,Basic Shield,29,3,2,1,0,0,1
WRK06623,Perambur,13.117112,80.231802,2016-09-01,710.0,26,0.129,3,82,Basic Shield,29,3,0,0,0,0,0
WRK06624,Adyar,12.988686,80.258048,2016-03-01,708.0,24,0.435,6,73,Basic Shield,29,8,3,1,1,1,1
WRK06625,Perambur,13.128638,80.250438,2015-08-01,370.0,15,0.188,4,79,Basic Shield,29,2,1,0,0,0,0
WRK06626,T Nagar,13.04727,80.241409,2023-04-01,710.0,24,0.319,4,78,Basic Shield,29,2,3,0,0,1,0
WRK06627,Tambaram,12.926657,80.117359,2024-12-01,688.0,13,0.536,0,79,Basic Shield,29,4,3,0,0,1,0
WRK06628,T Nagar,13.048631,80.252096,2020-08-01,699.0,12,0.39,5,78,Basic Shield,29,7,1,0,1,0,0
WRK06629,Anna Nagar,13.075297,80.206984,2021-09-01,574.0,23,0.177,2,82,Basic Shield,29,4,2,0,0,0,0
WRK06630,Porur,13.021869,80.15423,2023-05-01,711.0,15,0.22,4,80,Basic Shield,29,9,2,0,1,0,0
WRK06631,Perambur,13.123524,80.249515,2019-06-01,517.0,14,0.071,2,85,Basic Shield,29,6,1,0,1,0,0
WRK06632,Sholinganallur,12.907614,80.247413,2024-08-01,689.0,27,0.714,4,70,Basic Shield,29,4,4,0,0,1,0
WRK06633,Porur,13.041274,80.162815,2024-06-01,504.0,22,0.176,6,78,Basic Shield,29,9,0,0,1,0,0
WRK06634,Anna Nagar,13.094512,80.217708,2018-08-01,752.0,22,0.291,7,75,Basic Shield,29,4,1,0,0,0,0
WRK06635,Guindy,13.010157,80.204697,2021-03-01,628.0,18,0.355,0,81,Basic Shield,29,4,1,1,0,0,1
WRK06636,T Nagar,13.027575,80.238523,2017-04-01,687.0,13,0.147,4,83,Basic Shield,29,6,2,0,1,0,0
WRK06637,Adyar,13.003332,80.26885,2021-09-01,530.0,13,0.176,3,83,Basic Shield,29,5,3,1,1,1,1
WRK06638,Perambur,13.119589,80.23665,2020-11-01,457.0,14,0.06,2,85,Basic Shield,29,2,2,0,0,0,0
WRK06639,Sholinganallur,12.910081,80.238299,2024-02-01,384.0,7,0.2,3,87,Basic Shield,29,8,3,0,1,1,0
WRK06640,Adyar,13.006569,80.261189,2024-09-01,608.0,13,0.068,6,82,Basic Shield,29,6,3,1,1,1,1
WRK06641,Perambur,13.11536,80.222997,2019-10-01,653.0,13,0.553,2,77,Basic Shield,29,3,1,0,0,0,0
WRK06642,Guindy,12.997235,80.202478,2018-10-01,603.0,17,0.228,2,81,Basic Shield,29,9,2,1,1,0,1
WRK06643,Tambaram,12.90698,80.102766,2019-08-01,684.0,25,0.224,4,79,Basic Shield,29,8,2,0,1,0,0
WRK06644,Adyar,13.023108,80.250187,2018-08-01,645.0,19,0.651,2,73,Basic Shield,29,2,3,1,0,1,1
WRK06645,Guindy,13.001988,80.225626,2016-10-01,358.0,14,0.126,2,83,Basic Shield,29,8,4,1,1,1,1
WRK06646,Tambaram,12.929771,80.103174,2021-02-01,378.0,12,0.269,4,80,Basic Shield,29,11,0,0,1,0,0
WRK06647,Sholinganallur,12.916174,80.240199,2019-01-01,489.0,27,0.214,3,80,Basic Shield,29,9,4,0,1,1,0
WRK06648,Anna Nagar,13.077149,80.195406,2015-10-01,591.0,14,0.096,5,82,Basic Shield,29,8,1,0,1,0,0
WRK06649,Tambaram,12.908033,80.115744,2017-11-01,785.0,17,0.222,3,81,Basic Shield,29,6,0,0,1,0,0
WRK06650,Tambaram,12.905911,80.086139,2024-05-01,593.0,11,0.509,8,73,Basic Shield,29,4,0,0,0,0,0
WRK06651,Adyar,13.018131,80.257395,2020-06-01,600.0,23,0.379,2,78,Basic Shield,29,4,1,1,0,0,1
WRK06652,Tambaram,12.937535,80.108125,2015-05-01,511.0,24,0.053,0,86,Basic Shield,29,7,0,0,1,0,0
WRK06653,Adyar,13.017416,80.260947,2022-07-01,348.0,14,0.398,2,77,Basic Shield,29,5,3,1,1,1,1
WRK06654,Adyar,13.025914,80.253944,2021-07-01,679.0,25,0.1,2,84,Basic Shield,29,3,1,1,0,0,1
WRK06655,T Nagar,13.035197,80.229184,2022-11-01,569.0,20,0.358,5,75,Basic Shield,29,7,3,0,1,1,0
WRK06656,Chromepet,12.950205,80.142014,2024-08-01,547.0,16,0.135,2,83,Basic Shield,29,8,3,0,1,1,0
WRK06657,Perambur,13.136819,80.24782,2022-09-01,588.0,20,0.203,4,79,Basic Shield,29,11,1,0,1,0,0
WRK06658,Tambaram,12.926436,80.117773,2022-06-01,438.0,19,0.566,3,72,Basic Shield,29,7,1,0,1,0,0
WRK06659,Guindy,13.008043,80.224381,2016-11-01,450.0,17,0.188,2,81,Basic Shield,29,5,0,1,1,0,1
WRK06660,Anna Nagar,13.079125,80.228217,2024-04-01,555.0,12,0.262,2,83,Basic Shield,29,6,1,0,1,0,0
WRK06661,Guindy,13.018279,80.22552,2022-12-01,408.0,17,0.59,7,68,Standard Shield,49,1,1,1,0,0,1
WRK06662,Porur,13.037691,80.140186,2022-11-01,617.0,27,0.119,5,80,Basic Shield,29,6,1,0,1,0,0
WRK06663,Tambaram,12.910819,80.107624,2019-05-01,547.0,22,0.239,1,81,Basic Shield,29,4,2,0,0,0,0
WRK06664,Anna Nagar,13.108577,80.191374,2022-07-01,698.0,18,0.293,3,79,Basic Shield,29,9,1,0,1,0,0
WRK06665,Guindy,13.024038,80.215461,2024-04-01,549.0,18,0.518,1,76,Basic Shield,29,5,1,1,1,0,1
WRK06666,Perambur,13.129345,80.219153,2020-03-01,682.0,21,0.419,1,79,Basic Shield,29,9,0,0,1,0,0
WRK06667,Velachery,12.989662,80.227421,2017-12-01,464.0,11,0.585,2,77,Basic Shield,29,4,3,0,0,1,0
WRK06668,Tambaram,12.924135,80.082683,2023-09-01,786.0,18,0.442,4,76,Basic Shield,29,5,1,0,1,0,0
WRK06669,Perambur,13.118536,80.253739,2024-12-01,748.0,10,0.357,7,79,Basic Shield,29,3,3,0,0,1,0
WRK06670,Tambaram,12.931182,80.088743,2020-02-01,379.0,11,0.167,3,84,Basic Shield,29,6,2,0,1,0,0
WRK06671,Guindy,13.018246,80.21413,2023-07-01,559.0,13,0.143,1,85,Basic Shield,29,6,7,1,1,1,1
WRK06672,Porur,13.031732,80.14214,2020-05-01,531.0,23,0.327,3,78,Basic Shield,29,4,1,0,0,0,0
WRK06673,Perambur,13.135796,80.236781,2023-03-01,678.0,16,0.165,3,82,Basic Shield,29,9,1,0,1,0,0
WRK06674,Velachery,12.975051,80.219897,2015-12-01,654.0,18,0.417,3,76,Basic Shield,29,6,2,0,1,0,0
WRK06675,Sholinganallur,12.894581,80.238255,2019-06-01,346.0,12,0.292,4,79,Basic Shield,29,8,0,0,1,0,0
WRK06676,Chromepet,12.970045,80.148447,2016-04-01,431.0,20,0.203,1,82,Basic Shield,29,4,2,0,0,0,0
WRK06677,Sholinganallur,12.890246,80.233078,2022-12-01,645.0,17,0.053,2,85,Basic Shield,29,7,1,0,1,0,0
WRK06678,Sholinganallur,12.88529,80.224527,2024-12-01,514.0,12,0.076,5,84,Basic Shield,29,4,3,0,0,1,0
WRK06679,Sholinganallur,12.90033,80.230864,2016-08-01,682.0,17,0.196,3,81,Basic Shield,29,10,3,0,1,1,0
WRK06680,Anna Nagar,13.105003,80.200795,2019-07-01,538.0,14,0.312,5,77,Basic Shield,29,1,1,0,0,0,0
WRK06681,Porur,13.019604,80.150114,2024-03-01,617.0,20,0.425,2,77,Basic Shield,29,6,2,0,1,0,0
WRK06682,Chromepet,12.964819,80.144964,2017-01-01,675.0,19,0.111,2,84,Basic Shield,29,8,0,0,1,0,0
WRK06683,T Nagar,13.052968,80.240607,2022-01-01,613.0,16,0.477,2,76,Basic Shield,29,8,2,0,1,0,0
WRK06684,Tambaram,12.915587,80.083847,2019-10-01,527.0,17,0.403,1,78,Basic Shield,29,7,2,0,1,0,0
WRK06685,Sholinganallur,12.917511,80.215681,2016-01-01,569.0,16,0.396,1,78,Basic Shield,29,1,3,0,0,1,0
WRK06686,Chromepet,12.934509,80.146939,2024-03-01,464.0,24,0.319,2,78,Basic Shield,29,6,1,0,1,0,0
WRK06687,Porur,13.037255,80.143414,2015-10-01,556.0,20,0.088,2,84,Basic Shield,29,8,1,0,1,0,0
WRK06688,Porur,13.022659,80.143385,2021-06-01,492.0,20,0.068,2,84,Basic Shield,29,8,0,0,1,0,0
WRK06689,Tambaram,12.934855,80.101408,2023-05-01,810.0,12,0.507,2,79,Basic Shield,29,7,1,0,1,0,0
WRK06690,Sholinganallur,12.891651,80.211854,2021-01-01,598.0,23,0.553,3,73,Basic Shield,29,1,1,0,0,0,0
WRK06691,Perambur,13.117218,80.224003,2022-12-01,588.0,22,0.536,1,76,Basic Shield,29,2,0,0,0,0,0
WRK06692,Guindy,12.989496,80.204086,2021-04-01,615.0,17,0.064,1,85,Basic Shield,29,5,3,1,1,1,1
WRK06693,T Nagar,13.025076,80.219114,2021-05-01,756.0,20,0.283,4,79,Basic Shield,29,5,3,0,1,1,0
WRK06694,Porur,13.025638,80.141923,2020-10-01,628.0,26,0.362,4,76,Basic Shield,29,4,2,0,0,0,0
WRK06695,Sholinganallur,12.891191,80.228001,2023-08-01,553.0,16,0.286,2,80,Basic Shield,29,6,1,0,1,0,0
WRK06696,Tambaram,12.934031,80.117256,2023-07-01,607.0,23,0.246,1,82,Basic Shield,29,9,0,0,1,0,0
WRK06697,Sholinganallur,12.904506,80.211304,2020-08-01,422.0,16,0.139,3,81,Basic Shield,29,4,4,0,0,1,0
WRK06698,Perambur,13.116465,80.251691,2017-06-01,504.0,15,0.037,2,84,Basic Shield,29,8,4,0,1,1,0
WRK06699,Sholinganallur,12.913496,80.217506,2022-06-01,546.0,17,0.066,4,82,Basic Shield,29,5,0,0,1,0,0
WRK06700,Perambur,13.115119,80.248407,2021-12-01,796.0,17,0.065,3,84,Basic Shield,29,9,1,0,1,0,0
WRK06701,Porur,13.040728,80.16425,2020-10-01,535.0,14,0.162,4,81,Basic Shield,29,4,3,0,0,1,0
WRK06702,Anna Nagar,13.096568,80.198446,2020-08-01,743.0,11,0.159,3,86,Basic Shield,29,5,2,0,1,0,0
WRK06703,Anna Nagar,13.09702,80.213722,2021-09-01,601.0,25,0.104,3,82,Basic Shield,29,7,1,0,1,0,0
WRK06704,Porur,13.035372,80.152504,2016-04-01,692.0,15,0.182,3,81,Basic Shield,29,4,2,0,0,0,0
WRK06705,Anna Nagar,13.081047,80.203784,2020-11-01,757.0,14,0.192,4,81,Basic Shield,29,9,0,0,1,0,0
WRK06706,Porur,13.046476,80.155759,2021-01-01,506.0,18,0.227,2,80,Basic Shield,29,6,0,0,1,0,0
WRK06707,Porur,13.035894,80.146496,2019-02-01,502.0,19,0.235,1,81,Basic Shield,29,4,4,0,0,1,0
WRK06708,T Nagar,13.032228,80.220937,2018-04-01,470.0,17,0.284,4,77,Basic Shield,29,7,1,0,1,0,0
WRK06709,Guindy,13.007467,80.2164,2021-08-01,431.0,28,0.269,2,79,Basic Shield,29,7,2,1,1,0,1
WRK06710,Chromepet,12.936448,80.129063,2021-02-01,718.0,15,0.167,2,83,Basic Shield,29,6,0,0,1,0,0
WRK06711,T Nagar,13.046906,80.215576,2021-10-01,568.0,15,0.102,2,83,Basic Shield,29,8,0,0,1,0,0
WRK06712,Tambaram,12.936807,80.080744,2016-05-01,492.0,16,0.043,3,83,Basic Shield,29,5,3,0,1,1,0
WRK06713,Guindy,13.025411,80.230695,2024-02-01,696.0,11,0.262,2,85,Basic Shield,29,10,1,1,1,0,1
WRK06714,Sholinganallur,12.907099,80.224523,2015-04-01,509.0,19,0.146,5,79,Basic Shield,29,7,3,0,1,1,0
WRK06715,Adyar,13.021081,80.257418,2021-09-01,649.0,23,0.383,3,77,Basic Shield,29,2,2,1,0,0,1
WRK06716,Porur,13.029053,80.171126,2016-06-01,444.0,18,0.126,1,83,Basic Shield,29,4,2,0,0,0,0
WRK06717,Sholinganallur,12.881022,80.229453,2024-06-01,300.0,15,0.602,2,72,Basic Shield,29,4,2,0,0,0,0
WRK06718,Sholinganallur,12.883533,80.241826,2019-09-01,691.0,22,0.257,3,80,Basic Shield,29,10,2,0,1,0,0
WRK06719,Tambaram,12.908877,80.113083,2016-04-01,714.0,15,0.121,4,82,Basic Shield,29,7,4,0,1,1,0
WRK06720,Guindy,13.002195,80.229673,2019-03-01,466.0,15,0.406,4,75,Basic Shield,29,2,2,1,0,0,1
WRK06721,Velachery,12.984394,80.233371,2021-11-01,674.0,20,0.414,5,75,Basic Shield,29,5,0,0,1,0,0
WRK06722,Velachery,12.987102,80.220853,2019-06-01,450.0,14,0.37,2,78,Basic Shield,29,3,2,0,0,0,0
WRK06723,Velachery,12.992032,80.237303,2016-08-01,662.0,19,0.102,1,85,Basic Shield,29,5,2,0,1,0,0
WRK06724,Tambaram,12.931454,80.103867,2024-02-01,672.0,14,0.301,1,82,Basic Shield,29,4,1,0,0,0,0
WRK06725,Chromepet,12.969272,80.134239,2023-10-01,481.0,13,0.152,0,86,Basic Shield,29,10,1,0,1,0,0
WRK06726,Tambaram,12.941043,80.087894,2020-05-01,597.0,20,0.151,3,81,Basic Shield,29,5,4,0,1,1,0
WRK06727,Porur,13.031763,80.175876,2023-08-01,471.0,18,0.109,3,82,Basic Shield,29,3,5,0,0,1,0
WRK06728,Chromepet,12.951853,80.14614,2017-05-01,408.0,18,0.291,4,77,Basic Shield,29,4,4,0,0,1,0
WRK06729,Porur,13.022369,80.161502,2020-10-01,661.0,13,0.105,4,84,Basic Shield,29,9,0,0,1,0,0
WRK06730,Anna Nagar,13.103067,80.227067,2015-06-01,864.0,17,0.171,5,80,Basic Shield,29,4,3,0,0,1,0
WRK06731,Sholinganallur,12.887989,80.229117,2015-02-01,576.0,26,0.065,3,83,Basic Shield,29,5,2,0,1,0,0
WRK06732,T Nagar,13.041066,80.240425,2015-08-01,813.0,15,0.483,4,75,Basic Shield,29,7,2,0,1,0,0
WRK06733,Adyar,13.003198,80.264343,2017-10-01,461.0,13,0.52,2,76,Basic Shield,29,5,2,1,1,0,1
WRK06734,T Nagar,13.04302,80.251118,2021-06-01,466.0,20,0.403,0,79,Basic Shield,29,6,3,0,1,1,0
WRK06735,Anna Nagar,13.077944,80.224677,2022-04-01,769.0,15,0.251,3,80,Basic Shield,29,9,2,0,1,0,0
WRK06736,Velachery,12.976242,80.207631,2023-02-01,701.0,20,0.241,0,83,Basic Shield,29,4,1,0,0,0,0
WRK06737,Velachery,12.965649,80.219188,2017-10-01,567.0,16,0.252,1,81,Basic Shield,29,10,2,0,1,0,0
WRK06738,Anna Nagar,13.076492,80.191563,2015-04-01,578.0,13,0.618,1,76,Basic Shield,29,5,1,0,1,0,0
WRK06739,Chromepet,12.939278,80.152116,2021-05-01,459.0,22,0.019,3,83,Basic Shield,29,4,0,0,0,0,0
WRK06740,Perambur,13.132083,80.226925,2016-06-01,590.0,20,0.293,6,76,Basic Shield,29,6,2,0,1,0,0
WRK06741,Guindy,13.020094,80.208918,2020-07-01,774.0,22,0.289,5,78,Basic Shield,29,5,1,1,1,0,1
WRK06742,Adyar,13.011979,80.265282,2023-06-01,300.0,21,0.283,4,76,Basic Shield,29,10,4,1,1,1,1
WRK06743,T Nagar,13.035501,80.24142,2019-05-01,615.0,23,0.277,2,80,Basic Shield,29,7,1,0,1,0,0
WRK06744,Velachery,12.983468,80.212046,2023-08-01,568.0,29,0.322,3,78,Basic Shield,29,5,2,0,1,0,0
WRK06745,Tambaram,12.921504,80.080501,2021-06-01,473.0,27,0.471,5,72,Basic Shield,29,14,1,0,1,0,0
WRK06746,T Nagar,13.034978,80.237443,2023-08-01,768.0,27,0.132,2,84,Basic Shield,29,9,3,0,1,1,0
WRK06747,Tambaram,12.944696,80.109381,2023-11-01,633.0,25,0.136,4,81,Basic Shield,29,5,5,0,1,1,0
WRK06748,Tambaram,12.93625,80.087232,2021-08-01,659.0,23,0.267,3,79,Basic Shield,29,4,3,0,0,1,0
WRK06749,Sholinganallur,12.909935,80.239252,2015-05-01,417.0,19,0.348,2,78,Basic Shield,29,7,1,0,1,0,0
WRK06750,Guindy,12.987551,80.206282,2019-11-01,568.0,16,0.345,3,77,Basic Shield,29,8,1,1,1,0,1
WRK06751,Guindy,13.026183,80.229255,2019-01-01,489.0,14,0.106,4,82,Basic Shield,29,6,3,1,1,1,1
WRK06752,Guindy,12.998113,80.212559,2018-05-01,502.0,17,0.304,2,79,Basic Shield,29,4,1,1,0,0,1
WRK06753,T Nagar,13.05675,80.236058,2018-06-01,637.0,22,0.121,3,82,Basic Shield,29,8,1,0,1,0,0
WRK06754,Chromepet,12.962813,80.126774,2020-08-01,588.0,13,0.562,4,74,Basic Shield,29,3,4,0,0,1,0
WRK06755,Sholinganallur,12.881662,80.220682,2015-07-01,544.0,17,0.481,5,73,Basic Shield,29,3,3,0,0,1,0
WRK06756,Guindy,13.0132,80.228247,2015-07-01,605.0,13,0.475,0,80,Basic Shield,29,6,0,1,1,0,1
WRK06757,T Nagar,13.044162,80.244067,2023-07-01,704.0,16,0.474,4,75,Basic Shield,29,4,1,0,0,0,0
WRK06758,Porur,13.032345,80.149237,2022-05-01,681.0,13,0.242,1,84,Basic Shield,29,5,0,0,1,0,0
WRK06759,Guindy,13.018075,80.214529,2022-03-01,531.0,18,0.22,5,78,Basic Shield,29,8,2,1,1,0,1
WRK06760,Sholinganallur,12.885736,80.219267,2016-11-01,780.0,16,0.162,2,83,Basic Shield,29,5,6,0,1,1,0
WRK06761,Porur,13.043322,80.160746,2021-02-01,542.0,21,0.1,5,80,Basic Shield,29,3,2,0,0,0,0
WRK06762,Adyar,12.987744,80.266616,2024-08-01,741.0,22,0.628,3,73,Basic Shield,29,8,0,1,1,0,1
WRK06763,Velachery,12.986763,80.232957,2020-07-01,731.0,21,0.24,2,81,Basic Shield,29,12,3,0,1,1,0
WRK06764,Porur,13.032175,80.139868,2020-05-01,721.0,12,0.2,3,84,Basic Shield,29,8,1,0,1,0,0
WRK06765,Porur,13.025859,80.155859,2016-06-01,644.0,23,0.132,3,82,Basic Shield,29,5,2,0,1,0,0
WRK06766,Tambaram,12.928838,80.086,2017-09-01,597.0,17,0.115,4,81,Basic Shield,29,8,0,0,1,0,0
WRK06767,T Nagar,13.025741,80.248941,2022-02-01,613.0,18,0.278,3,79,Basic Shield,29,3,0,0,0,0,0
WRK06768,Anna Nagar,13.097635,80.213273,2022-10-01,587.0,22,0.25,3,79,Basic Shield,29,7,2,0,1,0,0
WRK06769,Anna Nagar,13.079953,80.192845,2018-03-01,821.0,24,0.126,1,85,Basic Shield,29,8,3,0,1,1,0
WRK06770,Perambur,13.109611,80.220951,2015-09-01,625.0,14,0.273,2,81,Basic Shield,29,7,0,0,1,0,0
WRK06771,Velachery,12.967195,80.206693,2022-09-01,650.0,20,0.441,3,76,Basic Shield,29,3,2,0,0,0,0
WRK06772,Chromepet,12.940187,80.148897,2016-08-01,535.0,24,0.672,2,72,Basic Shield,29,12,4,0,1,1,0
WRK06773,Sholinganallur,12.914283,80.231261,2022-04-01,462.0,25,0.539,2,74,Basic Shield,29,6,1,0,1,0,0
WRK06774,Perambur,13.127665,80.239893,2023-07-01,707.0,17,0.195,1,83,Basic Shield,29,1,3,0,0,1,0
WRK06775,Perambur,13.111197,80.244396,2023-08-01,646.0,17,0.63,1,74,Basic Shield,29,6,4,0,1,1,0
WRK06776,Sholinganallur,12.885071,80.235295,2021-06-01,609.0,14,0.042,2,86,Basic Shield,29,7,1,0,1,0,0
WRK06777,T Nagar,13.047891,80.228732,2020-01-01,391.0,17,0.2,4,78,Basic Shield,29,8,4,0,1,1,0
WRK06778,Tambaram,12.922411,80.093499,2022-02-01,711.0,16,0.408,1,79,Basic Shield,29,7,1,0,1,0,0
WRK06779,Adyar,13.022428,80.261114,2018-06-01,478.0,18,0.43,3,75,Basic Shield,29,6,1,1,1,0,1
WRK06780,Guindy,13.001448,80.212632,2015-08-01,479.0,18,0.293,2,79,Basic Shield,29,6,3,1,1,1,1
WRK06781,Anna Nagar,13.075751,80.207377,2017-01-01,559.0,26,0.031,3,84,Basic Shield,29,10,2,0,1,0,0
WRK06782,Porur,13.029707,80.155438,2024-01-01,588.0,17,0.135,6,79,Basic Shield,29,7,1,0,1,0,0
WRK06783,Tambaram,12.928719,80.0897,2024-11-01,555.0,15,0.188,3,81,Basic Shield,29,9,3,0,1,1,0
WRK06784,Tambaram,12.936705,80.111456,2021-09-01,678.0,13,0.504,0,80,Basic Shield,29,8,3,0,1,1,0
WRK06785,Adyar,13.019305,80.27136,2024-12-01,551.0,17,0.042,2,84,Basic Shield,29,4,3,1,0,1,1
WRK06786,Velachery,12.969802,80.198979,2021-08-01,556.0,25,0.236,3,80,Basic Shield,29,3,4,0,0,1,0
WRK06787,Velachery,12.967018,80.213575,2024-10-01,475.0,15,0.075,2,83,Basic Shield,29,10,2,0,1,0,0
WRK06788,Perambur,13.124344,80.233573,2022-07-01,622.0,29,0.11,1,84,Basic Shield,29,10,3,0,1,1,0
WRK06789,Tambaram,12.916503,80.113179,2021-10-01,690.0,10,0.254,3,85,Basic Shield,29,4,0,0,0,0,0
WRK06790,Adyar,12.993026,80.248864,2017-03-01,665.0,23,0.193,7,77,Basic Shield,29,5,2,1,1,0,1
WRK06791,Tambaram,12.908878,80.110758,2016-03-01,528.0,26,0.089,4,81,Basic Shield,29,2,4,0,0,1,0
WRK06792,Tambaram,12.915905,80.097995,2023-04-01,588.0,25,0.445,3,76,Basic Shield,29,4,1,0,0,0,0
WRK06793,Guindy,12.997039,80.213597,2016-07-01,453.0,23,0.293,1,80,Basic Shield,29,6,1,1,1,0,1
WRK06794,Guindy,13.020122,80.234394,2021-11-01,483.0,7,0.732,0,80,Basic Shield,29,5,2,1,1,0,1
WRK06795,Porur,13.034186,80.138664,2021-06-01,755.0,16,0.271,1,82,Basic Shield,29,3,2,0,0,0,0
WRK06796,Adyar,13.009566,80.271467,2017-09-01,740.0,23,0.522,3,75,Basic Shield,29,9,0,1,1,0,1
WRK06797,Velachery,12.994129,80.199465,2018-10-01,494.0,15,0.411,3,76,Basic Shield,29,8,1,0,1,0,0
WRK06798,Adyar,12.990985,80.241992,2023-08-01,470.0,10,0.53,3,78,Basic Shield,29,7,2,1,1,0,1
WRK06799,Porur,13.023185,80.148263,2018-02-01,355.0,23,0.278,2,79,Basic Shield,29,3,3,0,0,1,0
WRK06800,Sholinganallur,12.883673,80.223206,2018-04-01,556.0,21,0.278,3,79,Basic Shield,29,8,3,0,1,1,0
WRK06801,Sholinganallur,12.904626,80.211622,2023-12-01,554.0,25,0.417,1,78,Basic Shield,29,7,2,0,1,0,0
WRK06802,Guindy,12.997296,80.218852,2016-04-01,445.0,12,0.06,3,86,Basic Shield,29,6,3,1,1,1,1
WRK06803,Tambaram,12.929546,80.109464,2017-03-01,719.0,20,0.38,2,78,Basic Shield,29,8,1,0,1,0,0
WRK06804,Tambaram,12.905466,80.118689,2022-12-01,751.0,16,0.456,1,78,Basic Shield,29,10,3,0,1,1,0
WRK06805,Guindy,13.016687,80.214323,2024-11-01,705.0,15,0.266,3,80,Basic Shield,29,8,1,1,1,0,1
WRK06806,T Nagar,13.024117,80.216454,2017-01-01,582.0,20,0.366,3,77,Basic Shield,29,3,0,0,0,0,0
WRK06807,Tambaram,12.926007,80.111337,2016-07-01,643.0,17,0.501,6,72,Basic Shield,29,7,0,0,1,0,0
WRK06808,Adyar,13.006628,80.255919,2017-09-01,555.0,21,0.283,2,80,Basic Shield,29,6,2,1,1,0,1
WRK06809,Velachery,12.987618,80.227979,2024-07-01,655.0,20,0.367,2,78,Basic Shield,29,4,1,0,0,0,0
WRK06810,Chromepet,12.957136,80.152645,2015-03-01,715.0,17,0.322,5,77,Basic Shield,29,8,3,0,1,1,0
WRK06811,Velachery,12.97209,80.22952,2018-07-01,549.0,14,0.357,2,79,Basic Shield,29,3,1,0,0,0,0
WRK06812,Guindy,13.017287,80.207314,2015-12-01,455.0,15,0.135,5,79,Basic Shield,29,8,1,1,1,0,1
WRK06813,Porur,13.035862,80.171848,2018-05-01,737.0,25,0.176,5,80,Basic Shield,29,12,0,0,1,0,0
WRK06814,Perambur,13.118091,80.22335,2019-07-01,480.0,17,0.077,1,84,Basic Shield,29,8,3,0,1,1,0
WRK06815,Chromepet,12.964002,80.151343,2021-06-01,591.0,18,0.265,3,79,Basic Shield,29,3,1,0,0,0,0
WRK06816,Velachery,12.976981,80.200954,2019-09-01,489.0,12,0.2,5,81,Basic Shield,29,3,2,0,0,0,0
WRK06817,Chromepet,12.936039,80.147177,2018-11-01,575.0,19,0.325,5,76,Basic Shield,29,6,3,0,1,1,0
WRK06818,Porur,13.046363,80.17505,2023-07-01,633.0,22,0.109,6,79,Basic Shield,29,7,2,0,1,0,0
WRK06819,Anna Nagar,13.099325,80.192856,2016-02-01,524.0,23,0.065,3,83,Basic Shield,29,6,1,0,1,0,0
WRK06820,Perambur,13.117853,80.230368,2018-05-01,444.0,11,0.817,5,69,Standard Shield,49,6,0,0,1,0,0
WRK06821,Velachery,13.000201,80.234514,2022-02-01,692.0,17,0.523,2,75,Basic Shield,29,3,0,0,0,0,0
WRK06822,Adyar,13.000287,80.244977,2021-08-01,597.0,14,0.207,4,80,Basic Shield,29,6,3,1,1,1,1
WRK06823,Perambur,13.135772,80.252926,2018-10-01,566.0,25,0.38,2,78,Basic Shield,29,7,2,0,1,0,0
WRK06824,Velachery,12.990823,80.219818,2016-10-01,610.0,17,0.405,2,77,Basic Shield,29,13,1,0,1,0,0
WRK06825,Anna Nagar,13.095094,80.228802,2021-01-01,705.0,12,0.104,4,85,Basic Shield,29,9,6,0,1,1,0
WRK06826,Guindy,13.002349,80.230505,2019-08-01,644.0,17,0.422,2,77,Basic Shield,29,3,3,1,0,1,1
WRK06827,Chromepet,12.949975,80.127604,2015-06-01,629.0,20,0.048,1,86,Basic Shield,29,4,1,0,0,0,0
WRK06828,Sholinganallur,12.882491,80.244841,2015-02-01,578.0,21,0.346,1,79,Basic Shield,29,11,1,0,1,0,0
WRK06829,Anna Nagar,13.100913,80.209575,2024-11-01,634.0,27,0.251,7,76,Basic Shield,29,5,4,0,1,1,0
WRK06830,Sholinganallur,12.917827,80.213104,2018-02-01,853.0,17,0.18,4,81,Basic Shield,29,5,3,0,1,1,0
WRK06831,Sholinganallur,12.91287,80.234845,2017-05-01,670.0,14,0.123,3,83,Basic Shield,29,7,1,0,1,0,0
WRK06832,Chromepet,12.946902,80.148541,2017-02-01,739.0,14,0.296,5,78,Basic Shield,29,7,0,0,1,0,0
WRK06833,Adyar,13.019169,80.24692,2022-11-01,601.0,24,0.213,3,80,Basic Shield,29,5,2,1,1,0,1
WRK06834,Chromepet,12.966921,80.12949,2021-05-01,595.0,16,0.288,4,78,Basic Shield,29,9,1,0,1,0,0
WRK06835,Adyar,13.008016,80.253056,2017-10-01,747.0,17,0.174,3,82,Basic Shield,29,4,0,1,0,0,1
WRK06836,Chromepet,12.950999,80.143751,2017-04-01,741.0,13,0.414,3,79,Basic Shield,29,5,3,0,1,1,0
WRK06837,Tambaram,12.919129,80.083063,2019-09-01,449.0,23,0.342,4,76,Basic Shield,29,4,0,0,0,0,0
WRK06838,Velachery,12.979814,80.226624,2023-08-01,474.0,11,0.361,4,80,Basic Shield,29,2,2,0,0,0,0
WRK06839,Velachery,12.977673,80.216552,2020-04-01,709.0,18,0.253,3,80,Basic Shield,29,4,3,0,0,1,0
WRK06840,T Nagar,13.031522,80.225997,2017-12-01,853.0,28,0.18,2,83,Basic Shield,29,5,3,0,1,1,0
WRK06841,Perambur,13.113449,80.224925,2015-07-01,672.0,16,0.209,0,84,Basic Shield,29,11,2,0,1,0,0
WRK06842,Anna Nagar,13.077582,80.196837,2020-03-01,644.0,18,0.348,5,76,Basic Shield,29,8,2,0,1,0,0
WRK06843,Adyar,13.011485,80.275588,2015-11-01,694.0,16,0.104,1,85,Basic Shield,29,5,2,1,1,0,1
WRK06844,Chromepet,12.941321,80.141586,2023-07-01,360.0,18,0.194,5,77,Basic Shield,29,4,3,0,0,1,0
WRK06845,Guindy,13.001369,80.225969,2023-07-01,639.0,17,0.049,1,86,Basic Shield,29,8,2,1,1,0,1
WRK06846,Chromepet,12.969062,80.161083,2017-01-01,427.0,19,0.134,2,82,Basic Shield,29,6,1,0,1,0,0
WRK06847,Guindy,12.995755,80.217863,2017-10-01,620.0,19,0.128,5,80,Basic Shield,29,5,1,1,1,0,1
WRK06848,Tambaram,12.93426,80.089378,2017-11-01,635.0,11,0.19,1,87,Basic Shield,29,4,0,0,0,0,0
WRK06849,Anna Nagar,13.086483,80.203392,2017-12-01,681.0,22,0.439,2,77,Basic Shield,29,8,3,0,1,1,0
WRK06850,Sholinganallur,12.884103,80.243043,2023-06-01,688.0,18,0.417,0,80,Basic Shield,29,8,2,0,1,0,0
WRK06851,Tambaram,12.908027,80.093136,2024-01-01,565.0,24,0.165,4,80,Basic Shield,29,4,3,0,0,1,0
WRK06852,Anna Nagar,13.09714,80.215277,2019-10-01,707.0,22,0.449,4,75,Basic Shield,29,5,2,0,1,0,0
WRK06853,T Nagar,13.032835,80.215073,2024-06-01,526.0,14,0.303,3,79,Basic Shield,29,6,4,0,1,1,0
WRK06854,Chromepet,12.959584,80.133543,2018-05-01,824.0,24,0.148,5,81,Basic Shield,29,7,2,0,1,0,0
WRK06855,T Nagar,13.026943,80.23709,2021-11-01,472.0,12,0.51,8,72,Basic Shield,29,9,4,0,1,1,0
WRK06856,Velachery,12.989,80.232221,2020-06-01,568.0,23,0.493,5,72,Basic Shield,29,5,1,0,1,0,0
WRK06857,Sholinganallur,12.915878,80.246227,2022-11-01,716.0,19,0.305,1,81,Basic Shield,29,4,2,0,0,0,0
WRK06858,Perambur,13.134397,80.214991,2016-02-01,707.0,15,0.27,5,78,Basic Shield,29,6,2,0,1,0,0
WRK06859,T Nagar,13.049254,80.250462,2022-09-01,685.0,15,0.21,1,83,Basic Shield,29,4,3,0,0,1,0
WRK06860,Perambur,13.126179,80.222868,2020-12-01,584.0,16,0.263,2,80,Basic Shield,29,5,2,0,1,0,0
WRK06861,Guindy,13.018134,80.236146,2019-12-01,547.0,16,0.326,4,77,Basic Shield,29,4,2,1,0,0,1
WRK06862,Perambur,13.117916,80.237072,2019-12-01,587.0,15,0.069,2,84,Basic Shield,29,4,1,0,0,0,0
WRK06863,Anna Nagar,13.104022,80.208205,2021-03-01,835.0,22,0.281,4,79,Basic Shield,29,4,2,0,0,0,0
WRK06864,Chromepet,12.953088,80.140001,2022-10-01,456.0,12,0.353,2,81,Basic Shield,29,6,1,0,1,0,0
WRK06865,Chromepet,12.958551,80.127788,2023-02-01,422.0,19,0.349,2,78,Basic Shield,29,7,1,0,1,0,0
WRK06866,Anna Nagar,13.09169,80.192971,2022-09-01,693.0,17,0.173,0,85,Basic Shield,29,5,1,0,1,0,0
WRK06867,Tambaram,12.921033,80.101602,2022-03-01,593.0,13,0.287,4,80,Basic Shield,29,6,0,0,1,0,0
WRK06868,Guindy,12.993718,80.203979,2019-12-01,653.0,15,0.083,0,86,Basic Shield,29,11,2,1,1,0,1
WRK06869,Adyar,13.004866,80.267664,2015-10-01,750.0,17,0.305,2,80,Basic Shield,29,4,5,1,0,1,1
WRK06870,T Nagar,13.054307,80.215148,2015-09-01,685.0,24,0.36,3,78,Basic Shield,29,1,4,0,0,1,0
WRK06871,Perambur,13.135074,80.253188,2022-12-01,631.0,17,0.178,5,79,Basic Shield,29,5,2,0,1,0,0
WRK06872,Adyar,13.019887,80.266763,2023-07-01,597.0,14,0.198,4,81,Basic Shield,29,8,4,1,1,1,1
WRK06873,Sholinganallur,12.884813,80.246776,2022-02-01,628.0,16,0.166,2,82,Basic Shield,29,4,2,0,0,0,0
WRK06874,Guindy,13.016891,80.223162,2017-09-01,616.0,18,0.557,3,73,Basic Shield,29,8,3,1,1,1,1
WRK06875,Velachery,12.963235,80.205525,2024-07-01,447.0,21,0.582,2,73,Basic Shield,29,11,3,0,1,1,0
WRK06876,Adyar,13.001944,80.242416,2018-02-01,555.0,11,0.138,3,86,Basic Shield,29,3,2,1,0,0,1
WRK06877,Chromepet,12.947643,80.143039,2020-11-01,712.0,14,0.561,4,74,Basic Shield,29,3,1,0,0,0,0
WRK06878,Perambur,13.121557,80.216549,2016-07-01,823.0,16,0.163,6,79,Basic Shield,29,7,2,0,1,0,0
WRK06879,Velachery,12.976812,80.199722,2017-09-01,652.0,20,0.477,4,74,Basic Shield,29,5,3,0,1,1,0
WRK06880,Guindy,13.002034,80.214515,2015-11-01,512.0,19,0.296,3,78,Basic Shield,29,8,1,1,1,0,1
WRK06881,Anna Nagar,13.069202,80.223327,2019-09-01,675.0,15,0.448,2,77,Basic Shield,29,7,2,0,1,0,0
WRK06882,Anna Nagar,13.072905,80.214845,2017-08-01,624.0,22,0.144,7,78,Basic Shield,29,5,2,0,1,0,0
WRK06883,Chromepet,12.957828,80.129692,2016-01-01,694.0,18,0.277,2,80,Basic Shield,29,7,1,0,1,0,0
WRK06884,Chromepet,12.958025,80.161671,2021-12-01,325.0,17,0.375,3,76,Basic Shield,29,4,0,0,0,0,0
WRK06885,Porur,13.018986,80.152348,2022-05-01,758.0,15,0.138,2,84,Basic Shield,29,8,4,0,1,1,0
WRK06886,Porur,13.042033,80.150863,2022-10-01,678.0,17,0.472,2,76,Basic Shield,29,2,2,0,0,0,0
WRK06887,Tambaram,12.926026,80.11797,2019-10-01,667.0,18,0.243,3,80,Basic Shield,29,7,2,0,1,0,0
WRK06888,Chromepet,12.947256,80.135162,2022-09-01,535.0,19,0.209,1,82,Basic Shield,29,6,1,0,1,0,0
WRK06889,Velachery,12.968091,80.235911,2022-11-01,742.0,13,0.248,6,79,Basic Shield,29,12,0,0,1,0,0
WRK06890,Perambur,13.106422,80.251827,2024-08-01,604.0,26,0.454,1,77,Basic Shield,29,4,2,0,0,0,0
WRK06891,Velachery,12.974024,80.210806,2021-10-01,490.0,12,0.106,1,87,Basic Shield,29,3,1,0,0,0,0
WRK06892,Perambur,13.12499,80.24452,2023-07-01,550.0,12,0.477,4,77,Basic Shield,29,4,2,0,0,0,0
WRK06893,Chromepet,12.95003,80.124717,2022-06-01,608.0,18,0.089,3,83,Basic Shield,29,1,1,0,0,0,0
WRK06894,Tambaram,12.939209,80.087566,2019-09-01,680.0,25,0.349,4,77,Basic Shield,29,6,1,0,1,0,0
WRK06895,Chromepet,12.962011,80.133025,2015-07-01,556.0,15,0.186,3,81,Basic Shield,29,8,3,0,1,1,0
WRK06896,Adyar,13.01195,80.246617,2020-02-01,812.0,19,0.149,4,82,Basic Shield,29,6,4,1,1,1,1
WRK06897,Porur,13.037754,80.164912,2022-05-01,535.0,18,0.309,2,79,Basic Shield,29,4,5,0,0,1,0
WRK06898,Tambaram,12.905547,80.092136,2024-06-01,757.0,21,0.253,3,80,Basic Shield,29,7,4,0,1,1,0
WRK06899,Perambur,13.115293,80.231245,2019-01-01,491.0,25,0.227,3,79,Basic Shield,29,6,0,0,1,0,0
WRK06900,Tambaram,12.936187,80.101619,2024-10-01,453.0,20,0.499,4,73,Basic Shield,29,7,1,0,1,0,0
WRK06901,Chromepet,12.966903,80.14355,2022-11-01,643.0,27,0.352,7,74,Basic Shield,29,8,4,0,1,1,0
WRK06902,Perambur,13.111588,80.216998,2015-04-01,488.0,22,0.336,3,77,Basic Shield,29,2,4,0,0,1,0
WRK06903,Porur,13.055363,80.15219,2022-01-01,632.0,17,0.543,5,72,Basic Shield,29,9,2,0,1,0,0
WRK06904,Guindy,13.002119,80.215211,2016-12-01,489.0,12,0.244,4,81,Basic Shield,29,5,3,1,1,1,1
WRK06905,Porur,13.028163,80.17071,2020-08-01,824.0,20,0.292,2,81,Basic Shield,29,5,5,0,1,1,0
WRK06906,Porur,13.018552,80.164956,2022-06-01,773.0,22,0.082,3,84,Basic Shield,29,6,2,0,1,0,0
WRK06907,Perambur,13.114453,80.25455,2019-12-01,672.0,20,0.399,5,75,Basic Shield,29,8,3,0,1,1,0
WRK06908,Adyar,13.000792,80.253324,2021-11-01,515.0,16,0.25,2,80,Basic Shield,29,11,4,1,1,1,1
WRK06909,Velachery,12.978769,80.227375,2023-11-01,864.0,20,0.509,2,77,Basic Shield,29,4,3,0,0,1,0
WRK06910,Porur,13.040046,80.165168,2018-05-01,756.0,19,0.265,0,83,Basic Shield,29,6,2,0,1,0,0
WRK06911,Anna Nagar,13.076855,80.191293,2019-03-01,623.0,24,0.321,6,75,Basic Shield,29,7,2,0,1,0,0
WRK06912,Guindy,13.011145,80.219316,2023-11-01,907.0,18,0.172,2,84,Basic Shield,29,7,1,1,1,0,1
WRK06913,Anna Nagar,13.089078,80.208159,2017-07-01,484.0,14,0.207,1,83,Basic Shield,29,8,1,0,1,0,0
WRK06914,T Nagar,13.02653,80.215946,2020-05-01,671.0,20,0.061,1,86,Basic Shield,29,9,4,0,1,1,0
WRK06915,Tambaram,12.928929,80.116851,2018-05-01,467.0,9,0.52,2,80,Basic Shield,29,4,2,0,0,0,0
WRK06916,Porur,13.052792,80.148468,2020-05-01,599.0,17,0.428,8,71,Basic Shield,29,7,6,0,1,1,0
WRK06917,Adyar,12.997288,80.275783,2021-11-01,590.0,14,0.574,5,72,Basic Shield,29,3,2,1,0,0,1
WRK06918,Chromepet,12.957186,80.152866,2015-01-01,553.0,15,0.26,9,73,Basic Shield,29,1,2,0,0,0,0
WRK06919,Perambur,13.129559,80.221337,2023-05-01,636.0,20,0.374,6,74,Basic Shield,29,7,0,0,1,0,0
WRK06920,T Nagar,13.056803,80.253596,2024-03-01,639.0,15,0.398,3,77,Basic Shield,29,5,1,0,1,0,0
WRK06921,Velachery,12.978549,80.234196,2021-10-01,547.0,20,0.692,5,68,Standard Shield,49,6,2,0,1,0,0
WRK06922,Tambaram,12.93964,80.104465,2017-06-01,431.0,21,0.076,1,84,Basic Shield,29,4,1,0,0,0,0
WRK06923,Adyar,13.026624,80.269238,2020-12-01,606.0,14,0.334,3,79,Basic Shield,29,8,1,1,1,0,1
WRK06924,Tambaram,12.922803,80.099872,2024-04-01,672.0,23,0.227,1,82,Basic Shield,29,4,1,0,0,0,0
WRK06925,Velachery,12.973185,80.204498,2020-11-01,712.0,19,0.333,5,76,Basic Shield,29,7,2,0,1,0,0
WRK06926,Guindy,12.988243,80.238091,2016-07-01,491.0,17,0.171,4,80,Basic Shield,29,6,2,1,1,0,1
WRK06927,Tambaram,12.923126,80.110219,2016-04-01,363.0,23,0.691,3,69,Standard Shield,49,6,0,0,1,0,0
WRK06928,Adyar,13.017422,80.241713,2017-09-01,684.0,20,0.271,1,82,Basic Shield,29,4,2,1,0,0,1
WRK06929,T Nagar,13.02552,80.237358,2016-10-01,557.0,14,0.177,3,82,Basic Shield,29,6,3,0,1,1,0
WRK06930,Chromepet,12.932345,80.137183,2015-05-01,672.0,18,0.274,2,80,Basic Shield,29,7,3,0,1,1,0
WRK06931,Anna Nagar,13.074577,80.227984,2017-02-01,331.0,25,0.238,1,80,Basic Shield,29,8,0,0,1,0,0
WRK06932,Sholinganallur,12.895633,80.223816,2015-11-01,660.0,14,0.092,6,81,Basic Shield,29,3,0,0,0,0,0
WRK06933,Chromepet,12.951323,80.129626,2018-03-01,537.0,18,0.375,3,77,Basic Shield,29,7,4,0,1,1,0
WRK06934,Anna Nagar,13.102516,80.222757,2018-07-01,549.0,10,0.23,3,85,Basic Shield,29,4,3,0,0,1,0
WRK06935,T Nagar,13.04278,80.235278,2016-11-01,460.0,27,0.39,2,77,Basic Shield,29,11,0,0,1,0,0
WRK06936,Tambaram,12.938246,80.085648,2023-03-01,609.0,18,0.164,3,81,Basic Shield,29,6,4,0,1,1,0
WRK06937,Chromepet,12.955741,80.130663,2021-03-01,513.0,16,0.119,2,83,Basic Shield,29,8,1,0,1,0,0
WRK06938,Tambaram,12.919213,80.10159,2022-09-01,536.0,14,0.433,3,77,Basic Shield,29,7,3,0,1,1,0
WRK06939,Anna Nagar,13.081345,80.208688,2019-05-01,482.0,22,0.558,3,73,Basic Shield,29,5,2,0,1,0,0
WRK06940,Velachery,12.968321,80.207765,2016-12-01,720.0,12,0.115,0,89,Basic Shield,29,4,1,0,0,0,0
WRK06941,Adyar,13.020279,80.256284,2015-11-01,754.0,22,0.391,5,75,Basic Shield,29,6,1,1,1,0,1
WRK06942,Perambur,13.116971,80.238933,2023-03-01,529.0,26,0.231,8,75,Basic Shield,29,3,2,0,0,0,0
WRK06943,Perambur,13.131262,80.242351,2019-02-01,808.0,14,0.072,4,84,Basic Shield,29,6,2,0,1,0,0
WRK06944,Porur,13.027933,80.164802,2019-05-01,553.0,17,0.325,0,81,Basic Shield,29,9,0,0,1,0,0
WRK06945,Tambaram,12.938932,80.110495,2020-11-01,778.0,20,0.661,1,74,Basic Shield,29,9,1,0,1,0,0
WRK06946,Tambaram,12.938057,80.106157,2015-11-01,531.0,18,0.12,2,83,Basic Shield,29,2,1,0,0,0,0
WRK06947,Porur,13.035297,80.140532,2020-09-01,339.0,20,0.421,6,72,Basic Shield,29,9,5,0,1,1,0
WRK06948,Chromepet,12.951325,80.137709,2018-10-01,498.0,20,0.418,0,79,Basic Shield,29,6,1,0,1,0,0
WRK06949,Porur,13.032772,80.152193,2018-06-01,375.0,20,0.37,6,73,Basic Shield,29,7,2,0,1,0,0
WRK06950,Adyar,12.98995,80.241286,2019-11-01,616.0,17,0.285,2,80,Basic Shield,29,8,2,1,1,0,1
WRK06951,Perambur,13.129823,80.223627,2017-09-01,410.0,25,0.269,3,78,Basic Shield,29,7,3,0,1,1,0
WRK06952,Porur,13.025635,80.157797,2018-09-01,728.0,22,0.404,5,75,Basic Shield,29,9,3,0,1,1,0
WRK06953,Sholinganallur,12.89792,80.213531,2017-02-01,668.0,24,0.29,3,79,Basic Shield,29,10,3,0,1,1,0
WRK06954,Porur,13.022488,80.137563,2017-07-01,553.0,23,0.194,8,75,Basic Shield,29,7,2,0,1,0,0
WRK06955,Velachery,12.975923,80.198888,2017-11-01,502.0,21,0.092,1,84,Basic Shield,29,6,2,0,1,0,0
WRK06956,Chromepet,12.958948,80.125366,2017-03-01,682.0,22,0.087,2,84,Basic Shield,29,2,3,0,0,1,0
WRK06957,Porur,13.035207,80.151887,2021-08-01,436.0,20,0.431,2,76,Basic Shield,29,5,4,0,1,1,0
WRK06958,Anna Nagar,13.108509,80.193767,2020-11-01,449.0,13,0.201,4,81,Basic Shield,29,5,3,0,1,1,0
WRK06959,T Nagar,13.019586,80.242418,2019-04-01,482.0,17,0.156,1,83,Basic Shield,29,8,0,0,1,0,0
WRK06960,Velachery,12.976343,80.200875,2023-01-01,544.0,8,0.166,0,91,Basic Shield,29,8,2,0,1,0,0
WRK06961,Anna Nagar,13.077568,80.22997,2021-11-01,496.0,17,0.412,2,77,Basic Shield,29,10,1,0,1,0,0
WRK06962,Perambur,13.128496,80.223244,2017-02-01,607.0,17,0.201,5,79,Basic Shield,29,11,1,0,1,0,0
WRK06963,Velachery,12.970869,80.214951,2019-11-01,581.0,13,0.373,5,77,Basic Shield,29,11,5,0,1,1,0
WRK06964,Velachery,12.988347,80.229123,2018-07-01,659.0,20,0.078,5,81,Basic Shield,29,9,2,0,1,0,0
WRK06965,Guindy,13.006843,80.208079,2024-07-01,492.0,18,0.282,4,77,Basic Shield,29,5,3,1,1,1,1
WRK06966,Porur,13.038295,80.160978,2020-03-01,464.0,21,0.572,2,73,Basic Shield,29,5,1,0,1,0,0
WRK06967,Guindy,13.012562,80.206402,2021-07-01,640.0,17,0.31,4,78,Basic Shield,29,5,3,1,1,1,1
WRK06968,Perambur,13.130218,80.244733,2015-02-01,660.0,9,0.357,3,84,Basic Shield,29,4,2,0,0,0,0
WRK06969,Guindy,13.024401,80.206005,2017-06-01,786.0,19,0.32,4,78,Basic Shield,29,9,2,1,1,0,1
WRK06970,Chromepet,12.934289,80.151704,2023-11-01,726.0,19,0.21,0,84,Basic Shield,29,8,1,0,1,0,0
WRK06971,Chromepet,12.964467,80.124874,2020-02-01,472.0,14,0.102,0,86,Basic Shield,29,7,1,0,1,0,0
WRK06972,Guindy,13.010696,80.200906,2016-09-01,532.0,15,0.13,4,81,Basic Shield,29,5,1,1,1,0,1
WRK06973,Guindy,12.987257,80.22189,2024-08-01,816.0,19,0.159,3,82,Basic Shield,29,3,0,1,0,0,1
WRK06974,Chromepet,12.943688,80.152602,2018-10-01,810.0,22,0.164,3,82,Basic Shield,29,6,1,0,1,0,0
WRK06975,Porur,13.018661,80.174428,2024-10-01,526.0,25,0.074,4,82,Basic Shield,29,1,2,0,0,0,0
WRK06976,Perambur,13.10369,80.252507,2020-06-01,487.0,18,0.352,4,76,Basic Shield,29,2,6,0,0,1,0
WRK06977,Guindy,13.015127,80.217351,2023-10-01,560.0,15,0.1,4,81,Basic Shield,29,6,3,1,1,1,1
WRK06978,Velachery,12.961966,80.217173,2017-11-01,636.0,13,0.361,4,78,Basic Shield,29,6,5,0,1,1,0
WRK06979,Anna Nagar,13.069301,80.203779,2023-01-01,640.0,10,0.377,3,82,Basic Shield,29,8,0,0,1,0,0
WRK06980,Tambaram,12.91655,80.110458,2023-09-01,802.0,23,0.426,4,76,Basic Shield,29,4,0,0,0,0,0
WRK06981,Velachery,12.966415,80.226307,2017-09-01,569.0,16,0.184,3,81,Basic Shield,29,7,4,0,1,1,0
WRK06982,Perambur,13.13377,80.230237,2019-11-01,506.0,19,0.409,4,75,Basic Shield,29,2,2,0,0,0,0
WRK06983,Sholinganallur,12.89225,80.247007,2020-05-01,407.0,14,0.073,5,81,Basic Shield,29,9,0,0,1,0,0
WRK06984,Sholinganallur,12.881186,80.221949,2024-09-01,569.0,21,0.2,2,81,Basic Shield,29,5,0,0,1,0,0
WRK06985,Porur,13.019757,80.174772,2019-09-01,526.0,19,0.276,1,81,Basic Shield,29,7,1,0,1,0,0
WRK06986,Adyar,13.02268,80.248801,2018-04-01,630.0,14,0.776,4,69,Standard Shield,49,6,2,1,1,0,1
WRK06987,Guindy,13.018989,80.238274,2018-07-01,586.0,21,0.201,3,80,Basic Shield,29,8,1,1,1,0,1
WRK06988,Guindy,12.992385,80.230132,2024-10-01,620.0,16,0.353,2,79,Basic Shield,29,7,2,1,1,0,1
WRK06989,Anna Nagar,13.082234,80.212214,2016-01-01,673.0,23,0.425,4,75,Basic Shield,29,6,1,0,1,0,0
WRK06990,Perambur,13.112527,80.219656,2015-04-01,567.0,16,0.412,3,76,Basic Shield,29,5,0,0,1,0,0
WRK06991,Porur,13.043658,80.153513,2023-01-01,653.0,17,0.229,2,81,Basic Shield,29,5,5,0,1,1,0
WRK06992,Perambur,13.109227,80.218765,2021-02-01,652.0,16,0.229,3,80,Basic Shield,29,7,4,0,1,1,0
WRK06993,Tambaram,12.916955,80.107125,2022-10-01,468.0,17,0.131,4,80,Basic Shield,29,4,2,0,0,0,0
WRK06994,Chromepet,12.971168,80.138698,2018-05-01,774.0,14,0.45,5,75,Basic Shield,29,8,1,0,1,0,0
WRK06995,Anna Nagar,13.095725,80.205375,2016-11-01,599.0,15,0.121,5,80,Basic Shield,29,7,0,0,1,0,0
WRK06996,Tambaram,12.909683,80.087605,2018-12-01,686.0,9,0.207,3,87,Basic Shield,29,7,1,0,1,0,0
WRK06997,Sholinganallur,12.915354,80.244164,2016-12-01,590.0,15,0.146,3,82,Basic Shield,29,4,0,0,0,0,0
WRK06998,Adyar,13.005159,80.237251,2024-02-01,648.0,17,0.357,3,78,Basic Shield,29,6,0,1,1,0,1
WRK06999,Adyar,12.989254,80.275314,2018-01-01,796.0,10,0.041,2,91,Basic Shield,29,5,2,1,1,0,1
WRK07000,Sholinganallur,12.895747,80.245499,2017-02-01,754.0,8,0.06,0,94,Basic Shield,29,6,1,0,1,0,0
WRK07001,Guindy,13.004065,80.230885,2019-06-01,531.0,15,0.391,4,75,Basic Shield,29,10,3,1,1,1,1
WRK07002,Sholinganallur,12.915244,80.241969,2016-06-01,544.0,17,0.189,0,83,Basic Shield,29,5,2,0,1,0,0
WRK07003,Guindy,13.019412,80.2383,2020-07-01,543.0,15,0.583,2,74,Basic Shield,29,11,3,1,1,1,1
WRK07004,Adyar,13.003484,80.239813,2019-11-01,566.0,19,0.616,2,73,Basic Shield,29,4,3,1,0,1,1
WRK07005,T Nagar,13.048876,80.220023,2016-09-01,631.0,18,0.248,6,77,Basic Shield,29,6,1,0,1,0,0
WRK07006,Tambaram,12.9147,80.094869,2023-12-01,940.0,17,0.53,3,76,Basic Shield,29,6,2,0,1,0,0
WRK07007,T Nagar,13.045404,80.25247,2022-04-01,583.0,19,0.481,2,76,Basic Shield,29,4,2,0,0,0,0
WRK07008,Porur,13.025715,80.172195,2023-10-01,568.0,16,0.334,5,76,Basic Shield,29,6,1,0,1,0,0
WRK07009,Anna Nagar,13.100396,80.229819,2019-03-01,531.0,20,0.208,0,83,Basic Shield,29,5,1,0,1,0,0
WRK07010,Chromepet,12.94029,80.123645,2015-09-01,592.0,20,0.385,0,80,Basic Shield,29,13,0,0,1,0,0
WRK07011,T Nagar,13.028037,80.229435,2022-06-01,641.0,21,0.483,1,77,Basic Shield,29,5,2,0,1,0,0
WRK07012,Porur,13.05281,80.167924,2022-02-01,650.0,13,0.12,1,86,Basic Shield,29,3,3,0,0,1,0
WRK07013,Anna Nagar,13.076366,80.229131,2020-10-01,690.0,17,0.256,1,82,Basic Shield,29,5,3,0,1,1,0
WRK07014,Anna Nagar,13.074495,80.197288,2024-10-01,643.0,18,0.239,1,82,Basic Shield,29,6,0,0,1,0,0
WRK07015,Porur,13.03757,80.143904,2020-09-01,707.0,20,0.361,5,76,Basic Shield,29,9,7,0,1,1,0
WRK07016,Anna Nagar,13.103759,80.192092,2015-04-01,343.0,16,0.67,1,72,Basic Shield,29,7,2,0,1,0,0
WRK07017,Guindy,13.021034,80.214632,2024-05-01,510.0,27,0.397,5,74,Basic Shield,29,4,5,1,0,1,1
WRK07018,Velachery,12.964658,80.237198,2015-11-01,506.0,16,0.431,3,75,Basic Shield,29,6,1,0,1,0,0
WRK07019,T Nagar,13.04471,80.225304,2021-02-01,704.0,18,0.569,2,75,Basic Shield,29,4,4,0,0,1,0
WRK07020,Chromepet,12.94734,80.13965,2020-05-01,461.0,16,0.151,3,81,Basic Shield,29,9,2,0,1,0,0
WRK07021,Perambur,13.118865,80.218745,2015-05-01,748.0,20,0.524,3,75,Basic Shield,29,7,1,0,1,0,0
WRK07022,Anna Nagar,13.082725,80.206667,2020-05-01,602.0,16,0.286,4,78,Basic Shield,29,6,2,0,1,0,0
WRK07023,Sholinganallur,12.899725,80.233785,2020-09-01,577.0,19,0.287,1,81,Basic Shield,29,11,1,0,1,0,0
WRK07024,T Nagar,13.055918,80.246616,2020-05-01,651.0,21,0.303,3,79,Basic Shield,29,8,2,0,1,0,0
WRK07025,Adyar,13.026408,80.273824,2021-08-01,786.0,20,0.297,3,79,Basic Shield,29,5,3,1,1,1,1
WRK07026,Chromepet,12.946215,80.144205,2019-03-01,510.0,21,0.146,1,83,Basic Shield,29,6,0,0,1,0,0
WRK07027,Perambur,13.111511,80.253185,2020-03-01,687.0,17,0.441,1,78,Basic Shield,29,5,0,0,1,0,0
WRK07028,Sholinganallur,12.914868,80.223639,2018-01-01,628.0,19,0.05,2,85,Basic Shield,29,7,2,0,1,0,0
WRK07029,T Nagar,13.033372,80.220397,2018-12-01,542.0,17,0.667,4,70,Basic Shield,29,10,3,0,1,1,0
WRK07030,Chromepet,12.968132,80.15218,2016-04-01,435.0,22,0.216,3,79,Basic Shield,29,7,0,0,1,0,0
WRK07031,Sholinganallur,12.903305,80.217721,2016-03-01,521.0,18,0.245,4,78,Basic Shield,29,3,0,0,0,0,0
WRK07032,T Nagar,13.049158,80.225959,2016-08-01,568.0,16,0.298,2,79,Basic Shield,29,7,3,0,1,1,0
WRK07033,Anna Nagar,13.090897,80.192047,2020-06-01,689.0,11,0.268,5,82,Basic Shield,29,5,3,0,1,1,0
WRK07034,Porur,13.026101,80.173562,2016-04-01,610.0,20,0.452,5,74,Basic Shield,29,5,1,0,1,0,0
WRK07035,Adyar,13.019658,80.255286,2016-08-01,673.0,19,0.137,1,84,Basic Shield,29,7,0,1,1,0,1
WRK07036,T Nagar,13.023729,80.238552,2018-02-01,578.0,22,0.045,2,84,Basic Shield,29,6,6,0,1,1,0
WRK07037,Velachery,12.972044,80.225699,2018-03-01,859.0,17,0.117,1,85,Basic Shield,29,6,5,0,1,1,0
WRK07038,Velachery,12.967134,80.200998,2023-09-01,795.0,25,0.449,2,77,Basic Shield,29,6,2,0,1,0,0
WRK07039,Sholinganallur,12.889709,80.236304,2023-07-01,783.0,15,0.434,5,75,Basic Shield,29,10,2,0,1,0,0
WRK07040,Sholinganallur,12.920649,80.234109,2019-11-01,576.0,20,0.346,4,76,Basic Shield,29,11,3,0,1,1,0
WRK07041,Guindy,12.990557,80.226257,2015-03-01,600.0,14,0.049,2,86,Basic Shield,29,5,5,1,1,1,1
WRK07042,Anna Nagar,13.103603,80.192148,2018-08-01,410.0,20,0.113,4,80,Basic Shield,29,4,3,0,0,1,0
WRK07043,Porur,13.020621,80.149801,2018-03-01,687.0,17,0.438,7,72,Basic Shield,29,2,1,0,0,0,0
WRK07044,Anna Nagar,13.093409,80.203273,2015-06-01,548.0,20,0.268,6,76,Basic Shield,29,8,1,0,1,0,0
WRK07045,Tambaram,12.91987,80.093596,2018-08-01,558.0,16,0.038,1,86,Basic Shield,29,7,5,0,1,1,0
WRK07046,Perambur,13.098451,80.226705,2021-04-01,538.0,15,0.463,1,77,Basic Shield,29,3,2,0,0,0,0
WRK07047,Sholinganallur,12.920806,80.218447,2021-10-01,849.0,15,0.092,1,86,Basic Shield,29,5,2,0,1,0,0
WRK07048,Chromepet,12.952398,80.159075,2017-01-01,663.0,19,0.357,2,79,Basic Shield,29,5,1,0,1,0,0
WRK07049,Porur,13.041562,80.162728,2015-06-01,587.0,13,0.137,1,86,Basic Shield,29,4,1,0,0,0,0
WRK07050,Velachery,12.982253,80.23065,2023-01-01,543.0,16,0.482,3,75,Basic Shield,29,4,0,0,0,0,0
WRK07051,Perambur,13.11581,80.223619,2020-09-01,687.0,14,0.048,2,86,Basic Shield,29,8,1,0,1,0,0
WRK07052,Guindy,12.9908,80.238656,2020-03-01,710.0,26,0.029,5,82,Basic Shield,29,10,1,1,1,0,1
WRK07053,Sholinganallur,12.899005,80.231746,2022-02-01,514.0,15,0.049,3,83,Basic Shield,29,9,4,0,1,1,0
WRK07054,T Nagar,13.027129,80.233856,2016-06-01,611.0,15,0.378,2,78,Basic Shield,29,5,0,0,1,0,0
WRK07055,Guindy,12.991069,80.230658,2017-07-01,530.0,14,0.383,5,75,Basic Shield,29,8,2,1,1,0,1
WRK07056,Sholinganallur,12.88222,80.240117,2015-11-01,752.0,17,0.31,0,82,Basic Shield,29,6,3,0,1,1,0
WRK07057,Porur,13.039839,80.147441,2021-11-01,608.0,12,0.427,4,78,Basic Shield,29,6,2,0,1,0,0
WRK07058,Perambur,13.105758,80.239868,2018-03-01,455.0,23,0.104,3,82,Basic Shield,29,7,3,0,1,1,0
WRK07059,Anna Nagar,13.071899,80.20925,2020-03-01,740.0,17,0.434,3,77,Basic Shield,29,3,4,0,0,1,0
WRK07060,Tambaram,12.920497,80.119664,2022-04-01,434.0,16,0.174,5,78,Basic Shield,29,5,2,0,1,0,0
WRK07061,Velachery,12.980967,80.220977,2020-04-01,475.0,19,0.856,3,67,Standard Shield,49,3,4,0,0,1,0
WRK07062,T Nagar,13.019686,80.244292,2018-05-01,654.0,13,0.255,3,82,Basic Shield,29,9,1,0,1,0,0
WRK07063,Velachery,12.972832,80.207683,2018-07-01,427.0,24,0.384,3,76,Basic Shield,29,8,1,0,1,0,0
WRK07064,Adyar,12.99955,80.237883,2015-08-01,771.0,17,0.287,3,80,Basic Shield,29,5,2,1,1,0,1
WRK07065,Sholinganallur,12.914067,80.241144,2015-09-01,800.0,15,0.174,4,81,Basic Shield,29,3,2,0,0,0,0
WRK07066,Adyar,13.025325,80.240597,2021-04-01,584.0,11,0.81,1,74,Basic Shield,29,4,3,1,0,1,1
WRK07067,Velachery,12.978301,80.199981,2019-05-01,696.0,15,0.204,2,82,Basic Shield,29,6,3,0,1,1,0
WRK07068,Chromepet,12.944548,80.14836,2024-11-01,682.0,17,0.322,5,76,Basic Shield,29,4,4,0,0,1,0
WRK07069,Chromepet,12.940052,80.161745,2018-03-01,689.0,20,0.194,2,82,Basic Shield,29,3,2,0,0,0,0
WRK07070,Guindy,13.023038,80.223818,2018-06-01,671.0,21,0.226,1,82,Basic Shield,29,5,0,1,1,0,1
WRK07071,Chromepet,12.934273,80.155137,2022-06-01,551.0,18,0.288,2,79,Basic Shield,29,6,2,0,1,0,0
WRK07072,Velachery,12.990027,80.198911,2015-01-01,424.0,13,0.369,1,80,Basic Shield,29,8,0,0,1,0,0
WRK07073,Porur,13.048982,80.162039,2015-04-01,670.0,16,0.128,1,84,Basic Shield,29,4,2,0,0,0,0
WRK07074,Anna Nagar,13.103509,80.197536,2016-10-01,685.0,21,0.086,2,84,Basic Shield,29,6,2,0,1,0,0
WRK07075,Velachery,12.987142,80.214716,2015-10-01,485.0,24,0.196,2,81,Basic Shield,29,8,2,0,1,0,0
WRK07076,Tambaram,12.935903,80.100526,2024-10-01,626.0,20,0.415,1,78,Basic Shield,29,8,2,0,1,0,0
WRK07077,Perambur,13.097747,80.24059,2022-03-01,670.0,13,0.404,1,81,Basic Shield,29,5,1,0,1,0,0
WRK07078,Guindy,13.013739,80.208073,2022-08-01,739.0,18,0.144,3,82,Basic Shield,29,9,5,1,1,1,1
WRK07079,Tambaram,12.931276,80.100131,2018-10-01,711.0,19,0.452,4,75,Basic Shield,29,6,1,0,1,0,0
WRK07080,Sholinganallur,12.920361,80.226713,2018-12-01,540.0,26,0.289,2,79,Basic Shield,29,7,1,0,1,0,0
WRK07081,T Nagar,13.02939,80.217591,2016-01-01,665.0,29,0.551,6,71,Basic Shield,29,9,3,0,1,1,0
WRK07082,Chromepet,12.960175,80.153475,2016-02-01,490.0,20,0.532,0,76,Basic Shield,29,3,0,0,0,0,0
WRK07083,Porur,13.03372,80.16064,2024-02-01,539.0,12,0.594,4,74,Basic Shield,29,10,4,0,1,1,0
WRK07084,Perambur,13.117041,80.237931,2020-01-01,360.0,19,0.143,5,78,Basic Shield,29,8,3,0,1,1,0
WRK07085,Perambur,13.125435,80.215361,2023-09-01,464.0,21,0.275,1,80,Basic Shield,29,4,1,0,0,0,0
WRK07086,Adyar,13.007072,80.238204,2021-03-01,374.0,11,0.334,3,81,Basic Shield,29,6,2,1,1,0,1
WRK07087,Perambur,13.125243,80.235492,2018-01-01,544.0,14,0.313,7,75,Basic Shield,29,6,0,0,1,0,0
WRK07088,Porur,13.036107,80.148039,2021-02-01,721.0,16,0.417,1,79,Basic Shield,29,6,2,0,1,0,0
WRK07089,Sholinganallur,12.913807,80.23151,2020-08-01,476.0,18,0.233,7,75,Basic Shield,29,9,3,0,1,1,0
WRK07090,Porur,13.030606,80.167711,2022-07-01,591.0,13,0.622,3,74,Basic Shield,29,4,1,0,0,0,0
WRK07091,Velachery,12.977607,80.227842,2019-04-01,573.0,22,0.419,1,78,Basic Shield,29,5,1,0,1,0,0
WRK07092,Perambur,13.113727,80.230893,2019-09-01,704.0,29,0.34,1,80,Basic Shield,29,7,3,0,1,1,0
WRK07093,T Nagar,13.027026,80.248584,2024-03-01,545.0,14,0.138,6,79,Basic Shield,29,6,2,0,1,0,0
WRK07094,Velachery,12.97683,80.210602,2024-09-01,519.0,27,0.303,2,79,Basic Shield,29,6,2,0,1,0,0
WRK07095,Guindy,13.012635,80.212686,2018-07-01,611.0,20,0.299,6,76,Basic Shield,29,5,3,1,1,1,1
WRK07096,Velachery,12.979406,80.228214,2020-06-01,793.0,23,0.076,3,84,Basic Shield,29,7,6,0,1,1,0
WRK07097,Anna Nagar,13.092344,80.196833,2018-01-01,764.0,18,0.342,4,77,Basic Shield,29,4,3,0,0,1,0
WRK07098,Tambaram,12.927794,80.099222,2015-01-01,467.0,19,0.275,4,77,Basic Shield,29,7,2,0,1,0,0
WRK07099,Velachery,12.990722,80.214422,2024-09-01,864.0,20,0.505,3,76,Basic Shield,29,4,3,0,0,1,0
WRK07100,Adyar,12.989409,80.242103,2021-11-01,629.0,21,0.42,4,75,Basic Shield,29,7,1,1,1,0,1
WRK07101,Velachery,12.981876,80.224684,2015-11-01,764.0,22,0.217,2,82,Basic Shield,29,7,1,0,1,0,0
WRK07102,Porur,13.055284,80.153328,2016-08-01,459.0,17,0.08,5,80,Basic Shield,29,7,3,0,1,1,0
WRK07103,Perambur,13.136024,80.245491,2018-05-01,778.0,19,0.157,6,79,Basic Shield,29,4,1,0,0,0,0
WRK07104,Velachery,12.985158,80.210045,2023-02-01,434.0,16,0.272,2,79,Basic Shield,29,5,2,0,1,0,0
WRK07105,Velachery,12.971514,80.233866,2016-11-01,462.0,23,0.02,4,82,Basic Shield,29,5,2,0,1,0,0
WRK07106,Chromepet,12.942672,80.147082,2015-12-01,461.0,24,0.291,3,78,Basic Shield,29,8,1,0,1,0,0
WRK07107,Velachery,12.979487,80.199095,2024-07-01,712.0,17,0.01,5,83,Basic Shield,29,4,6,0,0,1,0
WRK07108,Porur,13.0188,80.164168,2015-01-01,554.0,18,0.01,6,81,Basic Shield,29,4,1,0,0,0,0
WRK07109,Sholinganallur,12.901652,80.244925,2022-02-01,442.0,22,0.237,3,79,Basic Shield,29,5,4,0,1,1,0
WRK07110,Perambur,13.126949,80.250784,2024-12-01,725.0,13,0.473,2,79,Basic Shield,29,6,1,0,1,0,0
WRK07111,Sholinganallur,12.900371,80.212967,2017-01-01,769.0,24,0.12,5,81,Basic Shield,29,12,2,0,1,0,0
WRK07112,Adyar,12.998785,80.247575,2018-03-01,596.0,21,0.216,1,82,Basic Shield,29,3,2,1,0,0,1
WRK07113,T Nagar,13.024355,80.21667,2021-08-01,477.0,10,0.342,2,83,Basic Shield,29,4,2,0,0,0,0
WRK07114,Velachery,12.997583,80.23538,2024-10-01,810.0,18,0.057,2,85,Basic Shield,29,2,1,0,0,0,0
WRK07115,Adyar,13.016941,80.253932,2017-12-01,407.0,15,0.231,2,80,Basic Shield,29,13,4,1,1,1,1
WRK07116,T Nagar,13.048867,80.241365,2020-10-01,489.0,14,0.393,5,75,Basic Shield,29,4,0,0,0,0,0
WRK07117,T Nagar,13.055936,80.242076,2015-02-01,628.0,16,0.546,5,72,Basic Shield,29,2,3,0,0,1,0
WRK07118,T Nagar,13.023093,80.233767,2024-02-01,594.0,16,0.22,2,81,Basic Shield,29,6,0,0,1,0,0
WRK07119,Perambur,13.116338,80.246763,2018-06-01,444.0,14,0.27,1,81,Basic Shield,29,2,2,0,0,0,0
WRK07120,Porur,13.04432,80.16639,2022-08-01,666.0,17,0.325,0,81,Basic Shield,29,5,1,0,1,0,0
WRK07121,Perambur,13.101608,80.219569,2015-09-01,717.0,17,0.157,2,83,Basic Shield,29,4,4,0,0,1,0
WRK07122,Anna Nagar,13.091543,80.216576,2016-02-01,593.0,23,0.388,3,77,Basic Shield,29,8,1,0,1,0,0
WRK07123,Anna Nagar,13.089398,80.21703,2024-05-01,598.0,22,0.145,4,81,Basic Shield,29,6,3,0,1,1,0
WRK07124,Sholinganallur,12.897033,80.211676,2016-05-01,713.0,17,0.633,5,70,Basic Shield,29,7,1,0,1,0,0
WRK07125,Velachery,13.000457,80.235725,2015-05-01,420.0,18,0.453,4,74,Basic Shield,29,3,3,0,0,1,0
WRK07126,Guindy,13.026462,80.216221,2016-07-01,496.0,19,0.203,4,79,Basic Shield,29,8,0,1,1,0,1
WRK07127,Adyar,13.020975,80.256546,2018-07-01,408.0,14,0.43,2,77,Basic Shield,29,1,4,1,0,1,1
WRK07128,Velachery,12.996447,80.210683,2019-11-01,395.0,14,0.273,1,81,Basic Shield,29,5,4,0,1,1,0
WRK07129,Perambur,13.137454,80.218015,2017-01-01,734.0,17,0.17,3,82,Basic Shield,29,4,7,0,0,1,0
WRK07130,Chromepet,12.94397,80.133278,2018-04-01,764.0,17,0.411,4,76,Basic Shield,29,4,3,0,0,1,0
WRK07131,Sholinganallur,12.91982,80.224042,2018-07-01,490.0,25,0.144,2,82,Basic Shield,29,1,1,0,0,0,0
WRK07132,Chromepet,12.967334,80.135549,2015-02-01,626.0,15,0.187,4,80,Basic Shield,29,5,1,0,1,0,0
WRK07133,Velachery,12.962851,80.212581,2019-01-01,599.0,28,0.615,2,73,Basic Shield,29,8,4,0,1,1,0
WRK07134,T Nagar,13.041006,80.247561,2018-04-01,682.0,19,0.114,6,80,Basic Shield,29,4,3,0,0,1,0
WRK07135,Anna Nagar,13.084596,80.212051,2022-05-01,577.0,25,0.073,3,83,Basic Shield,29,4,2,0,0,0,0
WRK07136,Anna Nagar,13.07512,80.197459,2016-01-01,777.0,25,0.329,3,79,Basic Shield,29,5,1,0,1,0,0
WRK07137,Anna Nagar,13.077623,80.210779,2023-11-01,639.0,16,0.276,2,80,Basic Shield,29,7,1,0,1,0,0
WRK07138,T Nagar,13.037959,80.242369,2016-10-01,429.0,13,0.149,1,85,Basic Shield,29,7,2,0,1,0,0
WRK07139,T Nagar,13.02012,80.232103,2022-10-01,481.0,14,0.083,1,85,Basic Shield,29,9,1,0,1,0,0
WRK07140,Perambur,13.11324,80.248676,2018-07-01,635.0,20,0.23,2,81,Basic Shield,29,6,3,0,1,1,0
WRK07141,Porur,13.036203,80.139634,2017-08-01,504.0,25,0.221,5,78,Basic Shield,29,5,1,0,1,0,0
WRK07142,Velachery,12.996411,80.222376,2023-10-01,531.0,18,0.152,2,82,Basic Shield,29,6,1,0,1,0,0
WRK07143,Chromepet,12.942211,80.153681,2015-03-01,541.0,17,0.157,3,81,Basic Shield,29,4,1,0,0,0,0
WRK07144,Velachery,12.965239,80.213139,2017-01-01,445.0,15,0.344,6,74,Basic Shield,29,7,4,0,1,1,0
WRK07145,Anna Nagar,13.094018,80.199461,2022-06-01,425.0,19,0.111,1,83,Basic Shield,29,3,0,0,0,0,0
WRK07146,Perambur,13.116431,80.223719,2024-07-01,483.0,19,0.536,3,73,Basic Shield,29,6,3,0,1,1,0
WRK07147,Guindy,13.006204,80.229314,2023-11-01,725.0,14,0.396,2,79,Basic Shield,29,6,2,1,1,0,1
WRK07148,Guindy,13.002295,80.227046,2021-05-01,404.0,18,0.163,2,81,Basic Shield,29,6,3,1,1,1,1
WRK07149,T Nagar,13.024534,80.247263,2021-06-01,444.0,19,0.249,2,80,Basic Shield,29,4,5,0,0,1,0
WRK07150,Adyar,12.991835,80.260353,2020-07-01,390.0,19,0.279,3,78,Basic Shield,29,4,2,1,0,0,1
WRK07151,Tambaram,12.934988,80.097024,2015-05-01,448.0,8,0.18,3,87,Basic Shield,29,6,1,0,1,0,0
WRK07152,Chromepet,12.958635,80.159937,2017-09-01,755.0,17,0.061,3,84,Basic Shield,29,5,2,0,1,0,0
WRK07153,Porur,13.053577,80.163591,2015-12-01,434.0,19,0.328,3,77,Basic Shield,29,3,0,0,0,0,0
WRK07154,Porur,13.036938,80.17029,2017-12-01,695.0,13,0.458,3,78,Basic Shield,29,6,3,0,1,1,0
WRK07155,Tambaram,12.917116,80.112644,2020-05-01,570.0,15,0.21,5,78,Basic Shield,29,12,4,0,1,1,0
WRK07156,Perambur,13.100709,80.235877,2021-08-01,604.0,15,0.494,2,76,Basic Shield,29,4,2,0,0,0,0
WRK07157,Anna Nagar,13.076211,80.199249,2016-08-01,474.0,20,0.142,2,82,Basic Shield,29,5,1,0,1,0,0
WRK07158,Adyar,13.004679,80.274344,2022-09-01,573.0,12,0.183,3,84,Basic Shield,29,5,4,1,1,1,1
WRK07159,Velachery,12.986749,80.201555,2017-06-01,746.0,27,0.23,2,82,Basic Shield,29,8,5,0,1,1,0
WRK07160,Adyar,13.020516,80.239813,2017-09-01,734.0,14,0.136,5,81,Basic Shield,29,8,0,1,1,0,1
WRK07161,Guindy,13.019266,80.227942,2024-03-01,702.0,17,0.478,3,75,Basic Shield,29,5,0,1,1,0,1
WRK07162,Tambaram,12.911231,80.08065,2022-02-01,521.0,18,0.251,8,74,Basic Shield,29,4,2,0,0,0,0
WRK07163,Porur,13.022712,80.143413,2023-10-01,626.0,15,0.316,2,79,Basic Shield,29,1,4,0,0,1,0
WRK07164,Chromepet,12.962449,80.1443,2019-02-01,584.0,29,0.141,4,81,Basic Shield,29,11,2,0,1,0,0
WRK07165,Adyar,13.014312,80.250507,2016-06-01,667.0,20,0.136,4,81,Basic Shield,29,2,1,1,0,0,1
WRK07166,Tambaram,12.915711,80.091118,2024-01-01,642.0,18,0.3,0,82,Basic Shield,29,3,2,0,0,0,0
WRK07167,Adyar,12.99496,80.254332,2022-04-01,544.0,18,0.556,4,72,Basic Shield,29,10,2,1,1,0,1
WRK07168,Sholinganallur,12.914226,80.218849,2021-05-01,679.0,28,0.206,2,82,Basic Shield,29,8,1,0,1,0,0
WRK07169,Tambaram,12.905436,80.106025,2019-06-01,662.0,13,0.2,5,81,Basic Shield,29,4,1,0,0,0,0
WRK07170,Porur,13.022185,80.174276,2023-06-01,596.0,10,0.11,4,86,Basic Shield,29,6,0,0,1,0,0
WRK07171,Guindy,12.99673,80.237043,2024-01-01,526.0,16,0.33,2,79,Basic Shield,29,8,2,1,1,0,1
WRK07172,Porur,13.017879,80.162695,2016-02-01,490.0,10,0.493,7,75,Basic Shield,29,2,1,0,0,0,0
WRK07173,Anna Nagar,13.094929,80.193268,2015-12-01,573.0,19,0.6,1,74,Basic Shield,29,4,1,0,0,0,0
WRK07174,Chromepet,12.944979,80.160801,2022-05-01,757.0,18,0.252,3,80,Basic Shield,29,6,3,0,1,1,0
WRK07175,Perambur,13.134456,80.248783,2015-06-01,559.0,17,0.447,5,73,Basic Shield,29,8,2,0,1,0,0
WRK07176,Tambaram,12.909408,80.086756,2018-04-01,488.0,16,0.086,2,83,Basic Shield,29,9,3,0,1,1,0
WRK07177,Chromepet,12.968274,80.141711,2023-04-01,701.0,13,0.165,5,82,Basic Shield,29,7,4,0,1,1,0
WRK07178,Velachery,12.984181,80.223963,2021-06-01,592.0,19,0.144,4,81,Basic Shield,29,9,1,0,1,0,0
WRK07179,Chromepet,12.933789,80.123926,2018-06-01,595.0,24,0.386,6,74,Basic Shield,29,8,2,0,1,0,0
WRK07180,T Nagar,13.025816,80.246333,2016-08-01,549.0,18,0.059,3,83,Basic Shield,29,2,0,0,0,0,0
WRK07181,Anna Nagar,13.091826,80.198163,2024-01-01,343.0,9,0.251,2,85,Basic Shield,29,9,2,0,1,0,0
WRK07182,Chromepet,12.966429,80.158432,2017-02-01,483.0,20,0.367,4,76,Basic Shield,29,10,1,0,1,0,0
WRK07183,Sholinganallur,12.918443,80.228637,2024-06-01,608.0,18,0.425,3,76,Basic Shield,29,2,1,0,0,0,0
WRK07184,Chromepet,12.953523,80.131721,2015-08-01,592.0,24,0.303,2,79,Basic Shield,29,2,2,0,0,0,0
WRK07185,Anna Nagar,13.101147,80.191401,2021-07-01,493.0,13,0.328,3,79,Basic Shield,29,6,1,0,1,0,0
WRK07186,Guindy,13.017354,80.230188,2020-06-01,613.0,22,0.549,10,67,Standard Shield,49,3,0,1,0,0,1
WRK07187,Tambaram,12.90736,80.10268,2019-07-01,400.0,24,0.102,4,80,Basic Shield,29,3,1,0,0,0,0
WRK07188,Porur,13.036672,80.175388,2015-11-01,644.0,19,0.43,5,74,Basic Shield,29,3,1,0,0,0,0
WRK07189,Sholinganallur,12.882815,80.223359,2016-11-01,603.0,10,0.182,2,87,Basic Shield,29,5,2,0,1,0,0
WRK07190,Chromepet,12.959025,80.14232,2017-05-01,582.0,13,0.339,2,81,Basic Shield,29,5,5,0,1,1,0
WRK07191,T Nagar,13.023388,80.248148,2017-02-01,403.0,17,0.355,2,77,Basic Shield,29,10,3,0,1,1,0
WRK07192,T Nagar,13.050773,80.248175,2022-07-01,463.0,15,0.095,0,85,Basic Shield,29,4,1,0,0,0,0
WRK07193,Guindy,13.026587,80.23526,2023-04-01,599.0,14,0.303,5,77,Basic Shield,29,9,3,1,1,1,1
WRK07194,Guindy,13.015388,80.23682,2015-01-01,580.0,14,0.536,5,73,Basic Shield,29,5,1,1,1,0,1
WRK07195,Adyar,12.996416,80.262493,2023-05-01,681.0,24,0.373,2,78,Basic Shield,29,4,1,1,0,0,1
WRK07196,Chromepet,12.968294,80.150538,2016-06-01,591.0,18,0.34,1,80,Basic Shield,29,6,3,0,1,1,0
WRK07197,Chromepet,12.947396,80.157218,2022-07-01,583.0,18,0.189,5,79,Basic Shield,29,3,2,0,0,0,0
WRK07198,Anna Nagar,13.101132,80.22524,2022-01-01,800.0,14,0.085,5,83,Basic Shield,29,5,2,0,1,0,0
WRK07199,Anna Nagar,13.076383,80.199118,2021-12-01,617.0,17,0.164,1,83,Basic Shield,29,6,7,0,1,1,0
WRK07200,Chromepet,12.956075,80.159572,2022-09-01,614.0,15,0.106,3,82,Basic Shield,29,6,3,0,1,1,0
WRK07201,Tambaram,12.912678,80.104267,2015-07-01,561.0,13,0.14,1,86,Basic Shield,29,5,1,0,1,0,0
WRK07202,Anna Nagar,13.074462,80.209098,2021-06-01,586.0,17,0.127,5,80,Basic Shield,29,5,3,0,1,1,0
WRK07203,Anna Nagar,13.087808,80.224115,2016-10-01,552.0,14,0.598,4,72,Basic Shield,29,4,1,0,0,0,0
WRK07204,Perambur,13.122791,80.227133,2016-05-01,694.0,20,0.187,2,82,Basic Shield,29,6,1,0,1,0,0
WRK07205,Tambaram,12.926435,80.093054,2023-04-01,393.0,18,0.178,0,83,Basic Shield,29,3,2,0,0,0,0
WRK07206,Adyar,13.007459,80.270942,2021-05-01,623.0,17,0.117,4,81,Basic Shield,29,7,1,1,1,0,1
WRK07207,Anna Nagar,13.086993,80.215282,2016-06-01,440.0,18,0.451,6,72,Basic Shield,29,2,1,0,0,0,0
WRK07208,Chromepet,12.948268,80.147638,2016-11-01,429.0,19,0.096,4,81,Basic Shield,29,3,2,0,0,0,0
WRK07209,Guindy,12.991949,80.205206,2020-05-01,777.0,18,0.136,3,83,Basic Shield,29,2,4,1,0,1,1
WRK07210,Chromepet,12.934618,80.15909,2022-10-01,684.0,17,0.26,1,82,Basic Shield,29,8,1,0,1,0,0
WRK07211,Sholinganallur,12.898984,80.226611,2018-01-01,650.0,27,0.242,1,82,Basic Shield,29,6,2,0,1,0,0
WRK07212,Adyar,13.005505,80.270997,2022-05-01,634.0,20,0.261,2,80,Basic Shield,29,0,1,1,0,0,1
WRK07213,Tambaram,12.933761,80.105355,2021-12-01,542.0,22,0.092,4,81,Basic Shield,29,8,1,0,1,0,0
WRK07214,Adyar,13.023012,80.257204,2021-02-01,516.0,17,0.258,2,80,Basic Shield,29,3,2,1,0,0,1
WRK07215,Guindy,13.015303,80.216273,2022-06-01,648.0,26,0.298,4,78,Basic Shield,29,0,1,1,0,0,1
WRK07216,Perambur,13.101586,80.244745,2016-02-01,533.0,17,0.534,2,74,Basic Shield,29,5,2,0,1,0,0
WRK07217,Porur,13.025925,80.171371,2019-03-01,472.0,15,0.174,4,79,Basic Shield,29,4,3,0,0,1,0
WRK07218,Porur,13.038144,80.154123,2023-10-01,464.0,20,0.297,3,78,Basic Shield,29,6,2,0,1,0,0
WRK07219,Anna Nagar,13.086889,80.210712,2024-04-01,723.0,13,0.479,2,79,Basic Shield,29,3,3,0,0,1,0
WRK07220,Anna Nagar,13.093258,80.208788,2022-10-01,557.0,21,0.295,1,80,Basic Shield,29,8,4,0,1,1,0
WRK07221,Porur,13.045238,80.150283,2015-08-01,625.0,20,0.061,1,85,Basic Shield,29,10,0,0,1,0,0
WRK07222,Porur,13.03687,80.171215,2020-02-01,464.0,24,0.502,5,72,Basic Shield,29,3,1,0,0,0,0
WRK07223,Adyar,12.995756,80.267057,2023-03-01,423.0,23,0.506,2,74,Basic Shield,29,5,0,1,1,0,1
WRK07224,Sholinganallur,12.914919,80.243481,2016-12-01,663.0,14,0.289,3,80,Basic Shield,29,5,0,0,1,0,0
WRK07225,Guindy,13.012545,80.235853,2024-12-01,644.0,9,0.499,2,82,Basic Shield,29,8,2,1,1,0,1
WRK07226,Velachery,12.997532,80.21913,2022-12-01,617.0,23,0.553,5,72,Basic Shield,29,4,1,0,0,0,0
WRK07227,Perambur,13.120538,80.229297,2023-05-01,497.0,17,0.243,2,80,Basic Shield,29,5,4,0,1,1,0
WRK07228,Anna Nagar,13.074631,80.198337,2017-08-01,613.0,21,0.226,3,80,Basic Shield,29,7,7,0,1,1,0
WRK07229,Chromepet,12.936435,80.158576,2016-05-01,465.0,16,0.283,4,77,Basic Shield,29,9,0,0,1,0,0
WRK07230,Porur,13.047413,80.169976,2019-01-01,472.0,15,0.607,3,72,Basic Shield,29,3,1,0,0,0,0
WRK07231,Adyar,13.008627,80.253576,2016-10-01,876.0,18,0.16,2,84,Basic Shield,29,6,6,1,1,1,1
WRK07232,Velachery,12.982174,80.216479,2022-01-01,430.0,15,0.376,4,75,Basic Shield,29,8,2,0,1,0,0
WRK07233,Tambaram,12.918547,80.099987,2015-01-01,634.0,22,0.32,4,77,Basic Shield,29,5,1,0,1,0,0
WRK07234,Adyar,13.026021,80.247643,2019-07-01,637.0,19,0.399,3,77,Basic Shield,29,6,2,1,1,0,1
WRK07235,T Nagar,13.028414,80.218787,2016-05-01,682.0,24,0.207,1,83,Basic Shield,29,2,5,0,0,1,0
WRK07236,Chromepet,12.944617,80.145693,2017-10-01,627.0,20,0.199,2,82,Basic Shield,29,1,2,0,0,0,0
WRK07237,Adyar,12.988106,80.271741,2019-06-01,506.0,14,0.266,1,82,Basic Shield,29,9,2,1,1,0,1
WRK07238,Guindy,12.991021,80.233103,2015-04-01,951.0,16,0.156,5,81,Basic Shield,29,9,2,1,1,0,1
WRK07239,Guindy,13.001803,80.216688,2017-04-01,444.0,24,0.47,3,74,Basic Shield,29,8,2,1,1,0,1
WRK07240,Tambaram,12.929036,80.114794,2022-12-01,525.0,26,0.28,5,77,Basic Shield,29,7,1,0,1,0,0
WRK07241,T Nagar,13.032866,80.240889,2015-06-01,725.0,20,0.093,3,83,Basic Shield,29,4,0,0,0,0,0
WRK07242,Perambur,13.136557,80.221926,2022-01-01,584.0,22,0.387,2,78,Basic Shield,29,1,1,0,0,0,0
WRK07243,Porur,13.039876,80.176884,2020-04-01,530.0,16,0.206,5,78,Basic Shield,29,4,2,0,0,0,0
WRK07244,Sholinganallur,12.889359,80.226617,2018-08-01,641.0,19,0.288,5,77,Basic Shield,29,10,4,0,1,1,0
WRK07245,T Nagar,13.044081,80.215726,2019-03-01,602.0,18,0.214,2,81,Basic Shield,29,3,2,0,0,0,0
WRK07246,Perambur,13.120724,80.250534,2017-04-01,505.0,22,0.027,2,84,Basic Shield,29,7,3,0,1,1,0
WRK07247,Velachery,12.999844,80.206174,2024-08-01,585.0,12,0.32,5,79,Basic Shield,29,6,4,0,1,1,0
WRK07248,Tambaram,12.910131,80.096672,2018-12-01,614.0,17,0.082,2,84,Basic Shield,29,7,1,0,1,0,0
WRK07249,Anna Nagar,13.092793,80.227137,2016-10-01,574.0,10,0.055,5,86,Basic Shield,29,7,3,0,1,1,0
WRK07250,Chromepet,12.937793,80.128273,2016-11-01,534.0,18,0.115,3,82,Basic Shield,29,3,1,0,0,0,0
WRK07251,Porur,13.016525,80.148465,2015-02-01,708.0,19,0.219,4,80,Basic Shield,29,8,2,0,1,0,0
WRK07252,Perambur,13.121941,80.250181,2015-02-01,642.0,11,0.034,6,85,Basic Shield,29,7,1,0,1,0,0
WRK07253,T Nagar,13.032761,80.218323,2020-12-01,658.0,14,0.048,5,83,Basic Shield,29,6,1,0,1,0,0
WRK07254,T Nagar,13.035909,80.215939,2022-06-01,606.0,17,0.13,2,83,Basic Shield,29,5,1,0,1,0,0
WRK07255,Sholinganallur,12.889655,80.218538,2019-10-01,465.0,21,0.499,3,74,Basic Shield,29,6,1,0,1,0,0
WRK07256,Chromepet,12.931835,80.137314,2018-03-01,626.0,19,0.624,3,72,Basic Shield,29,7,2,0,1,0,0
WRK07257,Guindy,13.003466,80.204089,2017-03-01,813.0,18,0.328,4,78,Basic Shield,29,7,2,1,1,0,1
WRK07258,Guindy,13.021728,80.220814,2016-03-01,513.0,13,0.218,1,84,Basic Shield,29,3,4,1,0,1,1
WRK07259,T Nagar,13.057258,80.219918,2022-02-01,431.0,14,0.284,5,77,Basic Shield,29,4,2,0,0,0,0
WRK07260,Porur,13.028303,80.14859,2015-12-01,368.0,20,0.265,1,80,Basic Shield,29,6,4,0,1,1,0
WRK07261,Anna Nagar,13.084189,80.203879,2020-05-01,431.0,19,0.163,3,80,Basic Shield,29,14,2,0,1,0,0
WRK07262,Sholinganallur,12.8821,80.221615,2023-01-01,688.0,22,0.159,4,81,Basic Shield,29,4,2,0,0,0,0
WRK07263,T Nagar,13.0418,80.230277,2022-01-01,440.0,16,0.288,4,77,Basic Shield,29,4,3,0,0,1,0
WRK07264,Adyar,13.019935,80.259287,2021-12-01,629.0,13,0.513,1,78,Basic Shield,29,11,4,1,1,1,1
WRK07265,Velachery,12.993874,80.205322,2016-08-01,721.0,8,0.512,6,79,Basic Shield,29,6,1,0,1,0,0
WRK07266,T Nagar,13.044148,80.224878,2023-10-01,484.0,20,0.188,1,82,Basic Shield,29,10,1,0,1,0,0
WRK07267,Perambur,13.100645,80.248015,2018-09-01,671.0,15,0.155,1,84,Basic Shield,29,4,2,0,0,0,0
WRK07268,Tambaram,12.918072,80.08841,2024-01-01,647.0,11,0.386,1,83,Basic Shield,29,2,3,0,0,1,0
WRK07269,Porur,13.040145,80.166959,2023-11-01,570.0,23,0.412,4,75,Basic Shield,29,8,2,0,1,0,0
WRK07270,Sholinganallur,12.892216,80.236519,2023-10-01,622.0,21,0.533,5,72,Basic Shield,29,9,0,0,1,0,0
WRK07271,Velachery,12.982659,80.230323,2015-08-01,719.0,17,0.164,0,85,Basic Shield,29,9,3,0,1,1,0
WRK07272,Sholinganallur,12.91368,80.233194,2024-11-01,572.0,21,0.11,3,82,Basic Shield,29,5,2,0,1,0,0
WRK07273,Guindy,13.025935,80.218378,2024-12-01,464.0,25,0.516,3,74,Basic Shield,29,3,1,1,0,0,1
WRK07274,Guindy,13.015651,80.22579,2024-05-01,507.0,24,0.063,4,82,Basic Shield,29,5,3,1,1,1,1
WRK07275,Velachery,12.973881,80.2366,2021-01-01,702.0,14,0.332,3,79,Basic Shield,29,7,2,0,1,0,0
WRK07276,Tambaram,12.911875,80.091713,2016-01-01,739.0,18,0.542,3,74,Basic Shield,29,7,1,0,1,0,0
WRK07277,Perambur,13.109611,80.250289,2015-08-01,476.0,18,0.31,4,77,Basic Shield,29,6,2,0,1,0,0
WRK07278,Chromepet,12.938039,80.14481,2022-05-01,594.0,20,0.569,5,71,Basic Shield,29,3,2,0,0,0,0
WRK07279,Porur,13.0421,80.140959,2020-06-01,587.0,15,0.44,6,73,Basic Shield,29,7,2,0,1,0,0
WRK07280,Tambaram,12.904977,80.109185,2022-06-01,764.0,23,0.317,1,81,Basic Shield,29,4,3,0,0,1,0
WRK07281,T Nagar,13.01961,80.225069,2018-04-01,574.0,22,0.04,8,79,Basic Shield,29,4,3,0,0,1,0
WRK07282,Anna Nagar,13.103183,80.208751,2017-12-01,592.0,13,0.05,5,83,Basic Shield,29,3,0,0,0,0,0
WRK07283,Porur,13.032998,80.168996,2017-01-01,614.0,16,0.029,4,83,Basic Shield,29,2,2,0,0,0,0
WRK07284,Velachery,12.974403,80.208268,2022-11-01,581.0,19,0.132,4,81,Basic Shield,29,1,4,0,0,1,0
WRK07285,Adyar,13.000406,80.240202,2020-06-01,507.0,22,0.232,4,78,Basic Shield,29,5,1,1,1,0,1
WRK07286,Porur,13.022386,80.14565,2019-01-01,573.0,17,0.322,4,77,Basic Shield,29,8,1,0,1,0,0
WRK07287,Chromepet,12.963974,80.146091,2019-11-01,571.0,20,0.427,2,77,Basic Shield,29,7,0,0,1,0,0
WRK07288,Sholinganallur,12.88721,80.213085,2019-03-01,671.0,19,0.206,7,77,Basic Shield,29,3,3,0,0,1,0
WRK07289,Adyar,13.008431,80.239816,2017-02-01,633.0,15,0.069,1,85,Basic Shield,29,4,4,1,0,1,1
WRK07290,Perambur,13.105041,80.248186,2016-07-01,685.0,14,0.046,7,81,Basic Shield,29,13,1,0,1,0,0
WRK07291,Perambur,13.09912,80.23517,2018-04-01,440.0,17,0.055,4,82,Basic Shield,29,3,2,0,0,0,0
WRK07292,T Nagar,13.038641,80.237536,2022-02-01,540.0,14,0.041,6,81,Basic Shield,29,6,0,0,1,0,0
WRK07293,Porur,13.018431,80.146982,2024-05-01,709.0,25,0.11,3,83,Basic Shield,29,6,2,0,1,0,0
WRK07294,T Nagar,13.053749,80.239652,2021-05-01,584.0,10,0.308,2,84,Basic Shield,29,7,2,0,1,0,0
WRK07295,Adyar,13.014012,80.264016,2022-02-01,546.0,17,0.277,2,80,Basic Shield,29,5,3,1,1,1,1
WRK07296,Chromepet,12.935637,80.123679,2016-07-01,569.0,26,0.217,5,78,Basic Shield,29,7,2,0,1,0,0
WRK07297,Adyar,12.995856,80.27058,2019-06-01,414.0,16,0.244,1,81,Basic Shield,29,8,2,1,1,0,1
WRK07298,Adyar,13.005794,80.24722,2017-01-01,595.0,16,0.45,4,74,Basic Shield,29,6,4,1,1,1,1
WRK07299,T Nagar,13.034826,80.239261,2015-01-01,705.0,13,0.334,5,78,Basic Shield,29,5,4,0,1,1,0
WRK07300,Sholinganallur,12.888201,80.212857,2016-10-01,645.0,19,0.453,4,75,Basic Shield,29,7,1,0,1,0,0
WRK07301,Porur,13.052581,80.139406,2015-04-01,403.0,24,0.621,3,71,Basic Shield,29,8,4,0,1,1,0
WRK07302,Velachery,12.970726,80.227311,2018-03-01,528.0,22,0.261,5,77,Basic Shield,29,8,1,0,1,0,0
WRK07303,Tambaram,12.923702,80.109649,2015-08-01,536.0,14,0.308,6,76,Basic Shield,29,4,1,0,0,0,0
WRK07304,Porur,13.036881,80.173429,2018-09-01,703.0,17,0.053,4,83,Basic Shield,29,4,3,0,0,1,0
WRK07305,Porur,13.018871,80.158836,2022-12-01,562.0,17,0.095,3,82,Basic Shield,29,4,0,0,0,0,0
WRK07306,Velachery,12.977971,80.226522,2018-05-01,458.0,9,0.373,1,84,Basic Shield,29,9,1,0,1,0,0
WRK07307,Tambaram,12.93301,80.117785,2021-07-01,588.0,21,0.382,0,80,Basic Shield,29,4,2,0,0,0,0
WRK07308,Perambur,13.131981,80.233586,2017-12-01,567.0,13,0.18,3,83,Basic Shield,29,7,4,0,1,1,0
WRK07309,T Nagar,13.029455,80.218543,2024-09-01,610.0,17,0.335,3,78,Basic Shield,29,6,3,0,1,1,0
WRK07310,Velachery,12.986363,80.215423,2019-08-01,565.0,30,0.293,2,79,Basic Shield,29,7,1,0,1,0,0
WRK07311,Anna Nagar,13.104929,80.223358,2024-02-01,579.0,13,0.239,3,82,Basic Shield,29,5,1,0,1,0,0
WRK07312,Velachery,12.967731,80.227775,2019-01-01,699.0,14,0.356,5,77,Basic Shield,29,6,2,0,1,0,0
WRK07313,Velachery,12.976965,80.21117,2024-07-01,590.0,19,0.244,3,80,Basic Shield,29,7,1,0,1,0,0
WRK07314,Anna Nagar,13.098583,80.204552,2016-06-01,767.0,23,0.503,2,76,Basic Shield,29,7,6,0,1,1,0
WRK07315,Guindy,12.997984,80.218896,2022-06-01,596.0,20,0.141,5,80,Basic Shield,29,6,0,1,1,0,1
WRK07316,Porur,13.027755,80.152364,2020-08-01,746.0,17,0.356,4,77,Basic Shield,29,5,1,0,1,0,0
WRK07317,Sholinganallur,12.906847,80.239919,2016-02-01,707.0,14,0.045,0,88,Basic Shield,29,5,0,0,1,0,0
WRK07318,Anna Nagar,13.099745,80.214732,2015-08-01,532.0,22,0.414,4,75,Basic Shield,29,1,0,0,0,0,0
WRK07319,Perambur,13.131446,80.248099,2022-09-01,655.0,12,0.454,1,81,Basic Shield,29,4,3,0,0,1,0
WRK07320,Chromepet,12.9484,80.139274,2017-07-01,739.0,17,0.436,2,77,Basic Shield,29,4,2,0,0,0,0
WRK07321,Perambur,13.129142,80.226567,2017-01-01,537.0,24,0.07,2,84,Basic Shield,29,6,2,0,1,0,0
WRK07322,Anna Nagar,13.083876,80.212607,2021-08-01,576.0,16,0.051,0,86,Basic Shield,29,9,1,0,1,0,0
WRK07323,Sholinganallur,12.883648,80.232954,2020-04-01,465.0,13,0.334,5,77,Basic Shield,29,3,3,0,0,1,0
WRK07324,T Nagar,13.051218,80.229305,2021-05-01,840.0,16,0.402,3,78,Basic Shield,29,6,2,0,1,0,0
WRK07325,Anna Nagar,13.107846,80.195741,2022-12-01,881.0,11,0.206,2,87,Basic Shield,29,8,1,0,1,0,0
WRK07326,Anna Nagar,13.071235,80.216126,2019-10-01,566.0,11,0.531,5,76,Basic Shield,29,3,2,0,0,0,0
WRK07327,Velachery,12.972943,80.232764,2015-11-01,579.0,10,0.034,3,89,Basic Shield,29,2,4,0,0,1,0
WRK07328,Chromepet,12.964881,80.134291,2023-10-01,516.0,16,0.194,3,80,Basic Shield,29,3,1,0,0,0,0
WRK07329,Tambaram,12.911768,80.095267,2022-08-01,663.0,21,0.375,3,77,Basic Shield,29,5,1,0,1,0,0
WRK07330,Sholinganallur,12.915393,80.209532,2019-11-01,781.0,19,0.548,3,74,Basic Shield,29,4,5,0,0,1,0
WRK07331,Porur,13.023371,80.176633,2015-10-01,418.0,22,0.263,1,80,Basic Shield,29,8,2,0,1,0,0
WRK07332,Porur,13.01896,80.147135,2022-12-01,484.0,16,0.338,2,78,Basic Shield,29,3,2,0,0,0,0
WRK07333,Porur,13.047967,80.151657,2018-09-01,483.0,15,0.446,1,77,Basic Shield,29,6,1,0,1,0,0
WRK07334,T Nagar,13.057339,80.252118,2021-08-01,625.0,14,0.199,2,83,Basic Shield,29,5,1,0,1,0,0
WRK07335,Adyar,12.988399,80.269316,2023-08-01,513.0,18,0.371,2,78,Basic Shield,29,5,1,1,1,0,1
WRK07336,T Nagar,13.01897,80.249184,2019-09-01,525.0,13,0.672,5,71,Basic Shield,29,5,0,0,1,0,0
WRK07337,Adyar,12.99185,80.262354,2022-01-01,433.0,19,0.479,4,73,Basic Shield,29,8,1,1,1,0,1
WRK07338,Porur,13.053656,80.175327,2018-01-01,757.0,20,0.348,3,78,Basic Shield,29,6,2,0,1,0,0
WRK07339,T Nagar,13.048106,80.250296,2022-05-01,583.0,15,0.153,0,84,Basic Shield,29,6,4,0,1,1,0
WRK07340,Chromepet,12.948391,80.139237,2018-06-01,535.0,14,0.266,0,83,Basic Shield,29,4,1,0,0,0,0
WRK07341,T Nagar,13.022371,80.230646,2019-03-01,456.0,17,0.577,3,72,Basic Shield,29,9,1,0,1,0,0
WRK07342,Perambur,13.105363,80.225442,2021-12-01,494.0,20,0.22,1,82,Basic Shield,29,2,1,0,0,0,0
WRK07343,Chromepet,12.941754,80.133625,2019-08-01,698.0,22,0.01,1,87,Basic Shield,29,15,2,0,1,0,0
WRK07344,T Nagar,13.031801,80.224088,2017-07-01,559.0,15,0.302,5,76,Basic Shield,29,5,4,0,1,1,0
WRK07345,Tambaram,12.910887,80.085246,2017-11-01,538.0,21,0.09,7,78,Basic Shield,29,9,1,0,1,0,0
WRK07346,Velachery,12.993259,80.234904,2022-11-01,620.0,12,0.347,0,84,Basic Shield,29,8,1,0,1,0,0
WRK07347,Chromepet,12.94872,80.127182,2019-09-01,472.0,24,0.199,5,78,Basic Shield,29,4,2,0,0,0,0
WRK07348,Velachery,12.999613,80.206901,2021-06-01,673.0,16,0.125,5,80,Basic Shield,29,9,2,0,1,0,0
WRK07349,Sholinganallur,12.914018,80.212509,2016-06-01,598.0,13,0.21,2,83,Basic Shield,29,7,0,0,1,0,0
WRK07350,Guindy,12.996121,80.209656,2016-11-01,604.0,26,0.574,2,74,Basic Shield,29,12,2,1,1,0,1
WRK07351,Porur,13.050916,80.173323,2021-02-01,603.0,23,0.314,3,78,Basic Shield,29,4,1,0,0,0,0
WRK07352,Perambur,13.109275,80.248587,2021-06-01,735.0,14,0.246,1,83,Basic Shield,29,8,3,0,1,1,0
WRK07353,Anna Nagar,13.086864,80.196785,2019-04-01,687.0,13,0.563,3,76,Basic Shield,29,8,0,0,1,0,0
WRK07354,Guindy,13.004202,80.214928,2021-12-01,534.0,17,0.526,3,74,Basic Shield,29,3,2,1,0,0,1
WRK07355,Perambur,13.115162,80.222073,2017-04-01,646.0,14,0.238,5,79,Basic Shield,29,8,1,0,1,0,0
WRK07356,Anna Nagar,13.073242,80.224851,2019-05-01,475.0,17,0.064,7,79,Basic Shield,29,4,2,0,0,0,0
WRK07357,Anna Nagar,13.086366,80.198436,2023-05-01,406.0,14,0.761,6,66,Standard Shield,49,6,3,0,1,1,0
WRK07358,Adyar,13.008925,80.273633,2017-06-01,580.0,9,0.349,0,86,Basic Shield,29,7,3,1,1,1,1
WRK07359,T Nagar,13.030695,80.222637,2021-10-01,674.0,11,0.265,1,86,Basic Shield,29,7,2,0,1,0,0
WRK07360,Porur,13.023484,80.144022,2021-08-01,662.0,21,0.254,3,80,Basic Shield,29,2,1,0,0,0,0
WRK07361,T Nagar,13.0509,80.21475,2019-10-01,595.0,19,0.693,7,67,Standard Shield,49,8,2,0,1,0,0
WRK07362,Anna Nagar,13.103542,80.213687,2015-07-01,583.0,22,0.181,4,80,Basic Shield,29,5,1,0,1,0,0
WRK07363,T Nagar,13.050659,80.230119,2015-11-01,747.0,15,0.38,2,79,Basic Shield,29,6,0,0,1,0,0
WRK07364,Perambur,13.124865,80.233515,2019-11-01,632.0,23,0.305,0,82,Basic Shield,29,7,2,0,1,0,0
WRK07365,Chromepet,12.957893,80.15983,2021-09-01,440.0,23,0.322,4,76,Basic Shield,29,3,2,0,0,0,0
WRK07366,Chromepet,12.968941,80.134002,2021-04-01,502.0,17,0.375,3,77,Basic Shield,29,7,5,0,1,1,0
WRK07367,Tambaram,12.925477,80.107903,2024-06-01,519.0,16,0.419,1,78,Basic Shield,29,7,2,0,1,0,0
WRK07368,Guindy,12.992601,80.233559,2021-11-01,573.0,18,0.174,1,83,Basic Shield,29,4,1,1,0,0,1
WRK07369,Sholinganallur,12.882659,80.234111,2024-11-01,728.0,19,0.479,3,76,Basic Shield,29,5,0,0,1,0,0
WRK07370,Anna Nagar,13.100686,80.204158,2015-12-01,482.0,20,0.152,2,82,Basic Shield,29,5,3,0,1,1,0
WRK07371,Adyar,13.022548,80.239568,2020-03-01,452.0,22,0.125,0,84,Basic Shield,29,3,2,1,0,0,1
WRK07372,Velachery,12.981064,80.235989,2021-09-01,614.0,19,0.118,7,78,Basic Shield,29,1,1,0,0,0,0
WRK07373,Sholinganallur,12.913869,80.239252,2016-10-01,673.0,12,0.109,3,86,Basic Shield,29,6,3,0,1,1,0
WRK07374,Guindy,12.986721,80.202797,2024-11-01,505.0,16,0.335,2,78,Basic Shield,29,7,2,1,1,0,1
WRK07375,Anna Nagar,13.097165,80.217896,2017-11-01,421.0,28,0.572,8,67,Standard Shield,49,8,2,0,1,0,0
WRK07376,Porur,13.022618,80.173206,2016-11-01,680.0,23,0.339,7,74,Basic Shield,29,5,0,0,1,0,0
WRK07377,Chromepet,12.944094,80.138693,2022-09-01,407.0,25,0.567,3,72,Basic Shield,29,6,1,0,1,0,0
WRK07378,T Nagar,13.037425,80.217524,2015-02-01,747.0,15,0.531,3,75,Basic Shield,29,5,1,0,1,0,0
WRK07379,Sholinganallur,12.918696,80.220026,2015-06-01,519.0,27,0.307,2,79,Basic Shield,29,7,1,0,1,0,0
WRK07380,Adyar,13.015214,80.259412,2018-12-01,670.0,20,0.126,4,81,Basic Shield,29,4,3,1,0,1,1
WRK07381,Guindy,13.014837,80.23981,2018-08-01,699.0,16,0.175,10,74,Basic Shield,29,13,5,1,1,1,1
WRK07382,Porur,13.017743,80.142109,2021-08-01,451.0,17,0.328,4,76,Basic Shield,29,14,1,0,1,0,0
WRK07383,T Nagar,13.038828,80.225139,2022-01-01,567.0,17,0.191,4,80,Basic Shield,29,6,1,0,1,0,0
WRK07384,Guindy,13.026424,80.205107,2016-04-01,749.0,13,0.25,0,85,Basic Shield,29,4,1,1,0,0,1
WRK07385,Velachery,12.999468,80.199941,2015-02-01,476.0,25,0.259,6,76,Basic Shield,29,3,2,0,0,0,0
WRK07386,Guindy,12.995619,80.222784,2022-07-01,545.0,19,0.46,1,77,Basic Shield,29,5,4,1,1,1,1
WRK07387,Anna Nagar,13.083601,80.221376,2024-09-01,554.0,17,0.391,4,75,Basic Shield,29,7,2,0,1,0,0
WRK07388,Anna Nagar,13.075684,80.211222,2022-10-01,486.0,16,0.304,1,80,Basic Shield,29,7,1,0,1,0,0
WRK07389,Velachery,12.976522,80.233018,2015-05-01,573.0,23,0.426,2,77,Basic Shield,29,8,2,0,1,0,0
WRK07390,Perambur,13.12618,80.249997,2021-02-01,652.0,20,0.442,1,78,Basic Shield,29,7,3,0,1,1,0
WRK07391,Guindy,13.011051,80.209205,2017-06-01,466.0,15,0.175,2,81,Basic Shield,29,8,2,1,1,0,1
WRK07392,Anna Nagar,13.082629,80.211842,2024-03-01,688.0,16,0.347,4,77,Basic Shield,29,3,0,0,0,0,0
WRK07393,Guindy,13.001922,80.205504,2024-01-01,563.0,16,0.216,6,77,Basic Shield,29,4,1,1,0,0,1
WRK07394,Guindy,12.990524,80.20326,2020-10-01,551.0,15,0.404,1,78,Basic Shield,29,8,3,1,1,1,1
WRK07395,Chromepet,12.951002,80.149248,2022-06-01,510.0,23,0.42,5,74,Basic Shield,29,9,5,0,1,1,0
WRK07396,Porur,13.016586,80.140502,2021-03-01,475.0,22,0.122,4,80,Basic Shield,29,7,2,0,1,0,0
WRK07397,Sholinganallur,12.886107,80.212433,2016-05-01,788.0,22,0.164,2,83,Basic Shield,29,10,2,0,1,0,0
WRK07398,Sholinganallur,12.897441,80.231141,2021-01-01,675.0,15,0.202,5,79,Basic Shield,29,7,1,0,1,0,0
WRK07399,Perambur,13.123117,80.242041,2018-11-01,480.0,16,0.125,4,80,Basic Shield,29,3,3,0,0,1,0
WRK07400,Velachery,12.980554,80.204483,2018-09-01,636.0,21,0.337,4,77,Basic Shield,29,4,2,0,0,0,0
WRK07401,Adyar,12.999468,80.265367,2018-05-01,700.0,18,0.326,2,79,Basic Shield,29,3,0,1,0,0,1
WRK07402,Anna Nagar,13.085137,80.227156,2016-12-01,632.0,20,0.211,5,78,Basic Shield,29,9,7,0,1,1,0
WRK07403,Tambaram,12.941969,80.108181,2015-05-01,615.0,20,0.352,2,79,Basic Shield,29,4,1,0,0,0,0
WRK07404,Velachery,12.979871,80.225625,2021-07-01,436.0,18,0.505,4,73,Basic Shield,29,5,2,0,1,0,0
WRK07405,Sholinganallur,12.89486,80.247764,2020-05-01,624.0,17,0.159,2,82,Basic Shield,29,8,2,0,1,0,0
WRK07406,Tambaram,12.92517,80.118099,2024-05-01,528.0,21,0.363,1,79,Basic Shield,29,7,3,0,1,1,0
WRK07407,Anna Nagar,13.081445,80.226677,2023-12-01,732.0,15,0.483,2,77,Basic Shield,29,4,1,0,0,0,0
WRK07408,Adyar,13.010071,80.239873,2024-02-01,760.0,16,0.193,4,80,Basic Shield,29,8,2,1,1,0,1
WRK07409,Guindy,13.025648,80.225963,2016-06-01,685.0,20,0.203,3,81,Basic Shield,29,7,0,1,1,0,1
WRK07410,T Nagar,13.023028,80.234829,2023-08-01,422.0,20,0.134,4,80,Basic Shield,29,5,4,0,1,1,0
WRK07411,Chromepet,12.936256,80.145121,2023-02-01,606.0,17,0.491,5,73,Basic Shield,29,6,1,0,1,0,0
WRK07412,Porur,13.01832,80.174011,2016-03-01,816.0,25,0.03,4,84,Basic Shield,29,8,1,0,1,0,0
WRK07413,Chromepet,12.950156,80.138295,2015-02-01,742.0,13,0.564,5,74,Basic Shield,29,1,1,0,0,0,0
WRK07414,Guindy,12.991973,80.204867,2024-05-01,630.0,21,0.127,6,79,Basic Shield,29,7,3,1,1,1,1
WRK07415,Perambur,13.129739,80.215917,2024-05-01,505.0,15,0.109,3,82,Basic Shield,29,6,1,0,1,0,0
WRK07416,Guindy,13.000992,80.236697,2018-09-01,576.0,25,0.561,2,74,Basic Shield,29,8,4,1,1,1,1
WRK07417,Perambur,13.112337,80.240027,2020-07-01,715.0,15,0.354,2,79,Basic Shield,29,3,0,0,0,0,0
WRK07418,Adyar,12.988166,80.248283,2020-11-01,767.0,23,0.315,0,82,Basic Shield,29,3,1,1,0,0,1
WRK07419,Porur,13.03012,80.164643,2024-04-01,300.0,31,0.49,1,75,Basic Shield,29,4,2,0,0,0,0
WRK07420,Sholinganallur,12.909958,80.245328,2019-12-01,708.0,17,0.358,6,75,Basic Shield,29,7,2,0,1,0,0
WRK07421,Guindy,13.016702,80.211369,2016-12-01,610.0,19,0.541,2,75,Basic Shield,29,7,1,1,1,0,1
WRK07422,T Nagar,13.036882,80.234454,2022-12-01,796.0,20,0.559,1,76,Basic Shield,29,4,1,0,0,0,0
WRK07423,Chromepet,12.939476,80.131805,2022-12-01,559.0,13,0.063,2,86,Basic Shield,29,5,3,0,1,1,0
WRK07424,T Nagar,13.037117,80.243437,2016-11-01,656.0,17,0.19,4,80,Basic Shield,29,2,2,0,0,0,0
WRK07425,Chromepet,12.970513,80.141675,2015-10-01,552.0,23,0.339,6,74,Basic Shield,29,5,0,0,1,0,0
WRK07426,T Nagar,13.039555,80.237415,2018-07-01,716.0,13,0.552,1,78,Basic Shield,29,8,3,0,1,1,0
WRK07427,Anna Nagar,13.096515,80.227704,2023-12-01,743.0,19,0.014,3,85,Basic Shield,29,11,2,0,1,0,0
WRK07428,Porur,13.024409,80.163599,2021-02-01,666.0,19,0.045,3,84,Basic Shield,29,5,0,0,1,0,0
WRK07429,Chromepet,12.939044,80.128112,2019-03-01,510.0,21,0.172,1,83,Basic Shield,29,7,0,0,1,0,0
WRK07430,Anna Nagar,13.097698,80.218021,2015-12-01,628.0,12,0.174,6,81,Basic Shield,29,3,1,0,0,0,0
WRK07431,Sholinganallur,12.916608,80.233382,2021-11-01,758.0,24,0.302,4,78,Basic Shield,29,6,6,0,1,1,0
WRK07432,T Nagar,13.038612,80.222481,2020-03-01,580.0,18,0.446,1,77,Basic Shield,29,7,2,0,1,0,0
WRK07433,T Nagar,13.019983,80.247225,2024-12-01,593.0,10,0.549,4,77,Basic Shield,29,9,2,0,1,0,0
WRK07434,Velachery,12.9891,80.228078,2023-07-01,582.0,15,0.261,4,78,Basic Shield,29,3,5,0,0,1,0
WRK07435,Anna Nagar,13.100558,80.220721,2023-06-01,813.0,12,0.204,3,84,Basic Shield,29,7,3,0,1,1,0
WRK07436,Sholinganallur,12.910572,80.245404,2021-12-01,570.0,17,0.028,3,84,Basic Shield,29,4,2,0,0,0,0
WRK07437,Chromepet,12.931634,80.154717,2016-08-01,740.0,18,0.515,4,74,Basic Shield,29,5,3,0,1,1,0
WRK07438,Adyar,12.993583,80.260619,2019-01-01,462.0,23,0.364,4,76,Basic Shield,29,8,3,1,1,1,1
WRK07439,Tambaram,12.905706,80.082603,2017-05-01,653.0,23,0.351,4,77,Basic Shield,29,6,2,0,1,0,0
WRK07440,T Nagar,13.018619,80.24477,2015-04-01,633.0,13,0.099,5,83,Basic Shield,29,7,2,0,1,0,0
WRK07441,Guindy,13.012062,80.203529,2015-01-01,666.0,15,0.745,4,69,Standard Shield,49,3,3,1,0,1,1
WRK07442,Guindy,12.987416,80.228188,2018-02-01,551.0,12,0.212,2,84,Basic Shield,29,6,0,1,1,0,1
WRK07443,Perambur,13.136962,80.253669,2016-06-01,324.0,23,0.136,2,81,Basic Shield,29,6,2,0,1,0,0
WRK07444,Velachery,12.993162,80.229408,2018-11-01,813.0,14,0.555,4,74,Basic Shield,29,9,2,0,1,0,0
WRK07445,T Nagar,13.022149,80.250716,2016-04-01,652.0,18,0.453,2,77,Basic Shield,29,9,2,0,1,0,0
WRK07446,Velachery,12.990484,80.200458,2018-06-01,711.0,14,0.238,1,83,Basic Shield,29,8,0,0,1,0,0
WRK07447,Anna Nagar,13.08098,80.227216,2018-08-01,869.0,13,0.384,5,78,Basic Shield,29,6,3,0,1,1,0
WRK07448,Adyar,13.017466,80.251933,2017-01-01,671.0,20,0.192,6,78,Basic Shield,29,3,3,1,0,1,1
WRK07449,Guindy,12.988643,80.213667,2017-09-01,648.0,19,0.171,4,80,Basic Shield,29,2,3,1,0,1,1
WRK07450,Porur,13.022432,80.154742,2020-04-01,639.0,17,0.118,0,85,Basic Shield,29,10,2,0,1,0,0
WRK07451,Velachery,12.984049,80.209216,2023-03-01,447.0,14,0.678,1,73,Basic Shield,29,5,2,0,1,0,0
WRK07452,Guindy,13.026675,80.229349,2016-01-01,522.0,17,0.12,1,84,Basic Shield,29,6,2,1,1,0,1
WRK07453,Guindy,13.014593,80.202225,2017-06-01,635.0,22,0.528,5,72,Basic Shield,29,4,0,1,0,0,1
WRK07454,Velachery,12.987835,80.203637,2020-08-01,720.0,22,0.047,2,85,Basic Shield,29,6,1,0,1,0,0
WRK07455,Adyar,13.007966,80.252672,2022-10-01,827.0,18,0.06,4,83,Basic Shield,29,8,1,1,1,0,1
WRK07456,Chromepet,12.939585,80.159155,2022-07-01,588.0,18,0.09,3,83,Basic Shield,29,6,1,0,1,0,0
WRK07457,Porur,13.035211,80.153567,2022-01-01,677.0,16,0.33,3,78,Basic Shield,29,5,3,0,1,1,0
WRK07458,Sholinganallur,12.89882,80.229314,2015-06-01,570.0,16,0.419,6,73,Basic Shield,29,7,2,0,1,0,0
WRK07459,Adyar,13.011715,80.247533,2016-05-01,585.0,8,0.524,3,81,Basic Shield,29,2,3,1,0,1,1
WRK07460,Velachery,13.000482,80.232686,2018-12-01,640.0,13,0.194,4,82,Basic Shield,29,9,2,0,1,0,0
WRK07461,Adyar,13.025557,80.240103,2016-06-01,508.0,17,0.363,3,77,Basic Shield,29,9,4,1,1,1,1
WRK07462,Anna Nagar,13.099469,80.210129,2018-04-01,721.0,16,0.407,3,77,Basic Shield,29,8,2,0,1,0,0
WRK07463,Chromepet,12.970878,80.151541,2017-08-01,580.0,13,0.33,0,83,Basic Shield,29,5,2,0,1,0,0
WRK07464,Porur,13.049399,80.166879,2015-10-01,722.0,15,0.273,2,81,Basic Shield,29,6,1,0,1,0,0
WRK07465,Tambaram,12.920507,80.082084,2021-02-01,433.0,23,0.152,3,81,Basic Shield,29,9,2,0,1,0,0
WRK07466,Perambur,13.117593,80.233245,2020-05-01,611.0,19,0.218,6,77,Basic Shield,29,2,3,0,0,1,0
WRK07467,T Nagar,13.050699,80.22148,2022-12-01,586.0,18,0.263,1,81,Basic Shield,29,9,2,0,1,0,0
WRK07468,Tambaram,12.922573,80.096634,2020-04-01,586.0,10,0.135,3,87,Basic Shield,29,2,1,0,0,0,0
WRK07469,Tambaram,12.939371,80.102532,2018-09-01,698.0,22,0.461,3,76,Basic Shield,29,0,0,0,0,0,0
WRK07470,Anna Nagar,13.08545,80.20346,2018-05-01,601.0,20,0.078,2,84,Basic Shield,29,9,4,0,1,1,0
WRK07471,Adyar,12.998152,80.260476,2016-01-01,504.0,19,0.539,3,73,Basic Shield,29,4,2,1,0,0,1
WRK07472,Porur,13.037109,80.168727,2017-03-01,745.0,19,0.234,4,80,Basic Shield,29,5,0,0,1,0,0
WRK07473,Velachery,12.997521,80.225895,2018-03-01,799.0,21,0.381,3,78,Basic Shield,29,6,4,0,1,1,0
WRK07474,Sholinganallur,12.891823,80.235678,2022-11-01,320.0,18,0.412,4,74,Basic Shield,29,7,1,0,1,0,0
WRK07475,Adyar,13.000788,80.249195,2019-07-01,622.0,28,0.176,3,81,Basic Shield,29,7,4,1,1,1,1
WRK07476,Perambur,13.107678,80.247666,2018-10-01,633.0,19,0.561,3,73,Basic Shield,29,9,3,0,1,1,0
WRK07477,Chromepet,12.971001,80.131463,2017-11-01,552.0,13,0.62,2,75,Basic Shield,29,4,2,0,0,0,0
WRK07478,T Nagar,13.057283,80.248906,2018-05-01,638.0,18,0.285,6,76,Basic Shield,29,8,3,0,1,1,0
WRK07479,Anna Nagar,13.06974,80.214793,2017-05-01,465.0,12,0.297,2,82,Basic Shield,29,9,1,0,1,0,0
WRK07480,T Nagar,13.024455,80.230244,2021-01-01,497.0,19,0.077,2,83,Basic Shield,29,7,4,0,1,1,0
WRK07481,Guindy,13.019549,80.203893,2023-12-01,460.0,16,0.439,4,74,Basic Shield,29,5,1,1,1,0,1
WRK07482,T Nagar,13.027972,80.227197,2019-04-01,488.0,24,0.061,2,84,Basic Shield,29,3,2,0,0,0,0
WRK07483,Porur,13.036759,80.151687,2020-01-01,775.0,16,0.307,4,78,Basic Shield,29,6,2,0,1,0,0
WRK07484,Perambur,13.132011,80.232162,2022-02-01,419.0,18,0.07,4,81,Basic Shield,29,6,3,0,1,1,0
WRK07485,Tambaram,12.907745,80.114222,2024-08-01,770.0,22,0.187,2,83,Basic Shield,29,7,1,0,1,0,0
WRK07486,Adyar,13.00081,80.236494,2022-02-01,602.0,17,0.264,2,80,Basic Shield,29,9,2,1,1,0,1
WRK07487,Guindy,12.997198,80.209394,2024-10-01,742.0,18,0.584,0,77,Basic Shield,29,12,1,1,1,0,1
WRK07488,Perambur,13.119418,80.234576,2019-08-01,507.0,15,0.279,3,78,Basic Shield,29,9,1,0,1,0,0
WRK07489,Adyar,12.993655,80.268946,2016-06-01,692.0,7,0.191,6,86,Basic Shield,29,3,2,1,0,0,1
WRK07490,Velachery,12.967364,80.2247,2015-02-01,425.0,18,0.425,3,75,Basic Shield,29,5,0,0,1,0,0
WRK07491,Porur,13.028256,80.157821,2019-03-01,621.0,23,0.143,2,83,Basic Shield,29,7,1,0,1,0,0
WRK07492,Perambur,13.128518,80.250257,2022-08-01,627.0,20,0.436,2,77,Basic Shield,29,6,3,0,1,1,0
WRK07493,Tambaram,12.90772,80.090389,2022-12-01,507.0,25,0.63,5,69,Standard Shield,49,5,4,0,1,1,0
WRK07494,Chromepet,12.956657,80.152769,2016-10-01,678.0,24,0.343,3,78,Basic Shield,29,7,0,0,1,0,0
WRK07495,Chromepet,12.96264,80.147564,2018-03-01,502.0,13,0.53,2,76,Basic Shield,29,3,0,0,0,0,0
WRK07496,Adyar,13.020324,80.236296,2015-02-01,656.0,19,0.057,1,86,Basic Shield,29,8,3,1,1,1,1
WRK07497,Chromepet,12.946073,80.122967,2023-01-01,665.0,18,0.127,3,82,Basic Shield,29,3,1,0,0,0,0
WRK07498,Anna Nagar,13.070665,80.227882,2020-09-01,607.0,12,0.194,4,83,Basic Shield,29,4,2,0,0,0,0
WRK07499,Porur,13.017891,80.170339,2019-10-01,625.0,27,0.164,4,80,Basic Shield,29,4,2,0,0,0,0
WRK07500,Velachery,12.982841,80.21731,2016-07-01,590.0,20,0.516,1,76,Basic Shield,29,7,1,0,1,0,0
WRK07501,Chromepet,12.937762,80.138278,2017-01-01,636.0,16,0.577,2,74,Basic Shield,29,3,3,0,0,1,0
WRK07502,T Nagar,13.018478,80.234904,2015-06-01,656.0,16,0.358,7,74,Basic Shield,29,10,3,0,1,1,0
WRK07503,Tambaram,12.910586,80.100371,2024-12-01,589.0,21,0.129,2,83,Basic Shield,29,4,1,0,0,0,0
WRK07504,Adyar,13.004066,80.247927,2016-07-01,660.0,21,0.161,3,82,Basic Shield,29,6,1,1,1,0,1
WRK07505,Sholinganallur,12.882457,80.22267,2015-05-01,690.0,19,0.124,4,81,Basic Shield,29,6,0,0,1,0,0
WRK07506,Velachery,12.992073,80.235058,2017-03-01,680.0,17,0.248,2,81,Basic Shield,29,3,1,0,0,0,0
WRK07507,Porur,13.023686,80.164352,2021-02-01,668.0,17,0.501,4,74,Basic Shield,29,4,3,0,0,1,0
WRK07508,Adyar,13.019018,80.260635,2022-02-01,512.0,20,0.032,2,84,Basic Shield,29,5,1,1,1,0,1
WRK07509,Chromepet,12.956984,80.126781,2021-08-01,708.0,17,0.427,4,76,Basic Shield,29,3,1,0,0,0,0
WRK07510,Chromepet,12.954503,80.12874,2016-03-01,856.0,19,0.354,3,79,Basic Shield,29,6,2,0,1,0,0
WRK07511,Anna Nagar,13.082063,80.195037,2023-02-01,444.0,20,0.059,3,83,Basic Shield,29,2,3,0,0,1,0
WRK07512,Adyar,12.99298,80.246752,2021-10-01,789.0,13,0.437,2,80,Basic Shield,29,10,2,1,1,0,1
WRK07513,Adyar,12.999012,80.267281,2016-06-01,561.0,22,0.196,2,81,Basic Shield,29,9,3,1,1,1,1
WRK07514,Sholinganallur,12.902079,80.241255,2024-05-01,698.0,18,0.113,6,80,Basic Shield,29,4,2,0,0,0,0
WRK07515,Porur,13.05082,80.175364,2024-09-01,560.0,19,0.371,0,80,Basic Shield,29,5,2,0,1,0,0
WRK07516,Chromepet,12.939021,80.142346,2016-10-01,440.0,15,0.324,2,78,Basic Shield,29,4,1,0,0,0,0
WRK07517,Adyar,12.98769,80.246879,2023-06-01,469.0,19,0.428,3,75,Basic Shield,29,8,2,1,1,0,1
WRK07518,Anna Nagar,13.07139,80.214313,2019-12-01,598.0,17,0.134,3,82,Basic Shield,29,2,3,0,0,1,0
WRK07519,Porur,13.054301,80.138167,2018-10-01,506.0,24,0.089,1,84,Basic Shield,29,6,2,0,1,0,0
WRK07520,T Nagar,13.051294,80.248735,2018-10-01,697.0,22,0.158,2,83,Basic Shield,29,4,1,0,0,0,0
WRK07521,Sholinganallur,12.91748,80.235984,2024-05-01,504.0,17,0.102,4,81,Basic Shield,29,6,2,0,1,0,0
WRK07522,Adyar,13.017296,80.265732,2022-08-01,635.0,21,0.231,2,81,Basic Shield,29,7,3,1,1,1,1
WRK07523,Guindy,13.001781,80.237434,2015-01-01,653.0,14,0.053,3,85,Basic Shield,29,5,3,1,1,1,1
WRK07524,Chromepet,12.949494,80.132787,2019-07-01,483.0,15,0.104,3,82,Basic Shield,29,5,2,0,1,0,0
WRK07525,Chromepet,12.947206,80.137942,2024-02-01,614.0,16,0.348,3,78,Basic Shield,29,5,3,0,1,1,0
WRK07526,Velachery,12.994931,80.202898,2017-06-01,536.0,24,0.516,2,75,Basic Shield,29,5,0,0,1,0,0
WRK07527,Chromepet,12.93901,80.144442,2023-10-01,665.0,14,0.368,3,78,Basic Shield,29,5,1,0,1,0,0
WRK07528,Porur,13.032569,80.143142,2016-01-01,779.0,12,0.34,0,85,Basic Shield,29,4,3,0,0,1,0
WRK07529,Tambaram,12.928776,80.105579,2019-10-01,759.0,19,0.378,4,77,Basic Shield,29,4,2,0,0,0,0
WRK07530,Velachery,12.977724,80.215924,2018-10-01,446.0,12,0.194,4,82,Basic Shield,29,7,1,0,1,0,0
WRK07531,Guindy,13.020483,80.23717,2020-05-01,624.0,16,0.113,1,84,Basic Shield,29,10,1,1,1,0,1
WRK07532,Anna Nagar,13.103358,80.220823,2019-06-01,695.0,23,0.349,5,76,Basic Shield,29,6,3,0,1,1,0
WRK07533,Porur,13.03899,80.137311,2020-12-01,549.0,20,0.405,3,76,Basic Shield,29,11,2,0,1,0,0
WRK07534,Anna Nagar,13.076582,80.210774,2017-05-01,430.0,20,0.069,2,83,Basic Shield,29,10,1,0,1,0,0
WRK07535,Chromepet,12.967808,80.130515,2015-11-01,702.0,23,0.603,4,72,Basic Shield,29,3,0,0,0,0,0
WRK07536,Guindy,13.018976,80.202434,2018-08-01,500.0,25,0.273,6,76,Basic Shield,29,2,3,1,0,1,1
WRK07537,Porur,13.032263,80.173547,2018-12-01,803.0,20,0.216,3,81,Basic Shield,29,4,2,0,0,0,0
WRK07538,Adyar,12.999276,80.252138,2018-08-01,764.0,21,0.629,2,74,Basic Shield,29,6,2,1,1,0,1
WRK07539,Chromepet,12.968229,80.147489,2015-06-01,616.0,14,0.197,3,82,Basic Shield,29,7,4,0,1,1,0
WRK07540,Perambur,13.099488,80.22182,2023-11-01,617.0,18,0.237,2,81,Basic Shield,29,8,1,0,1,0,0
WRK07541,Adyar,12.995319,80.268777,2023-06-01,416.0,18,0.257,6,75,Basic Shield,29,4,1,1,0,0,1
WRK07542,Chromepet,12.935143,80.126475,2017-11-01,614.0,18,0.15,4,81,Basic Shield,29,4,6,0,0,1,0
WRK07543,Tambaram,12.925644,80.085697,2015-11-01,695.0,21,0.467,1,78,Basic Shield,29,5,2,0,1,0,0
WRK07544,Adyar,12.995473,80.276046,2015-08-01,606.0,16,0.151,1,84,Basic Shield,29,5,2,1,1,0,1
WRK07545,Guindy,12.986966,80.222758,2022-02-01,622.0,13,0.395,2,80,Basic Shield,29,11,4,1,1,1,1
WRK07546,Adyar,13.016868,80.249378,2022-11-01,775.0,31,0.249,2,81,Basic Shield,29,8,4,1,1,1,1
WRK07547,T Nagar,13.020493,80.228501,2024-03-01,845.0,23,0.274,4,79,Basic Shield,29,8,0,0,1,0,0
WRK07548,Adyar,13.019822,80.243476,2018-09-01,619.0,21,0.168,2,82,Basic Shield,29,9,3,1,1,1,1
WRK07549,Chromepet,12.943964,80.161855,2017-08-01,725.0,12,0.301,2,83,Basic Shield,29,6,1,0,1,0,0
WRK07550,Porur,13.031925,80.14442,2017-10-01,654.0,13,0.248,5,80,Basic Shield,29,6,3,0,1,1,0
WRK07551,Sholinganallur,12.906727,80.225964,2023-12-01,469.0,17,0.241,3,79,Basic Shield,29,9,1,0,1,0,0
WRK07552,Porur,13.025752,80.173039,2022-04-01,634.0,15,0.106,3,83,Basic Shield,29,6,1,0,1,0,0
WRK07553,T Nagar,13.035307,80.246678,2021-10-01,642.0,17,0.036,3,84,Basic Shield,29,7,2,0,1,0,0
WRK07554,Tambaram,12.931609,80.092837,2017-12-01,670.0,13,0.241,1,84,Basic Shield,29,5,3,0,1,1,0
WRK07555,Sholinganallur,12.919099,80.221216,2020-11-01,464.0,12,0.217,3,82,Basic Shield,29,8,1,0,1,0,0
WRK07556,Guindy,13.007245,80.218503,2020-08-01,671.0,22,0.368,3,77,Basic Shield,29,5,1,1,1,0,1
WRK07557,T Nagar,13.037622,80.253075,2015-03-01,876.0,15,0.244,3,81,Basic Shield,29,4,2,0,0,0,0
WRK07558,Guindy,13.015161,80.205249,2020-05-01,531.0,20,0.359,5,75,Basic Shield,29,3,4,1,0,1,1
WRK07559,Porur,13.028208,80.155556,2024-04-01,405.0,14,0.252,2,80,Basic Shield,29,6,5,0,1,1,0
WRK07560,Guindy,13.021105,80.215344,2024-09-01,622.0,17,0.233,6,77,Basic Shield,29,4,0,1,0,0,1
WRK07561,T Nagar,13.03209,80.253556,2022-06-01,825.0,17,0.216,3,81,Basic Shield,29,3,3,0,0,1,0
WRK07562,Velachery,12.986759,80.236189,2017-10-01,773.0,10,0.681,2,78,Basic Shield,29,5,2,0,1,0,0
WRK07563,Adyar,12.987541,80.272237,2017-01-01,703.0,20,0.458,3,76,Basic Shield,29,8,2,1,1,0,1
WRK07564,Sholinganallur,12.888455,80.237718,2022-06-01,568.0,18,0.447,3,75,Basic Shield,29,3,2,0,0,0,0
WRK07565,Chromepet,12.967687,80.128506,2020-01-01,591.0,19,0.063,3,83,Basic Shield,29,5,3,0,1,1,0
WRK07566,Adyar,12.998592,80.249783,2022-11-01,578.0,15,0.412,0,79,Basic Shield,29,6,3,1,1,1,1
WRK07567,T Nagar,13.018908,80.221582,2015-10-01,597.0,20,0.367,5,75,Basic Shield,29,3,1,0,0,0,0
WRK07568,Adyar,13.022916,80.237547,2024-08-01,611.0,18,0.231,2,81,Basic Shield,29,6,4,1,1,1,1
WRK07569,Anna Nagar,13.074032,80.213593,2023-11-01,571.0,24,0.443,1,77,Basic Shield,29,6,3,0,1,1,0
WRK07570,T Nagar,13.030911,80.247615,2018-02-01,541.0,17,0.376,4,76,Basic Shield,29,10,0,0,1,0,0
WRK07571,Tambaram,12.928385,80.093198,2022-03-01,558.0,18,0.067,1,85,Basic Shield,29,10,1,0,1,0,0
WRK07572,Velachery,12.969499,80.227582,2022-08-01,510.0,24,0.121,2,83,Basic Shield,29,5,4,0,1,1,0
WRK07573,Adyar,13.012422,80.267433,2019-12-01,598.0,21,0.402,2,77,Basic Shield,29,8,2,1,1,0,1
WRK07574,Sholinganallur,12.883357,80.247876,2015-08-01,569.0,19,0.191,2,82,Basic Shield,29,6,2,0,1,0,0
WRK07575,Guindy,12.993529,80.220607,2023-11-01,615.0,13,0.431,2,79,Basic Shield,29,3,0,1,0,0,1
WRK07576,Guindy,13.0248,80.221175,2019-02-01,710.0,12,0.421,1,82,Basic Shield,29,10,4,1,1,1,1
WRK07577,Adyar,12.995192,80.253912,2019-11-01,497.0,14,0.321,4,78,Basic Shield,29,8,1,1,1,0,1
WRK07578,Adyar,12.988278,80.256706,2018-04-01,781.0,16,0.243,2,82,Basic Shield,29,5,2,1,1,0,1
WRK07579,Porur,13.041126,80.142562,2018-01-01,588.0,21,0.73,2,71,Basic Shield,29,5,2,0,1,0,0
WRK07580,Velachery,12.983937,80.22873,2021-02-01,454.0,11,0.249,3,83,Basic Shield,29,7,2,0,1,0,0
WRK07581,Perambur,13.125529,80.244689,2022-05-01,808.0,19,0.477,1,78,Basic Shield,29,2,3,0,0,1,0
WRK07582,Guindy,12.991367,80.234084,2024-02-01,690.0,17,0.182,3,81,Basic Shield,29,3,0,1,0,0,1
WRK07583,Velachery,12.994059,80.2009,2015-03-01,572.0,17,0.087,5,81,Basic Shield,29,3,4,0,0,1,0
WRK07584,Guindy,12.988326,80.211912,2020-01-01,509.0,16,0.273,3,79,Basic Shield,29,5,3,1,1,1,1
WRK07585,Guindy,13.015349,80.223444,2021-01-01,741.0,16,0.183,0,85,Basic Shield,29,4,0,1,0,0,1
WRK07586,Adyar,13.003675,80.242218,2023-05-01,518.0,23,0.042,7,79,Basic Shield,29,8,3,1,1,1,1
WRK07587,Anna Nagar,13.083358,80.222238,2018-07-01,808.0,19,0.141,2,84,Basic Shield,29,5,1,0,1,0,0
WRK07588,Velachery,12.973749,80.200726,2023-11-01,717.0,19,0.102,1,85,Basic Shield,29,9,2,0,1,0,0
WRK07589,Chromepet,12.9448,80.154964,2017-09-01,636.0,14,0.673,4,71,Basic Shield,29,4,1,0,0,0,0
WRK07590,Guindy,13.022114,80.239339,2020-06-01,589.0,17,0.245,2,81,Basic Shield,29,7,0,1,1,0,1
WRK07591,Tambaram,12.924935,80.099365,2023-05-01,599.0,20,0.118,2,83,Basic Shield,29,8,4,0,1,1,0
WRK07592,Perambur,13.12125,80.242386,2023-06-01,740.0,22,0.315,4,78,Basic Shield,29,5,1,0,1,0,0
WRK07593,Anna Nagar,13.088615,80.219105,2023-09-01,541.0,14,0.144,2,83,Basic Shield,29,4,4,0,0,1,0
WRK07594,Velachery,12.988883,80.215095,2020-11-01,562.0,13,0.181,6,80,Basic Shield,29,6,1,0,1,0,0
WRK07595,T Nagar,13.053425,80.237476,2021-04-01,506.0,18,0.345,1,79,Basic Shield,29,3,0,0,0,0,0
WRK07596,T Nagar,13.026491,80.223304,2017-09-01,579.0,19,0.137,3,82,Basic Shield,29,5,1,0,1,0,0
WRK07597,Anna Nagar,13.078996,80.229808,2021-11-01,833.0,20,0.257,2,82,Basic Shield,29,8,0,0,1,0,0
WRK07598,Tambaram,12.905698,80.092716,2020-08-01,624.0,21,0.541,6,71,Basic Shield,29,8,2,0,1,0,0
WRK07599,Tambaram,12.923807,80.115085,2015-10-01,653.0,21,0.135,4,81,Basic Shield,29,8,4,0,1,1,0
WRK07600,Anna Nagar,13.08955,80.201387,2023-02-01,486.0,15,0.236,6,76,Basic Shield,29,7,0,0,1,0,0
WRK07601,Tambaram,12.910009,80.086111,2015-06-01,517.0,16,0.169,0,84,Basic Shield,29,5,4,0,1,1,0
WRK07602,Perambur,13.126094,80.243634,2021-12-01,678.0,22,0.066,3,84,Basic Shield,29,4,4,0,0,1,0
WRK07603,Adyar,12.994732,80.237869,2024-06-01,605.0,9,0.31,1,86,Basic Shield,29,6,4,1,1,1,1
WRK07604,Perambur,13.123261,80.249364,2019-06-01,643.0,20,0.223,1,82,Basic Shield,29,7,2,0,1,0,0
WRK07605,Anna Nagar,13.08116,80.196378,2023-08-01,594.0,20,0.33,5,76,Basic Shield,29,7,2,0,1,0,0
WRK07606,Porur,13.024203,80.146368,2015-10-01,698.0,15,0.266,6,77,Basic Shield,29,10,1,0,1,0,0
WRK07607,Guindy,13.023367,80.239543,2018-05-01,503.0,20,0.2,2,81,Basic Shield,29,4,3,1,0,1,1
WRK07608,Porur,13.048653,80.163298,2023-12-01,454.0,19,0.535,5,71,Basic Shield,29,7,2,0,1,0,0
WRK07609,Perambur,13.1297,80.240099,2021-05-01,659.0,23,0.437,1,78,Basic Shield,29,4,4,0,0,1,0
WRK07610,Chromepet,12.943254,80.131388,2022-02-01,600.0,14,0.195,4,81,Basic Shield,29,3,2,0,0,0,0
WRK07611,Guindy,12.991536,80.234853,2022-07-01,684.0,14,0.295,3,80,Basic Shield,29,6,5,1,1,1,1
WRK07612,Anna Nagar,13.086181,80.194109,2022-02-01,619.0,13,0.18,4,82,Basic Shield,29,9,2,0,1,0,0
WRK07613,Adyar,13.007502,80.25538,2022-01-01,721.0,18,0.196,3,81,Basic Shield,29,4,0,1,0,0,1
WRK07614,Velachery,12.974168,80.237123,2020-06-01,569.0,15,0.368,2,78,Basic Shield,29,6,3,0,1,1,0
WRK07615,Velachery,12.992384,80.211517,2020-04-01,442.0,14,0.573,3,73,Basic Shield,29,7,2,0,1,0,0
WRK07616,Sholinganallur,12.906837,80.24741,2015-08-01,783.0,14,0.381,2,80,Basic Shield,29,4,3,0,0,1,0
WRK07617,T Nagar,13.02623,80.23283,2017-08-01,626.0,15,0.181,3,81,Basic Shield,29,7,1,0,1,0,0
WRK07618,T Nagar,13.028286,80.245094,2017-01-01,712.0,23,0.31,4,78,Basic Shield,29,3,4,0,0,1,0
WRK07619,Chromepet,12.94075,80.162291,2018-06-01,690.0,16,0.203,2,82,Basic Shield,29,4,7,0,0,1,0
WRK07620,Tambaram,12.935934,80.105094,2024-09-01,569.0,15,0.217,4,79,Basic Shield,29,9,0,0,1,0,0
WRK07621,Velachery,13.000643,80.221168,2016-05-01,512.0,10,0.265,6,81,Basic Shield,29,6,3,0,1,1,0
WRK07622,Anna Nagar,13.080029,80.198944,2021-07-01,679.0,24,0.137,0,85,Basic Shield,29,5,1,0,1,0,0
WRK07623,Sholinganallur,12.90508,80.245935,2021-08-01,577.0,11,0.369,5,79,Basic Shield,29,9,2,0,1,0,0
WRK07624,T Nagar,13.040437,80.249313,2018-03-01,628.0,16,0.729,2,71,Basic Shield,29,6,1,0,1,0,0
WRK07625,Tambaram,12.913824,80.110105,2018-02-01,425.0,15,0.31,4,76,Basic Shield,29,5,5,0,1,1,0
WRK07626,Sholinganallur,12.885857,80.227409,2015-05-01,608.0,22,0.062,3,83,Basic Shield,29,6,0,0,1,0,0
WRK07627,Porur,13.056472,80.147878,2015-03-01,466.0,25,0.22,0,82,Basic Shield,29,5,4,0,1,1,0
WRK07628,Chromepet,12.968055,80.155033,2020-03-01,646.0,18,0.569,2,74,Basic Shield,29,5,3,0,1,1,0
WRK07629,Porur,13.055363,80.167651,2018-02-01,592.0,20,0.173,0,84,Basic Shield,29,7,0,0,1,0,0
WRK07630,Velachery,12.977274,80.225247,2017-11-01,602.0,15,0.38,2,78,Basic Shield,29,5,3,0,1,1,0
WRK07631,Porur,13.054156,80.160471,2018-02-01,580.0,13,0.495,2,78,Basic Shield,29,7,2,0,1,0,0
WRK07632,Guindy,13.015392,80.209255,2015-04-01,505.0,21,0.334,2,78,Basic Shield,29,6,3,1,1,1,1
WRK07633,Velachery,12.989311,80.218546,2020-05-01,551.0,14,0.453,1,78,Basic Shield,29,1,2,0,0,0,0
WRK07634,Porur,13.045237,80.166106,2019-10-01,492.0,11,0.377,1,82,Basic Shield,29,3,0,0,0,0,0
WRK07635,Anna Nagar,13.091306,80.213427,2015-08-01,501.0,16,0.155,2,82,Basic Shield,29,2,3,0,0,1,0
WRK07636,Anna Nagar,13.079499,80.19739,2019-04-01,851.0,18,0.318,2,80,Basic Shield,29,5,1,0,1,0,0
WRK07637,Tambaram,12.935635,80.080176,2015-10-01,548.0,17,0.428,2,77,Basic Shield,29,7,0,0,1,0,0
WRK07638,Chromepet,12.970479,80.135323,2024-09-01,603.0,26,0.005,4,83,Basic Shield,29,5,1,0,1,0,0
WRK07639,Anna Nagar,13.089116,80.222662,2022-05-01,305.0,24,0.258,3,78,Basic Shield,29,9,3,0,1,1,0
WRK07640,Velachery,12.989267,80.209821,2023-12-01,731.0,16,0.321,1,81,Basic Shield,29,5,2,0,1,0,0
WRK07641,Tambaram,12.912931,80.119267,2020-07-01,711.0,15,0.25,1,82,Basic Shield,29,7,2,0,1,0,0
WRK07642,Perambur,13.122398,80.215962,2024-04-01,462.0,21,0.337,1,79,Basic Shield,29,6,0,0,1,0,0
WRK07643,Porur,13.017757,80.167689,2023-08-01,450.0,19,0.11,1,84,Basic Shield,29,8,1,0,1,0,0
WRK07644,Tambaram,12.944438,80.099641,2020-11-01,689.0,13,0.527,1,78,Basic Shield,29,7,0,0,1,0,0
WRK07645,Velachery,12.998353,80.203908,2021-12-01,690.0,17,0.217,3,81,Basic Shield,29,12,2,0,1,0,0
WRK07646,Sholinganallur,12.883822,80.241313,2018-06-01,431.0,19,0.136,5,79,Basic Shield,29,5,0,0,1,0,0
WRK07647,Anna Nagar,13.078861,80.204066,2015-02-01,707.0,20,0.334,4,77,Basic Shield,29,3,4,0,0,1,0
WRK07648,Anna Nagar,13.07643,80.191517,2016-02-01,754.0,15,0.092,2,84,Basic Shield,29,2,5,0,0,1,0
WRK07649,Porur,13.028792,80.159819,2017-12-01,492.0,16,0.263,3,79,Basic Shield,29,6,3,0,1,1,0
WRK07650,T Nagar,13.024578,80.251721,2019-09-01,624.0,20,0.204,4,80,Basic Shield,29,10,0,0,1,0,0
WRK07651,Guindy,13.023601,80.22045,2017-01-01,565.0,15,0.207,0,83,Basic Shield,29,1,1,1,0,0,1
WRK07652,Chromepet,12.94817,80.145244,2019-11-01,300.0,16,0.398,2,76,Basic Shield,29,1,2,0,0,0,0
WRK07653,Porur,13.024642,80.14401,2023-12-01,712.0,18,0.344,2,79,Basic Shield,29,8,0,0,1,0,0
WRK07654,Porur,13.035157,80.164251,2023-09-01,586.0,17,0.319,3,78,Basic Shield,29,5,2,0,1,0,0
WRK07655,Adyar,13.016835,80.251685,2021-12-01,617.0,16,0.26,3,79,Basic Shield,29,5,2,1,1,0,1
WRK07656,Adyar,13.019781,80.247011,2017-12-01,634.0,19,0.244,1,82,Basic Shield,29,5,2,1,1,0,1
WRK07657,Adyar,12.989841,80.270049,2017-08-01,541.0,20,0.091,4,81,Basic Shield,29,9,0,1,1,0,1
WRK07658,Tambaram,12.930984,80.100948,2024-05-01,629.0,17,0.037,3,84,Basic Shield,29,3,3,0,0,1,0
WRK07659,Porur,13.051594,80.14703,2017-08-01,562.0,15,0.402,4,75,Basic Shield,29,7,1,0,1,0,0
WRK07660,Sholinganallur,12.896731,80.221555,2024-01-01,521.0,17,0.318,2,79,Basic Shield,29,7,2,0,1,0,0
WRK07661,Adyar,13.016952,80.242452,2016-09-01,680.0,18,0.567,1,76,Basic Shield,29,7,3,1,1,1,1
WRK07662,Chromepet,12.968927,80.138432,2015-09-01,453.0,24,0.257,1,81,Basic Shield,29,7,3,0,1,1,0
WRK07663,Anna Nagar,13.086447,80.221502,2020-05-01,427.0,20,0.661,1,72,Basic Shield,29,5,2,0,1,0,0
WRK07664,Perambur,13.10859,80.216803,2016-04-01,605.0,16,0.224,0,83,Basic Shield,29,3,2,0,0,0,0
WRK07665,Perambur,13.119548,80.229201,2023-12-01,580.0,16,0.179,3,81,Basic Shield,29,2,1,0,0,0,0
WRK07666,Anna Nagar,13.097026,80.210809,2023-11-01,748.0,17,0.386,3,78,Basic Shield,29,5,3,0,1,1,0
WRK07667,Porur,13.048942,80.174177,2021-05-01,913.0,20,0.215,3,82,Basic Shield,29,12,2,0,1,0,0
WRK07668,Guindy,13.01881,80.224488,2016-03-01,439.0,14,0.146,2,83,Basic Shield,29,12,3,1,1,1,1
WRK07669,Anna Nagar,13.100166,80.199215,2024-04-01,757.0,13,0.015,0,90,Basic Shield,29,2,2,0,0,0,0
WRK07670,Adyar,12.996208,80.263042,2020-10-01,672.0,16,0.182,3,81,Basic Shield,29,5,2,1,1,0,1
WRK07671,Guindy,12.989984,80.230146,2018-12-01,793.0,16,0.256,0,83,Basic Shield,29,9,2,1,1,0,1
WRK07672,Sholinganallur,12.889758,80.239908,2015-05-01,477.0,18,0.385,3,76,Basic Shield,29,9,1,0,1,0,0
WRK07673,Anna Nagar,13.079438,80.220245,2021-04-01,923.0,17,0.357,3,79,Basic Shield,29,6,2,0,1,0,0
WRK07674,Anna Nagar,13.10254,80.225835,2023-04-01,771.0,19,0.2,2,82,Basic Shield,29,6,3,0,1,1,0
WRK07675,Tambaram,12.935497,80.114049,2016-08-01,488.0,23,0.468,2,76,Basic Shield,29,7,1,0,1,0,0
WRK07676,T Nagar,13.025826,80.249293,2016-07-01,615.0,24,0.094,2,84,Basic Shield,29,9,2,0,1,0,0
WRK07677,Adyar,13.025721,80.26444,2020-04-01,659.0,19,0.485,6,72,Basic Shield,29,2,0,1,0,0,1
WRK07678,Sholinganallur,12.914004,80.209008,2024-09-01,614.0,25,0.707,2,71,Basic Shield,29,3,4,0,0,1,0
WRK07679,Adyar,12.999529,80.262419,2019-03-01,539.0,16,0.189,2,81,Basic Shield,29,9,2,1,1,0,1
WRK07680,Velachery,12.9616,80.206441,2024-02-01,498.0,26,0.163,1,83,Basic Shield,29,11,5,0,1,1,0
WRK07681,Chromepet,12.955267,80.146986,2019-07-01,524.0,15,0.473,7,71,Basic Shield,29,5,4,0,1,1,0
WRK07682,Porur,13.04458,80.176064,2020-03-01,652.0,22,0.147,3,82,Basic Shield,29,7,3,0,1,1,0
WRK07683,Sholinganallur,12.903897,80.208103,2024-03-01,547.0,19,0.105,5,80,Basic Shield,29,6,2,0,1,0,0
WRK07684,Sholinganallur,12.88746,80.216932,2023-06-01,449.0,19,0.093,3,82,Basic Shield,29,6,2,0,1,0,0
WRK07685,Adyar,12.987752,80.257278,2019-04-01,599.0,23,0.305,0,81,Basic Shield,29,8,2,1,1,0,1
WRK07686,Porur,13.016736,80.168372,2020-12-01,582.0,17,0.201,6,77,Basic Shield,29,10,2,0,1,0,0
WRK07687,Anna Nagar,13.090542,80.21145,2015-03-01,541.0,18,0.491,6,71,Basic Shield,29,9,0,0,1,0,0
WRK07688,Adyar,13.010222,80.24067,2018-12-01,595.0,13,0.38,3,79,Basic Shield,29,7,1,1,1,0,1
WRK07689,Perambur,13.102952,80.216232,2020-05-01,448.0,16,0.408,2,77,Basic Shield,29,6,4,0,1,1,0
WRK07690,Guindy,13.022717,80.230558,2019-12-01,552.0,19,0.091,8,77,Basic Shield,29,7,1,1,1,0,1
WRK07691,Velachery,12.979386,80.206908,2023-10-01,565.0,11,0.491,4,78,Basic Shield,29,10,1,0,1,0,0
WRK07692,Guindy,13.005924,80.200665,2015-11-01,623.0,21,0.321,2,79,Basic Shield,29,8,4,1,1,1,1
WRK07693,Tambaram,12.931219,80.084335,2024-02-01,728.0,18,0.199,5,79,Basic Shield,29,8,4,0,1,1,0
WRK07694,T Nagar,13.024361,80.21835,2018-12-01,740.0,25,0.219,5,79,Basic Shield,29,7,4,0,1,1,0
WRK07695,Chromepet,12.970106,80.153743,2023-12-01,599.0,17,0.202,1,82,Basic Shield,29,8,3,0,1,1,0
WRK07696,Velachery,12.997413,80.219852,2017-03-01,659.0,18,0.147,1,84,Basic Shield,29,7,0,0,1,0,0
WRK07697,T Nagar,13.041711,80.24608,2021-11-01,501.0,21,0.205,0,83,Basic Shield,29,6,0,0,1,0,0
WRK07698,Anna Nagar,13.080726,80.229295,2017-12-01,879.0,13,0.19,3,84,Basic Shield,29,6,0,0,1,0,0
WRK07699,Guindy,13.024178,80.221984,2020-08-01,725.0,22,0.303,3,79,Basic Shield,29,9,1,1,1,0,1
WRK07700,Perambur,13.10882,80.230916,2016-11-01,507.0,13,0.492,7,72,Basic Shield,29,5,0,0,1,0,0
WRK07701,Tambaram,12.928595,80.103932,2018-12-01,641.0,21,0.148,1,84,Basic Shield,29,7,0,0,1,0,0
WRK07702,Perambur,13.103031,80.228508,2023-06-01,750.0,19,0.356,5,76,Basic Shield,29,9,2,0,1,0,0
WRK07703,Velachery,12.992507,80.221485,2021-03-01,622.0,22,0.269,2,80,Basic Shield,29,4,3,0,0,1,0
WRK07704,Chromepet,12.971184,80.144024,2018-02-01,736.0,16,0.243,0,83,Basic Shield,29,3,2,0,0,0,0
WRK07705,Sholinganallur,12.90167,80.219379,2015-07-01,580.0,23,0.086,4,82,Basic Shield,29,4,0,0,0,0,0
WRK07706,Guindy,13.015674,80.205888,2016-10-01,563.0,13,0.328,1,82,Basic Shield,29,6,1,1,1,0,1
WRK07707,Tambaram,12.929035,80.119977,2018-11-01,686.0,21,0.185,0,84,Basic Shield,29,6,2,0,1,0,0
WRK07708,Perambur,13.098294,80.249425,2017-08-01,618.0,9,0.762,5,73,Basic Shield,29,8,1,0,1,0,0
WRK07709,Guindy,12.994251,80.220879,2018-09-01,849.0,12,0.522,6,75,Basic Shield,29,6,1,1,1,0,1
WRK07710,Velachery,13.001158,80.213259,2019-01-01,342.0,19,0.087,2,82,Basic Shield,29,5,3,0,1,1,0
WRK07711,Tambaram,12.907438,80.104004,2018-10-01,674.0,12,0.232,3,83,Basic Shield,29,7,2,0,1,0,0
WRK07712,Chromepet,12.945065,80.141353,2021-07-01,630.0,17,0.379,2,78,Basic Shield,29,9,1,0,1,0,0
WRK07713,Velachery,12.991708,80.217076,2024-10-01,594.0,24,0.038,2,85,Basic Shield,29,6,1,0,1,0,0
WRK07714,Chromepet,12.936744,80.123203,2016-09-01,780.0,19,0.129,3,83,Basic Shield,29,6,5,0,1,1,0
WRK07715,Adyar,12.999635,80.256297,2016-02-01,698.0,14,0.579,2,75,Basic Shield,29,10,3,1,1,1,1
WRK07716,Porur,13.040566,80.158596,2018-08-01,540.0,19,0.231,3,80,Basic Shield,29,4,3,0,0,1,0
WRK07717,Velachery,12.992037,80.216642,2020-05-01,571.0,19,0.496,4,73,Basic Shield,29,6,1,0,1,0,0
WRK07718,Perambur,13.135916,80.25395,2021-11-01,622.0,28,0.398,4,76,Basic Shield,29,3,1,0,0,0,0
WRK07719,Adyar,13.023154,80.269378,2016-11-01,430.0,19,0.355,1,79,Basic Shield,29,2,0,1,0,0,1
WRK07720,Tambaram,12.906526,80.111828,2016-06-01,773.0,20,0.141,6,80,Basic Shield,29,4,1,0,0,0,0
WRK07721,Adyar,13.019689,80.236614,2016-12-01,690.0,17,0.549,6,71,Basic Shield,29,4,2,1,0,0,1
WRK07722,Sholinganallur,12.893422,80.235559,2016-04-01,417.0,15,0.124,1,83,Basic Shield,29,8,2,0,1,0,0
WRK07723,T Nagar,13.055042,80.249042,2017-03-01,759.0,27,0.186,6,79,Basic Shield,29,2,2,0,0,0,0
WRK07724,Sholinganallur,12.907121,80.216146,2022-09-01,583.0,20,0.131,1,84,Basic Shield,29,10,1,0,1,0,0
WRK07725,Tambaram,12.940202,80.094383,2024-12-01,304.0,11,0.377,4,78,Basic Shield,29,1,1,0,0,0,0
WRK07726,T Nagar,13.034513,80.223265,2015-10-01,568.0,19,0.401,2,77,Basic Shield,29,6,4,0,1,1,0
WRK07727,T Nagar,13.053618,80.23784,2021-11-01,402.0,14,0.041,1,86,Basic Shield,29,5,1,0,1,0,0
WRK07728,Chromepet,12.949268,80.127064,2019-09-01,706.0,16,0.355,5,76,Basic Shield,29,5,4,0,1,1,0
WRK07729,Velachery,12.970531,80.209065,2023-07-01,528.0,10,0.113,3,87,Basic Shield,29,4,3,0,0,1,0
WRK07730,Chromepet,12.96115,80.127071,2022-04-01,413.0,16,0.098,2,83,Basic Shield,29,11,2,0,1,0,0
WRK07731,Chromepet,12.938904,80.153482,2023-05-01,467.0,19,0.564,2,74,Basic Shield,29,4,1,0,0,0,0
WRK07732,Porur,13.032191,80.139477,2021-03-01,541.0,17,0.125,2,83,Basic Shield,29,7,2,0,1,0,0
WRK07733,T Nagar,13.039187,80.231527,2022-08-01,742.0,14,0.269,5,79,Basic Shield,29,5,6,0,1,1,0
WRK07734,Anna Nagar,13.075732,80.197967,2023-10-01,705.0,18,0.29,3,79,Basic Shield,29,7,0,0,1,0,0
WRK07735,Chromepet,12.960043,80.123706,2017-03-01,652.0,17,0.069,3,83,Basic Shield,29,0,6,0,0,1,0
WRK07736,Tambaram,12.936064,80.098287,2018-04-01,820.0,19,0.392,3,78,Basic Shield,29,4,3,0,0,1,0
WRK07737,Porur,13.030877,80.156381,2020-11-01,688.0,17,0.365,1,80,Basic Shield,29,7,1,0,1,0,0
WRK07738,Porur,13.024184,80.159715,2017-05-01,607.0,27,0.08,5,81,Basic Shield,29,5,2,0,1,0,0
WRK07739,Guindy,13.002162,80.229579,2015-11-01,432.0,19,0.212,4,78,Basic Shield,29,6,3,1,1,1,1
WRK07740,Porur,13.037591,80.174976,2021-07-01,655.0,20,0.283,4,78,Basic Shield,29,10,2,0,1,0,0
WRK07741,Velachery,12.993327,80.236005,2017-02-01,519.0,25,0.294,4,77,Basic Shield,29,5,0,0,1,0,0
WRK07742,Porur,13.029996,80.139183,2016-08-01,825.0,14,0.13,2,85,Basic Shield,29,6,3,0,1,1,0
WRK07743,Tambaram,12.908303,80.109321,2017-05-01,452.0,18,0.247,2,80,Basic Shield,29,2,3,0,0,1,0
WRK07744,Adyar,13.010994,80.254216,2020-10-01,657.0,15,0.095,4,82,Basic Shield,29,7,1,1,1,0,1
WRK07745,Adyar,12.999257,80.248515,2021-09-01,645.0,13,0.374,3,79,Basic Shield,29,5,3,1,1,1,1
WRK07746,Sholinganallur,12.885165,80.231334,2020-05-01,624.0,17,0.403,3,77,Basic Shield,29,11,2,0,1,0,0
WRK07747,Sholinganallur,12.909477,80.235913,2015-10-01,599.0,25,0.089,3,83,Basic Shield,29,6,3,0,1,1,0
WRK07748,Guindy,12.987978,80.235319,2015-04-01,896.0,12,0.373,1,84,Basic Shield,29,6,3,1,1,1,1
WRK07749,Perambur,13.129229,80.247469,2018-02-01,636.0,17,0.113,2,83,Basic Shield,29,8,3,0,1,1,0
WRK07750,Adyar,12.988844,80.257826,2016-03-01,633.0,18,0.154,3,82,Basic Shield,29,3,2,1,0,0,1
WRK07751,Velachery,12.984802,80.210331,2020-01-01,456.0,14,0.273,2,80,Basic Shield,29,3,1,0,0,0,0
WRK07752,Tambaram,12.908989,80.096405,2024-01-01,768.0,25,0.125,1,85,Basic Shield,29,6,1,0,1,0,0
WRK07753,T Nagar,13.032121,80.234473,2016-08-01,679.0,18,0.205,3,81,Basic Shield,29,5,2,0,1,0,0
WRK07754,Perambur,13.133927,80.238397,2017-07-01,519.0,17,0.148,5,79,Basic Shield,29,7,2,0,1,0,0
WRK07755,Porur,13.037473,80.16954,2020-03-01,554.0,13,0.022,4,85,Basic Shield,29,4,1,0,0,0,0
WRK07756,Adyar,13.014702,80.262113,2023-05-01,485.0,13,0.475,2,77,Basic Shield,29,6,4,1,1,1,1
WRK07757,Porur,13.055022,80.140878,2019-12-01,317.0,26,0.173,4,79,Basic Shield,29,3,1,0,0,0,0
WRK07758,Porur,13.035138,80.165769,2015-12-01,608.0,16,0.445,1,78,Basic Shield,29,6,0,0,1,0,0
WRK07759,Perambur,13.112252,80.217973,2018-04-01,598.0,20,0.323,5,76,Basic Shield,29,7,2,0,1,0,0
WRK07760,Anna Nagar,13.069308,80.212602,2022-09-01,565.0,23,0.079,0,86,Basic Shield,29,10,2,0,1,0,0
WRK07761,Chromepet,12.956909,80.12652,2022-04-01,786.0,14,0.152,2,84,Basic Shield,29,7,2,0,1,0,0
WRK07762,Tambaram,12.935014,80.114109,2020-11-01,730.0,20,0.384,2,78,Basic Shield,29,6,2,0,1,0,0
WRK07763,Velachery,12.981503,80.204192,2019-10-01,658.0,21,0.15,5,80,Basic Shield,29,14,2,0,1,0,0
WRK07764,Sholinganallur,12.91904,80.226237,2020-07-01,646.0,18,0.384,2,78,Basic Shield,29,6,2,0,1,0,0
WRK07765,Velachery,12.970812,80.234655,2023-04-01,690.0,17,0.272,4,79,Basic Shield,29,10,4,0,1,1,0
WRK07766,T Nagar,13.052328,80.245267,2017-08-01,719.0,19,0.378,2,79,Basic Shield,29,5,4,0,1,1,0
WRK07767,Adyar,13.01439,80.255043,2023-10-01,761.0,30,0.15,3,82,Basic Shield,29,3,3,1,0,1,1
WRK07768,Porur,13.034617,80.145053,2024-06-01,510.0,12,0.101,2,86,Basic Shield,29,6,6,0,1,1,0
WRK07769,Tambaram,12.943939,80.107117,2018-10-01,636.0,19,0.13,3,82,Basic Shield,29,9,2,0,1,0,0
WRK07770,Guindy,13.025154,80.21468,2021-11-01,526.0,15,0.172,0,84,Basic Shield,29,6,2,1,1,0,1
WRK07771,Chromepet,12.964043,80.151582,2015-07-01,868.0,13,0.396,2,81,Basic Shield,29,6,1,0,1,0,0
WRK07772,Adyar,13.019393,80.272682,2016-12-01,621.0,22,0.136,6,79,Basic Shield,29,8,1,1,1,0,1
WRK07773,Anna Nagar,13.102297,80.228696,2023-08-01,568.0,16,0.564,3,73,Basic Shield,29,8,2,0,1,0,0
WRK07774,Perambur,13.131954,80.241477,2022-04-01,597.0,24,0.158,1,83,Basic Shield,29,8,3,0,1,1,0
WRK07775,Velachery,12.982046,80.208711,2016-10-01,562.0,18,0.587,3,73,Basic Shield,29,4,0,0,0,0,0
WRK07776,T Nagar,13.024922,80.223273,2023-05-01,671.0,15,0.251,3,80,Basic Shield,29,6,1,0,1,0,0
WRK07777,T Nagar,13.021507,80.226239,2019-02-01,770.0,21,0.589,4,73,Basic Shield,29,6,1,0,1,0,0
WRK07778,Sholinganallur,12.883969,80.218884,2023-12-01,511.0,29,0.462,2,76,Basic Shield,29,7,1,0,1,0,0
WRK07779,Adyar,12.997051,80.266984,2017-10-01,700.0,17,0.415,2,78,Basic Shield,29,3,3,1,0,1,1
WRK07780,Porur,13.036063,80.145961,2024-03-01,646.0,20,0.556,4,73,Basic Shield,29,6,1,0,1,0,0
WRK07781,Porur,13.025403,80.1747,2023-08-01,909.0,17,0.328,5,77,Basic Shield,29,6,3,0,1,1,0
WRK07782,Tambaram,12.919241,80.098197,2024-04-01,544.0,17,0.697,0,73,Basic Shield,29,6,0,0,1,0,0
WRK07783,T Nagar,13.056053,80.232961,2017-03-01,557.0,21,0.228,3,80,Basic Shield,29,3,4,0,0,1,0
WRK07784,Guindy,13.011913,80.240097,2015-05-01,457.0,8,0.056,2,91,Basic Shield,29,8,2,1,1,0,1
WRK07785,Perambur,13.105776,80.253356,2017-11-01,671.0,15,0.325,5,76,Basic Shield,29,8,0,0,1,0,0
WRK07786,Anna Nagar,13.092548,80.202939,2021-12-01,613.0,14,0.346,1,81,Basic Shield,29,7,2,0,1,0,0
WRK07787,Porur,13.047431,80.147773,2015-03-01,408.0,27,0.549,1,75,Basic Shield,29,2,1,0,0,0,0
WRK07788,T Nagar,13.053197,80.222908,2024-04-01,505.0,17,0.489,3,74,Basic Shield,29,2,1,0,0,0,0
WRK07789,Porur,13.032566,80.176121,2019-11-01,725.0,21,0.038,1,86,Basic Shield,29,7,2,0,1,0,0
WRK07790,Tambaram,12.921342,80.090294,2016-01-01,553.0,20,0.487,3,75,Basic Shield,29,6,1,0,1,0,0
WRK07791,Guindy,13.004933,80.229212,2019-07-01,419.0,18,0.224,3,79,Basic Shield,29,6,3,1,1,1,1
WRK07792,Porur,13.053898,80.137974,2016-07-01,486.0,32,0.486,4,73,Basic Shield,29,6,0,0,1,0,0
WRK07793,T Nagar,13.040431,80.217047,2021-09-01,609.0,26,0.159,5,79,Basic Shield,29,8,1,0,1,0,0
WRK07794,Anna Nagar,13.09967,80.204686,2021-06-01,740.0,18,0.25,5,78,Basic Shield,29,6,0,0,1,0,0
WRK07795,Tambaram,12.934771,80.097065,2022-12-01,476.0,24,0.131,5,79,Basic Shield,29,7,0,0,1,0,0
WRK07796,Guindy,13.005361,80.218986,2017-05-01,683.0,11,0.448,3,80,Basic Shield,29,7,2,1,1,0,1
WRK07797,Tambaram,12.917431,80.098277,2022-11-01,537.0,10,0.79,1,75,Basic Shield,29,7,1,0,1,0,0
WRK07798,Anna Nagar,13.088098,80.212059,2021-12-01,674.0,13,0.191,3,83,Basic Shield,29,9,2,0,1,0,0
WRK07799,Velachery,12.996986,80.228664,2019-10-01,393.0,28,0.191,1,82,Basic Shield,29,4,2,0,0,0,0
WRK07800,Perambur,13.123713,80.229288,2015-05-01,612.0,21,0.34,0,81,Basic Shield,29,3,2,0,0,0,0
WRK07801,Tambaram,12.927796,80.080873,2015-12-01,668.0,15,0.154,4,81,Basic Shield,29,9,2,0,1,0,0
WRK07802,Perambur,13.114635,80.222863,2016-06-01,741.0,18,0.432,1,79,Basic Shield,29,7,3,0,1,1,0
WRK07803,Velachery,12.988814,80.226851,2024-02-01,780.0,22,0.232,4,80,Basic Shield,29,2,1,0,0,0,0
WRK07804,Perambur,13.133506,80.249714,2019-10-01,408.0,17,0.387,7,72,Basic Shield,29,9,2,0,1,0,0
WRK07805,Anna Nagar,13.103148,80.223995,2023-09-01,713.0,20,0.3,2,80,Basic Shield,29,5,1,0,1,0,0
WRK07806,Guindy,12.997408,80.206473,2017-08-01,583.0,16,0.276,7,75,Basic Shield,29,6,2,1,1,0,1
WRK07807,T Nagar,13.026683,80.233383,2017-05-01,636.0,11,0.205,0,88,Basic Shield,29,9,1,0,1,0,0
WRK07808,Perambur,13.129874,80.249266,2018-11-01,404.0,20,0.441,4,74,Basic Shield,29,4,2,0,0,0,0
WRK07809,Velachery,12.999822,80.219198,2018-03-01,600.0,13,0.245,2,83,Basic Shield,29,8,6,0,1,1,0
WRK07810,Perambur,13.136134,80.251294,2018-12-01,688.0,18,0.211,3,81,Basic Shield,29,2,1,0,0,0,0
WRK07811,T Nagar,13.028988,80.239875,2017-05-01,586.0,16,0.177,2,82,Basic Shield,29,8,1,0,1,0,0
WRK07812,T Nagar,13.024516,80.246981,2020-05-01,605.0,21,0.157,5,79,Basic Shield,29,5,0,0,1,0,0
WRK07813,Anna Nagar,13.082002,80.220744,2022-01-01,570.0,18,0.167,6,78,Basic Shield,29,2,4,0,0,1,0
WRK07814,Velachery,12.992486,80.232037,2022-03-01,603.0,16,0.073,3,83,Basic Shield,29,3,2,0,0,0,0
WRK07815,Velachery,12.994197,80.235108,2020-12-01,494.0,21,0.259,3,79,Basic Shield,29,2,1,0,0,0,0
WRK07816,Velachery,12.978294,80.202163,2015-04-01,838.0,22,0.365,3,78,Basic Shield,29,4,3,0,0,1,0
WRK07817,Tambaram,12.91855,80.103272,2018-04-01,635.0,16,0.358,2,79,Basic Shield,29,7,1,0,1,0,0
WRK07818,Adyar,12.992459,80.243821,2023-09-01,693.0,20,0.403,5,75,Basic Shield,29,4,0,1,0,0,1
WRK07819,Chromepet,12.955225,80.132358,2019-03-01,655.0,14,0.25,4,80,Basic Shield,29,5,2,0,1,0,0
WRK07820,Adyar,12.998827,80.272895,2017-11-01,506.0,16,0.764,6,66,Standard Shield,49,7,0,1,1,0,1
WRK07821,Tambaram,12.942249,80.110606,2020-01-01,386.0,16,0.515,3,73,Basic Shield,29,7,1,0,1,0,0
WRK07822,Tambaram,12.938265,80.118989,2015-01-01,622.0,23,0.215,3,80,Basic Shield,29,7,1,0,1,0,0
WRK07823,Porur,13.041074,80.174295,2020-01-01,690.0,16,0.209,2,82,Basic Shield,29,5,1,0,1,0,0
WRK07824,Sholinganallur,12.890892,80.213368,2022-06-01,600.0,13,0.287,3,81,Basic Shield,29,13,0,0,1,0,0
WRK07825,Perambur,13.118265,80.229109,2024-10-01,659.0,19,0.408,2,78,Basic Shield,29,2,3,0,0,1,0
WRK07826,Chromepet,12.962784,80.138825,2020-08-01,748.0,23,0.277,2,81,Basic Shield,29,11,3,0,1,1,0
WRK07827,Velachery,12.995753,80.223797,2024-08-01,558.0,23,0.198,3,80,Basic Shield,29,10,0,0,1,0,0
WRK07828,T Nagar,13.044207,80.232833,2018-09-01,502.0,12,0.088,2,86,Basic Shield,29,7,2,0,1,0,0
WRK07829,Porur,13.039739,80.157872,2020-03-01,607.0,14,0.166,5,80,Basic Shield,29,10,2,0,1,0,0
WRK07830,T Nagar,13.0331,80.243633,2016-02-01,602.0,15,0.507,11,66,Standard Shield,49,7,0,0,1,0,0
WRK07831,Guindy,13.008375,80.240015,2016-06-01,426.0,20,0.167,4,79,Basic Shield,29,6,3,1,1,1,1
WRK07832,Adyar,13.007991,80.274161,2017-07-01,478.0,24,0.56,3,73,Basic Shield,29,5,0,1,1,0,1
WRK07833,Porur,13.041115,80.168664,2017-08-01,779.0,13,0.548,4,75,Basic Shield,29,7,1,0,1,0,0
WRK07834,T Nagar,13.019871,80.227457,2019-05-01,637.0,22,0.132,1,84,Basic Shield,29,4,2,0,0,0,0
WRK07835,Tambaram,12.924686,80.105297,2022-06-01,735.0,14,0.165,3,83,Basic Shield,29,4,1,0,0,0,0
WRK07836,Chromepet,12.951881,80.129139,2016-05-01,620.0,18,0.315,2,79,Basic Shield,29,6,2,0,1,0,0
WRK07837,T Nagar,13.048774,80.230346,2015-04-01,786.0,22,0.093,3,84,Basic Shield,29,5,2,0,1,0,0
WRK07838,T Nagar,13.056732,80.24444,2021-04-01,634.0,12,0.423,2,80,Basic Shield,29,6,5,0,1,1,0
WRK07839,Guindy,13.017219,80.225278,2020-01-01,518.0,24,0.141,4,80,Basic Shield,29,7,2,1,1,0,1
WRK07840,Guindy,12.999413,80.225474,2019-07-01,702.0,16,0.135,4,81,Basic Shield,29,10,3,1,1,1,1
WRK07841,Perambur,13.136023,80.232974,2019-11-01,508.0,12,0.129,2,85,Basic Shield,29,8,1,0,1,0,0
WRK07842,Anna Nagar,13.080482,80.202627,2015-11-01,688.0,9,0.088,5,87,Basic Shield,29,5,0,0,1,0,0
WRK07843,Adyar,13.02007,80.238356,2024-08-01,765.0,13,0.408,3,79,Basic Shield,29,9,2,1,1,0,1
WRK07844,Sholinganallur,12.90066,80.239994,2015-07-01,499.0,25,0.406,3,76,Basic Shield,29,6,0,0,1,0,0
WRK07845,Porur,13.032029,80.169101,2023-10-01,762.0,14,0.561,1,77,Basic Shield,29,3,1,0,0,0,0
WRK07846,T Nagar,13.052603,80.223839,2016-10-01,668.0,18,0.238,3,80,Basic Shield,29,8,2,0,1,0,0
WRK07847,Chromepet,12.947346,80.129787,2017-11-01,433.0,19,0.08,6,79,Basic Shield,29,9,4,0,1,1,0
WRK07848,Sholinganallur,12.905324,80.221936,2017-04-01,300.0,13,0.052,4,83,Basic Shield,29,7,2,0,1,0,0
WRK07849,Tambaram,12.9274,80.090904,2019-07-01,766.0,22,0.76,7,66,Standard Shield,49,2,2,0,0,0,0
WRK07850,Tambaram,12.928905,80.116331,2015-07-01,437.0,10,0.609,4,76,Basic Shield,29,4,0,0,0,0,0
WRK07851,Perambur,13.132167,80.234133,2018-03-01,701.0,18,0.356,7,74,Basic Shield,29,5,2,0,1,0,0
WRK07852,Guindy,13.00476,80.209312,2021-11-01,605.0,23,0.29,1,81,Basic Shield,29,5,0,1,1,0,1
WRK07853,Perambur,13.105895,80.23045,2022-03-01,563.0,22,0.109,4,81,Basic Shield,29,5,1,0,1,0,0
WRK07854,Anna Nagar,13.103737,80.208714,2017-12-01,744.0,18,0.389,4,76,Basic Shield,29,1,1,0,0,0,0
WRK07855,Perambur,13.133866,80.223195,2020-12-01,569.0,16,0.29,5,77,Basic Shield,29,8,2,0,1,0,0
WRK07856,Velachery,12.966276,80.20693,2024-06-01,561.0,21,0.11,3,82,Basic Shield,29,7,2,0,1,0,0
WRK07857,Tambaram,12.923584,80.08626,2016-09-01,529.0,23,0.195,4,79,Basic Shield,29,8,1,0,1,0,0
WRK07858,Chromepet,12.942503,80.126878,2024-10-01,589.0,13,0.446,2,79,Basic Shield,29,7,3,0,1,1,0
WRK07859,Perambur,13.114162,80.218657,2020-07-01,604.0,14,0.345,7,75,Basic Shield,29,7,2,0,1,0,0
WRK07860,Adyar,13.00376,80.25371,2024-05-01,486.0,17,0.244,4,78,Basic Shield,29,5,2,1,1,0,1
WRK07861,Adyar,13.016902,80.255938,2022-02-01,300.0,13,0.397,3,77,Basic Shield,29,2,4,1,0,1,1
WRK07862,Guindy,12.986729,80.23908,2020-04-01,757.0,17,0.148,2,83,Basic Shield,29,9,1,1,1,0,1
WRK07863,Sholinganallur,12.901505,80.211542,2015-07-01,549.0,26,0.407,1,78,Basic Shield,29,15,1,0,1,0,0
WRK07864,T Nagar,13.036758,80.244308,2021-06-01,842.0,18,0.184,3,82,Basic Shield,29,7,4,0,1,1,0
WRK07865,Velachery,12.968144,80.230177,2019-01-01,814.0,17,0.329,5,77,Basic Shield,29,1,5,0,0,1,0
WRK07866,Velachery,12.995399,80.232739,2017-07-01,413.0,23,0.461,3,74,Basic Shield,29,5,2,0,1,0,0
WRK07867,Velachery,12.966188,80.213093,2019-04-01,686.0,14,0.156,1,85,Basic Shield,29,2,1,0,0,0,0
WRK07868,Sholinganallur,12.893933,80.226057,2015-01-01,642.0,20,0.251,2,81,Basic Shield,29,7,1,0,1,0,0
WRK07869,Porur,13.02617,80.158555,2021-09-01,531.0,21,0.305,1,80,Basic Shield,29,6,6,0,1,1,0
WRK07870,Velachery,12.966202,80.204068,2018-01-01,660.0,17,0.499,3,75,Basic Shield,29,8,3,0,1,1,0
WRK07871,Adyar,13.002127,80.247269,2022-09-01,692.0,16,0.279,5,77,Basic Shield,29,12,1,1,1,0,1
WRK07872,Tambaram,12.905671,80.112478,2020-12-01,593.0,19,0.157,3,81,Basic Shield,29,1,4,0,0,1,0
WRK07873,Anna Nagar,13.069351,80.211592,2015-01-01,712.0,19,0.359,5,76,Basic Shield,29,7,1,0,1,0,0
WRK07874,Porur,13.016589,80.168,2016-03-01,636.0,21,0.382,3,77,Basic Shield,29,7,0,0,1,0,0
WRK07875,Anna Nagar,13.088026,80.216601,2024-02-01,361.0,14,0.265,3,79,Basic Shield,29,4,0,0,0,0,0
WRK07876,Anna Nagar,13.071103,80.197511,2021-10-01,636.0,22,0.173,2,82,Basic Shield,29,2,3,0,0,1,0
WRK07877,T Nagar,13.055777,80.231915,2015-11-01,489.0,10,0.602,1,79,Basic Shield,29,7,2,0,1,0,0
WRK07878,T Nagar,13.025027,80.246938,2020-02-01,418.0,18,0.313,3,77,Basic Shield,29,8,4,0,1,1,0
WRK07879,Velachery,12.963126,80.228065,2019-07-01,520.0,13,0.123,7,80,Basic Shield,29,4,0,0,0,0,0
WRK07880,Chromepet,12.933761,80.161602,2021-04-01,676.0,31,0.438,2,77,Basic Shield,29,8,3,0,1,1,0
WRK07881,Adyar,12.998845,80.261814,2024-11-01,581.0,21,0.751,5,67,Standard Shield,49,3,2,1,0,0,1
WRK07882,Perambur,13.120536,80.241261,2021-08-01,677.0,25,0.421,0,79,Basic Shield,29,8,3,0,1,1,0
WRK07883,Porur,13.038157,80.161871,2021-10-01,561.0,12,0.081,6,83,Basic Shield,29,7,0,0,1,0,0
WRK07884,Anna Nagar,13.099081,80.229442,2017-07-01,501.0,14,0.085,2,84,Basic Shield,29,13,2,0,1,0,0
WRK07885,Velachery,12.974634,80.222031,2023-11-01,541.0,14,0.363,0,81,Basic Shield,29,8,2,0,1,0,0
WRK07886,Velachery,12.982874,80.20431,2015-09-01,475.0,22,0.178,6,77,Basic Shield,29,9,5,0,1,1,0
WRK07887,Anna Nagar,13.098131,80.212049,2024-08-01,672.0,18,0.232,4,79,Basic Shield,29,3,4,0,0,1,0
WRK07888,Guindy,13.015018,80.206328,2018-03-01,454.0,13,0.197,1,84,Basic Shield,29,9,3,1,1,1,1
WRK07889,Velachery,12.965641,80.211684,2021-11-01,751.0,16,0.187,2,83,Basic Shield,29,7,5,0,1,1,0
WRK07890,Tambaram,12.941494,80.102964,2022-10-01,515.0,16,0.143,0,84,Basic Shield,29,10,4,0,1,1,0
WRK07891,Perambur,13.126391,80.235029,2018-11-01,331.0,19,0.38,7,72,Basic Shield,29,7,4,0,1,1,0
WRK07892,Guindy,13.011139,80.202879,2024-08-01,784.0,15,0.205,3,81,Basic Shield,29,4,4,1,0,1,1
WRK07893,Sholinganallur,12.88718,80.237535,2020-09-01,300.0,14,0.455,2,76,Basic Shield,29,6,3,0,1,1,0
WRK07894,Porur,13.051002,80.154904,2019-03-01,482.0,21,0.441,5,73,Basic Shield,29,6,3,0,1,1,0
WRK07895,Tambaram,12.93934,80.117288,2019-02-01,575.0,18,0.106,0,85,Basic Shield,29,1,0,0,0,0,0
WRK07896,Chromepet,12.940834,80.122905,2021-04-01,577.0,17,0.417,6,73,Basic Shield,29,2,1,0,0,0,0
WRK07897,Velachery,12.996495,80.217756,2023-12-01,584.0,17,0.257,3,79,Basic Shield,29,8,1,0,1,0,0
WRK07898,Guindy,13.015427,80.204667,2016-04-01,410.0,18,0.265,2,79,Basic Shield,29,4,1,1,0,0,1
WRK07899,Velachery,12.98049,80.223841,2017-06-01,640.0,17,0.063,6,80,Basic Shield,29,3,5,0,0,1,0
WRK07900,Chromepet,12.934487,80.14481,2015-12-01,458.0,20,0.294,1,80,Basic Shield,29,2,2,0,0,0,0
WRK07901,Chromepet,12.952038,80.148657,2019-02-01,415.0,20,0.396,1,78,Basic Shield,29,4,3,0,0,1,0
WRK07902,Perambur,13.109062,80.23122,2018-02-01,572.0,12,0.138,2,86,Basic Shield,29,6,3,0,1,1,0
WRK07903,Guindy,12.986745,80.233491,2018-05-01,538.0,21,0.258,2,80,Basic Shield,29,8,1,1,1,0,1
WRK07904,Chromepet,12.952192,80.157543,2020-03-01,480.0,17,0.449,6,72,Basic Shield,29,6,2,0,1,0,0
WRK07905,Velachery,12.994602,80.209526,2020-05-01,487.0,17,0.14,3,81,Basic Shield,29,11,2,0,1,0,0
WRK07906,Velachery,12.971448,80.203007,2023-11-01,513.0,12,0.361,1,82,Basic Shield,29,8,1,0,1,0,0
WRK07907,Adyar,13.011272,80.244799,2021-03-01,508.0,21,0.355,2,78,Basic Shield,29,12,0,1,1,0,1
WRK07908,Chromepet,12.966592,80.15047,2018-11-01,537.0,21,0.156,4,80,Basic Shield,29,3,1,0,0,0,0
WRK07909,Velachery,12.980304,80.219359,2021-04-01,697.0,18,0.191,7,77,Basic Shield,29,8,1,0,1,0,0
WRK07910,Sholinganallur,12.904647,80.234174,2016-09-01,429.0,19,0.407,5,74,Basic Shield,29,3,3,0,0,1,0
WRK07911,Porur,13.032439,80.142317,2023-12-01,489.0,18,0.494,3,74,Basic Shield,29,7,0,0,1,0,0
WRK07912,Perambur,13.112112,80.217696,2020-09-01,561.0,20,0.068,4,82,Basic Shield,29,6,1,0,1,0,0
WRK07913,Anna Nagar,13.074451,80.227623,2023-01-01,638.0,19,0.217,3,80,Basic Shield,29,4,2,0,0,0,0
WRK07914,T Nagar,13.056065,80.233872,2022-06-01,734.0,19,0.07,3,84,Basic Shield,29,8,0,0,1,0,0
WRK07915,Guindy,12.998845,80.226806,2020-07-01,562.0,22,0.062,5,81,Basic Shield,29,4,5,1,0,1,1
WRK07916,Anna Nagar,13.071579,80.217299,2024-12-01,388.0,17,0.392,2,77,Basic Shield,29,6,0,0,1,0,0
WRK07917,Chromepet,12.955511,80.146134,2017-02-01,517.0,21,0.378,5,75,Basic Shield,29,9,4,0,1,1,0
WRK07918,T Nagar,13.043369,80.22899,2020-12-01,416.0,23,0.215,3,79,Basic Shield,29,8,2,0,1,0,0
WRK07919,T Nagar,13.043514,80.222542,2018-05-01,731.0,21,0.202,0,84,Basic Shield,29,6,2,0,1,0,0
WRK07920,Guindy,12.988002,80.213423,2022-01-01,644.0,18,0.177,3,81,Basic Shield,29,6,2,1,1,0,1
WRK07921,Chromepet,12.961432,80.12927,2020-03-01,642.0,19,0.076,5,81,Basic Shield,29,8,5,0,1,1,0
WRK07922,Chromepet,12.957108,80.14379,2024-02-01,554.0,21,0.539,1,75,Basic Shield,29,9,2,0,1,0,0
WRK07923,Chromepet,12.933584,80.155247,2017-08-01,552.0,20,0.218,3,80,Basic Shield,29,9,3,0,1,1,0
WRK07924,Anna Nagar,13.093708,80.205247,2024-02-01,698.0,24,0.099,4,82,Basic Shield,29,3,0,0,0,0,0
WRK07925,Velachery,12.972598,80.217063,2016-07-01,754.0,15,0.129,3,83,Basic Shield,29,2,2,0,0,0,0
WRK07926,Anna Nagar,13.092323,80.191174,2017-01-01,819.0,16,0.312,4,78,Basic Shield,29,4,2,0,0,0,0
WRK07927,Chromepet,12.971275,80.133218,2022-08-01,681.0,15,0.155,3,82,Basic Shield,29,11,0,0,1,0,0
WRK07928,Tambaram,12.91943,80.103442,2018-04-01,637.0,18,0.368,1,79,Basic Shield,29,10,3,0,1,1,0
WRK07929,T Nagar,13.030367,80.225713,2019-03-01,545.0,21,0.066,4,82,Basic Shield,29,8,3,0,1,1,0
WRK07930,Sholinganallur,12.916322,80.233978,2024-07-01,806.0,16,0.037,1,87,Basic Shield,29,9,1,0,1,0,0
WRK07931,Perambur,13.098179,80.249954,2021-02-01,539.0,17,0.137,4,80,Basic Shield,29,6,2,0,1,0,0
WRK07932,Chromepet,12.948444,80.125259,2021-12-01,604.0,19,0.377,3,77,Basic Shield,29,6,0,0,1,0,0
WRK07933,Guindy,12.997093,80.218516,2023-02-01,602.0,20,0.258,4,78,Basic Shield,29,5,4,1,1,1,1
WRK07934,Porur,13.042483,80.161086,2023-06-01,717.0,13,0.097,5,83,Basic Shield,29,2,1,0,0,0,0
WRK07935,Anna Nagar,13.072331,80.19608,2023-11-01,634.0,14,0.149,6,80,Basic Shield,29,8,2,0,1,0,0
WRK07936,Tambaram,12.909199,80.11065,2023-12-01,671.0,16,0.128,5,80,Basic Shield,29,7,2,0,1,0,0
WRK07937,Adyar,13.007418,80.241492,2017-01-01,471.0,16,0.06,6,80,Basic Shield,29,6,2,1,1,0,1
WRK07938,Chromepet,12.953867,80.149296,2022-07-01,656.0,16,0.304,3,79,Basic Shield,29,4,3,0,0,1,0
WRK07939,Porur,13.043558,80.150467,2023-01-01,705.0,23,0.286,0,82,Basic Shield,29,5,2,0,1,0,0
WRK07940,Anna Nagar,13.104862,80.213123,2018-06-01,610.0,16,0.121,3,82,Basic Shield,29,4,1,0,0,0,0
WRK07941,T Nagar,13.035987,80.215613,2022-09-01,539.0,20,0.123,1,84,Basic Shield,29,1,3,0,0,1,0
WRK07942,Adyar,13.014617,80.259527,2017-04-01,552.0,18,0.067,5,81,Basic Shield,29,7,2,1,1,0,1
WRK07943,Porur,13.019062,80.175939,2022-06-01,742.0,17,0.356,4,77,Basic Shield,29,6,0,0,1,0,0
WRK07944,Tambaram,12.923944,80.081483,2020-02-01,726.0,19,0.263,3,80,Basic Shield,29,6,1,0,1,0,0
WRK07945,Velachery,12.962063,80.228301,2022-05-01,600.0,18,0.313,1,80,Basic Shield,29,4,1,0,0,0,0
WRK07946,Adyar,13.011617,80.273828,2022-03-01,608.0,13,0.61,5,72,Basic Shield,29,6,3,1,1,1,1
WRK07947,Porur,13.021902,80.169094,2019-06-01,712.0,11,0.073,2,89,Basic Shield,29,7,3,0,1,1,0
WRK07948,Anna Nagar,13.083369,80.202994,2021-08-01,673.0,29,0.373,3,77,Basic Shield,29,10,3,0,1,1,0
WRK07949,Anna Nagar,13.077561,80.206699,2023-11-01,621.0,21,0.374,4,76,Basic Shield,29,8,2,0,1,0,0
WRK07950,Porur,13.031439,80.140886,2016-10-01,675.0,21,0.14,4,81,Basic Shield,29,5,1,0,1,0,0
WRK07951,Tambaram,12.923908,80.086223,2022-12-01,586.0,17,0.21,4,79,Basic Shield,29,6,3,0,1,1,0
WRK07952,Chromepet,12.937858,80.127027,2015-02-01,674.0,23,0.124,2,83,Basic Shield,29,0,3,0,0,1,0
WRK07953,T Nagar,13.041343,80.219211,2022-03-01,734.0,17,0.599,3,73,Basic Shield,29,6,1,0,1,0,0
WRK07954,Guindy,12.995343,80.204569,2019-07-01,628.0,19,0.242,2,81,Basic Shield,29,3,3,1,0,1,1
WRK07955,Sholinganallur,12.895408,80.24378,2021-08-01,719.0,21,0.301,2,80,Basic Shield,29,6,2,0,1,0,0
WRK07956,Sholinganallur,12.899511,80.241398,2018-07-01,480.0,27,0.454,4,74,Basic Shield,29,5,2,0,1,0,0
WRK07957,T Nagar,13.020848,80.243569,2020-06-01,598.0,16,0.284,2,80,Basic Shield,29,6,2,0,1,0,0
WRK07958,Tambaram,12.926854,80.09755,2016-03-01,693.0,14,0.182,2,83,Basic Shield,29,6,3,0,1,1,0
WRK07959,Anna Nagar,13.105493,80.215458,2015-04-01,728.0,20,0.143,1,84,Basic Shield,29,7,3,0,1,1,0
WRK07960,Porur,13.038382,80.150335,2016-02-01,618.0,18,0.106,5,80,Basic Shield,29,4,1,0,0,0,0
WRK07961,Anna Nagar,13.078212,80.195845,2016-05-01,431.0,23,0.202,5,78,Basic Shield,29,10,2,0,1,0,0
WRK07962,Porur,13.028122,80.158313,2019-03-01,606.0,17,0.255,2,80,Basic Shield,29,4,1,0,0,0,0
WRK07963,Guindy,13.020692,80.226465,2017-06-01,794.0,17,0.206,1,83,Basic Shield,29,8,0,1,1,0,1
WRK07964,Tambaram,12.932087,80.096737,2021-05-01,697.0,26,0.126,7,78,Basic Shield,29,12,3,0,1,1,0
WRK07965,Adyar,13.006036,80.263183,2016-09-01,585.0,17,0.089,3,83,Basic Shield,29,4,1,1,0,0,1
WRK07966,Sholinganallur,12.881651,80.210095,2020-04-01,824.0,18,0.449,8,72,Basic Shield,29,7,3,0,1,1,0
WRK07967,Anna Nagar,13.074395,80.19899,2021-01-01,634.0,10,0.179,4,85,Basic Shield,29,5,4,0,1,1,0
WRK07968,Perambur,13.13505,80.215971,2022-11-01,359.0,23,0.254,2,79,Basic Shield,29,5,5,0,1,1,0
WRK07969,Adyar,13.025695,80.245286,2024-02-01,499.0,17,0.043,0,86,Basic Shield,29,6,2,1,1,0,1
WRK07970,Porur,13.054459,80.140609,2022-09-01,410.0,17,0.447,5,73,Basic Shield,29,3,3,0,0,1,0
WRK07971,Adyar,13.011489,80.23772,2016-01-01,548.0,11,0.22,3,84,Basic Shield,29,5,5,1,1,1,1
WRK07972,Adyar,12.99753,80.273009,2015-02-01,854.0,12,0.419,2,81,Basic Shield,29,9,0,1,1,0,1
WRK07973,Chromepet,12.942798,80.140444,2015-09-01,727.0,19,0.379,1,80,Basic Shield,29,9,0,0,1,0,0
WRK07974,Perambur,13.104555,80.224296,2015-10-01,398.0,19,0.379,7,72,Basic Shield,29,3,4,0,0,1,0
WRK07975,Anna Nagar,13.101729,80.210693,2015-06-01,463.0,20,0.174,2,81,Basic Shield,29,8,1,0,1,0,0
WRK07976,T Nagar,13.036112,80.217454,2015-02-01,639.0,20,0.1,3,83,Basic Shield,29,6,2,0,1,0,0
WRK07977,Perambur,13.107901,80.218853,2016-03-01,637.0,17,0.382,5,75,Basic Shield,29,7,3,0,1,1,0
WRK07978,Anna Nagar,13.078402,80.197366,2022-07-01,738.0,15,0.26,0,83,Basic Shield,29,7,2,0,1,0,0
WRK07979,Perambur,13.11478,80.229112,2023-03-01,462.0,16,0.508,1,76,Basic Shield,29,6,3,0,1,1,0
WRK07980,Adyar,12.995839,80.238043,2019-04-01,556.0,14,0.842,3,68,Standard Shield,49,6,0,1,1,0,1
WRK07981,Tambaram,12.93193,80.109301,2022-06-01,694.0,16,0.206,1,83,Basic Shield,29,11,1,0,1,0,0
WRK07982,Porur,13.031266,80.15817,2019-01-01,563.0,20,0.025,4,83,Basic Shield,29,6,0,0,1,0,0
WRK07983,Anna Nagar,13.10625,80.208759,2022-11-01,692.0,16,0.222,2,82,Basic Shield,29,7,0,0,1,0,0
WRK07984,Porur,13.019194,80.176612,2019-04-01,943.0,17,0.147,1,85,Basic Shield,29,6,3,0,1,1,0
WRK07985,Perambur,13.09959,80.234713,2024-04-01,448.0,11,0.294,2,83,Basic Shield,29,8,2,0,1,0,0
WRK07986,Porur,13.047052,80.175295,2023-02-01,494.0,14,0.705,4,70,Basic Shield,29,4,4,0,0,1,0
WRK07987,Guindy,13.008953,80.208453,2015-06-01,877.0,15,0.289,0,83,Basic Shield,29,8,0,1,1,0,1
WRK07988,T Nagar,13.055651,80.230393,2015-09-01,623.0,13,0.462,4,76,Basic Shield,29,5,0,0,1,0,0
WRK07989,Tambaram,12.905178,80.116014,2020-03-01,694.0,27,0.134,2,83,Basic Shield,29,8,1,0,1,0,0
WRK07990,Anna Nagar,13.103775,80.215252,2019-11-01,612.0,16,0.237,2,81,Basic Shield,29,8,2,0,1,0,0
WRK07991,Adyar,12.990869,80.253878,2023-05-01,682.0,18,0.336,1,80,Basic Shield,29,7,3,1,1,1,1
WRK07992,Sholinganallur,12.88899,80.225821,2022-08-01,488.0,24,0.135,5,79,Basic Shield,29,5,3,0,1,1,0
WRK07993,Tambaram,12.933051,80.088142,2020-06-01,543.0,17,0.31,4,77,Basic Shield,29,3,2,0,0,0,0
WRK07994,Anna Nagar,13.10596,80.224901,2023-02-01,440.0,15,0.571,2,73,Basic Shield,29,2,3,0,0,1,0
WRK07995,Sholinganallur,12.905765,80.208054,2024-12-01,665.0,18,0.366,3,78,Basic Shield,29,6,2,0,1,0,0
WRK07996,Adyar,13.009913,80.269655,2022-12-01,300.0,10,0.66,4,74,Basic Shield,29,3,1,1,0,0,1
WRK07997,Chromepet,12.956536,80.12641,2018-03-01,563.0,23,0.055,1,85,Basic Shield,29,5,2,0,1,0,0
WRK07998,Adyar,12.996073,80.264618,2023-02-01,684.0,17,0.358,1,80,Basic Shield,29,4,7,1,0,1,1
WRK07999,Adyar,13.020935,80.25574,2017-11-01,474.0,16,0.349,8,72,Basic Shield,29,6,1,1,1,0,1
WRK08000,T Nagar,13.040326,80.23143,2020-11-01,751.0,21,0.245,2,81,Basic Shield,29,4,4,0,0,1,0
WRK08001,Sholinganallur,12.887867,80.238463,2023-01-01,578.0,11,0.122,2,87,Basic Shield,29,6,0,0,1,0,0
WRK08002,Sholinganallur,12.895038,80.221544,2024-04-01,581.0,20,0.378,4,76,Basic Shield,29,9,1,0,1,0,0
WRK08003,Porur,13.029897,80.137347,2018-02-01,529.0,25,0.374,2,78,Basic Shield,29,3,1,0,0,0,0
WRK08004,Perambur,13.125786,80.253338,2023-02-01,645.0,25,0.243,2,81,Basic Shield,29,6,1,0,1,0,0
WRK08005,Guindy,13.018727,80.218121,2020-02-01,725.0,26,0.613,6,70,Basic Shield,29,10,1,1,1,0,1
WRK08006,Porur,13.023098,80.138151,2018-11-01,453.0,19,0.418,2,76,Basic Shield,29,5,5,0,1,1,0
WRK08007,T Nagar,13.047076,80.228505,2024-11-01,552.0,21,0.077,0,86,Basic Shield,29,3,3,0,0,1,0
WRK08008,Perambur,13.109503,80.23048,2021-02-01,608.0,13,0.453,2,78,Basic Shield,29,5,5,0,1,1,0
WRK08009,Velachery,12.966867,80.228304,2018-06-01,768.0,25,0.332,8,74,Basic Shield,29,5,6,0,1,1,0
WRK08010,Adyar,12.993176,80.246648,2023-03-01,639.0,17,0.218,3,80,Basic Shield,29,4,3,1,0,1,1
WRK08011,Porur,13.052579,80.138871,2018-05-01,619.0,17,0.498,4,74,Basic Shield,29,5,1,0,1,0,0
WRK08012,Sholinganallur,12.882356,80.239484,2024-07-01,531.0,16,0.331,3,78,Basic Shield,29,4,0,0,0,0,0
WRK08013,Anna Nagar,13.101156,80.227334,2023-09-01,701.0,22,0.278,2,80,Basic Shield,29,10,3,0,1,1,0
WRK08014,Perambur,13.104701,80.222281,2022-06-01,523.0,19,0.46,3,75,Basic Shield,29,1,2,0,0,0,0
WRK08015,Anna Nagar,13.075402,80.223958,2017-04-01,328.0,19,0.592,1,73,Basic Shield,29,7,3,0,1,1,0
WRK08016,Sholinganallur,12.906505,80.247814,2018-03-01,300.0,16,0.537,5,70,Basic Shield,29,5,0,0,1,0,0
WRK08017,Tambaram,12.941839,80.106113,2017-01-01,618.0,16,0.13,4,81,Basic Shield,29,2,4,0,0,1,0
WRK08018,Anna Nagar,13.101178,80.226718,2023-12-01,685.0,9,0.291,7,81,Basic Shield,29,7,5,0,1,1,0
WRK08019,Chromepet,12.962526,80.147641,2015-06-01,337.0,21,0.454,1,76,Basic Shield,29,2,5,0,0,1,0
WRK08020,Velachery,12.974585,80.200628,2024-08-01,582.0,19,0.369,4,76,Basic Shield,29,4,2,0,0,0,0
WRK08021,Adyar,13.001572,80.259395,2019-08-01,416.0,17,0.528,1,75,Basic Shield,29,5,2,1,1,0,1
WRK08022,Sholinganallur,12.892531,80.215779,2015-06-01,789.0,26,0.256,1,82,Basic Shield,29,6,2,0,1,0,0
WRK08023,Porur,13.028244,80.149703,2023-03-01,561.0,16,0.271,2,80,Basic Shield,29,6,2,0,1,0,0
WRK08024,Porur,13.034203,80.159767,2019-03-01,784.0,10,0.171,1,89,Basic Shield,29,3,1,0,0,0,0
WRK08025,Sholinganallur,12.890604,80.224258,2018-04-01,749.0,14,0.337,4,79,Basic Shield,29,7,5,0,1,1,0
WRK08026,Chromepet,12.955441,80.12924,2016-02-01,516.0,21,0.292,5,76,Basic Shield,29,6,2,0,1,0,0
WRK08027,Guindy,13.018699,80.232133,2017-03-01,718.0,13,0.193,2,84,Basic Shield,29,4,1,1,0,0,1
WRK08028,Guindy,13.005785,80.203521,2017-10-01,615.0,13,0.449,1,80,Basic Shield,29,3,5,1,0,1,1
WRK08029,Chromepet,12.942324,80.140236,2021-12-01,837.0,16,0.328,1,81,Basic Shield,29,6,2,0,1,0,0
WRK08030,Guindy,12.992611,80.216774,2021-04-01,635.0,19,0.34,6,75,Basic Shield,29,3,0,1,0,0,1
WRK08031,T Nagar,13.054553,80.251698,2020-05-01,740.0,22,0.27,3,80,Basic Shield,29,6,2,0,1,0,0
WRK08032,Adyar,13.014926,80.265072,2023-09-01,607.0,27,0.331,2,79,Basic Shield,29,4,0,1,0,0,1
WRK08033,Chromepet,12.967013,80.143275,2023-02-01,650.0,17,0.315,5,76,Basic Shield,29,5,3,0,1,1,0
WRK08034,Chromepet,12.961186,80.159848,2021-05-01,634.0,11,0.041,3,88,Basic Shield,29,4,2,0,0,0,0
WRK08035,Anna Nagar,13.088286,80.204825,2019-08-01,666.0,17,0.132,2,83,Basic Shield,29,6,3,0,1,1,0
WRK08036,Porur,13.045939,80.143786,2017-12-01,765.0,13,0.253,1,84,Basic Shield,29,6,3,0,1,1,0
WRK08037,Tambaram,12.906159,80.096012,2022-03-01,826.0,20,0.654,1,75,Basic Shield,29,8,3,0,1,1,0
WRK08038,Perambur,13.12101,80.244353,2019-02-01,542.0,20,0.121,2,83,Basic Shield,29,5,2,0,1,0,0
WRK08039,Sholinganallur,12.89118,80.21392,2016-04-01,618.0,14,0.172,4,81,Basic Shield,29,6,2,0,1,0,0
WRK08040,Chromepet,12.970539,80.131658,2015-06-01,411.0,19,0.138,4,80,Basic Shield,29,4,1,0,0,0,0
WRK08041,Anna Nagar,13.090045,80.215952,2018-02-01,510.0,18,0.265,3,79,Basic Shield,29,2,0,0,0,0,0
WRK08042,Porur,13.050091,80.150512,2019-04-01,759.0,19,0.513,4,74,Basic Shield,29,8,1,0,1,0,0
WRK08043,Tambaram,12.943555,80.108341,2022-11-01,698.0,24,0.096,3,83,Basic Shield,29,3,2,0,0,0,0
WRK08044,Porur,13.041121,80.149953,2020-03-01,507.0,22,0.55,2,74,Basic Shield,29,6,1,0,1,0,0
WRK08045,Guindy,13.003414,80.236865,2023-06-01,455.0,16,0.302,2,79,Basic Shield,29,5,1,1,1,0,1
WRK08046,T Nagar,13.018723,80.21529,2024-08-01,526.0,14,0.458,4,75,Basic Shield,29,3,4,0,0,1,0
WRK08047,Velachery,12.996666,80.202103,2015-08-01,632.0,15,0.623,7,68,Standard Shield,49,7,5,0,1,1,0
WRK08048,T Nagar,13.025261,80.230043,2022-01-01,648.0,10,0.108,7,84,Basic Shield,29,3,2,0,0,0,0
WRK08049,Chromepet,12.961173,80.130611,2019-01-01,720.0,23,0.068,3,84,Basic Shield,29,10,5,0,1,1,0
WRK08050,Perambur,13.11957,80.245799,2024-01-01,717.0,23,0.185,5,79,Basic Shield,29,6,2,0,1,0,0
WRK08051,Perambur,13.107733,80.228574,2018-12-01,615.0,14,0.324,3,79,Basic Shield,29,8,1,0,1,0,0
WRK08052,Velachery,12.974211,80.228745,2023-05-01,541.0,17,0.032,2,85,Basic Shield,29,4,1,0,0,0,0
WRK08053,T Nagar,13.019038,80.216785,2020-01-01,618.0,24,0.453,6,73,Basic Shield,29,4,3,0,0,1,0
WRK08054,Chromepet,12.966801,80.147541,2016-07-01,636.0,20,0.188,3,81,Basic Shield,29,5,1,0,1,0,0
WRK08055,Tambaram,12.930624,80.101158,2015-07-01,688.0,21,0.167,4,81,Basic Shield,29,8,2,0,1,0,0
WRK08056,Porur,13.017073,80.155843,2018-10-01,365.0,19,0.428,0,78,Basic Shield,29,10,1,0,1,0,0
WRK08057,Chromepet,12.945586,80.155812,2022-06-01,731.0,11,0.335,4,81,Basic Shield,29,8,1,0,1,0,0
WRK08058,Sholinganallur,12.911488,80.208787,2016-04-01,541.0,20,0.289,6,75,Basic Shield,29,6,0,0,1,0,0
WRK08059,Sholinganallur,12.915889,80.242759,2015-04-01,681.0,14,0.362,5,77,Basic Shield,29,5,1,0,1,0,0
WRK08060,Velachery,12.974457,80.205773,2016-10-01,644.0,23,0.309,2,80,Basic Shield,29,5,0,0,1,0,0
WRK08061,Chromepet,12.952964,80.133163,2024-03-01,450.0,15,0.372,0,79,Basic Shield,29,5,2,0,1,0,0
WRK08062,Adyar,13.012593,80.263891,2021-07-01,701.0,18,0.221,2,82,Basic Shield,29,3,2,1,0,0,1
WRK08063,Sholinganallur,12.919324,80.233697,2023-05-01,759.0,17,0.298,1,81,Basic Shield,29,3,0,0,0,0,0
WRK08064,Adyar,13.008195,80.243403,2017-05-01,665.0,15,0.418,1,78,Basic Shield,29,3,3,1,0,1,1
WRK08065,Porur,13.044595,80.140368,2019-12-01,636.0,16,0.137,1,84,Basic Shield,29,6,2,0,1,0,0
WRK08066,Velachery,12.977404,80.233661,2016-12-01,648.0,19,0.295,3,79,Basic Shield,29,10,0,0,1,0,0
WRK08067,Anna Nagar,13.099499,80.212192,2018-11-01,715.0,8,0.271,1,89,Basic Shield,29,4,2,0,0,0,0
WRK08068,Chromepet,12.937079,80.147435,2021-08-01,432.0,18,0.453,0,78,Basic Shield,29,7,3,0,1,1,0
WRK08069,Guindy,13.00012,80.203865,2023-02-01,698.0,14,0.275,4,79,Basic Shield,29,6,2,1,1,0,1
WRK08070,Perambur,13.13269,80.225925,2020-01-01,692.0,11,0.379,5,79,Basic Shield,29,6,4,0,1,1,0
WRK08071,Chromepet,12.969027,80.142634,2021-07-01,491.0,14,0.124,1,84,Basic Shield,29,8,4,0,1,1,0
WRK08072,Adyar,12.991813,80.257946,2023-04-01,648.0,20,0.133,1,84,Basic Shield,29,9,2,1,1,0,1
WRK08073,Chromepet,12.942189,80.133316,2016-11-01,671.0,20,0.255,3,80,Basic Shield,29,13,4,0,1,1,0
WRK08074,Porur,13.048656,80.155761,2018-03-01,538.0,22,0.238,5,77,Basic Shield,29,6,1,0,1,0,0
WRK08075,Velachery,12.965013,80.220467,2017-04-01,608.0,25,0.519,7,70,Basic Shield,29,8,3,0,1,1,0
WRK08076,Velachery,12.967079,80.205979,2019-06-01,631.0,19,0.154,1,84,Basic Shield,29,10,0,0,1,0,0
WRK08077,Tambaram,12.941681,80.112276,2019-11-01,595.0,19,0.566,1,75,Basic Shield,29,1,2,0,0,0,0
WRK08078,Chromepet,12.948242,80.146016,2019-10-01,445.0,21,0.071,4,81,Basic Shield,29,6,2,0,1,0,0
WRK08079,Adyar,12.997283,80.247928,2016-01-01,732.0,32,0.244,1,82,Basic Shield,29,7,2,1,1,0,1
WRK08080,T Nagar,13.048881,80.240581,2015-02-01,891.0,17,0.194,5,80,Basic Shield,29,6,1,0,1,0,0
WRK08081,Perambur,13.12733,80.234155,2022-04-01,524.0,24,0.242,6,76,Basic Shield,29,5,2,0,1,0,0
WRK08082,Guindy,13.013831,80.231074,2024-05-01,624.0,14,0.09,3,84,Basic Shield,29,6,4,1,1,1,1
WRK08083,T Nagar,13.057799,80.218188,2019-02-01,690.0,13,0.145,4,83,Basic Shield,29,3,1,0,0,0,0
WRK08084,Porur,13.049073,80.158455,2021-11-01,715.0,19,0.09,5,81,Basic Shield,29,6,3,0,1,1,0
WRK08085,Anna Nagar,13.075574,80.198789,2015-12-01,669.0,22,0.353,3,78,Basic Shield,29,5,3,0,1,1,0
WRK08086,Anna Nagar,13.069242,80.196282,2016-12-01,582.0,22,0.343,2,79,Basic Shield,29,6,3,0,1,1,0
WRK08087,Guindy,12.996172,80.226937,2022-07-01,561.0,24,0.131,1,84,Basic Shield,29,8,2,1,1,0,1
WRK08088,Tambaram,12.940425,80.101482,2024-11-01,542.0,13,0.243,3,81,Basic Shield,29,5,3,0,1,1,0
WRK08089,Sholinganallur,12.885292,80.231578,2015-03-01,641.0,22,0.103,7,79,Basic Shield,29,6,2,0,1,0,0
WRK08090,Sholinganallur,12.893654,80.243105,2022-03-01,856.0,23,0.028,2,86,Basic Shield,29,4,4,0,0,1,0
WRK08091,Chromepet,12.964261,80.155226,2018-10-01,644.0,19,0.298,1,81,Basic Shield,29,7,1,0,1,0,0
WRK08092,T Nagar,13.019804,80.247018,2019-03-01,744.0,19,0.094,2,84,Basic Shield,29,4,4,0,0,1,0
WRK08093,Chromepet,12.948911,80.132968,2022-02-01,608.0,24,0.679,6,68,Standard Shield,49,5,2,0,1,0,0
WRK08094,Perambur,13.108401,80.232849,2015-09-01,503.0,18,0.629,1,73,Basic Shield,29,3,6,0,0,1,0
WRK08095,Velachery,12.965406,80.219754,2024-05-01,601.0,20,0.276,4,78,Basic Shield,29,9,1,0,1,0,0
WRK08096,Anna Nagar,13.084251,80.193779,2021-01-01,648.0,12,0.272,6,79,Basic Shield,29,5,0,0,1,0,0
WRK08097,Perambur,13.135806,80.253665,2021-04-01,612.0,23,0.173,3,81,Basic Shield,29,5,0,0,1,0,0
WRK08098,Guindy,13.010848,80.221991,2021-05-01,517.0,19,0.405,2,77,Basic Shield,29,7,1,1,1,0,1
WRK08099,Velachery,13.001161,80.237732,2021-12-01,571.0,18,0.186,2,82,Basic Shield,29,7,2,0,1,0,0
WRK08100,Anna Nagar,13.098845,80.226245,2024-10-01,498.0,10,0.13,6,83,Basic Shield,29,6,2,0,1,0,0
WRK08101,Tambaram,12.929593,80.116313,2024-09-01,627.0,21,0.596,5,71,Basic Shield,29,9,4,0,1,1,0
WRK08102,Anna Nagar,13.08468,80.218786,2022-11-01,678.0,17,0.146,0,85,Basic Shield,29,7,1,0,1,0,0
WRK08103,Tambaram,12.917314,80.104473,2016-10-01,468.0,21,0.098,1,84,Basic Shield,29,4,0,0,0,0,0
WRK08104,Sholinganallur,12.893348,80.242903,2019-07-01,723.0,15,0.124,7,79,Basic Shield,29,9,1,0,1,0,0
WRK08105,Adyar,13.004919,80.240461,2017-09-01,758.0,23,0.419,4,76,Basic Shield,29,10,6,1,1,1,1
WRK08106,Chromepet,12.947438,80.131731,2016-11-01,452.0,22,0.487,1,76,Basic Shield,29,6,1,0,1,0,0
WRK08107,Tambaram,12.929072,80.118775,2019-07-01,646.0,20,0.18,2,82,Basic Shield,29,5,2,0,1,0,0
WRK08108,Porur,13.033191,80.150717,2021-02-01,439.0,16,0.262,3,78,Basic Shield,29,4,1,0,0,0,0
WRK08109,Porur,13.034097,80.168747,2021-03-01,831.0,17,0.294,2,81,Basic Shield,29,9,2,0,1,0,0
WRK08110,Adyar,12.998557,80.237333,2018-02-01,452.0,23,0.553,2,74,Basic Shield,29,4,0,1,0,0,1
WRK08111,Anna Nagar,13.079884,80.215409,2018-12-01,592.0,17,0.117,6,79,Basic Shield,29,5,1,0,1,0,0
WRK08112,Tambaram,12.926959,80.097021,2018-01-01,612.0,16,0.19,1,83,Basic Shield,29,7,2,0,1,0,0
WRK08113,T Nagar,13.050728,80.222911,2022-08-01,507.0,19,0.441,1,77,Basic Shield,29,10,1,0,1,0,0
WRK08114,Anna Nagar,13.105032,80.219759,2019-12-01,860.0,23,0.383,0,81,Basic Shield,29,6,3,0,1,1,0
WRK08115,Chromepet,12.950603,80.137161,2024-02-01,505.0,24,0.126,6,79,Basic Shield,29,4,1,0,0,0,0
WRK08116,Sholinganallur,12.90639,80.228438,2019-05-01,480.0,15,0.069,2,84,Basic Shield,29,2,1,0,0,0,0
WRK08117,Sholinganallur,12.908106,80.237963,2017-11-01,740.0,20,0.353,5,76,Basic Shield,29,8,3,0,1,1,0
WRK08118,Chromepet,12.97003,80.12902,2017-05-01,757.0,19,0.522,1,77,Basic Shield,29,7,3,0,1,1,0
WRK08119,Anna Nagar,13.093703,80.220707,2022-10-01,469.0,17,0.422,2,76,Basic Shield,29,5,2,0,1,0,0
WRK08120,Anna Nagar,13.087692,80.21759,2020-02-01,521.0,18,0.101,3,82,Basic Shield,29,8,3,0,1,1,0
WRK08121,Adyar,13.026618,80.248575,2020-11-01,785.0,20,0.3,3,79,Basic Shield,29,4,3,1,0,1,1
WRK08122,Sholinganallur,12.913637,80.211764,2021-12-01,643.0,20,0.13,5,80,Basic Shield,29,4,0,0,0,0,0
WRK08123,Guindy,12.986926,80.214863,2020-03-01,520.0,18,0.154,2,82,Basic Shield,29,5,3,1,1,1,1
WRK08124,Velachery,12.963051,80.228591,2024-05-01,752.0,21,0.056,2,85,Basic Shield,29,5,0,0,1,0,0
WRK08125,Perambur,13.117744,80.243386,2016-02-01,465.0,8,0.406,5,81,Basic Shield,29,4,3,0,0,1,0
WRK08126,Adyar,13.017123,80.24272,2024-04-01,648.0,23,0.366,4,76,Basic Shield,29,3,2,1,0,0,1
WRK08127,Velachery,12.974896,80.216617,2018-03-01,756.0,20,0.308,2,80,Basic Shield,29,1,0,0,0,0,0
WRK08128,Tambaram,12.909196,80.088436,2016-04-01,519.0,18,0.443,7,71,Basic Shield,29,10,2,0,1,0,0
WRK08129,Guindy,13.011984,80.215396,2019-12-01,674.0,22,0.576,3,73,Basic Shield,29,3,3,1,0,1,1
WRK08130,Tambaram,12.904914,80.083858,2017-10-01,598.0,22,0.375,4,76,Basic Shield,29,6,3,0,1,1,0
WRK08131,Tambaram,12.928262,80.087342,2021-10-01,639.0,19,0.285,4,78,Basic Shield,29,4,1,0,0,0,0
WRK08132,Perambur,13.100242,80.227325,2017-09-01,589.0,20,0.484,3,75,Basic Shield,29,6,2,0,1,0,0
WRK08133,Tambaram,12.905076,80.094769,2022-12-01,488.0,14,0.238,2,81,Basic Shield,29,5,2,0,1,0,0
WRK08134,Velachery,12.975426,80.20054,2015-11-01,552.0,19,0.202,1,82,Basic Shield,29,8,1,0,1,0,0
WRK08135,Anna Nagar,13.091758,80.196315,2015-05-01,435.0,12,0.659,3,73,Basic Shield,29,3,1,0,0,0,0
WRK08136,Porur,13.019,80.150705,2022-01-01,694.0,15,0.215,3,81,Basic Shield,29,4,2,0,0,0,0
WRK08137,T Nagar,13.038727,80.224583,2018-06-01,424.0,18,0.123,2,82,Basic Shield,29,6,2,0,1,0,0
WRK08138,Perambur,13.134764,80.252724,2018-05-01,561.0,15,0.208,2,81,Basic Shield,29,9,1,0,1,0,0
WRK08139,Velachery,12.978959,80.207438,2024-07-01,701.0,13,0.179,3,83,Basic Shield,29,2,2,0,0,0,0
WRK08140,Velachery,12.961708,80.225615,2024-10-01,556.0,26,0.64,1,73,Basic Shield,29,5,2,0,1,0,0
WRK08141,Adyar,12.994747,80.265676,2023-01-01,441.0,22,0.272,3,78,Basic Shield,29,5,0,1,1,0,1
WRK08142,Sholinganallur,12.907243,80.243227,2016-03-01,522.0,22,0.649,5,69,Standard Shield,49,3,2,0,0,0,0
WRK08143,Velachery,12.971313,80.208443,2022-07-01,679.0,23,0.182,3,81,Basic Shield,29,6,1,0,1,0,0
WRK08144,Chromepet,12.949151,80.133356,2023-08-01,560.0,15,0.552,3,73,Basic Shield,29,4,1,0,0,0,0
WRK08145,Chromepet,12.96446,80.139299,2020-12-01,535.0,13,0.491,1,78,Basic Shield,29,8,2,0,1,0,0
WRK08146,Guindy,13.018455,80.213819,2019-10-01,567.0,16,0.119,6,79,Basic Shield,29,4,2,1,0,0,1
WRK08147,Chromepet,12.938068,80.128335,2017-10-01,419.0,17,0.057,4,81,Basic Shield,29,3,2,0,0,0,0
WRK08148,Velachery,12.974196,80.202542,2019-09-01,708.0,14,0.299,5,78,Basic Shield,29,6,2,0,1,0,0
WRK08149,Adyar,13.008105,80.272062,2015-06-01,460.0,14,0.089,1,85,Basic Shield,29,2,4,1,0,1,1
WRK08150,Guindy,13.022707,80.239835,2023-08-01,502.0,20,0.173,1,83,Basic Shield,29,7,3,1,1,1,1
WRK08151,Adyar,13.021918,80.267392,2021-11-01,484.0,14,0.179,0,84,Basic Shield,29,6,1,1,1,0,1
WRK08152,Sholinganallur,12.911408,80.243257,2015-06-01,513.0,9,0.407,4,81,Basic Shield,29,5,0,0,1,0,0
WRK08153,Adyar,13.006001,80.26943,2019-02-01,564.0,15,0.148,4,80,Basic Shield,29,2,4,1,0,1,1
WRK08154,Sholinganallur,12.892219,80.245623,2018-06-01,526.0,24,0.273,2,80,Basic Shield,29,6,2,0,1,0,0
WRK08155,Velachery,12.974692,80.201731,2023-10-01,613.0,17,0.063,3,83,Basic Shield,29,12,3,0,1,1,0
WRK08156,Tambaram,12.930617,80.117529,2015-12-01,441.0,21,0.329,7,73,Basic Shield,29,5,1,0,1,0,0
WRK08157,Sholinganallur,12.899952,80.239735,2018-09-01,655.0,19,0.479,2,76,Basic Shield,29,5,0,0,1,0,0
WRK08158,Velachery,12.98527,80.211407,2019-08-01,594.0,22,0.339,1,80,Basic Shield,29,5,7,0,1,1,0
WRK08159,T Nagar,13.028403,80.243993,2019-04-01,813.0,23,0.206,2,82,Basic Shield,29,8,2,0,1,0,0
WRK08160,Anna Nagar,13.079839,80.194173,2022-07-01,642.0,17,0.31,3,79,Basic Shield,29,7,0,0,1,0,0
WRK08161,Adyar,13.015243,80.250191,2022-10-01,672.0,15,0.178,6,78,Basic Shield,29,4,1,1,0,0,1
WRK08162,Sholinganallur,12.89987,80.215033,2023-12-01,847.0,11,0.236,2,86,Basic Shield,29,10,2,0,1,0,0
WRK08163,Adyar,13.025351,80.254769,2016-08-01,753.0,21,0.156,3,82,Basic Shield,29,9,1,1,1,0,1
WRK08164,Velachery,12.974694,80.233788,2019-06-01,891.0,19,0.055,3,85,Basic Shield,29,5,1,0,1,0,0
WRK08165,Porur,13.044011,80.17246,2017-12-01,653.0,22,0.125,2,83,Basic Shield,29,10,1,0,1,0,0
WRK08166,Guindy,13.023977,80.232225,2020-02-01,591.0,17,0.329,1,80,Basic Shield,29,5,0,1,1,0,1
WRK08167,Anna Nagar,13.101362,80.215127,2020-06-01,319.0,17,0.351,3,76,Basic Shield,29,4,2,0,0,0,0
WRK08168,Perambur,13.105582,80.244615,2023-05-01,700.0,17,0.426,4,75,Basic Shield,29,9,1,0,1,0,0
WRK08169,Chromepet,12.957206,80.160676,2017-03-01,724.0,22,0.408,4,76,Basic Shield,29,7,2,0,1,0,0
WRK08170,Adyar,13.006155,80.27438,2024-07-01,563.0,15,0.095,2,83,Basic Shield,29,3,2,1,0,0,1
WRK08171,Adyar,12.991482,80.243589,2021-04-01,575.0,16,0.171,3,81,Basic Shield,29,4,2,1,0,0,1
WRK08172,Tambaram,12.924285,80.083209,2024-04-01,750.0,21,0.297,3,79,Basic Shield,29,7,2,0,1,0,0
WRK08173,Velachery,12.966002,80.234284,2021-08-01,666.0,21,0.13,3,82,Basic Shield,29,3,0,0,0,0,0
WRK08174,Anna Nagar,13.069451,80.227453,2020-11-01,484.0,16,0.234,4,78,Basic Shield,29,7,2,0,1,0,0
WRK08175,Perambur,13.107116,80.241971,2024-04-01,696.0,16,0.387,3,77,Basic Shield,29,7,2,0,1,0,0
WRK08176,Anna Nagar,13.075185,80.205647,2016-05-01,515.0,16,0.178,8,76,Basic Shield,29,7,1,0,1,0,0
WRK08177,Velachery,12.997323,80.233997,2016-12-01,631.0,18,0.213,2,81,Basic Shield,29,5,1,0,1,0,0
WRK08178,T Nagar,13.042882,80.215085,2015-10-01,441.0,15,0.18,3,80,Basic Shield,29,8,0,0,1,0,0
WRK08179,Adyar,13.024757,80.253235,2018-03-01,479.0,7,0.43,4,82,Basic Shield,29,8,0,1,1,0,1
WRK08180,T Nagar,13.026795,80.247021,2020-05-01,671.0,10,0.364,4,82,Basic Shield,29,1,3,0,0,1,0
WRK08181,Perambur,13.114332,80.250067,2019-04-01,644.0,17,0.232,2,81,Basic Shield,29,9,2,0,1,0,0
WRK08182,T Nagar,13.044105,80.246038,2018-05-01,596.0,6,0.395,2,87,Basic Shield,29,3,1,0,0,0,0
WRK08183,T Nagar,13.020448,80.227659,2016-10-01,595.0,14,0.201,2,82,Basic Shield,29,11,1,0,1,0,0
WRK08184,T Nagar,13.037643,80.225216,2017-06-01,501.0,19,0.259,2,80,Basic Shield,29,5,1,0,1,0,0
WRK08185,T Nagar,13.046044,80.241915,2016-12-01,587.0,19,0.053,1,85,Basic Shield,29,9,2,0,1,0,0
WRK08186,Perambur,13.119204,80.23765,2023-08-01,668.0,16,0.26,2,81,Basic Shield,29,0,2,0,0,0,0
WRK08187,Adyar,12.999203,80.23784,2020-02-01,504.0,14,0.084,2,84,Basic Shield,29,4,1,1,0,0,1
WRK08188,Guindy,13.01398,80.223972,2022-11-01,487.0,20,0.336,2,78,Basic Shield,29,5,4,1,1,1,1
WRK08189,Guindy,12.997678,80.224847,2020-04-01,851.0,17,0.17,3,82,Basic Shield,29,3,3,1,0,1,1
WRK08190,Velachery,12.998643,80.230272,2016-03-01,545.0,20,0.281,3,79,Basic Shield,29,6,1,0,1,0,0
WRK08191,Tambaram,12.906531,80.119232,2021-04-01,457.0,14,0.29,1,81,Basic Shield,29,7,6,0,1,1,0
WRK08192,Guindy,13.002052,80.238084,2017-01-01,739.0,23,0.209,4,80,Basic Shield,29,8,1,1,1,0,1
WRK08193,Adyar,12.990387,80.265459,2020-01-01,762.0,19,0.199,2,82,Basic Shield,29,5,1,1,1,0,1
WRK08194,Chromepet,12.964591,80.14582,2021-05-01,701.0,14,0.598,1,76,Basic Shield,29,1,4,0,0,1,0
WRK08195,Tambaram,12.90744,80.112465,2023-04-01,672.0,13,0.37,3,79,Basic Shield,29,10,1,0,1,0,0
WRK08196,Velachery,12.991778,80.234928,2018-06-01,616.0,23,0.504,3,75,Basic Shield,29,7,1,0,1,0,0
WRK08197,Anna Nagar,13.087691,80.218406,2018-08-01,558.0,15,0.249,7,75,Basic Shield,29,5,3,0,1,1,0
WRK08198,Adyar,13.01323,80.263069,2023-03-01,589.0,15,0.526,2,75,Basic Shield,29,8,2,1,1,0,1
WRK08199,Velachery,12.983475,80.201004,2024-07-01,667.0,21,0.225,1,82,Basic Shield,29,8,3,0,1,1,0
WRK08200,Porur,13.051388,80.161466,2016-06-01,537.0,14,0.081,2,85,Basic Shield,29,7,0,0,1,0,0
WRK08201,Sholinganallur,12.912975,80.236208,2015-02-01,606.0,18,0.22,1,82,Basic Shield,29,2,5,0,0,1,0
WRK08202,Velachery,12.971919,80.21985,2015-04-01,608.0,18,0.056,3,83,Basic Shield,29,5,0,0,1,0,0
WRK08203,Chromepet,12.968206,80.152036,2015-12-01,563.0,19,0.615,5,70,Basic Shield,29,8,4,0,1,1,0
WRK08204,Tambaram,12.931088,80.085629,2016-11-01,533.0,13,0.314,2,81,Basic Shield,29,6,3,0,1,1,0
WRK08205,Sholinganallur,12.898234,80.208301,2016-05-01,596.0,12,0.267,4,81,Basic Shield,29,4,1,0,0,0,0
WRK08206,Adyar,13.016418,80.253191,2021-04-01,480.0,15,0.061,2,84,Basic Shield,29,8,4,1,1,1,1
WRK08207,Chromepet,12.946767,80.160104,2016-05-01,692.0,14,0.088,1,86,Basic Shield,29,10,1,0,1,0,0
WRK08208,Perambur,13.104924,80.249899,2022-06-01,432.0,17,0.212,2,80,Basic Shield,29,6,2,0,1,0,0
WRK08209,Adyar,13.020643,80.248827,2021-12-01,463.0,21,0.285,3,78,Basic Shield,29,10,2,1,1,0,1
WRK08210,Chromepet,12.945854,80.133914,2022-05-01,626.0,23,0.265,3,79,Basic Shield,29,7,2,0,1,0,0
WRK08211,T Nagar,13.028898,80.231736,2024-08-01,524.0,20,0.053,2,84,Basic Shield,29,5,1,0,1,0,0
WRK08212,Guindy,13.010876,80.228177,2024-05-01,628.0,22,0.089,5,81,Basic Shield,29,4,2,1,0,0,1
WRK08213,Tambaram,12.920379,80.112257,2020-09-01,633.0,18,0.578,2,74,Basic Shield,29,4,0,0,0,0,0
WRK08214,Tambaram,12.931322,80.097616,2023-12-01,621.0,19,0.046,1,86,Basic Shield,29,4,3,0,0,1,0
WRK08215,Guindy,13.014483,80.221484,2022-04-01,643.0,11,0.701,6,72,Basic Shield,29,3,1,1,0,0,1
WRK08216,Guindy,13.002016,80.230835,2022-03-01,717.0,12,0.123,3,86,Basic Shield,29,8,0,1,1,0,1
WRK08217,Adyar,13.010791,80.238918,2015-07-01,504.0,9,0.314,4,83,Basic Shield,29,2,2,1,0,0,1
WRK08218,Adyar,13.00737,80.262573,2017-08-01,629.0,9,0.404,1,85,Basic Shield,29,5,6,1,1,1,1
WRK08219,Velachery,12.9855,80.206421,2024-07-01,778.0,13,0.384,2,81,Basic Shield,29,7,1,0,1,0,0
WRK08220,Adyar,13.003257,80.265324,2023-06-01,647.0,21,0.14,2,83,Basic Shield,29,2,3,1,0,1,1
WRK08221,Tambaram,12.909145,80.088214,2021-06-01,669.0,12,0.227,4,82,Basic Shield,29,7,3,0,1,1,0
WRK08222,Guindy,12.996191,80.205193,2020-10-01,699.0,18,0.721,1,73,Basic Shield,29,7,4,1,1,1,1
WRK08223,Tambaram,12.91827,80.094191,2020-06-01,556.0,20,0.309,2,79,Basic Shield,29,6,1,0,1,0,0
WRK08224,Velachery,12.989261,80.212448,2021-08-01,544.0,17,0.511,3,74,Basic Shield,29,11,1,0,1,0,0
WRK08225,Anna Nagar,13.097728,80.204809,2016-10-01,648.0,18,0.336,3,78,Basic Shield,29,8,2,0,1,0,0
WRK08226,Anna Nagar,13.069956,80.191834,2020-06-01,501.0,20,0.205,3,80,Basic Shield,29,4,5,0,0,1,0
WRK08227,Chromepet,12.94009,80.134636,2022-05-01,748.0,22,0.195,3,81,Basic Shield,29,9,1,0,1,0,0
WRK08228,Porur,13.044533,80.16275,2018-03-01,582.0,19,0.189,2,82,Basic Shield,29,3,2,0,0,0,0
WRK08229,Adyar,12.998216,80.258136,2020-01-01,669.0,11,0.188,2,86,Basic Shield,29,12,4,1,1,1,1
WRK08230,Perambur,13.118705,80.237652,2015-10-01,570.0,20,0.125,6,79,Basic Shield,29,10,1,0,1,0,0
WRK08231,Chromepet,12.96396,80.148631,2022-11-01,500.0,18,0.438,3,75,Basic Shield,29,7,1,0,1,0,0
WRK08232,Porur,13.048108,80.143091,2020-08-01,852.0,15,0.159,1,85,Basic Shield,29,4,3,0,0,1,0
WRK08233,Anna Nagar,13.072648,80.191105,2015-11-01,581.0,24,0.494,3,75,Basic Shield,29,8,3,0,1,1,0
WRK08234,Guindy,13.018139,80.204489,2019-08-01,656.0,19,0.533,2,75,Basic Shield,29,8,4,1,1,1,1
WRK08235,Guindy,12.996207,80.21432,2020-11-01,558.0,20,0.55,3,73,Basic Shield,29,8,2,1,1,0,1
WRK08236,Sholinganallur,12.888257,80.209377,2016-01-01,659.0,10,0.726,4,74,Basic Shield,29,1,3,0,0,1,0
WRK08237,Perambur,13.105825,80.228364,2019-06-01,626.0,25,0.291,4,78,Basic Shield,29,8,4,0,1,1,0
WRK08238,Chromepet,12.945772,80.142585,2020-08-01,589.0,18,0.228,1,82,Basic Shield,29,10,4,0,1,1,0
WRK08239,Velachery,12.962069,80.20314,2020-08-01,707.0,26,0.442,0,79,Basic Shield,29,1,1,0,0,0,0
WRK08240,Sholinganallur,12.883216,80.246415,2019-09-01,680.0,13,0.378,3,79,Basic Shield,29,5,2,0,1,0,0
WRK08241,Chromepet,12.946767,80.157473,2024-02-01,810.0,14,0.351,2,81,Basic Shield,29,5,0,0,1,0,0
WRK08242,Perambur,13.106746,80.243185,2022-08-01,583.0,16,0.034,1,86,Basic Shield,29,7,0,0,1,0,0
WRK08243,Sholinganallur,12.905905,80.22489,2018-11-01,306.0,17,0.216,2,80,Basic Shield,29,7,1,0,1,0,0
WRK08244,Guindy,13.011701,80.229281,2020-10-01,726.0,19,0.223,6,78,Basic Shield,29,5,2,1,1,0,1
WRK08245,Guindy,12.999406,80.231442,2018-03-01,713.0,21,0.223,6,78,Basic Shield,29,6,2,1,1,0,1
WRK08246,Perambur,13.12826,80.234893,2020-12-01,474.0,18,0.271,6,75,Basic Shield,29,5,0,0,1,0,0
WRK08247,Sholinganallur,12.889854,80.241181,2021-07-01,690.0,14,0.211,3,82,Basic Shield,29,7,5,0,1,1,0
WRK08248,Tambaram,12.919709,80.098259,2018-02-01,674.0,15,0.266,5,78,Basic Shield,29,3,1,0,0,0,0
WRK08249,Perambur,13.126761,80.218424,2017-07-01,571.0,21,0.321,0,81,Basic Shield,29,10,0,0,1,0,0
WRK08250,Chromepet,12.958459,80.159648,2024-07-01,665.0,19,0.244,4,79,Basic Shield,29,10,2,0,1,0,0
WRK08251,Adyar,13.025317,80.271052,2015-02-01,799.0,25,0.3,4,78,Basic Shield,29,7,3,1,1,1,1
WRK08252,Perambur,13.136404,80.225891,2020-07-01,473.0,15,0.313,0,81,Basic Shield,29,5,2,0,1,0,0
WRK08253,T Nagar,13.057663,80.25384,2023-03-01,628.0,17,0.31,5,76,Basic Shield,29,6,3,0,1,1,0
WRK08254,Guindy,12.988056,80.218421,2020-05-01,694.0,24,0.197,5,79,Basic Shield,29,7,0,1,1,0,1
WRK08255,Porur,13.019162,80.14887,2024-11-01,642.0,13,0.331,2,81,Basic Shield,29,9,3,0,1,1,0
WRK08256,Velachery,12.982317,80.228797,2022-11-01,602.0,12,0.301,3,81,Basic Shield,29,4,1,0,0,0,0
WRK08257,Anna Nagar,13.087728,80.227523,2022-10-01,537.0,20,0.201,8,75,Basic Shield,29,8,5,0,1,1,0
WRK08258,Porur,13.034693,80.159259,2022-01-01,413.0,17,0.279,1,80,Basic Shield,29,2,1,0,0,0,0
WRK08259,Adyar,13.023963,80.258937,2020-03-01,488.0,17,0.173,4,79,Basic Shield,29,6,0,1,1,0,1
WRK08260,Porur,13.043683,80.153236,2016-03-01,649.0,21,0.409,2,78,Basic Shield,29,3,3,0,0,1,0
WRK08261,Chromepet,12.966357,80.151167,2015-07-01,385.0,23,0.305,3,77,Basic Shield,29,6,2,0,1,0,0
WRK08262,Velachery,12.992744,80.209529,2020-04-01,527.0,13,0.146,4,82,Basic Shield,29,3,2,0,0,0,0
WRK08263,Perambur,13.11226,80.221701,2022-11-01,357.0,14,0.458,4,74,Basic Shield,29,11,3,0,1,1,0
WRK08264,Perambur,13.125957,80.220796,2022-05-01,513.0,14,0.229,0,83,Basic Shield,29,9,2,0,1,0,0
WRK08265,Velachery,12.999512,80.211415,2016-07-01,770.0,21,0.505,5,73,Basic Shield,29,0,1,0,0,0,0
WRK08266,Chromepet,12.937622,80.157388,2018-11-01,684.0,13,0.313,2,82,Basic Shield,29,9,2,0,1,0,0
WRK08267,Adyar,12.994422,80.274433,2015-09-01,437.0,16,0.451,4,74,Basic Shield,29,10,1,1,1,0,1
WRK08268,T Nagar,13.021147,80.215231,2019-08-01,652.0,18,0.645,8,67,Standard Shield,49,6,0,0,1,0,0
WRK08269,Porur,13.01768,80.160317,2020-06-01,397.0,16,0.593,10,65,Standard Shield,49,5,1,0,1,0,0
WRK08270,Chromepet,12.970985,80.148199,2024-10-01,654.0,18,0.692,3,71,Basic Shield,29,9,0,0,1,0,0
WRK08271,Anna Nagar,13.100255,80.217845,2022-10-01,771.0,22,0.227,4,80,Basic Shield,29,2,5,0,0,1,0
WRK08272,T Nagar,13.043168,80.231082,2024-01-01,835.0,21,0.162,3,82,Basic Shield,29,3,4,0,0,1,0
WRK08273,Sholinganallur,12.890014,80.211623,2024-06-01,556.0,21,0.372,4,76,Basic Shield,29,7,2,0,1,0,0
WRK08274,Porur,13.051863,80.172717,2022-03-01,623.0,22,0.32,2,79,Basic Shield,29,8,1,0,1,0,0
WRK08275,T Nagar,13.022514,80.221317,2018-05-01,498.0,17,0.336,2,78,Basic Shield,29,5,4,0,1,1,0
WRK08276,Guindy,13.010192,80.224369,2018-10-01,602.0,14,0.421,4,76,Basic Shield,29,3,2,1,0,0,1
WRK08277,Tambaram,12.918492,80.105166,2019-01-01,547.0,13,0.282,1,83,Basic Shield,29,7,2,0,1,0,0
WRK08278,Perambur,13.131334,80.236153,2019-09-01,617.0,25,0.249,0,83,Basic Shield,29,6,2,0,1,0,0
WRK08279,Perambur,13.103816,80.242211,2022-11-01,633.0,20,0.241,2,81,Basic Shield,29,8,2,0,1,0,0
WRK08280,Guindy,12.991089,80.216555,2020-01-01,391.0,20,0.325,1,79,Basic Shield,29,4,2,1,0,0,1
WRK08281,Sholinganallur,12.906523,80.24328,2019-08-01,679.0,17,0.099,4,82,Basic Shield,29,10,1,0,1,0,0
WRK08282,Chromepet,12.943194,80.138073,2024-02-01,595.0,27,0.418,1,78,Basic Shield,29,3,0,0,0,0,0
WRK08283,Anna Nagar,13.07792,80.207778,2021-09-01,673.0,22,0.242,4,79,Basic Shield,29,4,0,0,0,0,0
WRK08284,Anna Nagar,13.096827,80.207553,2023-02-01,624.0,25,0.278,2,80,Basic Shield,29,5,2,0,1,0,0
WRK08285,Guindy,13.008273,80.231297,2019-02-01,408.0,14,0.244,1,82,Basic Shield,29,11,1,1,1,0,1
WRK08286,Guindy,12.987216,80.214993,2023-05-01,585.0,14,0.145,5,81,Basic Shield,29,3,4,1,0,1,1
WRK08287,T Nagar,13.038302,80.25064,2023-12-01,425.0,13,0.472,1,78,Basic Shield,29,4,0,0,0,0,0
WRK08288,T Nagar,13.033065,80.235752,2016-07-01,778.0,18,0.334,7,75,Basic Shield,29,4,0,0,0,0,0
WRK08289,T Nagar,13.050471,80.242621,2017-12-01,639.0,23,0.449,3,76,Basic Shield,29,7,0,0,1,0,0
WRK08290,Chromepet,12.93755,80.124436,2020-03-01,493.0,21,0.313,0,81,Basic Shield,29,4,2,0,0,0,0
WRK08291,Adyar,13.026434,80.239873,2015-08-01,750.0,14,0.203,5,80,Basic Shield,29,5,2,1,1,0,1
WRK08292,Sholinganallur,12.881517,80.220727,2024-05-01,577.0,12,0.379,8,75,Basic Shield,29,5,2,0,1,0,0
WRK08293,Anna Nagar,13.094769,80.190736,2022-03-01,766.0,13,0.301,2,82,Basic Shield,29,8,3,0,1,1,0
WRK08294,T Nagar,13.021609,80.236078,2016-12-01,508.0,19,0.484,2,75,Basic Shield,29,7,1,0,1,0,0
WRK08295,Adyar,13.019894,80.275185,2024-12-01,744.0,12,0.329,6,79,Basic Shield,29,4,3,1,0,1,1
WRK08296,T Nagar,13.020372,80.221216,2022-10-01,574.0,10,0.225,1,87,Basic Shield,29,6,2,0,1,0,0
WRK08297,Chromepet,12.950824,80.127348,2018-06-01,716.0,21,0.137,3,82,Basic Shield,29,2,3,0,0,1,0
WRK08298,T Nagar,13.039719,80.245232,2017-01-01,650.0,14,0.045,5,83,Basic Shield,29,7,3,0,1,1,0
WRK08299,Velachery,12.997677,80.210141,2022-07-01,644.0,25,0.235,0,83,Basic Shield,29,4,3,0,0,1,0
WRK08300,Guindy,13.026156,80.216704,2020-03-01,738.0,19,0.212,6,78,Basic Shield,29,7,0,1,1,0,1
WRK08301,Porur,13.023827,80.140082,2016-11-01,678.0,14,0.708,2,73,Basic Shield,29,8,2,0,1,0,0
WRK08302,Guindy,12.996378,80.210279,2021-10-01,889.0,18,0.21,2,83,Basic Shield,29,7,2,1,1,0,1
WRK08303,Guindy,13.020296,80.238296,2019-06-01,493.0,18,0.3,4,77,Basic Shield,29,6,0,1,1,0,1
WRK08304,Adyar,13.010142,80.238569,2018-12-01,447.0,14,0.054,6,81,Basic Shield,29,7,1,1,1,0,1
WRK08305,T Nagar,13.036987,80.222879,2020-07-01,672.0,26,0.362,5,76,Basic Shield,29,6,2,0,1,0,0
WRK08306,Sholinganallur,12.901311,80.234132,2016-02-01,650.0,22,0.112,0,86,Basic Shield,29,4,4,0,0,1,0
WRK08307,Porur,13.050668,80.164084,2015-12-01,462.0,18,0.351,3,77,Basic Shield,29,8,5,0,1,1,0
WRK08308,T Nagar,13.027568,80.214584,2016-12-01,686.0,22,0.521,1,77,Basic Shield,29,6,2,0,1,0,0
WRK08309,Sholinganallur,12.920457,80.238183,2020-11-01,614.0,17,0.296,4,78,Basic Shield,29,9,5,0,1,1,0
WRK08310,Adyar,13.019356,80.270787,2022-12-01,528.0,11,0.061,2,88,Basic Shield,29,8,5,1,1,1,1
WRK08311,Anna Nagar,13.077477,80.19147,2017-06-01,512.0,21,0.184,5,78,Basic Shield,29,7,0,0,1,0,0
WRK08312,Tambaram,12.909627,80.109648,2020-12-01,581.0,16,0.275,4,78,Basic Shield,29,6,1,0,1,0,0
WRK08313,T Nagar,13.050742,80.251137,2023-04-01,495.0,13,0.223,4,81,Basic Shield,29,6,1,0,1,0,0
WRK08314,Tambaram,12.925029,80.084781,2022-01-01,770.0,19,0.399,1,79,Basic Shield,29,6,1,0,1,0,0
WRK08315,T Nagar,13.031894,80.226017,2020-06-01,600.0,14,0.194,2,83,Basic Shield,29,8,0,0,1,0,0
WRK08316,Sholinganallur,12.882792,80.210546,2016-03-01,630.0,19,0.455,1,78,Basic Shield,29,6,3,0,1,1,0
WRK08317,T Nagar,13.053297,80.24607,2021-11-01,592.0,13,0.449,2,78,Basic Shield,29,1,2,0,0,0,0
WRK08318,Porur,13.039967,80.164513,2020-12-01,680.0,19,0.227,0,83,Basic Shield,29,4,1,0,0,0,0
WRK08319,Anna Nagar,13.088573,80.225158,2019-01-01,658.0,21,0.18,5,79,Basic Shield,29,8,3,0,1,1,0
WRK08320,Anna Nagar,13.085306,80.219351,2021-07-01,566.0,15,0.598,1,74,Basic Shield,29,8,1,0,1,0,0
WRK08321,Perambur,13.113317,80.222816,2017-05-01,602.0,28,0.215,4,79,Basic Shield,29,5,2,0,1,0,0
WRK08322,Adyar,12.989813,80.258353,2024-04-01,815.0,24,0.178,0,85,Basic Shield,29,9,0,1,1,0,1
WRK08323,Anna Nagar,13.078334,80.223684,2016-12-01,556.0,18,0.413,2,77,Basic Shield,29,6,3,0,1,1,0
WRK08324,Chromepet,12.940464,80.160832,2019-05-01,558.0,21,0.145,2,82,Basic Shield,29,5,1,0,1,0,0
WRK08325,Tambaram,12.924171,80.107599,2016-02-01,560.0,24,0.113,4,81,Basic Shield,29,7,2,0,1,0,0
WRK08326,Adyar,13.010649,80.242932,2020-10-01,654.0,16,0.052,3,84,Basic Shield,29,12,0,1,1,0,1
WRK08327,Adyar,13.005006,80.251123,2017-11-01,538.0,19,0.192,0,83,Basic Shield,29,9,2,1,1,0,1
WRK08328,Adyar,12.995847,80.268223,2020-05-01,496.0,12,0.419,3,79,Basic Shield,29,6,0,1,1,0,1
WRK08329,Guindy,12.992612,80.215741,2019-07-01,499.0,14,0.132,1,84,Basic Shield,29,5,4,1,1,1,1
WRK08330,Chromepet,12.95557,80.126308,2021-12-01,319.0,30,0.676,4,69,Standard Shield,49,5,0,0,1,0,0
WRK08331,Guindy,13.025092,80.207618,2016-10-01,654.0,18,0.212,5,79,Basic Shield,29,4,0,1,0,0,1
WRK08332,Velachery,12.973281,80.213253,2017-02-01,609.0,18,0.152,6,79,Basic Shield,29,6,3,0,1,1,0
WRK08333,Porur,13.045383,80.162261,2019-01-01,674.0,14,0.586,2,75,Basic Shield,29,2,2,0,0,0,0
WRK08334,Chromepet,12.942505,80.152541,2022-02-01,650.0,16,0.336,1,80,Basic Shield,29,3,2,0,0,0,0
WRK08335,Anna Nagar,13.070461,80.208299,2024-12-01,534.0,22,0.149,3,81,Basic Shield,29,7,3,0,1,1,0
WRK08336,Anna Nagar,13.070332,80.192675,2017-02-01,488.0,19,0.054,2,84,Basic Shield,29,5,3,0,1,1,0
WRK08337,T Nagar,13.048361,80.228709,2018-10-01,749.0,13,0.174,1,86,Basic Shield,29,7,1,0,1,0,0
WRK08338,Guindy,12.991493,80.218998,2022-11-01,678.0,15,0.238,0,83,Basic Shield,29,5,0,1,1,0,1
WRK08339,Anna Nagar,13.088427,80.194986,2023-12-01,425.0,21,0.201,2,81,Basic Shield,29,9,2,0,1,0,0
WRK08340,Anna Nagar,13.104794,80.229092,2020-10-01,603.0,23,0.253,4,78,Basic Shield,29,4,2,0,0,0,0
WRK08341,T Nagar,13.022641,80.239902,2021-01-01,515.0,17,0.308,3,78,Basic Shield,29,2,3,0,0,1,0
WRK08342,Sholinganallur,12.887504,80.233998,2018-07-01,800.0,18,0.666,2,73,Basic Shield,29,7,4,0,1,1,0
WRK08343,Anna Nagar,13.092308,80.203438,2015-11-01,592.0,14,0.415,2,78,Basic Shield,29,4,1,0,0,0,0
WRK08344,Tambaram,12.912849,80.080763,2020-03-01,558.0,12,0.151,6,81,Basic Shield,29,6,3,0,1,1,0
WRK08345,Velachery,12.975357,80.198187,2020-08-01,761.0,18,0.179,1,84,Basic Shield,29,7,5,0,1,1,0
WRK08346,Tambaram,12.916077,80.082062,2021-02-01,446.0,17,0.453,4,74,Basic Shield,29,6,1,0,1,0,0
WRK08347,Perambur,13.123271,80.217065,2022-12-01,681.0,16,0.261,2,81,Basic Shield,29,7,2,0,1,0,0
WRK08348,Porur,13.038902,80.139685,2018-08-01,499.0,14,0.422,3,77,Basic Shield,29,8,3,0,1,1,0
WRK08349,Chromepet,12.943815,80.149511,2022-09-01,547.0,15,0.025,4,83,Basic Shield,29,2,2,0,0,0,0
WRK08350,Anna Nagar,13.089099,80.226547,2018-12-01,555.0,11,0.236,5,82,Basic Shield,29,8,0,0,1,0,0
WRK08351,Sholinganallur,12.893724,80.238424,2021-09-01,683.0,15,0.206,3,81,Basic Shield,29,8,1,0,1,0,0
WRK08352,Velachery,12.982951,80.210475,2018-03-01,608.0,16,0.411,1,78,Basic Shield,29,9,2,0,1,0,0
WRK08353,Velachery,12.975628,80.236747,2018-06-01,686.0,15,0.118,4,82,Basic Shield,29,6,1,0,1,0,0
WRK08354,Porur,13.03567,80.146531,2015-02-01,588.0,21,0.436,5,74,Basic Shield,29,5,0,0,1,0,0
WRK08355,Perambur,13.103959,80.240734,2023-03-01,662.0,19,0.118,0,85,Basic Shield,29,6,1,0,1,0,0
WRK08356,Perambur,13.100277,80.231018,2020-06-01,426.0,20,0.447,3,75,Basic Shield,29,4,1,0,0,0,0
WRK08357,Perambur,13.102637,80.24066,2016-12-01,841.0,16,0.339,8,74,Basic Shield,29,10,2,0,1,0,0
WRK08358,Adyar,13.010249,80.246168,2020-05-01,634.0,27,0.432,1,78,Basic Shield,29,3,2,1,0,0,1
WRK08359,Porur,13.016548,80.139524,2016-07-01,487.0,23,0.239,3,79,Basic Shield,29,5,2,0,1,0,0
WRK08360,Sholinganallur,12.884043,80.221235,2019-07-01,434.0,17,0.234,3,79,Basic Shield,29,5,1,0,1,0,0
WRK08361,T Nagar,13.027198,80.249678,2023-01-01,421.0,30,0.385,8,71,Basic Shield,29,6,0,0,1,0,0
WRK08362,Sholinganallur,12.885371,80.239385,2022-12-01,460.0,21,0.167,2,81,Basic Shield,29,6,0,0,1,0,0
WRK08363,Tambaram,12.938545,80.085862,2024-06-01,677.0,16,0.387,5,75,Basic Shield,29,6,2,0,1,0,0
WRK08364,Guindy,12.997835,80.212403,2018-05-01,446.0,33,0.077,8,77,Basic Shield,29,6,1,1,1,0,1
WRK08365,Adyar,13.004072,80.261422,2016-02-01,323.0,13,0.149,3,82,Basic Shield,29,6,0,1,1,0,1
WRK08366,Sholinganallur,12.88825,80.244302,2020-09-01,575.0,15,0.502,2,75,Basic Shield,29,5,4,0,1,1,0
WRK08367,Velachery,12.982678,80.206695,2021-10-01,674.0,21,0.08,2,84,Basic Shield,29,3,0,0,0,0,0
WRK08368,Sholinganallur,12.91791,80.237703,2015-07-01,384.0,16,0.483,3,74,Basic Shield,29,10,0,0,1,0,0
WRK08369,Adyar,13.001186,80.257244,2019-07-01,622.0,21,0.116,6,79,Basic Shield,29,10,1,1,1,0,1
WRK08370,Guindy,13.002143,80.208723,2024-01-01,514.0,16,0.431,3,75,Basic Shield,29,4,0,1,0,0,1
WRK08371,Porur,13.054645,80.152843,2018-06-01,595.0,15,0.028,3,84,Basic Shield,29,4,4,0,0,1,0
WRK08372,Perambur,13.109434,80.247162,2020-12-01,535.0,18,0.398,4,75,Basic Shield,29,10,3,0,1,1,0
WRK08373,Sholinganallur,12.883553,80.23997,2016-11-01,577.0,16,0.082,2,84,Basic Shield,29,6,1,0,1,0,0
WRK08374,Adyar,13.025868,80.247339,2021-02-01,714.0,17,0.09,1,85,Basic Shield,29,7,2,1,1,0,1
WRK08375,Adyar,12.998622,80.266898,2018-06-01,599.0,17,0.254,1,81,Basic Shield,29,5,0,1,1,0,1
WRK08376,T Nagar,13.038001,80.230899,2015-09-01,629.0,14,0.327,1,81,Basic Shield,29,6,1,0,1,0,0
WRK08377,Porur,13.023057,80.159364,2019-06-01,609.0,21,0.464,4,74,Basic Shield,29,5,3,0,1,1,0
WRK08378,Perambur,13.101243,80.234561,2015-07-01,439.0,15,0.403,3,76,Basic Shield,29,8,6,0,1,1,0
WRK08379,Sholinganallur,12.907843,80.216906,2020-01-01,593.0,18,0.259,5,77,Basic Shield,29,11,0,0,1,0,0
WRK08380,Guindy,12.992945,80.212965,2016-08-01,586.0,16,0.498,0,77,Basic Shield,29,4,2,1,0,0,1
WRK08381,Tambaram,12.910906,80.119211,2017-10-01,448.0,16,0.53,4,72,Basic Shield,29,4,1,0,0,0,0
WRK08382,Porur,13.020427,80.161575,2023-06-01,633.0,21,0.109,2,83,Basic Shield,29,4,1,0,0,0,0
WRK08383,Adyar,13.013344,80.2482,2015-10-01,506.0,20,0.289,8,73,Basic Shield,29,6,3,1,1,1,1
WRK08384,Anna Nagar,13.091623,80.20426,2017-01-01,667.0,16,0.21,2,82,Basic Shield,29,5,5,0,1,1,0
WRK08385,T Nagar,13.018982,80.250935,2015-04-01,577.0,24,0.116,1,84,Basic Shield,29,4,1,0,0,0,0
WRK08386,Chromepet,12.956588,80.147847,2016-10-01,685.0,19,0.262,3,80,Basic Shield,29,7,0,0,1,0,0
WRK08387,Velachery,12.973185,80.220059,2024-01-01,522.0,13,0.188,3,82,Basic Shield,29,4,5,0,0,1,0
WRK08388,Sholinganallur,12.896917,80.241228,2021-11-01,488.0,13,0.13,3,83,Basic Shield,29,9,3,0,1,1,0
WRK08389,Adyar,13.012317,80.26188,2021-06-01,590.0,20,0.323,1,80,Basic Shield,29,6,2,1,1,0,1
WRK08390,Perambur,13.115869,80.241575,2018-05-01,560.0,17,0.088,5,81,Basic Shield,29,5,2,0,1,0,0
WRK08391,T Nagar,13.026226,80.234175,2020-08-01,611.0,12,0.117,1,87,Basic Shield,29,7,3,0,1,1,0
WRK08392,Perambur,13.104581,80.241884,2020-02-01,609.0,24,0.299,3,79,Basic Shield,29,4,4,0,0,1,0
WRK08393,Perambur,13.104217,80.239382,2022-02-01,709.0,18,0.035,2,85,Basic Shield,29,8,1,0,1,0,0
WRK08394,Guindy,12.993345,80.202193,2021-06-01,571.0,13,0.221,1,84,Basic Shield,29,5,3,1,1,1,1
WRK08395,Porur,13.019681,80.171036,2017-02-01,598.0,17,0.38,4,76,Basic Shield,29,8,5,0,1,1,0
WRK08396,Adyar,12.993938,80.250344,2015-12-01,587.0,14,0.484,4,75,Basic Shield,29,3,3,1,0,1,1
WRK08397,Anna Nagar,13.097051,80.204327,2016-04-01,526.0,14,0.32,1,81,Basic Shield,29,6,4,0,1,1,0
WRK08398,Tambaram,12.912597,80.110304,2024-01-01,823.0,23,0.254,7,77,Basic Shield,29,7,5,0,1,1,0
WRK08399,Perambur,13.124077,80.217426,2015-08-01,720.0,26,0.244,4,79,Basic Shield,29,4,3,0,0,1,0
WRK08400,Sholinganallur,12.88804,80.24434,2018-04-01,732.0,20,0.347,2,79,Basic Shield,29,7,2,0,1,0,0
WRK08401,Guindy,12.996541,80.204034,2016-10-01,401.0,7,0.254,4,85,Basic Shield,29,6,5,1,1,1,1
WRK08402,Velachery,12.984466,80.214782,2021-05-01,530.0,14,0.09,6,80,Basic Shield,29,7,1,0,1,0,0
WRK08403,Anna Nagar,13.095788,80.227256,2021-09-01,629.0,22,0.191,5,79,Basic Shield,29,8,1,0,1,0,0
WRK08404,Porur,13.039239,80.137967,2019-09-01,406.0,18,0.335,2,78,Basic Shield,29,5,2,0,1,0,0
WRK08405,Porur,13.056377,80.149516,2023-02-01,526.0,24,0.201,3,80,Basic Shield,29,4,4,0,0,1,0
WRK08406,T Nagar,13.056748,80.228104,2015-09-01,365.0,23,0.281,1,80,Basic Shield,29,7,6,0,1,1,0
WRK08407,Adyar,13.025088,80.264166,2018-06-01,863.0,15,0.314,3,80,Basic Shield,29,6,1,1,1,0,1
WRK08408,Sholinganallur,12.909576,80.237385,2016-10-01,440.0,19,0.265,6,75,Basic Shield,29,7,4,0,1,1,0
WRK08409,Tambaram,12.936028,80.08111,2016-09-01,458.0,14,0.18,2,82,Basic Shield,29,5,2,0,1,0,0
WRK08410,Chromepet,12.944839,80.144291,2015-11-01,473.0,25,0.689,2,71,Basic Shield,29,8,4,0,1,1,0
WRK08411,Porur,13.025569,80.168578,2015-11-01,607.0,13,0.459,1,79,Basic Shield,29,5,3,0,1,1,0
WRK08412,Chromepet,12.941181,80.12783,2021-12-01,439.0,20,0.408,3,76,Basic Shield,29,6,2,0,1,0,0
WRK08413,Velachery,12.97507,80.207368,2022-12-01,601.0,25,0.355,4,76,Basic Shield,29,10,4,0,1,1,0
WRK08414,Sholinganallur,12.882674,80.240779,2017-09-01,651.0,16,0.393,4,76,Basic Shield,29,4,5,0,0,1,0
WRK08415,Adyar,13.016936,80.239671,2020-01-01,689.0,12,0.113,1,88,Basic Shield,29,9,1,1,1,0,1
WRK08416,Velachery,12.983652,80.23256,2018-11-01,451.0,12,0.206,4,82,Basic Shield,29,3,3,0,0,1,0
WRK08417,Tambaram,12.927158,80.114906,2015-05-01,605.0,9,0.279,0,88,Basic Shield,29,7,2,0,1,0,0
WRK08418,Velachery,12.965413,80.198385,2023-10-01,487.0,26,0.048,2,84,Basic Shield,29,5,4,0,1,1,0
WRK08419,Anna Nagar,13.098441,80.219472,2020-05-01,430.0,14,0.246,7,76,Basic Shield,29,4,5,0,0,1,0
WRK08420,T Nagar,13.03305,80.238354,2015-06-01,846.0,14,0.493,2,78,Basic Shield,29,2,2,0,0,0,0
WRK08421,Guindy,12.999332,80.222484,2016-11-01,616.0,22,0.241,5,78,Basic Shield,29,5,1,1,1,0,1
WRK08422,T Nagar,13.02984,80.249688,2021-12-01,720.0,26,0.097,1,85,Basic Shield,29,5,1,0,1,0,0
WRK08423,T Nagar,13.038036,80.225805,2023-07-01,513.0,18,0.396,3,76,Basic Shield,29,6,3,0,1,1,0
WRK08424,Velachery,12.985545,80.204583,2020-01-01,686.0,17,0.182,2,82,Basic Shield,29,7,1,0,1,0,0
WRK08425,Chromepet,12.933809,80.148041,2023-07-01,619.0,21,0.176,3,81,Basic Shield,29,6,3,0,1,1,0
WRK08426,Anna Nagar,13.069188,80.218107,2019-02-01,521.0,17,0.33,4,77,Basic Shield,29,4,4,0,0,1,0
WRK08427,Anna Nagar,13.074852,80.225586,2015-11-01,622.0,13,0.127,3,84,Basic Shield,29,6,1,0,1,0,0
WRK08428,Anna Nagar,13.088769,80.227428,2023-01-01,649.0,17,0.542,3,74,Basic Shield,29,6,0,0,1,0,0
WRK08429,Chromepet,12.956989,80.16106,2018-01-01,618.0,15,0.103,3,83,Basic Shield,29,6,1,0,1,0,0
WRK08430,Velachery,12.992015,80.237969,2016-10-01,485.0,16,0.463,2,76,Basic Shield,29,9,3,0,1,1,0
WRK08431,Perambur,13.12451,80.240029,2024-04-01,458.0,15,0.635,1,73,Basic Shield,29,7,0,0,1,0,0
WRK08432,Adyar,12.992302,80.260868,2017-09-01,510.0,21,0.116,3,82,Basic Shield,29,11,7,1,1,1,1
WRK08433,Velachery,12.997148,80.204133,2024-06-01,495.0,17,0.528,4,72,Basic Shield,29,9,2,0,1,0,0
WRK08434,Tambaram,12.943509,80.10056,2016-04-01,443.0,20,0.142,5,79,Basic Shield,29,5,1,0,1,0,0
WRK08435,Perambur,13.102532,80.247218,2020-09-01,561.0,25,0.074,3,83,Basic Shield,29,8,3,0,1,1,0
WRK08436,Chromepet,12.937396,80.12809,2024-04-01,585.0,17,0.387,4,76,Basic Shield,29,8,0,0,1,0,0
WRK08437,Porur,13.033927,80.137053,2018-06-01,670.0,14,0.443,2,78,Basic Shield,29,6,3,0,1,1,0
WRK08438,Perambur,13.113888,80.253341,2024-02-01,543.0,14,0.721,2,72,Basic Shield,29,6,4,0,1,1,0
WRK08439,Tambaram,12.91016,80.111215,2017-03-01,710.0,16,0.337,2,79,Basic Shield,29,7,0,0,1,0,0
WRK08440,Velachery,12.98546,80.217845,2021-08-01,523.0,13,0.276,4,80,Basic Shield,29,8,0,0,1,0,0
WRK08441,Adyar,13.017782,80.253625,2023-06-01,541.0,20,0.506,6,71,Basic Shield,29,11,3,1,1,1,1
WRK08442,Sholinganallur,12.887821,80.246231,2023-11-01,698.0,17,0.255,3,80,Basic Shield,29,8,2,0,1,0,0
WRK08443,Anna Nagar,13.099811,80.216527,2020-05-01,702.0,24,0.191,3,81,Basic Shield,29,8,3,0,1,1,0
WRK08444,Tambaram,12.916732,80.108116,2022-07-01,554.0,19,0.253,2,80,Basic Shield,29,7,1,0,1,0,0
WRK08445,Adyar,13.022235,80.263554,2015-11-01,659.0,17,0.097,1,85,Basic Shield,29,5,2,1,1,0,1
WRK08446,Porur,13.03699,80.160313,2022-05-01,740.0,19,0.415,2,78,Basic Shield,29,8,1,0,1,0,0
WRK08447,Guindy,13.005033,80.226776,2015-06-01,747.0,25,0.619,2,74,Basic Shield,29,5,2,1,1,0,1
WRK08448,Chromepet,12.952515,80.148965,2024-09-01,310.0,14,0.282,2,79,Basic Shield,29,6,4,0,1,1,0
WRK08449,Perambur,13.103158,80.215351,2021-02-01,878.0,15,0.169,3,83,Basic Shield,29,5,1,0,1,0,0
WRK08450,Guindy,13.016138,80.203504,2024-05-01,655.0,13,0.176,2,84,Basic Shield,29,13,4,1,1,1,1
WRK08451,Velachery,12.990494,80.213569,2024-09-01,546.0,20,0.242,3,79,Basic Shield,29,8,4,0,1,1,0
WRK08452,Tambaram,12.932791,80.112134,2018-04-01,609.0,23,0.043,2,85,Basic Shield,29,7,2,0,1,0,0
WRK08453,Adyar,13.022728,80.266089,2016-03-01,725.0,19,0.394,4,76,Basic Shield,29,7,1,1,1,0,1
WRK08454,Chromepet,12.965001,80.159867,2019-11-01,527.0,22,0.287,1,80,Basic Shield,29,9,1,0,1,0,0
WRK08455,Tambaram,12.906671,80.08339,2024-03-01,314.0,24,0.295,4,76,Basic Shield,29,6,2,0,1,0,0
WRK08456,Chromepet,12.949934,80.15732,2016-06-01,569.0,16,0.117,2,83,Basic Shield,29,8,0,0,1,0,0
WRK08457,Sholinganallur,12.88394,80.223954,2022-05-01,787.0,22,0.149,3,82,Basic Shield,29,4,2,0,0,0,0
WRK08458,Anna Nagar,13.080036,80.21939,2020-08-01,606.0,18,0.36,3,77,Basic Shield,29,3,4,0,0,1,0
WRK08459,Adyar,13.003161,80.237857,2022-05-01,678.0,20,0.046,6,81,Basic Shield,29,5,2,1,1,0,1
WRK08460,Sholinganallur,12.882318,80.209375,2022-01-01,627.0,25,0.289,2,80,Basic Shield,29,4,0,0,0,0,0
WRK08461,Perambur,13.101971,80.243959,2016-12-01,544.0,16,0.152,2,82,Basic Shield,29,1,2,0,0,0,0
WRK08462,T Nagar,13.050499,80.215429,2016-11-01,434.0,25,0.488,2,75,Basic Shield,29,9,2,0,1,0,0
WRK08463,Guindy,12.993765,80.231407,2022-07-01,692.0,8,0.433,1,85,Basic Shield,29,6,2,1,1,0,1
WRK08464,T Nagar,13.042353,80.24262,2020-09-01,639.0,28,0.331,3,78,Basic Shield,29,5,3,0,1,1,0
WRK08465,Chromepet,12.951196,80.134161,2024-07-01,650.0,19,0.404,3,77,Basic Shield,29,8,2,0,1,0,0
WRK08466,Sholinganallur,12.9136,80.246702,2017-09-01,455.0,19,0.043,4,82,Basic Shield,29,6,0,0,1,0,0
WRK08467,Chromepet,12.971481,80.1228,2019-07-01,512.0,26,0.148,1,83,Basic Shield,29,4,2,0,0,0,0
WRK08468,Sholinganallur,12.908998,80.230679,2017-03-01,558.0,16,0.057,4,82,Basic Shield,29,4,3,0,0,1,0
WRK08469,Adyar,12.993059,80.252894,2023-02-01,684.0,22,0.329,0,81,Basic Shield,29,2,0,1,0,0,1
WRK08470,Velachery,12.980148,80.235374,2024-06-01,858.0,18,0.269,8,75,Basic Shield,29,5,2,0,1,0,0
WRK08471,Adyar,13.00063,80.247808,2024-04-01,628.0,21,0.328,1,80,Basic Shield,29,7,0,1,1,0,1
WRK08472,Anna Nagar,13.099562,80.226773,2016-07-01,524.0,16,0.502,3,74,Basic Shield,29,4,3,0,0,1,0
WRK08473,Chromepet,12.954181,80.133484,2022-01-01,675.0,21,0.129,2,83,Basic Shield,29,10,0,0,1,0,0
WRK08474,Perambur,13.104777,80.243804,2024-03-01,624.0,15,0.161,3,81,Basic Shield,29,7,2,0,1,0,0
WRK08475,Sholinganallur,12.911852,80.211274,2021-12-01,741.0,17,0.397,2,78,Basic Shield,29,1,1,0,0,0,0
WRK08476,T Nagar,13.042913,80.240606,2018-04-01,406.0,19,0.349,5,75,Basic Shield,29,4,2,0,0,0,0
WRK08477,Velachery,12.987647,80.202273,2024-02-01,552.0,12,0.058,1,88,Basic Shield,29,6,2,0,1,0,0
WRK08478,T Nagar,13.035604,80.228172,2015-05-01,463.0,16,0.126,2,82,Basic Shield,29,7,0,0,1,0,0
WRK08479,Perambur,13.119481,80.238929,2016-04-01,665.0,15,0.391,4,76,Basic Shield,29,5,1,0,1,0,0
WRK08480,Adyar,13.005579,80.273603,2018-05-01,560.0,20,0.496,11,66,Standard Shield,49,5,1,1,1,0,1
WRK08481,Velachery,12.98061,80.212635,2021-10-01,634.0,20,0.49,2,76,Basic Shield,29,3,0,0,0,0,0
WRK08482,Perambur,13.128747,80.218188,2024-01-01,446.0,11,0.369,8,75,Basic Shield,29,9,1,0,1,0,0
WRK08483,Sholinganallur,12.89232,80.24159,2020-12-01,608.0,23,0.614,3,72,Basic Shield,29,7,0,0,1,0,0
WRK08484,Sholinganallur,12.915895,80.220066,2022-10-01,578.0,19,0.316,5,76,Basic Shield,29,6,5,0,1,1,0
WRK08485,Chromepet,12.966912,80.153605,2015-08-01,603.0,12,0.116,0,88,Basic Shield,29,7,2,0,1,0,0
WRK08486,Perambur,13.124815,80.254077,2018-01-01,559.0,23,0.38,1,79,Basic Shield,29,8,1,0,1,0,0
WRK08487,Guindy,13.025624,80.202888,2020-05-01,640.0,11,0.36,3,82,Basic Shield,29,3,2,1,0,0,1
WRK08488,Porur,13.047904,80.145046,2016-02-01,730.0,18,0.26,2,81,Basic Shield,29,3,0,0,0,0,0
WRK08489,Adyar,13.017516,80.270116,2015-04-01,543.0,13,0.322,2,81,Basic Shield,29,4,1,1,0,0,1
WRK08490,T Nagar,13.030583,80.231072,2017-01-01,754.0,23,0.264,5,78,Basic Shield,29,7,0,0,1,0,0
WRK08491,Porur,13.03566,80.173585,2015-08-01,538.0,22,0.218,3,80,Basic Shield,29,5,4,0,1,1,0
WRK08492,Sholinganallur,12.889441,80.232817,2023-06-01,502.0,13,0.304,3,80,Basic Shield,29,6,1,0,1,0,0
WRK08493,Perambur,13.10944,80.237419,2024-02-01,551.0,15,0.326,1,80,Basic Shield,29,8,1,0,1,0,0
WRK08494,Chromepet,12.970694,80.127822,2019-07-01,723.0,22,0.27,1,82,Basic Shield,29,10,1,0,1,0,0
WRK08495,Sholinganallur,12.897283,80.24486,2023-11-01,633.0,17,0.208,3,81,Basic Shield,29,10,2,0,1,0,0
WRK08496,Chromepet,12.941959,80.133469,2024-03-01,622.0,7,0.503,1,85,Basic Shield,29,4,2,0,0,0,0
WRK08497,Velachery,12.975169,80.237748,2024-04-01,600.0,15,0.425,4,75,Basic Shield,29,11,2,0,1,0,0
WRK08498,Anna Nagar,13.104944,80.192538,2016-07-01,645.0,21,0.229,3,80,Basic Shield,29,4,2,0,0,0,0
WRK08499,Adyar,13.023274,80.276077,2024-04-01,521.0,19,0.379,3,77,Basic Shield,29,7,4,1,1,1,1
WRK08500,Adyar,13.004551,80.251826,2015-04-01,598.0,17,0.558,4,72,Basic Shield,29,9,3,1,1,1,1
WRK08501,Guindy,12.994209,80.22873,2020-02-01,433.0,25,0.113,3,81,Basic Shield,29,4,3,1,0,1,1
WRK08502,Anna Nagar,13.081188,80.192541,2024-02-01,733.0,20,0.122,1,85,Basic Shield,29,3,3,0,0,1,0
WRK08503,Sholinganallur,12.903063,80.242536,2019-10-01,432.0,15,0.602,1,74,Basic Shield,29,6,1,0,1,0,0
WRK08504,Tambaram,12.91106,80.080193,2016-11-01,654.0,18,0.363,3,78,Basic Shield,29,10,0,0,1,0,0
WRK08505,Anna Nagar,13.085997,80.202604,2022-08-01,526.0,21,0.191,2,81,Basic Shield,29,7,1,0,1,0,0
WRK08506,Sholinganallur,12.882783,80.243667,2018-10-01,507.0,21,0.193,7,76,Basic Shield,29,8,3,0,1,1,0
WRK08507,Sholinganallur,12.891803,80.246408,2023-09-01,615.0,15,0.407,3,76,Basic Shield,29,5,2,0,1,0,0
WRK08508,T Nagar,13.045555,80.226661,2022-04-01,476.0,15,0.163,2,82,Basic Shield,29,7,3,0,1,1,0
WRK08509,Porur,13.038983,80.157636,2019-05-01,776.0,21,0.522,2,76,Basic Shield,29,6,1,0,1,0,0
WRK08510,Porur,13.050491,80.150153,2015-02-01,641.0,20,0.211,4,79,Basic Shield,29,6,5,0,1,1,0
WRK08511,Chromepet,12.963913,80.134269,2021-12-01,555.0,22,0.105,2,83,Basic Shield,29,2,4,0,0,1,0
WRK08512,Chromepet,12.965606,80.133502,2021-08-01,647.0,31,0.601,2,74,Basic Shield,29,5,4,0,1,1,0
WRK08513,Guindy,13.003601,80.200865,2015-01-01,786.0,17,0.5,3,75,Basic Shield,29,10,2,1,1,0,1
WRK08514,Adyar,12.998053,80.250077,2021-04-01,723.0,15,0.213,1,83,Basic Shield,29,3,1,1,0,0,1
WRK08515,Anna Nagar,13.073272,80.230055,2020-10-01,506.0,18,0.15,3,81,Basic Shield,29,7,0,0,1,0,0
WRK08516,Guindy,12.998532,80.207344,2019-09-01,566.0,15,0.143,3,81,Basic Shield,29,6,2,1,1,0,1
WRK08517,Adyar,12.99319,80.265798,2023-12-01,579.0,14,0.031,3,85,Basic Shield,29,4,0,1,0,0,1
WRK08518,Perambur,13.131682,80.237069,2017-11-01,507.0,14,0.283,6,76,Basic Shield,29,9,1,0,1,0,0
WRK08519,Porur,13.04766,80.171518,2023-08-01,642.0,20,0.037,2,85,Basic Shield,29,6,2,0,1,0,0
WRK08520,Sholinganallur,12.902435,80.221609,2019-02-01,778.0,18,0.151,1,84,Basic Shield,29,6,4,0,1,1,0
WRK08521,Guindy,13.002066,80.224521,2022-06-01,753.0,18,0.359,4,77,Basic Shield,29,4,1,1,0,0,1
WRK08522,Guindy,12.999342,80.221724,2023-09-01,767.0,22,0.128,2,84,Basic Shield,29,5,2,1,1,0,1
WRK08523,Chromepet,12.943598,80.1358,2022-03-01,714.0,19,0.428,2,78,Basic Shield,29,6,5,0,1,1,0
WRK08524,Tambaram,12.913187,80.089973,2019-06-01,427.0,21,0.037,1,85,Basic Shield,29,5,1,0,1,0,0
WRK08525,Sholinganallur,12.918491,80.23418,2015-08-01,533.0,14,0.338,5,76,Basic Shield,29,6,4,0,1,1,0
WRK08526,Chromepet,12.952932,80.153312,2022-07-01,842.0,15,0.282,2,81,Basic Shield,29,3,3,0,0,1,0
WRK08527,Perambur,13.124989,80.252998,2023-04-01,697.0,13,0.261,2,83,Basic Shield,29,4,3,0,0,1,0
WRK08528,Perambur,13.11442,80.240784,2017-08-01,618.0,17,0.226,2,81,Basic Shield,29,6,3,0,1,1,0
WRK08529,Guindy,13.021978,80.211831,2018-04-01,436.0,17,0.201,7,76,Basic Shield,29,10,3,1,1,1,1
WRK08530,Anna Nagar,13.08918,80.198975,2017-12-01,522.0,18,0.024,5,82,Basic Shield,29,7,0,0,1,0,0
WRK08531,Adyar,13.002132,80.239664,2017-02-01,565.0,18,0.346,1,79,Basic Shield,29,7,3,1,1,1,1
WRK08532,Guindy,12.992608,80.201674,2015-01-01,619.0,24,0.154,4,81,Basic Shield,29,3,1,1,0,0,1
WRK08533,Sholinganallur,12.890078,80.210539,2018-01-01,671.0,17,0.163,2,83,Basic Shield,29,5,2,0,1,0,0
WRK08534,Tambaram,12.908404,80.107007,2024-07-01,642.0,21,0.266,1,81,Basic Shield,29,7,4,0,1,1,0
WRK08535,Guindy,13.017489,80.221395,2023-02-01,711.0,16,0.523,5,73,Basic Shield,29,5,2,1,1,0,1
WRK08536,Chromepet,12.944702,80.132197,2024-06-01,573.0,18,0.046,2,84,Basic Shield,29,5,3,0,1,1,0
WRK08537,Sholinganallur,12.893171,80.21259,2015-08-01,802.0,24,0.472,4,75,Basic Shield,29,7,2,0,1,0,0
WRK08538,Guindy,13.005706,80.238923,2020-02-01,398.0,10,0.453,2,80,Basic Shield,29,4,4,1,0,1,1
WRK08539,Sholinganallur,12.884257,80.216718,2018-11-01,456.0,26,0.29,2,79,Basic Shield,29,6,1,0,1,0,0
WRK08540,Chromepet,12.953157,80.141155,2021-06-01,586.0,18,0.276,5,77,Basic Shield,29,8,2,0,1,0,0
WRK08541,Perambur,13.127501,80.251366,2021-11-01,463.0,18,0.29,0,81,Basic Shield,29,3,6,0,0,1,0
WRK08542,Chromepet,12.932525,80.141029,2023-11-01,588.0,18,0.677,5,69,Standard Shield,49,6,6,0,1,1,0
WRK08543,Velachery,12.981938,80.211565,2021-06-01,502.0,31,0.105,4,81,Basic Shield,29,8,1,0,1,0,0
WRK08544,Sholinganallur,12.892223,80.229907,2018-07-01,627.0,18,0.118,5,80,Basic Shield,29,10,1,0,1,0,0
WRK08545,Adyar,12.993522,80.264141,2018-06-01,989.0,22,0.11,2,85,Basic Shield,29,5,2,1,1,0,1
WRK08546,Sholinganallur,12.884588,80.232753,2020-03-01,422.0,16,0.295,4,77,Basic Shield,29,9,0,0,1,0,0
WRK08547,Sholinganallur,12.919988,80.237942,2017-09-01,712.0,18,0.09,2,84,Basic Shield,29,4,2,0,0,0,0
WRK08548,T Nagar,13.023576,80.214995,2024-09-01,649.0,17,0.536,2,75,Basic Shield,29,5,5,0,1,1,0
WRK08549,Adyar,13.015939,80.261882,2023-02-01,809.0,10,0.337,4,83,Basic Shield,29,8,0,1,1,0,1
WRK08550,Chromepet,12.967264,80.154804,2018-08-01,638.0,17,0.501,6,72,Basic Shield,29,7,2,0,1,0,0
WRK08551,Perambur,13.117613,80.237545,2024-06-01,708.0,20,0.207,4,80,Basic Shield,29,9,3,0,1,1,0
WRK08552,Chromepet,12.948332,80.149329,2015-04-01,488.0,13,0.245,8,76,Basic Shield,29,8,5,0,1,1,0
WRK08553,Perambur,13.102342,80.223602,2015-10-01,585.0,16,0.282,0,82,Basic Shield,29,5,2,0,1,0,0
WRK08554,T Nagar,13.032194,80.237697,2015-10-01,655.0,23,0.059,3,84,Basic Shield,29,4,3,0,0,1,0
WRK08555,Adyar,12.991754,80.241997,2018-02-01,539.0,17,0.141,2,82,Basic Shield,29,12,4,1,1,1,1
WRK08556,Perambur,13.116896,80.226549,2018-05-01,679.0,15,0.08,5,81,Basic Shield,29,3,1,0,0,0,0
WRK08557,Adyar,13.019345,80.242163,2023-09-01,731.0,15,0.428,1,79,Basic Shield,29,11,3,1,1,1,1
WRK08558,T Nagar,13.024815,80.225954,2019-10-01,602.0,21,0.512,8,69,Standard Shield,49,7,0,0,1,0,0
WRK08559,Anna Nagar,13.093299,80.212893,2022-12-01,560.0,18,0.26,6,76,Basic Shield,29,4,2,0,0,0,0
WRK08560,Perambur,13.123496,80.24196,2021-08-01,800.0,19,0.099,0,87,Basic Shield,29,3,2,0,0,0,0
WRK08561,Tambaram,12.935523,80.08828,2017-04-01,667.0,17,0.062,3,84,Basic Shield,29,10,0,0,1,0,0
WRK08562,Velachery,12.973822,80.211699,2023-02-01,613.0,20,0.508,0,77,Basic Shield,29,5,1,0,1,0,0
WRK08563,Porur,13.056459,80.150018,2016-03-01,850.0,28,0.141,4,82,Basic Shield,29,6,0,0,1,0,0
WRK08564,Velachery,12.973165,80.228721,2019-07-01,565.0,14,0.088,2,85,Basic Shield,29,7,3,0,1,1,0
WRK08565,Velachery,12.969148,80.20704,2018-12-01,619.0,15,0.497,1,77,Basic Shield,29,7,1,0,1,0,0
WRK08566,Velachery,12.983897,80.236379,2016-12-01,440.0,18,0.529,0,76,Basic Shield,29,10,3,0,1,1,0
WRK08567,Adyar,13.005395,80.274014,2020-08-01,397.0,16,0.157,4,79,Basic Shield,29,6,1,1,1,0,1
WRK08568,Chromepet,12.951582,80.147973,2018-02-01,501.0,13,0.052,5,83,Basic Shield,29,7,4,0,1,1,0
WRK08569,Tambaram,12.938404,80.105262,2017-07-01,510.0,20,0.314,2,79,Basic Shield,29,8,2,0,1,0,0
WRK08570,Tambaram,12.932594,80.087995,2016-03-01,477.0,15,0.512,2,75,Basic Shield,29,3,1,0,0,0,0
WRK08571,Anna Nagar,13.075249,80.22149,2019-09-01,567.0,17,0.325,4,77,Basic Shield,29,6,3,0,1,1,0
WRK08572,Guindy,12.987423,80.20581,2019-06-01,736.0,12,0.234,4,83,Basic Shield,29,4,5,1,0,1,1
WRK08573,Adyar,13.014441,80.272514,2015-10-01,731.0,16,0.062,2,85,Basic Shield,29,5,2,1,1,0,1
WRK08574,T Nagar,13.023785,80.246351,2020-02-01,431.0,14,0.211,3,80,Basic Shield,29,3,1,0,0,0,0
WRK08575,Tambaram,12.941191,80.087236,2016-12-01,548.0,18,0.225,4,79,Basic Shield,29,6,3,0,1,1,0
WRK08576,Velachery,12.97698,80.225732,2015-07-01,535.0,22,0.106,0,85,Basic Shield,29,9,0,0,1,0,0
WRK08577,Sholinganallur,12.891253,80.220201,2015-12-01,300.0,14,0.009,1,86,Basic Shield,29,4,0,0,0,0,0
WRK08578,Porur,13.045337,80.153004,2022-01-01,700.0,19,0.098,2,84,Basic Shield,29,4,4,0,0,1,0
WRK08579,Sholinganallur,12.882943,80.215022,2016-08-01,504.0,20,0.278,5,76,Basic Shield,29,5,1,0,1,0,0
WRK08580,Guindy,13.003932,80.206223,2020-06-01,729.0,21,0.108,6,80,Basic Shield,29,6,2,1,1,0,1
WRK08581,T Nagar,13.045335,80.225611,2023-10-01,397.0,14,0.23,3,80,Basic Shield,29,6,1,0,1,0,0
WRK08582,T Nagar,13.024625,80.241122,2016-07-01,487.0,17,0.06,2,84,Basic Shield,29,8,1,0,1,0,0
WRK08583,Sholinganallur,12.920656,80.247298,2023-04-01,445.0,13,0.299,6,77,Basic Shield,29,5,0,0,1,0,0
WRK08584,Tambaram,12.944362,80.08872,2021-05-01,722.0,22,0.52,5,73,Basic Shield,29,1,2,0,0,0,0
WRK08585,Sholinganallur,12.885358,80.210203,2021-02-01,553.0,15,0.51,2,75,Basic Shield,29,6,3,0,1,1,0
WRK08586,Adyar,13.017231,80.257859,2018-01-01,648.0,17,0.258,0,83,Basic Shield,29,7,0,1,1,0,1
WRK08587,Tambaram,12.905826,80.1057,2016-11-01,601.0,20,0.425,5,74,Basic Shield,29,7,4,0,1,1,0
WRK08588,Adyar,13.014818,80.262143,2018-02-01,617.0,23,0.342,3,78,Basic Shield,29,3,2,1,0,0,1
WRK08589,Anna Nagar,13.098077,80.193685,2016-02-01,754.0,14,0.057,4,84,Basic Shield,29,4,3,0,0,1,0
WRK08590,Porur,13.035393,80.154687,2021-10-01,475.0,18,0.184,4,79,Basic Shield,29,4,2,0,0,0,0
WRK08591,Perambur,13.113149,80.216823,2019-03-01,723.0,19,0.229,0,84,Basic Shield,29,10,0,0,1,0,0
WRK08592,Chromepet,12.952371,80.129274,2020-03-01,614.0,16,0.196,3,81,Basic Shield,29,7,1,0,1,0,0
WRK08593,Sholinganallur,12.901189,80.213506,2017-04-01,563.0,22,0.332,4,77,Basic Shield,29,9,2,0,1,0,0
WRK08594,Chromepet,12.935319,80.157213,2018-08-01,513.0,22,0.311,1,80,Basic Shield,29,4,1,0,0,0,0
WRK08595,Tambaram,12.910358,80.118503,2023-12-01,548.0,16,0.185,3,81,Basic Shield,29,7,1,0,1,0,0
WRK08596,Guindy,13.008377,80.214702,2024-04-01,686.0,8,0.102,4,89,Basic Shield,29,6,3,1,1,1,1
WRK08597,Perambur,13.107639,80.224394,2016-03-01,413.0,16,0.121,4,80,Basic Shield,29,6,5,0,1,1,0
WRK08598,Perambur,13.129106,80.253969,2017-08-01,714.0,19,0.032,2,85,Basic Shield,29,6,1,0,1,0,0
WRK08599,Adyar,12.989439,80.254493,2018-03-01,672.0,13,0.212,4,82,Basic Shield,29,4,3,1,0,1,1
WRK08600,Perambur,13.112058,80.2225,2022-07-01,597.0,20,0.468,0,78,Basic Shield,29,5,3,0,1,1,0
WRK08601,Anna Nagar,13.105995,80.193498,2020-07-01,676.0,23,0.273,1,81,Basic Shield,29,8,1,0,1,0,0
WRK08602,Anna Nagar,13.081931,80.202146,2015-06-01,773.0,18,0.441,2,78,Basic Shield,29,6,0,0,1,0,0
WRK08603,Porur,13.033293,80.160106,2018-09-01,654.0,20,0.192,2,82,Basic Shield,29,12,1,0,1,0,0
WRK08604,T Nagar,13.02121,80.231094,2017-08-01,581.0,17,0.067,5,81,Basic Shield,29,4,1,0,0,0,0
WRK08605,Porur,13.018006,80.142965,2020-11-01,679.0,17,0.426,9,70,Basic Shield,29,4,1,0,0,0,0
WRK08606,Sholinganallur,12.888442,80.242686,2017-12-01,541.0,24,0.055,2,84,Basic Shield,29,5,1,0,1,0,0
WRK08607,Guindy,13.004891,80.215945,2015-10-01,640.0,22,0.177,3,81,Basic Shield,29,5,2,1,1,0,1
WRK08608,Guindy,12.993091,80.231405,2019-10-01,554.0,16,0.075,4,82,Basic Shield,29,2,1,1,0,0,1
WRK08609,Perambur,13.112832,80.234946,2017-08-01,719.0,23,0.089,3,83,Basic Shield,29,3,0,0,0,0,0
WRK08610,Guindy,12.991672,80.220929,2022-11-01,592.0,22,0.466,3,75,Basic Shield,29,6,4,1,1,1,1
WRK08611,Velachery,12.972818,80.216585,2024-10-01,552.0,19,0.361,6,74,Basic Shield,29,6,2,0,1,0,0
WRK08612,Perambur,13.135829,80.246172,2015-02-01,391.0,14,0.409,5,74,Basic Shield,29,3,6,0,0,1,0
WRK08613,Guindy,12.989875,80.216762,2017-10-01,365.0,18,0.43,1,77,Basic Shield,29,4,2,1,0,0,1
WRK08614,Anna Nagar,13.091964,80.215058,2018-08-01,567.0,21,0.385,4,76,Basic Shield,29,5,1,0,1,0,0
WRK08615,Porur,13.035555,80.163254,2016-11-01,821.0,17,0.217,3,81,Basic Shield,29,2,2,0,0,0,0
WRK08616,Perambur,13.105752,80.227857,2020-05-01,676.0,14,0.674,1,74,Basic Shield,29,7,2,0,1,0,0
WRK08617,Guindy,13.015371,80.226059,2021-06-01,465.0,16,0.39,2,77,Basic Shield,29,3,0,1,0,0,1
WRK08618,Porur,13.019294,80.158305,2018-09-01,524.0,13,0.397,6,75,Basic Shield,29,9,1,0,1,0,0
WRK08619,Tambaram,12.914364,80.103856,2023-02-01,585.0,11,0.081,3,87,Basic Shield,29,8,1,0,1,0,0
WRK08620,Sholinganallur,12.916343,80.219289,2019-04-01,699.0,14,0.405,2,79,Basic Shield,29,5,1,0,1,0,0
WRK08621,Adyar,13.015606,80.246014,2023-02-01,453.0,18,0.114,1,83,Basic Shield,29,7,3,1,1,1,1
WRK08622,Tambaram,12.910021,80.105785,2015-09-01,541.0,20,0.456,0,78,Basic Shield,29,3,0,0,0,0,0
WRK08623,Perambur,13.120478,80.225384,2019-03-01,504.0,25,0.172,2,82,Basic Shield,29,9,3,0,1,1,0
WRK08624,Guindy,13.000742,80.223254,2019-02-01,684.0,24,0.511,3,75,Basic Shield,29,3,2,1,0,0,1
WRK08625,Anna Nagar,13.078824,80.222727,2020-11-01,313.0,18,0.313,5,75,Basic Shield,29,7,1,0,1,0,0
WRK08626,Perambur,13.125662,80.254551,2023-02-01,581.0,22,0.346,2,78,Basic Shield,29,7,1,0,1,0,0
WRK08627,Guindy,12.98741,80.2331,2022-09-01,476.0,10,0.133,3,86,Basic Shield,29,3,1,1,0,0,1
WRK08628,Anna Nagar,13.082136,80.20117,2021-05-01,712.0,26,0.254,5,78,Basic Shield,29,5,2,0,1,0,0
WRK08629,Adyar,13.00815,80.261091,2017-10-01,699.0,16,0.435,4,75,Basic Shield,29,5,6,1,1,1,1
WRK08630,Tambaram,12.924204,80.106346,2015-01-01,637.0,20,0.139,4,81,Basic Shield,29,11,1,0,1,0,0
WRK08631,T Nagar,13.035687,80.241537,2015-12-01,737.0,28,0.234,3,81,Basic Shield,29,7,2,0,1,0,0
WRK08632,Chromepet,12.946301,80.161415,2019-03-01,447.0,19,0.163,6,77,Basic Shield,29,6,1,0,1,0,0
WRK08633,Sholinganallur,12.91464,80.22745,2024-05-01,328.0,24,0.138,1,82,Basic Shield,29,10,2,0,1,0,0
WRK08634,Velachery,12.994512,80.234877,2021-06-01,323.0,11,0.393,1,81,Basic Shield,29,4,1,0,0,0,0
WRK08635,T Nagar,13.050409,80.231088,2022-06-01,513.0,18,0.523,1,76,Basic Shield,29,7,3,0,1,1,0
WRK08636,Perambur,13.125522,80.248708,2018-11-01,629.0,18,0.383,1,79,Basic Shield,29,7,2,0,1,0,0
WRK08637,Perambur,13.136253,80.254401,2021-11-01,710.0,14,0.196,1,84,Basic Shield,29,6,3,0,1,1,0
WRK08638,Perambur,13.127322,80.239654,2017-04-01,624.0,14,0.727,5,69,Standard Shield,49,5,5,0,1,1,0
WRK08639,Velachery,12.970688,80.201739,2021-06-01,563.0,11,0.314,3,82,Basic Shield,29,6,3,0,1,1,0
WRK08640,T Nagar,13.033141,80.223691,2015-08-01,509.0,18,0.467,2,76,Basic Shield,29,5,1,0,1,0,0
WRK08641,Velachery,12.97478,80.211564,2022-08-01,507.0,19,0.159,1,83,Basic Shield,29,4,3,0,0,1,0
WRK08642,Anna Nagar,13.081054,80.211793,2022-01-01,660.0,21,0.151,3,82,Basic Shield,29,8,4,0,1,1,0
WRK08643,Guindy,13.01933,80.233781,2021-09-01,544.0,24,0.332,3,78,Basic Shield,29,6,6,1,1,1,1
WRK08644,Perambur,13.133586,80.248124,2020-02-01,608.0,17,0.038,2,85,Basic Shield,29,4,6,0,0,1,0
WRK08645,Chromepet,12.959074,80.126422,2024-08-01,475.0,14,0.264,3,80,Basic Shield,29,6,1,0,1,0,0
WRK08646,Chromepet,12.949345,80.139033,2018-10-01,500.0,18,0.164,5,79,Basic Shield,29,6,0,0,1,0,0
WRK08647,Tambaram,12.92036,80.080515,2017-08-01,725.0,21,0.347,1,80,Basic Shield,29,6,1,0,1,0,0
WRK08648,Velachery,12.982844,80.214695,2015-12-01,745.0,13,0.411,1,81,Basic Shield,29,7,2,0,1,0,0
WRK08649,Sholinganallur,12.899261,80.215869,2016-07-01,631.0,11,0.249,2,85,Basic Shield,29,8,0,0,1,0,0
WRK08650,Guindy,13.014353,80.20318,2023-05-01,446.0,18,0.417,4,74,Basic Shield,29,5,0,1,1,0,1
WRK08651,Porur,13.046863,80.146371,2020-03-01,626.0,12,0.316,3,81,Basic Shield,29,6,2,0,1,0,0
WRK08652,Sholinganallur,12.904486,80.228554,2023-04-01,405.0,14,0.307,2,79,Basic Shield,29,7,1,0,1,0,0
WRK08653,Porur,13.025434,80.167694,2023-01-01,535.0,17,0.469,4,74,Basic Shield,29,3,1,0,0,0,0
WRK08654,Adyar,13.011587,80.274152,2016-10-01,796.0,15,0.433,3,77,Basic Shield,29,7,3,1,1,1,1
WRK08655,Chromepet,12.944249,80.144348,2021-06-01,569.0,22,0.433,2,77,Basic Shield,29,5,2,0,1,0,0
WRK08656,Velachery,12.981494,80.215409,2020-07-01,638.0,22,0.075,7,79,Basic Shield,29,6,2,0,1,0,0
WRK08657,Chromepet,12.950672,80.144351,2024-01-01,422.0,21,0.312,2,78,Basic Shield,29,3,2,0,0,0,0
WRK08658,Guindy,12.989511,80.213912,2021-04-01,473.0,23,0.362,2,78,Basic Shield,29,7,1,1,1,0,1
WRK08659,Perambur,13.10298,80.254566,2019-01-01,358.0,18,0.758,3,68,Standard Shield,49,7,1,0,1,0,0
WRK08660,Guindy,13.002353,80.236982,2019-05-01,485.0,18,0.306,5,76,Basic Shield,29,6,3,1,1,1,1
WRK08661,Velachery,12.975341,80.207858,2023-06-01,662.0,17,0.609,5,71,Basic Shield,29,5,1,0,1,0,0
WRK08662,Velachery,12.968557,80.235811,2018-04-01,547.0,13,0.105,1,86,Basic Shield,29,3,1,0,0,0,0
WRK08663,T Nagar,13.034074,80.253894,2016-09-01,682.0,16,0.558,6,71,Basic Shield,29,9,2,0,1,0,0
WRK08664,Adyar,13.024001,80.246071,2020-02-01,463.0,14,0.291,2,80,Basic Shield,29,4,2,1,0,0,1
WRK08665,Velachery,12.988322,80.231377,2016-02-01,495.0,22,0.43,1,77,Basic Shield,29,5,5,0,1,1,0
WRK08666,Tambaram,12.908488,80.097336,2019-03-01,602.0,13,0.162,2,84,Basic Shield,29,3,2,0,0,0,0
WRK08667,Perambur,13.10802,80.232511,2017-07-01,557.0,21,0.213,4,79,Basic Shield,29,3,2,0,0,0,0
WRK08668,Adyar,13.014992,80.244458,2022-10-01,501.0,23,0.346,2,78,Basic Shield,29,5,2,1,1,0,1
WRK08669,Porur,13.032183,80.151293,2021-03-01,521.0,22,0.127,3,82,Basic Shield,29,3,4,0,0,1,0
WRK08670,Porur,13.018897,80.170516,2018-02-01,577.0,15,0.287,4,78,Basic Shield,29,9,3,0,1,1,0
WRK08671,Tambaram,12.930958,80.099594,2020-05-01,630.0,24,0.266,6,76,Basic Shield,29,10,1,0,1,0,0
WRK08672,Sholinganallur,12.883209,80.236514,2019-03-01,714.0,14,0.164,5,81,Basic Shield,29,4,2,0,0,0,0
WRK08673,Sholinganallur,12.912852,80.213199,2017-05-01,557.0,11,0.509,4,77,Basic Shield,29,2,1,0,0,0,0
WRK08674,Porur,13.039272,80.140535,2024-11-01,684.0,20,0.216,2,82,Basic Shield,29,12,0,0,1,0,0
WRK08675,T Nagar,13.031079,80.22714,2022-09-01,552.0,17,0.375,4,76,Basic Shield,29,2,1,0,0,0,0
WRK08676,Guindy,13.01879,80.212189,2020-10-01,454.0,23,0.177,2,81,Basic Shield,29,3,3,1,0,1,1
WRK08677,Guindy,12.999815,80.202585,2021-10-01,549.0,20,0.187,5,79,Basic Shield,29,8,2,1,1,0,1
WRK08678,Anna Nagar,13.094584,80.209463,2021-08-01,872.0,15,0.263,5,79,Basic Shield,29,9,1,0,1,0,0
WRK08679,Guindy,12.988952,80.203342,2018-06-01,844.0,16,0.182,1,84,Basic Shield,29,4,0,1,0,0,1
WRK08680,Chromepet,12.952758,80.127121,2020-08-01,454.0,18,0.203,2,81,Basic Shield,29,6,2,0,1,0,0
WRK08681,Chromepet,12.938367,80.143498,2020-05-01,675.0,20,0.365,1,80,Basic Shield,29,7,1,0,1,0,0
WRK08682,Sholinganallur,12.905914,80.211811,2022-01-01,631.0,21,0.399,4,76,Basic Shield,29,2,4,0,0,1,0
WRK08683,Porur,13.055026,80.174571,2020-11-01,553.0,24,0.086,7,79,Basic Shield,29,8,3,0,1,1,0
WRK08684,T Nagar,13.056032,80.230492,2019-09-01,484.0,14,0.284,3,79,Basic Shield,29,9,2,0,1,0,0
WRK08685,Chromepet,12.938309,80.138907,2019-12-01,595.0,17,0.321,4,77,Basic Shield,29,4,1,0,0,0,0
WRK08686,Guindy,13.021236,80.203531,2020-09-01,688.0,17,0.379,4,76,Basic Shield,29,4,2,1,0,0,1
WRK08687,T Nagar,13.01838,80.215236,2021-01-01,436.0,11,0.438,2,80,Basic Shield,29,11,2,0,1,0,0
WRK08688,Sholinganallur,12.897373,80.229344,2019-08-01,413.0,32,0.144,1,83,Basic Shield,29,7,0,0,1,0,0
WRK08689,T Nagar,13.021212,80.234273,2016-03-01,628.0,19,0.2,3,81,Basic Shield,29,4,2,0,0,0,0
WRK08690,Anna Nagar,13.08381,80.197715,2015-01-01,772.0,14,0.421,3,78,Basic Shield,29,4,2,0,0,0,0
WRK08691,Guindy,12.987934,80.228446,2024-11-01,484.0,21,0.484,2,75,Basic Shield,29,1,2,1,0,0,1
WRK08692,Sholinganallur,12.888069,80.238138,2017-11-01,618.0,17,0.393,1,79,Basic Shield,29,4,2,0,0,0,0
WRK08693,Chromepet,12.970965,80.124494,2018-09-01,687.0,19,0.261,2,81,Basic Shield,29,8,3,0,1,1,0
WRK08694,T Nagar,13.054328,80.229912,2024-08-01,674.0,26,0.192,4,80,Basic Shield,29,6,3,0,1,1,0
WRK08695,T Nagar,13.057021,80.253435,2022-03-01,566.0,24,0.584,2,74,Basic Shield,29,4,3,0,0,1,0
WRK08696,T Nagar,13.025867,80.249218,2024-01-01,728.0,22,0.552,3,74,Basic Shield,29,6,3,0,1,1,0
WRK08697,Chromepet,12.970958,80.133643,2015-09-01,755.0,16,0.771,3,70,Basic Shield,29,3,2,0,0,0,0
WRK08698,Adyar,13.001374,80.240981,2016-01-01,686.0,12,0.068,6,84,Basic Shield,29,6,2,1,1,0,1
WRK08699,Porur,13.027152,80.140686,2021-07-01,764.0,14,0.11,3,84,Basic Shield,29,8,3,0,1,1,0
WRK08700,Guindy,13.014579,80.219534,2020-06-01,722.0,14,0.164,2,84,Basic Shield,29,7,3,1,1,1,1
WRK08701,Guindy,12.996378,80.225393,2015-11-01,605.0,16,0.243,2,81,Basic Shield,29,6,0,1,1,0,1
WRK08702,Guindy,13.014933,80.228914,2023-11-01,621.0,22,0.076,1,85,Basic Shield,29,8,2,1,1,0,1
WRK08703,Chromepet,12.935305,80.127198,2023-04-01,585.0,18,0.113,0,85,Basic Shield,29,7,5,0,1,1,0
WRK08704,Velachery,12.972964,80.205811,2024-12-01,450.0,18,0.173,4,79,Basic Shield,29,11,5,0,1,1,0
WRK08705,Guindy,13.010909,80.218457,2021-12-01,602.0,16,0.314,6,75,Basic Shield,29,8,0,1,1,0,1
WRK08706,Velachery,12.975879,80.220061,2021-12-01,666.0,20,0.317,2,79,Basic Shield,29,4,2,0,0,0,0
WRK08707,Sholinganallur,12.919584,80.24692,2017-11-01,551.0,25,0.297,2,79,Basic Shield,29,4,7,0,0,1,0
WRK08708,Sholinganallur,12.888208,80.234679,2024-02-01,826.0,14,0.146,8,79,Basic Shield,29,5,1,0,1,0,0
WRK08709,Tambaram,12.924089,80.101671,2016-08-01,590.0,18,0.426,1,78,Basic Shield,29,10,2,0,1,0,0
WRK08710,Perambur,13.130013,80.251964,2024-07-01,300.0,23,0.091,3,81,Basic Shield,29,4,3,0,0,1,0
WRK08711,T Nagar,13.05026,80.241283,2019-09-01,722.0,14,0.282,2,81,Basic Shield,29,5,3,0,1,1,0
WRK08712,Sholinganallur,12.884082,80.216492,2024-11-01,488.0,18,0.315,2,79,Basic Shield,29,8,4,0,1,1,0
WRK08713,T Nagar,13.037731,80.226898,2016-10-01,640.0,16,0.04,5,82,Basic Shield,29,5,2,0,1,0,0
WRK08714,Perambur,13.114393,80.243654,2019-02-01,629.0,12,0.134,3,85,Basic Shield,29,8,1,0,1,0,0
WRK08715,Tambaram,12.90515,80.111906,2024-08-01,677.0,24,0.282,3,79,Basic Shield,29,2,4,0,0,1,0
WRK08716,Chromepet,12.942121,80.131534,2020-07-01,696.0,21,0.097,1,85,Basic Shield,29,8,4,0,1,1,0
WRK08717,Sholinganallur,12.902342,80.226644,2019-04-01,521.0,21,0.373,6,74,Basic Shield,29,9,2,0,1,0,0
WRK08718,Chromepet,12.945547,80.142451,2015-04-01,512.0,18,0.148,0,84,Basic Shield,29,9,2,0,1,0,0
WRK08719,Adyar,13.0177,80.260778,2019-11-01,496.0,18,0.499,1,76,Basic Shield,29,8,3,1,1,1,1
WRK08720,Perambur,13.128745,80.228237,2017-12-01,610.0,17,0.053,4,82,Basic Shield,29,7,2,0,1,0,0
WRK08721,Velachery,12.980747,80.203626,2021-07-01,806.0,16,0.144,5,81,Basic Shield,29,6,5,0,1,1,0
WRK08722,Guindy,13.015491,80.238083,2023-01-01,782.0,17,0.426,4,76,Basic Shield,29,5,3,1,1,1,1
WRK08723,Chromepet,12.951942,80.152523,2016-12-01,631.0,21,0.22,3,80,Basic Shield,29,5,3,0,1,1,0
WRK08724,T Nagar,13.023176,80.223151,2021-09-01,574.0,18,0.366,5,75,Basic Shield,29,4,3,0,0,1,0
WRK08725,Guindy,13.01461,80.238716,2021-03-01,624.0,17,0.194,2,82,Basic Shield,29,7,5,1,1,1,1
WRK08726,Chromepet,12.946773,80.154211,2021-11-01,444.0,13,0.111,3,84,Basic Shield,29,5,3,0,1,1,0
WRK08727,Sholinganallur,12.916567,80.225802,2019-01-01,748.0,21,0.048,0,87,Basic Shield,29,2,3,0,0,1,0
WRK08728,Velachery,12.981609,80.228731,2016-01-01,619.0,20,0.496,2,76,Basic Shield,29,7,2,0,1,0,0
WRK08729,Guindy,12.989307,80.209127,2021-10-01,538.0,17,0.047,4,82,Basic Shield,29,3,2,1,0,0,1
WRK08730,T Nagar,13.03575,80.220151,2024-09-01,378.0,27,0.291,3,78,Basic Shield,29,7,3,0,1,1,0
WRK08731,Guindy,12.996067,80.214677,2019-08-01,507.0,22,0.511,4,73,Basic Shield,29,8,4,1,1,1,1
WRK08732,Guindy,13.001401,80.225882,2023-07-01,583.0,20,0.302,5,76,Basic Shield,29,5,2,1,1,0,1
WRK08733,Adyar,13.007334,80.236953,2021-08-01,470.0,17,0.3,3,78,Basic Shield,29,4,1,1,0,0,1
WRK08734,Velachery,12.991071,80.225808,2022-10-01,466.0,17,0.096,3,82,Basic Shield,29,7,1,0,1,0,0
WRK08735,Anna Nagar,13.092388,80.200868,2021-05-01,721.0,17,0.178,4,81,Basic Shield,29,3,3,0,0,1,0
WRK08736,Sholinganallur,12.903588,80.226656,2021-11-01,602.0,19,0.373,2,78,Basic Shield,29,10,1,0,1,0,0
WRK08737,Perambur,13.117366,80.25002,2024-07-01,599.0,16,0.163,1,83,Basic Shield,29,10,0,0,1,0,0
WRK08738,Chromepet,12.936006,80.155674,2021-01-01,739.0,12,0.292,4,81,Basic Shield,29,7,2,0,1,0,0
WRK08739,Velachery,12.974756,80.216321,2024-03-01,606.0,17,0.315,6,75,Basic Shield,29,4,2,0,0,0,0
WRK08740,T Nagar,13.034908,80.230954,2022-01-01,701.0,17,0.092,3,83,Basic Shield,29,7,1,0,1,0,0
WRK08741,Perambur,13.133284,80.241402,2020-10-01,680.0,20,0.355,2,79,Basic Shield,29,4,2,0,0,0,0
WRK08742,Porur,13.050337,80.173687,2017-01-01,623.0,18,0.207,2,81,Basic Shield,29,6,4,0,1,1,0
WRK08743,Adyar,13.018308,80.26442,2019-02-01,489.0,19,0.491,6,71,Basic Shield,29,4,0,1,0,0,1
WRK08744,Perambur,13.113564,80.238483,2024-11-01,698.0,21,0.197,6,78,Basic Shield,29,6,1,0,1,0,0
WRK08745,Guindy,13.005026,80.235872,2020-12-01,638.0,17,0.141,1,84,Basic Shield,29,7,2,1,1,0,1
WRK08746,Anna Nagar,13.078557,80.200257,2015-07-01,648.0,19,0.661,2,73,Basic Shield,29,6,2,0,1,0,0
WRK08747,Tambaram,12.917471,80.092364,2020-10-01,637.0,23,0.214,7,76,Basic Shield,29,8,2,0,1,0,0
WRK08748,T Nagar,13.05022,80.240517,2021-06-01,911.0,22,0.518,6,73,Basic Shield,29,4,1,0,0,0,0
WRK08749,Guindy,13.016908,80.20848,2021-10-01,642.0,22,0.42,5,74,Basic Shield,29,2,0,1,0,0,1
WRK08750,Guindy,13.003117,80.224542,2017-05-01,489.0,24,0.264,3,79,Basic Shield,29,7,1,1,1,0,1
WRK08751,Velachery,12.982443,80.208344,2019-06-01,347.0,22,0.239,1,80,Basic Shield,29,6,2,0,1,0,0
WRK08752,Perambur,13.130714,80.247198,2023-04-01,852.0,15,0.024,0,88,Basic Shield,29,10,1,0,1,0,0
WRK08753,Sholinganallur,12.91102,80.208845,2017-10-01,422.0,19,0.051,7,79,Basic Shield,29,6,4,0,1,1,0
WRK08754,Velachery,12.992417,80.215091,2020-07-01,694.0,16,0.142,5,80,Basic Shield,29,10,2,0,1,0,0
WRK08755,Adyar,13.006331,80.266946,2019-08-01,732.0,26,0.136,4,81,Basic Shield,29,7,3,1,1,1,1
WRK08756,Chromepet,12.945022,80.13967,2017-05-01,654.0,20,0.221,5,78,Basic Shield,29,7,2,0,1,0,0
WRK08757,Velachery,12.971114,80.19961,2016-11-01,693.0,23,0.265,0,83,Basic Shield,29,9,2,0,1,0,0
WRK08758,Sholinganallur,12.887712,80.222158,2023-01-01,704.0,20,0.1,3,83,Basic Shield,29,3,1,0,0,0,0
WRK08759,Adyar,12.992804,80.26803,2015-09-01,473.0,18,0.648,4,70,Basic Shield,29,8,0,1,1,0,1
WRK08760,Chromepet,12.953599,80.161014,2017-04-01,631.0,17,0.193,1,83,Basic Shield,29,6,1,0,1,0,0
WRK08761,Velachery,12.980584,80.206824,2020-01-01,670.0,16,0.196,4,80,Basic Shield,29,7,3,0,1,1,0
WRK08762,T Nagar,13.030945,80.247282,2018-11-01,679.0,16,0.406,1,79,Basic Shield,29,4,3,0,0,1,0
WRK08763,Adyar,12.987448,80.267113,2017-04-01,553.0,14,0.163,4,81,Basic Shield,29,11,3,1,1,1,1
WRK08764,Sholinganallur,12.883855,80.229774,2019-02-01,457.0,19,0.64,1,73,Basic Shield,29,7,3,0,1,1,0
WRK08765,T Nagar,13.056873,80.22354,2016-09-01,798.0,21,0.402,2,78,Basic Shield,29,7,2,0,1,0,0
WRK08766,Velachery,12.981435,80.205894,2016-04-01,585.0,21,0.133,7,78,Basic Shield,29,6,2,0,1,0,0
WRK08767,Velachery,12.974922,80.220936,2023-02-01,521.0,11,0.176,5,83,Basic Shield,29,5,3,0,1,1,0
WRK08768,Guindy,13.000565,80.207986,2016-07-01,375.0,13,0.411,2,78,Basic Shield,29,3,1,1,0,0,1
WRK08769,Velachery,12.967907,80.200979,2016-11-01,647.0,25,0.333,3,78,Basic Shield,29,12,0,0,1,0,0
WRK08770,Sholinganallur,12.897896,80.247832,2021-01-01,567.0,18,0.066,2,84,Basic Shield,29,6,2,0,1,0,0
WRK08771,Perambur,13.11047,80.215822,2018-01-01,573.0,28,0.155,2,82,Basic Shield,29,9,1,0,1,0,0
WRK08772,Perambur,13.116678,80.23125,2024-01-01,690.0,12,0.257,3,83,Basic Shield,29,6,0,0,1,0,0
WRK08773,Chromepet,12.962764,80.147387,2022-12-01,618.0,22,0.396,1,79,Basic Shield,29,9,2,0,1,0,0
WRK08774,Guindy,12.990966,80.227811,2018-06-01,626.0,17,0.402,3,77,Basic Shield,29,6,1,1,1,0,1
WRK08775,Tambaram,12.938926,80.097799,2018-11-01,545.0,25,0.249,3,79,Basic Shield,29,6,2,0,1,0,0
WRK08776,Chromepet,12.938831,80.123261,2020-03-01,435.0,14,0.502,2,76,Basic Shield,29,4,1,0,0,0,0
WRK08777,Adyar,13.000509,80.273024,2021-07-01,428.0,18,0.323,1,79,Basic Shield,29,7,0,1,1,0,1
WRK08778,Guindy,12.988189,80.229348,2016-01-01,444.0,23,0.349,2,78,Basic Shield,29,3,2,1,0,0,1
WRK08779,Adyar,13.025787,80.250209,2018-11-01,477.0,19,0.194,2,81,Basic Shield,29,10,3,1,1,1,1
WRK08780,Chromepet,12.935901,80.135724,2018-07-01,631.0,15,0.199,2,82,Basic Shield,29,5,1,0,1,0,0
WRK08781,Guindy,13.015968,80.202094,2019-07-01,630.0,22,0.098,4,82,Basic Shield,29,3,2,1,0,0,1
WRK08782,Guindy,13.009987,80.214202,2020-03-01,809.0,13,0.376,1,82,Basic Shield,29,10,1,1,1,0,1
WRK08783,Sholinganallur,12.904155,80.227826,2021-10-01,630.0,15,0.195,1,83,Basic Shield,29,13,5,0,1,1,0
WRK08784,Chromepet,12.960622,80.147024,2018-07-01,852.0,15,0.216,1,83,Basic Shield,29,4,1,0,0,0,0
WRK08785,Porur,13.042957,80.141095,2022-05-01,435.0,18,0.201,3,80,Basic Shield,29,1,2,0,0,0,0
WRK08786,Adyar,13.019582,80.261849,2022-07-01,698.0,17,0.184,2,82,Basic Shield,29,3,5,1,0,1,1
WRK08787,Chromepet,12.949227,80.149493,2024-05-01,607.0,21,0.24,3,80,Basic Shield,29,7,4,0,1,1,0
WRK08788,Adyar,13.026308,80.248889,2022-06-01,442.0,20,0.344,1,79,Basic Shield,29,7,0,1,1,0,1
WRK08789,Adyar,13.005377,80.274694,2021-07-01,524.0,18,0.234,5,77,Basic Shield,29,5,1,1,1,0,1
WRK08790,Sholinganallur,12.903495,80.241634,2015-09-01,546.0,21,0.101,5,80,Basic Shield,29,7,3,0,1,1,0
WRK08791,Chromepet,12.948958,80.154876,2019-02-01,514.0,19,0.23,3,79,Basic Shield,29,5,3,0,1,1,0
WRK08792,T Nagar,13.034423,80.243015,2023-10-01,607.0,17,0.298,3,79,Basic Shield,29,6,2,0,1,0,0
WRK08793,T Nagar,13.054012,80.253879,2024-12-01,526.0,21,0.684,2,71,Basic Shield,29,3,2,0,0,0,0
WRK08794,Chromepet,12.95489,80.152753,2022-12-01,621.0,27,0.271,6,76,Basic Shield,29,4,1,0,0,0,0
WRK08795,Sholinganallur,12.908847,80.20792,2023-10-01,752.0,14,0.766,2,72,Basic Shield,29,4,3,0,0,1,0
WRK08796,Tambaram,12.942238,80.113386,2016-02-01,548.0,13,0.262,2,82,Basic Shield,29,6,1,0,1,0,0
WRK08797,Chromepet,12.966356,80.162373,2021-01-01,658.0,12,0.145,3,85,Basic Shield,29,3,2,0,0,0,0
WRK08798,Perambur,13.129283,80.224655,2024-03-01,533.0,17,0.345,3,77,Basic Shield,29,2,4,0,0,1,0
WRK08799,Anna Nagar,13.070547,80.196473,2024-09-01,684.0,16,0.154,5,80,Basic Shield,29,6,0,0,1,0,0
WRK08800,Chromepet,12.962217,80.126701,2022-02-01,614.0,11,0.065,4,86,Basic Shield,29,9,0,0,1,0,0
WRK08801,T Nagar,13.052647,80.237194,2023-03-01,589.0,25,0.301,1,80,Basic Shield,29,6,0,0,1,0,0
WRK08802,Chromepet,12.935961,80.127368,2022-07-01,426.0,20,0.301,7,74,Basic Shield,29,5,4,0,1,1,0
WRK08803,Porur,13.019864,80.151825,2020-03-01,696.0,9,0.133,6,85,Basic Shield,29,3,2,0,0,0,0
WRK08804,Tambaram,12.919821,80.094112,2016-08-01,511.0,13,0.048,6,82,Basic Shield,29,6,1,0,1,0,0
WRK08805,Guindy,12.9916,80.229966,2020-07-01,501.0,17,0.108,3,82,Basic Shield,29,6,3,1,1,1,1
WRK08806,Sholinganallur,12.896436,80.21629,2022-06-01,456.0,20,0.118,6,78,Basic Shield,29,8,0,0,1,0,0
WRK08807,Velachery,12.965156,80.227837,2015-06-01,330.0,18,0.342,9,70,Basic Shield,29,14,0,0,1,0,0
WRK08808,Anna Nagar,13.098864,80.223514,2022-11-01,623.0,19,0.071,3,83,Basic Shield,29,7,0,0,1,0,0
WRK08809,Chromepet,12.935769,80.14833,2021-01-01,684.0,20,0.282,5,77,Basic Shield,29,5,3,0,1,1,0
WRK08810,Velachery,12.966576,80.236025,2020-06-01,436.0,21,0.311,3,77,Basic Shield,29,6,0,0,1,0,0
WRK08811,Sholinganallur,12.916625,80.212975,2015-12-01,596.0,15,0.209,1,82,Basic Shield,29,7,0,0,1,0,0
WRK08812,T Nagar,13.043057,80.243111,2020-09-01,552.0,23,0.153,3,81,Basic Shield,29,4,1,0,0,0,0
WRK08813,Anna Nagar,13.094828,80.206265,2024-11-01,556.0,21,0.261,3,79,Basic Shield,29,2,4,0,0,1,0
WRK08814,Adyar,13.010728,80.250397,2020-06-01,576.0,15,0.33,6,75,Basic Shield,29,7,2,1,1,0,1
WRK08815,Chromepet,12.959861,80.124073,2017-06-01,546.0,23,0.345,4,76,Basic Shield,29,5,0,0,1,0,0
WRK08816,Chromepet,12.962562,80.129047,2019-04-01,848.0,19,0.459,4,76,Basic Shield,29,4,3,0,0,1,0
WRK08817,Anna Nagar,13.09564,80.204487,2017-02-01,350.0,19,0.231,6,76,Basic Shield,29,4,3,0,0,1,0
WRK08818,Adyar,13.016419,80.249877,2018-12-01,711.0,12,0.278,1,84,Basic Shield,29,8,5,1,1,1,1
WRK08819,Sholinganallur,12.896053,80.230806,2021-09-01,715.0,20,0.591,1,75,Basic Shield,29,11,0,0,1,0,0
WRK08820,Adyar,13.00455,80.268991,2017-04-01,564.0,10,0.278,4,83,Basic Shield,29,5,4,1,1,1,1
WRK08821,T Nagar,13.026475,80.222547,2020-07-01,554.0,18,0.153,8,76,Basic Shield,29,6,4,0,1,1,0
WRK08822,Sholinganallur,12.91332,80.225069,2016-09-01,486.0,23,0.104,6,79,Basic Shield,29,6,0,0,1,0,0
WRK08823,T Nagar,13.038839,80.222542,2021-08-01,607.0,16,0.177,1,83,Basic Shield,29,1,5,0,0,1,0
WRK08824,Velachery,12.996049,80.231007,2016-09-01,552.0,18,0.189,3,80,Basic Shield,29,7,1,0,1,0,0
WRK08825,Porur,13.02513,80.171265,2015-01-01,643.0,25,0.414,1,78,Basic Shield,29,5,3,0,1,1,0
WRK08826,Velachery,12.9742,80.223135,2018-08-01,511.0,21,0.325,2,79,Basic Shield,29,7,1,0,1,0,0
WRK08827,Tambaram,12.937173,80.084102,2015-07-01,667.0,15,0.329,7,74,Basic Shield,29,14,1,0,1,0,0
WRK08828,Anna Nagar,13.072401,80.214479,2019-10-01,539.0,15,0.19,2,81,Basic Shield,29,3,4,0,0,1,0
WRK08829,Sholinganallur,12.901615,80.223221,2024-07-01,634.0,9,0.19,4,86,Basic Shield,29,8,0,0,1,0,0
WRK08830,Anna Nagar,13.089241,80.214033,2017-09-01,424.0,19,0.49,5,72,Basic Shield,29,4,4,0,0,1,0
WRK08831,Sholinganallur,12.916554,80.231878,2020-01-01,524.0,13,0.267,2,82,Basic Shield,29,7,2,0,1,0,0
WRK08832,T Nagar,13.023386,80.239216,2017-09-01,300.0,17,0.059,2,83,Basic Shield,29,3,0,0,0,0,0
WRK08833,T Nagar,13.05218,80.246924,2019-03-01,563.0,10,0.506,2,80,Basic Shield,29,5,4,0,1,1,0
WRK08834,Chromepet,12.955649,80.129537,2024-08-01,622.0,16,0.312,1,80,Basic Shield,29,8,0,0,1,0,0
WRK08835,Adyar,13.000902,80.266387,2015-05-01,654.0,19,0.26,1,82,Basic Shield,29,6,4,1,1,1,1
WRK08836,Sholinganallur,12.88912,80.246879,2022-03-01,624.0,17,0.315,2,79,Basic Shield,29,5,0,0,1,0,0
WRK08837,Tambaram,12.91232,80.084834,2017-05-01,606.0,23,0.205,0,83,Basic Shield,29,4,3,0,0,1,0
WRK08838,Perambur,13.116939,80.225438,2022-12-01,784.0,15,0.451,2,77,Basic Shield,29,11,1,0,1,0,0
WRK08839,Porur,13.03103,80.162889,2022-09-01,492.0,17,0.15,1,83,Basic Shield,29,3,2,0,0,0,0
WRK08840,Sholinganallur,12.916194,80.233998,2017-04-01,564.0,15,0.148,1,83,Basic Shield,29,9,2,0,1,0,0
WRK08841,Tambaram,12.93223,80.113737,2021-11-01,399.0,11,0.028,2,88,Basic Shield,29,4,1,0,0,0,0
WRK08842,Velachery,12.98113,80.209305,2018-09-01,369.0,16,0.233,4,78,Basic Shield,29,10,1,0,1,0,0
WRK08843,Tambaram,12.926858,80.119996,2019-01-01,649.0,15,0.501,3,75,Basic Shield,29,6,2,0,1,0,0
WRK08844,Chromepet,12.952594,80.124087,2020-02-01,878.0,21,0.194,4,81,Basic Shield,29,5,3,0,1,1,0
WRK08845,Guindy,13.013227,80.223056,2021-11-01,600.0,15,0.091,5,81,Basic Shield,29,6,5,1,1,1,1
WRK08846,Velachery,12.983586,80.20722,2015-06-01,412.0,19,0.092,5,80,Basic Shield,29,6,3,0,1,1,0
WRK08847,Chromepet,12.943242,80.140058,2021-06-01,595.0,14,0.056,5,82,Basic Shield,29,9,1,0,1,0,0
WRK08848,Guindy,12.995161,80.211261,2023-09-01,560.0,29,0.138,2,83,Basic Shield,29,8,2,1,1,0,1
WRK08849,Velachery,12.96462,80.200279,2019-12-01,429.0,23,0.328,4,76,Basic Shield,29,3,1,0,0,0,0
WRK08850,Velachery,12.998847,80.214172,2018-11-01,555.0,17,0.107,5,80,Basic Shield,29,9,0,0,1,0,0
WRK08851,Chromepet,12.960384,80.145231,2018-02-01,906.0,12,0.129,2,87,Basic Shield,29,5,3,0,1,1,0
WRK08852,Velachery,12.992649,80.233603,2016-03-01,682.0,16,0.055,2,85,Basic Shield,29,6,2,0,1,0,0
WRK08853,Adyar,13.000912,80.239913,2017-10-01,670.0,17,0.341,3,78,Basic Shield,29,7,3,1,1,1,1
WRK08854,Guindy,13.024093,80.227508,2021-03-01,633.0,14,0.178,2,83,Basic Shield,29,8,2,1,1,0,1
WRK08855,T Nagar,13.050551,80.234008,2020-08-01,703.0,17,0.332,1,80,Basic Shield,29,10,1,0,1,0,0
WRK08856,Porur,13.048831,80.13831,2018-09-01,691.0,22,0.295,3,79,Basic Shield,29,3,5,0,0,1,0
WRK08857,Perambur,13.128936,80.231092,2023-12-01,779.0,16,0.261,3,80,Basic Shield,29,11,2,0,1,0,0
WRK08858,Tambaram,12.912525,80.097853,2015-12-01,678.0,14,0.279,1,82,Basic Shield,29,6,3,0,1,1,0
WRK08859,Perambur,13.136095,80.238111,2016-01-01,629.0,18,0.406,1,79,Basic Shield,29,6,1,0,1,0,0
WRK08860,Guindy,13.007473,80.201991,2018-06-01,615.0,24,0.076,0,86,Basic Shield,29,7,0,1,1,0,1
WRK08861,Velachery,12.999574,80.234254,2019-11-01,808.0,19,0.359,5,76,Basic Shield,29,4,2,0,0,0,0
WRK08862,Adyar,13.012448,80.271705,2020-12-01,509.0,14,0.219,2,82,Basic Shield,29,11,2,1,1,0,1
WRK08863,Velachery,12.965761,80.222276,2016-08-01,606.0,15,0.324,5,76,Basic Shield,29,8,3,0,1,1,0
WRK08864,Chromepet,12.961122,80.136234,2019-03-01,750.0,13,0.13,2,86,Basic Shield,29,8,1,0,1,0,0
WRK08865,Chromepet,12.937242,80.14403,2017-10-01,669.0,18,0.184,0,84,Basic Shield,29,7,2,0,1,0,0
WRK08866,Velachery,12.99577,80.218325,2023-05-01,740.0,17,0.495,1,77,Basic Shield,29,7,2,0,1,0,0
WRK08867,Sholinganallur,12.920239,80.243408,2020-08-01,473.0,20,0.136,1,83,Basic Shield,29,3,1,0,0,0,0
WRK08868,Tambaram,12.943494,80.082874,2017-09-01,663.0,20,0.375,6,74,Basic Shield,29,8,0,0,1,0,0
WRK08869,Adyar,13.025543,80.262344,2017-04-01,810.0,19,0.346,0,82,Basic Shield,29,7,1,1,1,0,1
WRK08870,Porur,13.050905,80.152386,2024-09-01,499.0,13,0.198,2,83,Basic Shield,29,13,0,0,1,0,0
WRK08871,T Nagar,13.043526,80.231767,2020-05-01,495.0,17,0.326,1,79,Basic Shield,29,3,1,0,0,0,0
WRK08872,Chromepet,12.938999,80.149542,2021-04-01,627.0,17,0.025,2,85,Basic Shield,29,10,2,0,1,0,0
WRK08873,Velachery,12.967001,80.203896,2016-03-01,409.0,23,0.281,3,78,Basic Shield,29,6,2,0,1,0,0
WRK08874,Velachery,12.968037,80.204889,2022-09-01,711.0,19,0.197,4,80,Basic Shield,29,5,1,0,1,0,0
WRK08875,Chromepet,12.952571,80.146936,2018-05-01,645.0,16,0.235,7,76,Basic Shield,29,3,2,0,0,0,0
WRK08876,Tambaram,12.928338,80.084002,2022-04-01,622.0,15,0.087,2,84,Basic Shield,29,4,3,0,0,1,0
WRK08877,Anna Nagar,13.090287,80.21752,2023-07-01,565.0,16,0.277,4,78,Basic Shield,29,6,3,0,1,1,0
WRK08878,Anna Nagar,13.09653,80.208139,2024-04-01,739.0,20,0.186,5,79,Basic Shield,29,6,2,0,1,0,0
WRK08879,T Nagar,13.031486,80.251668,2023-02-01,413.0,13,0.123,2,84,Basic Shield,29,7,2,0,1,0,0
WRK08880,Adyar,13.006105,80.274856,2020-05-01,594.0,25,0.139,2,83,Basic Shield,29,5,1,1,1,0,1
WRK08881,Porur,13.054928,80.145286,2021-05-01,798.0,19,0.555,2,75,Basic Shield,29,6,1,0,1,0,0
WRK08882,Adyar,13.002768,80.26073,2024-06-01,538.0,19,0.132,4,81,Basic Shield,29,6,1,1,1,0,1
WRK08883,Sholinganallur,12.909434,80.237981,2021-05-01,400.0,20,0.64,3,71,Basic Shield,29,6,3,0,1,1,0
WRK08884,Porur,13.030016,80.171553,2020-12-01,571.0,11,0.302,2,83,Basic Shield,29,7,3,0,1,1,0
WRK08885,Chromepet,12.954762,80.142212,2020-07-01,619.0,18,0.218,2,81,Basic Shield,29,4,2,0,0,0,0
WRK08886,Porur,13.033047,80.138052,2019-04-01,558.0,15,0.192,1,82,Basic Shield,29,7,2,0,1,0,0
WRK08887,Anna Nagar,13.073307,80.190111,2015-10-01,504.0,18,0.106,4,81,Basic Shield,29,4,1,0,0,0,0
WRK08888,Tambaram,12.9342,80.115956,2015-06-01,591.0,20,0.199,3,80,Basic Shield,29,2,3,0,0,1,0
WRK08889,Tambaram,12.924341,80.097891,2022-08-01,746.0,14,0.786,4,70,Basic Shield,29,6,1,0,1,0,0
WRK08890,Adyar,12.992271,80.274872,2016-11-01,523.0,20,0.301,6,75,Basic Shield,29,4,1,1,0,0,1
WRK08891,Chromepet,12.943728,80.126321,2023-07-01,691.0,18,0.614,4,72,Basic Shield,29,5,3,0,1,1,0
WRK08892,Perambur,13.106747,80.219818,2019-07-01,726.0,22,0.154,2,83,Basic Shield,29,5,1,0,1,0,0
WRK08893,Porur,13.048523,80.166349,2017-07-01,904.0,9,0.564,3,81,Basic Shield,29,10,1,0,1,0,0
WRK08894,Velachery,12.994421,80.232986,2021-11-01,712.0,17,0.524,3,75,Basic Shield,29,8,3,0,1,1,0
WRK08895,Porur,13.036305,80.137598,2020-06-01,605.0,23,0.127,7,78,Basic Shield,29,7,1,0,1,0,0
WRK08896,Sholinganallur,12.897165,80.222108,2022-02-01,502.0,24,0.557,1,75,Basic Shield,29,7,3,0,1,1,0
WRK08897,Guindy,12.99871,80.203861,2016-08-01,710.0,22,0.714,3,71,Basic Shield,29,5,2,1,1,0,1
WRK08898,Tambaram,12.936338,80.092039,2020-05-01,550.0,12,0.579,3,76,Basic Shield,29,2,2,0,0,0,0
WRK08899,T Nagar,13.022861,80.239438,2024-01-01,552.0,14,0.197,3,81,Basic Shield,29,7,5,0,1,1,0
WRK08900,Guindy,12.993783,80.23773,2015-11-01,486.0,8,0.398,3,83,Basic Shield,29,5,1,1,1,0,1
WRK08901,Tambaram,12.907351,80.095129,2021-03-01,597.0,15,0.07,3,83,Basic Shield,29,6,1,0,1,0,0
WRK08902,T Nagar,13.05177,80.230742,2018-10-01,461.0,17,0.251,2,80,Basic Shield,29,11,1,0,1,0,0
WRK08903,Porur,13.031622,80.148563,2023-09-01,694.0,19,0.322,1,81,Basic Shield,29,5,4,0,1,1,0
WRK08904,Sholinganallur,12.90494,80.219924,2016-04-01,718.0,20,0.518,3,75,Basic Shield,29,11,2,0,1,0,0
WRK08905,Adyar,12.994161,80.265682,2023-08-01,487.0,21,0.185,3,80,Basic Shield,29,4,1,1,0,0,1
WRK08906,Anna Nagar,13.077751,80.210007,2019-06-01,517.0,13,0.526,3,76,Basic Shield,29,4,1,0,0,0,0
WRK08907,Velachery,12.961627,80.207347,2023-05-01,605.0,18,0.228,2,81,Basic Shield,29,9,1,0,1,0,0
WRK08908,Porur,13.046118,80.14681,2020-12-01,556.0,17,0.21,6,77,Basic Shield,29,11,1,0,1,0,0
WRK08909,Perambur,13.106442,80.216374,2019-07-01,570.0,17,0.436,2,77,Basic Shield,29,10,3,0,1,1,0
WRK08910,Tambaram,12.911892,80.117908,2018-11-01,697.0,19,0.142,3,82,Basic Shield,29,5,4,0,1,1,0
WRK08911,Anna Nagar,13.079284,80.202789,2018-12-01,556.0,20,0.278,5,77,Basic Shield,29,6,3,0,1,1,0
WRK08912,Perambur,13.102593,80.252507,2018-06-01,516.0,20,0.215,0,83,Basic Shield,29,4,3,0,0,1,0
WRK08913,Velachery,12.977818,80.225134,2024-01-01,569.0,11,0.754,1,75,Basic Shield,29,10,4,0,1,1,0
WRK08914,Anna Nagar,13.095007,80.210634,2017-11-01,615.0,12,0.338,4,80,Basic Shield,29,6,2,0,1,0,0
WRK08915,Sholinganallur,12.890912,80.243914,2023-05-01,609.0,16,0.287,2,80,Basic Shield,29,8,3,0,1,1,0
WRK08916,T Nagar,13.028081,80.236736,2024-11-01,458.0,16,0.184,1,82,Basic Shield,29,7,1,0,1,0,0
WRK08917,Porur,13.04829,80.160174,2015-09-01,608.0,21,0.43,2,77,Basic Shield,29,9,1,0,1,0,0
WRK08918,Sholinganallur,12.906076,80.216122,2017-07-01,679.0,15,0.179,1,83,Basic Shield,29,4,1,0,0,0,0
WRK08919,T Nagar,13.034864,80.218208,2022-03-01,453.0,9,0.502,3,80,Basic Shield,29,6,1,0,1,0,0
WRK08920,Perambur,13.130169,80.223686,2015-06-01,576.0,18,0.174,3,81,Basic Shield,29,10,3,0,1,1,0
WRK08921,Velachery,12.996469,80.218206,2015-03-01,612.0,18,0.456,2,76,Basic Shield,29,4,3,0,0,1,0
WRK08922,Velachery,12.989703,80.213201,2015-06-01,475.0,15,0.146,5,79,Basic Shield,29,7,2,0,1,0,0
WRK08923,Velachery,12.967148,80.225732,2019-03-01,549.0,29,0.244,3,79,Basic Shield,29,4,1,0,0,0,0
WRK08924,Guindy,13.010209,80.217239,2017-02-01,328.0,14,0.326,4,77,Basic Shield,29,3,3,1,0,1,1
WRK08925,Adyar,13.018728,80.275896,2018-03-01,533.0,25,0.708,0,73,Basic Shield,29,9,2,1,1,0,1
WRK08926,Guindy,13.008479,80.232989,2022-07-01,670.0,17,0.397,2,78,Basic Shield,29,6,3,1,1,1,1
WRK08927,Perambur,13.130836,80.219272,2021-09-01,445.0,20,0.166,4,79,Basic Shield,29,6,4,0,1,1,0
WRK08928,Tambaram,12.944736,80.084289,2017-04-01,606.0,13,0.035,3,86,Basic Shield,29,8,4,0,1,1,0
WRK08929,Chromepet,12.963859,80.14722,2016-07-01,712.0,16,0.087,2,84,Basic Shield,29,6,3,0,1,1,0
WRK08930,Porur,13.053186,80.176359,2021-09-01,715.0,18,0.154,2,83,Basic Shield,29,10,0,0,1,0,0
WRK08931,Velachery,12.996743,80.233533,2018-08-01,731.0,15,0.267,6,77,Basic Shield,29,8,3,0,1,1,0
WRK08932,Velachery,12.996232,80.222019,2019-08-01,677.0,14,0.359,0,82,Basic Shield,29,4,2,0,0,0,0
WRK08933,Chromepet,12.945031,80.129586,2017-12-01,652.0,10,0.606,2,79,Basic Shield,29,8,1,0,1,0,0
WRK08934,Velachery,12.989356,80.216338,2017-10-01,383.0,21,0.077,2,83,Basic Shield,29,6,3,0,1,1,0
WRK08935,Sholinganallur,12.902998,80.226212,2022-11-01,525.0,17,0.238,6,76,Basic Shield,29,8,4,0,1,1,0
WRK08936,Perambur,13.131335,80.229862,2019-07-01,775.0,21,0.311,3,79,Basic Shield,29,7,5,0,1,1,0
WRK08937,T Nagar,13.019969,80.237775,2023-11-01,645.0,21,0.27,6,76,Basic Shield,29,3,3,0,0,1,0
WRK08938,Adyar,12.99106,80.244114,2023-11-01,561.0,20,0.367,2,78,Basic Shield,29,3,1,1,0,0,1
WRK08939,Porur,13.025775,80.14476,2016-10-01,767.0,13,0.635,4,74,Basic Shield,29,4,4,0,0,1,0
WRK08940,Velachery,12.985155,80.2361,2022-02-01,664.0,21,0.151,2,83,Basic Shield,29,10,5,0,1,1,0
WRK08941,Adyar,13.018162,80.263335,2021-10-01,757.0,21,0.268,1,82,Basic Shield,29,3,2,1,0,0,1
WRK08942,Adyar,13.018064,80.273183,2017-05-01,750.0,14,0.448,2,78,Basic Shield,29,9,2,1,1,0,1
WRK08943,T Nagar,13.023683,80.232477,2018-05-01,421.0,27,0.234,6,76,Basic Shield,29,4,2,0,0,0,0
WRK08944,T Nagar,13.038254,80.232355,2024-05-01,577.0,12,0.262,1,84,Basic Shield,29,6,3,0,1,1,0
WRK08945,Perambur,13.124968,80.224294,2018-01-01,614.0,19,0.118,8,77,Basic Shield,29,6,0,0,1,0,0
WRK08946,Porur,13.035587,80.164547,2022-03-01,644.0,12,0.156,2,86,Basic Shield,29,9,1,0,1,0,0
WRK08947,Guindy,12.996483,80.228328,2015-01-01,603.0,24,0.363,3,77,Basic Shield,29,1,1,1,0,0,1
WRK08948,Velachery,12.995641,80.233182,2019-05-01,671.0,24,0.228,2,81,Basic Shield,29,10,2,0,1,0,0
WRK08949,Adyar,13.016209,80.261622,2017-03-01,571.0,15,0.114,2,83,Basic Shield,29,3,3,1,0,1,1
WRK08950,Velachery,12.965281,80.201006,2015-11-01,500.0,17,0.048,4,82,Basic Shield,29,5,1,0,1,0,0
WRK08951,Velachery,12.983317,80.198433,2018-02-01,610.0,18,0.858,6,64,Standard Shield,49,2,3,0,0,1,0
WRK08952,Velachery,12.971816,80.216912,2016-10-01,714.0,16,0.294,0,82,Basic Shield,29,5,1,0,1,0,0
WRK08953,Chromepet,12.967498,80.127951,2018-09-01,632.0,19,0.318,3,78,Basic Shield,29,2,1,0,0,0,0
WRK08954,Velachery,12.983907,80.227159,2021-11-01,551.0,17,0.495,1,76,Basic Shield,29,7,2,0,1,0,0
WRK08955,Velachery,12.966837,80.215159,2023-09-01,675.0,24,0.514,6,72,Basic Shield,29,4,0,0,0,0,0
WRK08956,Chromepet,12.932072,80.129952,2018-01-01,561.0,15,0.315,4,77,Basic Shield,29,5,1,0,1,0,0
WRK08957,Sholinganallur,12.884498,80.230163,2023-12-01,635.0,20,0.226,0,83,Basic Shield,29,6,0,0,1,0,0
WRK08958,Sholinganallur,12.889079,80.210984,2020-01-01,356.0,15,0.404,4,74,Basic Shield,29,8,4,0,1,1,0
WRK08959,Velachery,12.996924,80.226544,2023-03-01,525.0,21,0.604,5,70,Basic Shield,29,1,2,0,0,0,0
WRK08960,Perambur,13.134844,80.244496,2024-08-01,578.0,18,0.163,5,79,Basic Shield,29,5,4,0,1,1,0
WRK08961,Chromepet,12.964017,80.136604,2021-10-01,624.0,19,0.343,2,79,Basic Shield,29,7,2,0,1,0,0
WRK08962,Chromepet,12.950618,80.134998,2016-03-01,627.0,29,0.526,3,74,Basic Shield,29,6,2,0,1,0,0
WRK08963,T Nagar,13.03554,80.249639,2019-08-01,543.0,24,0.046,2,84,Basic Shield,29,10,0,0,1,0,0
WRK08964,Guindy,13.000288,80.234017,2019-03-01,695.0,27,0.493,4,74,Basic Shield,29,6,0,1,1,0,1
WRK08965,Tambaram,12.930739,80.104998,2018-01-01,569.0,12,0.448,1,80,Basic Shield,29,4,2,0,0,0,0
WRK08966,Anna Nagar,13.078807,80.224944,2016-05-01,479.0,14,0.176,6,78,Basic Shield,29,2,0,0,0,0,0
WRK08967,Velachery,12.98435,80.235801,2015-11-01,544.0,23,0.365,1,79,Basic Shield,29,4,1,0,0,0,0
WRK08968,Tambaram,12.912301,80.092816,2019-12-01,595.0,15,0.332,2,79,Basic Shield,29,6,2,0,1,0,0
WRK08969,Perambur,13.129483,80.228981,2024-02-01,655.0,20,0.593,2,74,Basic Shield,29,8,2,0,1,0,0
WRK08970,Anna Nagar,13.075885,80.205398,2019-01-01,560.0,25,0.282,3,79,Basic Shield,29,2,2,0,0,0,0
WRK08971,Velachery,12.98857,80.220207,2024-05-01,614.0,23,0.22,3,80,Basic Shield,29,10,1,0,1,0,0
WRK08972,Guindy,13.009094,80.219212,2022-04-01,753.0,22,0.207,5,79,Basic Shield,29,3,4,1,0,1,1
WRK08973,Perambur,13.10062,80.23133,2024-01-01,794.0,17,0.221,2,82,Basic Shield,29,8,3,0,1,1,0
WRK08974,Tambaram,12.922099,80.081839,2022-05-01,565.0,16,0.172,5,79,Basic Shield,29,2,3,0,0,1,0
WRK08975,Sholinganallur,12.898813,80.22401,2016-03-01,634.0,21,0.183,4,80,Basic Shield,29,8,3,0,1,1,0
WRK08976,Anna Nagar,13.103195,80.193434,2020-07-01,471.0,22,0.452,4,74,Basic Shield,29,9,2,0,1,0,0
WRK08977,Guindy,12.993811,80.235497,2018-07-01,700.0,15,0.196,3,81,Basic Shield,29,3,3,1,0,1,1
WRK08978,Sholinganallur,12.883117,80.245598,2015-05-01,602.0,15,0.122,8,77,Basic Shield,29,12,1,0,1,0,0
WRK08979,T Nagar,13.032331,80.230621,2019-02-01,408.0,11,0.251,4,82,Basic Shield,29,7,1,0,1,0,0
WRK08980,Sholinganallur,12.903032,80.236568,2019-03-01,501.0,14,0.087,1,85,Basic Shield,29,4,0,0,0,0,0
WRK08981,Perambur,13.10518,80.246577,2020-04-01,479.0,17,0.302,1,80,Basic Shield,29,4,2,0,0,0,0
WRK08982,Adyar,12.994696,80.254165,2021-11-01,537.0,13,0.5,6,73,Basic Shield,29,4,3,1,0,1,1
WRK08983,Perambur,13.1184,80.218622,2020-09-01,577.0,13,0.142,2,85,Basic Shield,29,6,3,0,1,1,0
WRK08984,Chromepet,12.963023,80.15646,2019-07-01,642.0,13,0.212,2,83,Basic Shield,29,7,1,0,1,0,0
WRK08985,Perambur,13.128657,80.217684,2015-10-01,561.0,14,0.226,4,80,Basic Shield,29,8,1,0,1,0,0
WRK08986,Tambaram,12.936281,80.104829,2024-03-01,655.0,11,0.071,1,89,Basic Shield,29,7,2,0,1,0,0
WRK08987,Adyar,12.993044,80.261843,2023-12-01,447.0,14,0.067,4,82,Basic Shield,29,1,2,1,0,0,1
WRK08988,Sholinganallur,12.902201,80.215747,2020-01-01,830.0,23,0.204,4,81,Basic Shield,29,9,2,0,1,0,0
WRK08989,Chromepet,12.947127,80.156536,2015-10-01,867.0,19,0.423,7,73,Basic Shield,29,7,1,0,1,0,0
WRK08990,Anna Nagar,13.078675,80.216436,2024-07-01,681.0,20,0.505,4,74,Basic Shield,29,5,3,0,1,1,0
WRK08991,T Nagar,13.049829,80.235936,2015-10-01,853.0,14,0.152,3,84,Basic Shield,29,6,1,0,1,0,0
WRK08992,Chromepet,12.936787,80.148678,2019-11-01,708.0,11,0.631,2,77,Basic Shield,29,12,0,0,1,0,0
WRK08993,Guindy,13.011298,80.226696,2023-07-01,803.0,20,0.22,7,77,Basic Shield,29,4,1,1,0,0,1
WRK08994,Velachery,12.966155,80.199492,2019-09-01,665.0,15,0.443,5,74,Basic Shield,29,10,2,0,1,0,0
WRK08995,Tambaram,12.920947,80.100439,2023-02-01,665.0,16,0.135,1,84,Basic Shield,29,3,1,0,0,0,0
WRK08996,Velachery,12.981266,80.206153,2018-06-01,504.0,18,0.264,3,79,Basic Shield,29,5,5,0,1,1,0
WRK08997,Porur,13.037427,80.155772,2020-09-01,481.0,19,0.442,4,74,Basic Shield,29,4,0,0,0,0,0
WRK08998,Sholinganallur,12.912727,80.218707,2017-08-01,421.0,19,0.312,0,80,Basic Shield,29,8,1,0,1,0,0
WRK08999,Tambaram,12.921262,80.098329,2022-10-01,617.0,18,0.267,0,82,Basic Shield,29,2,1,0,0,0,0
WRK09000,T Nagar,13.043408,80.229821,2020-01-01,487.0,13,0.12,2,85,Basic Shield,29,6,3,0,1,1,0
WRK09001,Chromepet,12.959876,80.143669,2020-08-01,557.0,17,0.031,4,83,Basic Shield,29,8,1,0,1,0,0
WRK09002,Perambur,13.11922,80.225351,2022-01-01,675.0,18,0.417,4,76,Basic Shield,29,5,1,0,1,0,0
WRK09003,Adyar,12.989321,80.262487,2015-01-01,770.0,15,0.529,4,74,Basic Shield,29,9,1,1,1,0,1
WRK09004,Sholinganallur,12.881971,80.236558,2021-03-01,551.0,13,0.106,6,81,Basic Shield,29,9,0,0,1,0,0
WRK09005,Tambaram,12.927154,80.088615,2021-04-01,563.0,16,0.31,2,79,Basic Shield,29,5,1,0,1,0,0
WRK09006,T Nagar,13.052427,80.225413,2023-08-01,620.0,21,0.199,4,80,Basic Shield,29,4,2,0,0,0,0
WRK09007,Velachery,12.97476,80.232576,2015-11-01,491.0,22,0.377,3,76,Basic Shield,29,4,1,0,0,0,0
WRK09008,Tambaram,12.910372,80.091885,2024-02-01,633.0,15,0.566,2,74,Basic Shield,29,6,0,0,1,0,0
WRK09009,Perambur,13.134724,80.226012,2024-05-01,492.0,24,0.579,3,72,Basic Shield,29,2,1,0,0,0,0
WRK09010,Perambur,13.121436,80.232234,2018-09-01,668.0,15,0.699,4,70,Basic Shield,29,5,3,0,1,1,0
WRK09011,T Nagar,13.050528,80.239485,2019-07-01,546.0,14,0.087,2,84,Basic Shield,29,8,0,0,1,0,0
WRK09012,Tambaram,12.924021,80.113423,2015-11-01,484.0,15,0.459,3,75,Basic Shield,29,6,1,0,1,0,0
WRK09013,Perambur,13.10509,80.2547,2018-03-01,487.0,14,0.039,2,85,Basic Shield,29,8,3,0,1,1,0
WRK09014,Chromepet,12.951059,80.140053,2015-08-01,522.0,13,0.592,6,71,Basic Shield,29,2,5,0,0,1,0
WRK09015,Guindy,13.01018,80.229317,2015-04-01,709.0,25,0.503,1,77,Basic Shield,29,2,4,1,0,1,1
WRK09016,Velachery,12.995418,80.237074,2017-11-01,721.0,17,0.554,6,71,Basic Shield,29,5,3,0,1,1,0
WRK09017,Guindy,13.019261,80.22599,2018-04-01,526.0,18,0.258,3,79,Basic Shield,29,5,3,1,1,1,1
WRK09018,Sholinganallur,12.916114,80.224238,2017-04-01,762.0,17,0.142,3,82,Basic Shield,29,4,2,0,0,0,0
WRK09019,Guindy,13.006713,80.202142,2018-09-01,525.0,20,0.06,1,85,Basic Shield,29,7,3,1,1,1,1
WRK09020,T Nagar,13.031353,80.249925,2016-05-01,672.0,16,0.322,4,77,Basic Shield,29,1,1,0,0,0,0
WRK09021,Sholinganallur,12.894179,80.216938,2021-06-01,831.0,14,0.216,4,81,Basic Shield,29,8,4,0,1,1,0
WRK09022,Chromepet,12.942449,80.13751,2021-12-01,392.0,15,0.694,3,70,Basic Shield,29,6,1,0,1,0,0
WRK09023,Porur,13.039308,80.13794,2017-08-01,520.0,19,0.078,1,85,Basic Shield,29,6,3,0,1,1,0
WRK09024,Velachery,12.96504,80.213551,2018-01-01,710.0,16,0.17,3,82,Basic Shield,29,6,2,0,1,0,0
WRK09025,Tambaram,12.914153,80.103584,2020-08-01,661.0,13,0.249,4,81,Basic Shield,29,2,2,0,0,0,0
WRK09026,Chromepet,12.951372,80.138044,2022-08-01,605.0,10,0.364,2,83,Basic Shield,29,6,2,0,1,0,0
WRK09027,Porur,13.030932,80.157292,2016-09-01,554.0,16,0.358,4,76,Basic Shield,29,6,1,0,1,0,0
WRK09028,Chromepet,12.940455,80.145637,2021-11-01,492.0,16,0.321,4,77,Basic Shield,29,5,4,0,1,1,0
WRK09029,Velachery,12.977185,80.225737,2020-04-01,470.0,18,0.532,1,75,Basic Shield,29,5,1,0,1,0,0
WRK09030,Sholinganallur,12.897777,80.218084,2018-01-01,646.0,12,0.537,0,80,Basic Shield,29,7,0,0,1,0,0
WRK09031,Tambaram,12.912338,80.09808,2023-09-01,510.0,19,0.064,3,83,Basic Shield,29,5,1,0,1,0,0
WRK09032,Perambur,13.132396,80.216128,2018-04-01,521.0,14,0.393,2,78,Basic Shield,29,7,0,0,1,0,0
WRK09033,Porur,13.030124,80.150353,2017-11-01,519.0,9,0.183,1,88,Basic Shield,29,8,2,0,1,0,0
WRK09034,T Nagar,13.050122,80.234144,2018-12-01,483.0,12,0.11,3,85,Basic Shield,29,8,2,0,1,0,0
WRK09035,Porur,13.039135,80.16636,2022-08-01,718.0,21,0.309,4,78,Basic Shield,29,8,1,0,1,0,0
WRK09036,Chromepet,12.948877,80.14945,2019-01-01,637.0,19,0.403,1,79,Basic Shield,29,6,3,0,1,1,0
WRK09037,Adyar,13.005214,80.240127,2024-07-01,548.0,15,0.275,6,76,Basic Shield,29,5,4,1,1,1,1
WRK09038,Perambur,13.121407,80.223065,2021-10-01,534.0,20,0.143,6,78,Basic Shield,29,2,1,0,0,0,0
WRK09039,T Nagar,13.038189,80.252219,2022-01-01,515.0,22,0.14,2,82,Basic Shield,29,9,5,0,1,1,0
WRK09040,Porur,13.019167,80.141447,2018-12-01,686.0,17,0.226,3,80,Basic Shield,29,6,4,0,1,1,0
WRK09041,Chromepet,12.958093,80.146051,2024-10-01,580.0,18,0.468,2,76,Basic Shield,29,5,2,0,1,0,0
WRK09042,Porur,13.038031,80.153158,2019-07-01,722.0,19,0.065,3,84,Basic Shield,29,7,4,0,1,1,0
WRK09043,Porur,13.05443,80.176442,2023-01-01,876.0,23,0.488,3,76,Basic Shield,29,4,6,0,0,1,0
WRK09044,Velachery,12.9771,80.211804,2019-11-01,580.0,17,0.097,0,85,Basic Shield,29,7,2,0,1,0,0
WRK09045,Sholinganallur,12.916269,80.23761,2015-01-01,681.0,18,0.265,3,80,Basic Shield,29,4,3,0,0,1,0
WRK09046,Anna Nagar,13.091293,80.222148,2022-05-01,524.0,14,0.13,5,81,Basic Shield,29,6,2,0,1,0,0
WRK09047,Anna Nagar,13.104767,80.21043,2024-12-01,610.0,18,0.203,3,80,Basic Shield,29,5,2,0,1,0,0
WRK09048,Guindy,13.016013,80.20872,2020-09-01,463.0,20,0.507,1,76,Basic Shield,29,3,0,1,0,0,1
WRK09049,Sholinganallur,12.902306,80.239005,2015-02-01,750.0,16,0.23,3,81,Basic Shield,29,3,4,0,0,1,0
WRK09050,Perambur,13.132501,80.234165,2024-12-01,478.0,17,0.194,1,82,Basic Shield,29,7,4,0,1,1,0
WRK09051,Adyar,13.006903,80.239641,2024-09-01,531.0,29,0.237,2,80,Basic Shield,29,6,1,1,1,0,1
WRK09052,Porur,13.027527,80.167867,2024-12-01,662.0,9,0.219,2,87,Basic Shield,29,4,2,0,0,0,0
WRK09053,Anna Nagar,13.107766,80.229869,2022-02-01,637.0,29,0.237,3,80,Basic Shield,29,7,1,0,1,0,0
WRK09054,Porur,13.046984,80.162386,2022-08-01,565.0,22,0.186,3,81,Basic Shield,29,7,0,0,1,0,0
WRK09055,Tambaram,12.909965,80.080297,2018-12-01,407.0,14,0.226,1,82,Basic Shield,29,4,3,0,0,1,0
WRK09056,Sholinganallur,12.894018,80.233099,2020-05-01,596.0,19,0.603,3,72,Basic Shield,29,2,2,0,0,0,0
WRK09057,Adyar,13.003765,80.268154,2015-09-01,578.0,15,0.18,0,84,Basic Shield,29,9,0,1,1,0,1
WRK09058,Perambur,13.123264,80.229595,2020-12-01,520.0,21,0.222,2,81,Basic Shield,29,7,1,0,1,0,0
WRK09059,Guindy,13.022707,80.203721,2019-05-01,612.0,20,0.114,2,83,Basic Shield,29,9,3,1,1,1,1
WRK09060,T Nagar,13.049737,80.22885,2017-05-01,842.0,14,0.116,3,84,Basic Shield,29,14,1,0,1,0,0
WRK09061,Perambur,13.120901,80.253551,2016-01-01,664.0,20,0.539,3,74,Basic Shield,29,3,2,0,0,0,0
WRK09062,Sholinganallur,12.91796,80.210776,2023-09-01,594.0,21,0.077,4,82,Basic Shield,29,4,1,0,0,0,0
WRK09063,Perambur,13.130672,80.232916,2016-02-01,578.0,14,0.161,1,84,Basic Shield,29,5,1,0,1,0,0
WRK09064,Perambur,13.128563,80.226596,2018-03-01,637.0,16,0.268,5,77,Basic Shield,29,4,1,0,0,0,0
WRK09065,Sholinganallur,12.92061,80.230298,2018-03-01,668.0,18,0.248,5,78,Basic Shield,29,2,1,0,0,0,0
WRK09066,Anna Nagar,13.097638,80.199078,2017-05-01,548.0,12,0.351,2,81,Basic Shield,29,6,0,0,1,0,0
WRK09067,T Nagar,13.035921,80.227233,2022-12-01,633.0,15,0.366,3,77,Basic Shield,29,7,3,0,1,1,0
WRK09068,Guindy,12.988962,80.232572,2019-09-01,511.0,23,0.508,3,74,Basic Shield,29,7,1,1,1,0,1
WRK09069,Tambaram,12.921107,80.092334,2021-06-01,739.0,16,0.503,4,74,Basic Shield,29,3,2,0,0,0,0
WRK09070,Chromepet,12.949141,80.157198,2020-04-01,446.0,15,0.118,2,82,Basic Shield,29,5,0,0,1,0,0
WRK09071,T Nagar,13.039357,80.245451,2016-12-01,315.0,18,0.106,1,83,Basic Shield,29,4,2,0,0,0,0
WRK09072,Velachery,12.978554,80.208499,2018-11-01,554.0,15,0.164,2,82,Basic Shield,29,5,4,0,1,1,0
WRK09073,Chromepet,12.937372,80.155084,2015-06-01,450.0,20,0.226,1,81,Basic Shield,29,2,2,0,0,0,0
WRK09074,Adyar,13.006047,80.271109,2017-11-01,454.0,17,0.131,3,81,Basic Shield,29,6,1,1,1,0,1
WRK09075,Porur,13.021108,80.162745,2021-01-01,647.0,22,0.372,1,79,Basic Shield,29,7,2,0,1,0,0
WRK09076,Guindy,13.020201,80.219316,2015-03-01,847.0,20,0.178,2,83,Basic Shield,29,2,3,1,0,1,1
WRK09077,Adyar,13.000326,80.252379,2018-11-01,704.0,14,0.062,1,87,Basic Shield,29,6,3,1,1,1,1
WRK09078,T Nagar,13.030359,80.251223,2022-02-01,525.0,24,0.042,4,82,Basic Shield,29,2,2,0,0,0,0
WRK09079,Perambur,13.120956,80.244773,2024-04-01,610.0,14,0.17,2,83,Basic Shield,29,7,5,0,1,1,0
WRK09080,Tambaram,12.933332,80.086267,2016-12-01,586.0,19,0.382,7,73,Basic Shield,29,3,0,0,0,0,0
WRK09081,Velachery,12.984191,80.218687,2019-09-01,537.0,13,0.162,3,83,Basic Shield,29,4,2,0,0,0,0
WRK09082,Anna Nagar,13.097086,80.19284,2022-12-01,784.0,17,0.136,3,83,Basic Shield,29,7,1,0,1,0,0
WRK09083,Adyar,13.021986,80.249321,2015-01-01,810.0,14,0.289,2,82,Basic Shield,29,4,2,1,0,0,1
WRK09084,Tambaram,12.934946,80.109482,2017-02-01,695.0,21,0.102,2,84,Basic Shield,29,7,4,0,1,1,0
WRK09085,T Nagar,13.036455,80.235785,2022-06-01,537.0,21,0.155,3,81,Basic Shield,29,5,1,0,1,0,0
WRK09086,Sholinganallur,12.910783,80.21825,2022-04-01,791.0,17,0.337,2,80,Basic Shield,29,9,4,0,1,1,0
WRK09087,Porur,13.030684,80.169695,2023-11-01,580.0,20,0.195,4,80,Basic Shield,29,6,3,0,1,1,0
WRK09088,Porur,13.030235,80.162601,2021-02-01,704.0,26,0.21,2,82,Basic Shield,29,6,1,0,1,0,0
WRK09089,Perambur,13.106607,80.241468,2024-09-01,674.0,15,0.599,0,76,Basic Shield,29,8,0,0,1,0,0
WRK09090,Perambur,13.134685,80.235003,2017-07-01,472.0,18,0.051,3,83,Basic Shield,29,5,6,0,1,1,0
WRK09091,Velachery,12.993316,80.2164,2021-09-01,696.0,14,0.213,3,82,Basic Shield,29,9,1,0,1,0,0
WRK09092,Tambaram,12.920818,80.100809,2023-11-01,741.0,20,0.228,1,83,Basic Shield,29,2,3,0,0,1,0
WRK09093,Velachery,12.973959,80.224916,2017-02-01,558.0,17,0.287,3,79,Basic Shield,29,5,1,0,1,0,0
WRK09094,Porur,13.045521,80.155293,2017-12-01,437.0,18,0.287,4,77,Basic Shield,29,9,1,0,1,0,0
WRK09095,Perambur,13.10958,80.236317,2024-02-01,608.0,13,0.183,3,83,Basic Shield,29,8,3,0,1,1,0
WRK09096,Sholinganallur,12.88895,80.220227,2022-02-01,585.0,21,0.402,4,75,Basic Shield,29,6,1,0,1,0,0
WRK09097,Tambaram,12.922182,80.113594,2020-07-01,745.0,17,0.248,6,77,Basic Shield,29,5,0,0,1,0,0
WRK09098,Anna Nagar,13.081867,80.194517,2017-07-01,720.0,17,0.051,2,85,Basic Shield,29,6,5,0,1,1,0
WRK09099,Anna Nagar,13.079133,80.203101,2022-07-01,631.0,17,0.345,5,76,Basic Shield,29,5,2,0,1,0,0
WRK09100,Sholinganallur,12.890993,80.222217,2016-12-01,634.0,14,0.092,1,86,Basic Shield,29,9,3,0,1,1,0
WRK09101,Guindy,12.994591,80.205713,2022-04-01,481.0,26,0.432,3,75,Basic Shield,29,8,2,1,1,0,1
WRK09102,Velachery,12.995912,80.222904,2016-06-01,562.0,20,0.055,5,81,Basic Shield,29,4,2,0,0,0,0
WRK09103,Perambur,13.116527,80.217619,2023-01-01,580.0,15,0.385,4,76,Basic Shield,29,4,2,0,0,0,0
WRK09104,Chromepet,12.971102,80.13002,2024-06-01,618.0,14,0.373,3,78,Basic Shield,29,8,0,0,1,0,0
WRK09105,Chromepet,12.94936,80.131591,2020-11-01,745.0,17,0.132,4,82,Basic Shield,29,8,1,0,1,0,0
WRK09106,Porur,13.046087,80.171447,2017-07-01,757.0,19,0.366,5,76,Basic Shield,29,8,3,0,1,1,0
WRK09107,T Nagar,13.038803,80.231276,2015-05-01,728.0,17,0.481,4,75,Basic Shield,29,4,1,0,0,0,0
WRK09108,Porur,13.052302,80.17339,2020-03-01,526.0,13,0.349,4,78,Basic Shield,29,4,2,0,0,0,0
WRK09109,Adyar,13.008638,80.252771,2023-01-01,495.0,16,0.483,2,75,Basic Shield,29,6,3,1,1,1,1
WRK09110,T Nagar,13.039549,80.228194,2023-02-01,473.0,25,0.468,2,76,Basic Shield,29,7,2,0,1,0,0
WRK09111,Adyar,13.022028,80.263843,2022-03-01,671.0,17,0.194,4,80,Basic Shield,29,7,0,1,1,0,1
WRK09112,T Nagar,13.033043,80.228922,2023-04-01,827.0,17,0.294,1,82,Basic Shield,29,8,2,0,1,0,0
WRK09113,Adyar,13.018302,80.243132,2020-07-01,659.0,15,0.173,3,81,Basic Shield,29,2,2,1,0,0,1
WRK09114,Tambaram,12.920122,80.085433,2016-02-01,705.0,15,0.192,2,82,Basic Shield,29,4,2,0,0,0,0
WRK09115,Velachery,12.997179,80.2204,2021-05-01,593.0,15,0.186,3,81,Basic Shield,29,3,6,0,0,1,0
WRK09116,Guindy,13.013887,80.200615,2019-04-01,527.0,20,0.433,4,74,Basic Shield,29,4,5,1,0,1,1
WRK09117,Chromepet,12.936762,80.123348,2017-07-01,610.0,15,0.321,2,79,Basic Shield,29,4,0,0,0,0,0
WRK09118,Velachery,12.984397,80.222615,2024-11-01,626.0,20,0.544,4,73,Basic Shield,29,8,1,0,1,0,0
WRK09119,Perambur,13.112644,80.215929,2021-08-01,503.0,18,0.353,4,76,Basic Shield,29,8,0,0,1,0,0
WRK09120,Tambaram,12.926656,80.113634,2023-01-01,635.0,20,0.514,1,76,Basic Shield,29,10,1,0,1,0,0
WRK09121,Porur,13.022958,80.16351,2015-05-01,713.0,16,0.131,1,84,Basic Shield,29,6,2,0,1,0,0
WRK09122,Guindy,13.020958,80.21078,2021-04-01,556.0,20,0.051,4,82,Basic Shield,29,5,2,1,1,0,1
WRK09123,Chromepet,12.968349,80.135591,2021-05-01,696.0,13,0.313,2,82,Basic Shield,29,4,5,0,0,1,0
WRK09124,Perambur,13.112713,80.238368,2018-06-01,645.0,15,0.195,2,82,Basic Shield,29,8,2,0,1,0,0
WRK09125,Anna Nagar,13.081864,80.191435,2017-04-01,480.0,18,0.055,3,83,Basic Shield,29,11,0,0,1,0,0
WRK09126,Sholinganallur,12.89521,80.238889,2023-08-01,512.0,21,0.172,4,80,Basic Shield,29,6,2,0,1,0,0
WRK09127,Anna Nagar,13.108169,80.224488,2019-02-01,490.0,18,0.186,4,79,Basic Shield,29,4,0,0,0,0,0
WRK09128,Sholinganallur,12.88781,80.224093,2020-09-01,660.0,17,0.398,2,78,Basic Shield,29,6,2,0,1,0,0
WRK09129,Anna Nagar,13.100289,80.222255,2017-06-01,496.0,20,0.721,4,69,Standard Shield,49,4,4,0,0,1,0
WRK09130,Velachery,12.982209,80.221267,2022-07-01,442.0,17,0.67,3,70,Basic Shield,29,7,3,0,1,1,0
WRK09131,Adyar,13.005642,80.237259,2019-12-01,834.0,22,0.109,0,86,Basic Shield,29,5,1,1,1,0,1
WRK09132,Adyar,13.003355,80.269003,2015-10-01,580.0,13,0.094,4,84,Basic Shield,29,6,0,1,1,0,1
WRK09133,Anna Nagar,13.094974,80.219177,2017-09-01,631.0,10,0.161,3,86,Basic Shield,29,2,2,0,0,0,0
WRK09134,Velachery,12.964252,80.201816,2022-03-01,584.0,17,0.594,2,74,Basic Shield,29,8,3,0,1,1,0
WRK09135,Tambaram,12.938629,80.088593,2022-01-01,670.0,18,0.165,3,82,Basic Shield,29,5,4,0,1,1,0
WRK09136,T Nagar,13.026463,80.237565,2024-05-01,713.0,18,0.543,5,72,Basic Shield,29,3,2,0,0,0,0
WRK09137,Porur,13.041276,80.171654,2021-11-01,606.0,25,0.326,3,78,Basic Shield,29,3,1,0,0,0,0
WRK09138,T Nagar,13.054779,80.253707,2023-01-01,639.0,11,0.239,2,85,Basic Shield,29,5,2,0,1,0,0
WRK09139,Chromepet,12.948553,80.152266,2020-10-01,363.0,19,0.282,3,78,Basic Shield,29,5,0,0,1,0,0
WRK09140,T Nagar,13.051482,80.218739,2024-01-01,657.0,15,0.492,4,74,Basic Shield,29,2,2,0,0,0,0
WRK09141,Sholinganallur,12.901684,80.212732,2022-07-01,754.0,13,0.223,5,81,Basic Shield,29,7,1,0,1,0,0
WRK09142,Porur,13.054454,80.137421,2019-02-01,647.0,18,0.309,3,79,Basic Shield,29,4,3,0,0,1,0
WRK09143,Tambaram,12.913397,80.117336,2022-10-01,753.0,21,0.334,3,79,Basic Shield,29,5,2,0,1,0,0
WRK09144,Sholinganallur,12.910822,80.23986,2021-12-01,525.0,18,0.57,2,74,Basic Shield,29,6,0,0,1,0,0
WRK09145,T Nagar,13.052311,80.224799,2015-04-01,330.0,20,0.433,2,75,Basic Shield,29,7,1,0,1,0,0
WRK09146,Velachery,12.97694,80.222,2021-02-01,575.0,15,0.146,1,83,Basic Shield,29,7,0,0,1,0,0
WRK09147,Anna Nagar,13.085251,80.192142,2015-02-01,759.0,24,0.086,2,85,Basic Shield,29,4,1,0,0,0,0
WRK09148,Tambaram,12.918453,80.103167,2022-08-01,650.0,15,0.179,3,81,Basic Shield,29,7,1,0,1,0,0
WRK09149,Velachery,12.994518,80.199076,2018-12-01,638.0,19,0.366,2,78,Basic Shield,29,4,3,0,0,1,0
WRK09150,Perambur,13.121009,80.24239,2019-11-01,592.0,18,0.758,3,69,Standard Shield,49,6,5,0,1,1,0
WRK09151,Sholinganallur,12.916632,80.217096,2019-07-01,567.0,13,0.06,4,84,Basic Shield,29,2,2,0,0,0,0
WRK09152,Porur,13.048836,80.159058,2016-01-01,682.0,26,0.456,3,76,Basic Shield,29,5,2,0,1,0,0
WRK09153,Porur,13.018078,80.172646,2022-11-01,691.0,20,0.323,4,77,Basic Shield,29,6,0,0,1,0,0
WRK09154,Perambur,13.099168,80.235629,2015-04-01,619.0,21,0.824,1,70,Basic Shield,29,3,1,0,0,0,0
WRK09155,Sholinganallur,12.911276,80.223932,2021-07-01,783.0,14,0.131,2,85,Basic Shield,29,7,1,0,1,0,0
WRK09156,T Nagar,13.027746,80.22148,2018-11-01,687.0,20,0.435,2,77,Basic Shield,29,7,3,0,1,1,0
WRK09157,T Nagar,13.022265,80.253058,2020-09-01,733.0,19,0.472,4,75,Basic Shield,29,6,1,0,1,0,0
WRK09158,Guindy,13.023766,80.225876,2018-05-01,384.0,22,0.397,7,71,Basic Shield,29,4,1,1,0,0,1
WRK09159,Guindy,13.000194,80.214289,2024-11-01,516.0,18,0.144,5,79,Basic Shield,29,10,2,1,1,0,1
WRK09160,Guindy,13.008428,80.202869,2018-09-01,651.0,19,0.189,5,79,Basic Shield,29,5,1,1,1,0,1
WRK09161,T Nagar,13.031507,80.238522,2023-01-01,799.0,16,0.237,6,78,Basic Shield,29,12,2,0,1,0,0
WRK09162,Anna Nagar,13.0761,80.224653,2023-01-01,612.0,20,0.624,4,71,Basic Shield,29,4,0,0,0,0,0
WRK09163,T Nagar,13.044305,80.231304,2021-08-01,620.0,24,0.375,1,79,Basic Shield,29,7,1,0,1,0,0
WRK09164,Anna Nagar,13.077291,80.199615,2022-01-01,652.0,12,0.722,4,72,Basic Shield,29,8,6,0,1,1,0
WRK09165,Porur,13.054664,80.140781,2022-02-01,743.0,7,0.051,1,94,Basic Shield,29,7,5,0,1,1,0
WRK09166,Velachery,12.981006,80.213479,2023-05-01,444.0,19,0.303,1,80,Basic Shield,29,8,1,0,1,0,0
WRK09167,T Nagar,13.031539,80.251299,2016-11-01,382.0,31,0.242,3,79,Basic Shield,29,4,3,0,0,1,0
WRK09168,T Nagar,13.038654,80.231048,2022-03-01,650.0,14,0.132,3,83,Basic Shield,29,9,4,0,1,1,0
WRK09169,Anna Nagar,13.080615,80.201128,2019-03-01,518.0,14,0.556,3,74,Basic Shield,29,7,2,0,1,0,0
WRK09170,Perambur,13.098675,80.238063,2019-11-01,766.0,15,0.603,4,72,Basic Shield,29,8,1,0,1,0,0
WRK09171,Guindy,13.004718,80.204129,2021-08-01,555.0,21,0.309,1,80,Basic Shield,29,4,3,1,0,1,1
WRK09172,Tambaram,12.938474,80.102373,2023-01-01,568.0,19,0.134,2,83,Basic Shield,29,3,2,0,0,0,0
WRK09173,Anna Nagar,13.094911,80.224872,2022-06-01,567.0,25,0.093,2,83,Basic Shield,29,2,0,0,0,0,0
WRK09174,Adyar,13.020611,80.253198,2021-09-01,533.0,17,0.194,3,80,Basic Shield,29,10,2,1,1,0,1
WRK09175,Sholinganallur,12.904258,80.228215,2015-04-01,634.0,25,0.155,1,84,Basic Shield,29,8,2,0,1,0,0
WRK09176,Adyar,13.008827,80.256395,2015-03-01,672.0,24,0.07,3,83,Basic Shield,29,3,2,1,0,0,1
WRK09177,Sholinganallur,12.890158,80.242858,2018-07-01,736.0,18,0.423,1,79,Basic Shield,29,6,1,0,1,0,0
WRK09178,Perambur,13.115416,80.247685,2024-07-01,559.0,16,0.24,3,79,Basic Shield,29,5,0,0,1,0,0
WRK09179,Anna Nagar,13.0912,80.207649,2024-05-01,454.0,17,0.05,2,84,Basic Shield,29,1,1,0,0,0,0
WRK09180,Velachery,12.966935,80.22325,2019-07-01,719.0,22,0.449,3,76,Basic Shield,29,3,4,0,0,1,0
WRK09181,Velachery,12.981092,80.220511,2021-04-01,583.0,14,0.544,2,76,Basic Shield,29,5,3,0,1,1,0
WRK09182,Chromepet,12.932434,80.159905,2015-04-01,506.0,12,0.618,2,76,Basic Shield,29,8,1,0,1,0,0
WRK09183,Velachery,12.967603,80.227993,2017-10-01,509.0,14,0.081,0,86,Basic Shield,29,5,1,0,1,0,0
WRK09184,Chromepet,12.948434,80.133827,2022-04-01,673.0,15,0.555,3,74,Basic Shield,29,8,3,0,1,1,0
WRK09185,Anna Nagar,13.095883,80.199249,2023-06-01,403.0,13,0.08,2,85,Basic Shield,29,7,2,0,1,0,0
WRK09186,Sholinganallur,12.899617,80.245335,2024-07-01,490.0,22,0.214,2,81,Basic Shield,29,5,3,0,1,1,0
WRK09187,Perambur,13.10475,80.254733,2021-10-01,536.0,10,0.348,5,80,Basic Shield,29,5,3,0,1,1,0
WRK09188,Perambur,13.100797,80.239393,2022-05-01,520.0,18,0.589,5,70,Basic Shield,29,7,1,0,1,0,0
WRK09189,Chromepet,12.957091,80.136531,2019-01-01,518.0,16,0.125,1,84,Basic Shield,29,6,0,0,1,0,0
WRK09190,Adyar,13.000054,80.246873,2019-07-01,608.0,14,0.297,5,78,Basic Shield,29,8,2,1,1,0,1
WRK09191,Perambur,13.117113,80.249254,2017-09-01,487.0,19,0.568,3,73,Basic Shield,29,4,2,0,0,0,0
WRK09192,Guindy,13.024715,80.221991,2024-06-01,438.0,17,0.154,0,84,Basic Shield,29,5,3,1,1,1,1
WRK09193,Porur,13.051548,80.155077,2020-06-01,761.0,15,0.152,1,84,Basic Shield,29,2,1,0,0,0,0
WRK09194,Perambur,13.111528,80.223334,2020-08-01,471.0,11,0.231,2,84,Basic Shield,29,8,3,0,1,1,0
WRK09195,Chromepet,12.941916,80.141354,2021-09-01,612.0,20,0.49,6,72,Basic Shield,29,7,2,0,1,0,0
WRK09196,Velachery,12.97917,80.208748,2016-06-01,534.0,17,0.285,1,80,Basic Shield,29,8,3,0,1,1,0
WRK09197,T Nagar,13.031707,80.252456,2015-10-01,420.0,11,0.229,1,85,Basic Shield,29,5,1,0,1,0,0
WRK09198,Porur,13.020835,80.165357,2018-09-01,868.0,17,0.122,4,82,Basic Shield,29,5,0,0,1,0,0
WRK09199,Sholinganallur,12.905253,80.247187,2016-05-01,439.0,19,0.262,3,78,Basic Shield,29,5,2,0,1,0,0
WRK09200,Adyar,13.015729,80.240292,2021-05-01,654.0,10,0.384,6,79,Basic Shield,29,3,1,1,0,0,1
WRK09201,Anna Nagar,13.076559,80.2154,2018-09-01,658.0,19,0.452,2,77,Basic Shield,29,8,2,0,1,0,0
WRK09202,Guindy,12.988289,80.225042,2020-01-01,520.0,18,0.12,3,82,Basic Shield,29,8,2,1,1,0,1
WRK09203,Chromepet,12.952676,80.126688,2024-07-01,540.0,19,0.172,5,79,Basic Shield,29,8,1,0,1,0,0
WRK09204,Porur,13.017011,80.142997,2015-01-01,634.0,31,0.203,4,80,Basic Shield,29,13,1,0,1,0,0
WRK09205,Adyar,13.012242,80.264325,2023-03-01,502.0,11,0.217,1,86,Basic Shield,29,10,3,1,1,1,1
WRK09206,Anna Nagar,13.09784,80.203294,2022-04-01,573.0,15,0.131,5,80,Basic Shield,29,6,5,0,1,1,0
WRK09207,Adyar,13.009277,80.246783,2023-02-01,426.0,17,0.159,4,79,Basic Shield,29,2,0,1,0,0,1
WRK09208,Anna Nagar,13.069854,80.222485,2017-07-01,575.0,18,0.215,3,80,Basic Shield,29,7,2,0,1,0,0
WRK09209,Tambaram,12.933712,80.097586,2023-07-01,636.0,19,0.177,1,83,Basic Shield,29,3,0,0,0,0,0
WRK09210,Sholinganallur,12.888127,80.239255,2015-01-01,474.0,27,0.089,2,83,Basic Shield,29,12,2,0,1,0,0
WRK09211,Porur,13.049193,80.166463,2017-09-01,595.0,22,0.332,2,79,Basic Shield,29,6,3,0,1,1,0
WRK09212,Tambaram,12.919347,80.106508,2024-04-01,548.0,18,0.758,3,69,Standard Shield,49,10,1,0,1,0,0
WRK09213,Porur,13.029528,80.139821,2020-05-01,662.0,18,0.13,4,81,Basic Shield,29,5,1,0,1,0,0
WRK09214,Velachery,12.996491,80.227519,2018-12-01,535.0,21,0.323,6,75,Basic Shield,29,5,1,0,1,0,0
WRK09215,Anna Nagar,13.104397,80.193128,2017-04-01,603.0,19,0.309,7,74,Basic Shield,29,4,1,0,0,0,0
WRK09216,Anna Nagar,13.076148,80.193923,2024-09-01,632.0,21,0.551,2,75,Basic Shield,29,5,1,0,1,0,0
WRK09217,Sholinganallur,12.919747,80.219282,2016-10-01,332.0,17,0.12,1,83,Basic Shield,29,5,2,0,1,0,0
WRK09218,Sholinganallur,12.916963,80.241584,2021-10-01,705.0,14,0.291,2,81,Basic Shield,29,7,3,0,1,1,0
WRK09219,Porur,13.025187,80.175505,2022-09-01,613.0,19,0.177,5,79,Basic Shield,29,7,0,0,1,0,0
WRK09220,Perambur,13.135232,80.225064,2017-11-01,717.0,21,0.112,6,80,Basic Shield,29,8,3,0,1,1,0
WRK09221,Sholinganallur,12.916343,80.23685,2019-04-01,478.0,14,0.308,7,75,Basic Shield,29,5,2,0,1,0,0
WRK09222,Chromepet,12.949346,80.135381,2016-03-01,429.0,24,0.304,0,81,Basic Shield,29,14,3,0,1,1,0
WRK09223,T Nagar,13.057203,80.240611,2015-05-01,649.0,18,0.307,4,78,Basic Shield,29,5,3,0,1,1,0
WRK09224,T Nagar,13.052411,80.223835,2024-04-01,703.0,21,0.212,2,82,Basic Shield,29,4,1,0,0,0,0
WRK09225,Guindy,13.003169,80.230536,2015-01-01,817.0,25,0.373,1,80,Basic Shield,29,6,2,1,1,0,1
WRK09226,Guindy,13.018891,80.227421,2020-06-01,744.0,19,0.189,4,80,Basic Shield,29,3,0,1,0,0,1
WRK09227,Perambur,13.108376,80.249799,2024-04-01,391.0,19,0.534,4,72,Basic Shield,29,7,2,0,1,0,0
WRK09228,Anna Nagar,13.103584,80.222736,2024-03-01,398.0,11,0.523,3,77,Basic Shield,29,4,1,0,0,0,0
WRK09229,Perambur,13.130748,80.216352,2015-08-01,650.0,17,0.292,1,81,Basic Shield,29,9,0,0,1,0,0
WRK09230,Guindy,13.017363,80.222368,2024-11-01,448.0,19,0.222,1,81,Basic Shield,29,6,2,1,1,0,1
WRK09231,Chromepet,12.951428,80.155978,2016-11-01,578.0,32,0.03,4,83,Basic Shield,29,5,2,0,1,0,0
WRK09232,Chromepet,12.942483,80.125795,2020-12-01,529.0,16,0.306,6,75,Basic Shield,29,12,0,0,1,0,0
WRK09233,Porur,13.039234,80.139088,2019-05-01,507.0,25,0.357,3,77,Basic Shield,29,7,2,0,1,0,0
WRK09234,Velachery,12.972639,80.201627,2018-12-01,640.0,24,0.433,5,74,Basic Shield,29,4,1,0,0,0,0
WRK09235,Anna Nagar,13.099504,80.227166,2015-03-01,409.0,25,0.115,2,82,Basic Shield,29,6,6,0,1,1,0
WRK09236,T Nagar,13.03102,80.238593,2022-04-01,454.0,16,0.54,6,70,Basic Shield,29,7,2,0,1,0,0
WRK09237,Guindy,13.001777,80.217172,2022-07-01,542.0,20,0.189,4,79,Basic Shield,29,7,2,1,1,0,1
WRK09238,Adyar,12.99554,80.245168,2019-07-01,395.0,15,0.584,2,73,Basic Shield,29,8,2,1,1,0,1
WRK09239,Chromepet,12.955688,80.132517,2022-07-01,564.0,20,0.543,2,74,Basic Shield,29,5,3,0,1,1,0
WRK09240,Adyar,13.015664,80.261141,2015-03-01,540.0,23,0.427,4,75,Basic Shield,29,4,1,1,0,0,1
WRK09241,Chromepet,12.960974,80.131633,2021-06-01,687.0,19,0.049,3,84,Basic Shield,29,8,1,0,1,0,0
WRK09242,T Nagar,13.045066,80.22336,2022-03-01,579.0,20,0.061,3,83,Basic Shield,29,7,5,0,1,1,0
WRK09243,Perambur,13.111178,80.22442,2016-08-01,681.0,12,0.297,6,79,Basic Shield,29,3,4,0,0,1,0
WRK09244,Guindy,13.020884,80.222494,2019-01-01,739.0,25,0.433,1,79,Basic Shield,29,10,1,1,1,0,1
WRK09245,Guindy,13.023044,80.20275,2016-01-01,683.0,15,0.169,4,81,Basic Shield,29,9,1,1,1,0,1
WRK09246,T Nagar,13.034191,80.243395,2023-12-01,384.0,20,0.286,5,76,Basic Shield,29,4,2,0,0,0,0
WRK09247,Adyar,13.021462,80.245585,2019-10-01,600.0,18,0.242,0,83,Basic Shield,29,7,0,1,1,0,1
WRK09248,Anna Nagar,13.09331,80.228637,2018-10-01,442.0,17,0.361,2,77,Basic Shield,29,2,3,0,0,1,0
WRK09249,Porur,13.047916,80.171433,2019-03-01,476.0,14,0.559,6,71,Basic Shield,29,7,3,0,1,1,0
WRK09250,Tambaram,12.921095,80.09128,2024-01-01,755.0,12,0.42,2,81,Basic Shield,29,11,1,0,1,0,0
WRK09251,Guindy,13.012121,80.204966,2019-12-01,619.0,24,0.119,5,80,Basic Shield,29,6,3,1,1,1,1
WRK09252,Porur,13.031661,80.146088,2017-11-01,404.0,14,0.307,2,79,Basic Shield,29,5,1,0,1,0,0
WRK09253,Chromepet,12.950895,80.125311,2021-03-01,647.0,13,0.034,3,86,Basic Shield,29,7,1,0,1,0,0
WRK09254,Adyar,12.994344,80.262425,2023-02-01,476.0,17,0.597,4,71,Basic Shield,29,9,3,1,1,1,1
WRK09255,Perambur,13.119293,80.223144,2016-01-01,756.0,17,0.164,1,84,Basic Shield,29,9,1,0,1,0,0
WRK09256,Tambaram,12.939441,80.092987,2022-01-01,650.0,17,0.343,5,76,Basic Shield,29,2,2,0,0,0,0
WRK09257,Guindy,13.021128,80.201946,2021-03-01,809.0,16,0.169,4,81,Basic Shield,29,6,0,1,1,0,1
WRK09258,Velachery,12.977255,80.205244,2021-12-01,606.0,17,0.152,2,82,Basic Shield,29,6,1,0,1,0,0
WRK09259,Sholinganallur,12.896683,80.223493,2016-10-01,630.0,27,0.152,1,84,Basic Shield,29,6,0,0,1,0,0
WRK09260,Anna Nagar,13.090322,80.196669,2020-01-01,605.0,15,0.331,1,80,Basic Shield,29,2,0,0,0,0,0
WRK09261,Anna Nagar,13.07249,80.20237,2022-04-01,487.0,16,0.189,5,78,Basic Shield,29,5,1,0,1,0,0
WRK09262,Velachery,12.98323,80.220236,2016-03-01,686.0,17,0.473,3,75,Basic Shield,29,4,1,0,0,0,0
WRK09263,Perambur,13.12495,80.249731,2016-05-01,712.0,14,0.389,1,80,Basic Shield,29,7,2,0,1,0,0
WRK09264,Anna Nagar,13.093826,80.226909,2016-11-01,616.0,17,0.447,2,77,Basic Shield,29,3,1,0,0,0,0
WRK09265,T Nagar,13.03802,80.2259,2020-10-01,589.0,17,0.211,1,82,Basic Shield,29,7,2,0,1,0,0
WRK09266,Perambur,13.104048,80.215407,2018-06-01,871.0,20,0.261,2,82,Basic Shield,29,3,1,0,0,0,0
WRK09267,Velachery,12.993,80.220098,2015-05-01,542.0,14,0.248,6,77,Basic Shield,29,8,4,0,1,1,0
WRK09268,Guindy,13.01944,80.231053,2015-08-01,679.0,8,0.097,4,89,Basic Shield,29,2,2,1,0,0,1
WRK09269,Anna Nagar,13.088246,80.191909,2015-12-01,634.0,16,0.318,7,74,Basic Shield,29,6,0,0,1,0,0
WRK09270,Chromepet,12.948568,80.155431,2016-06-01,648.0,14,0.543,6,72,Basic Shield,29,5,5,0,1,1,0
WRK09271,Perambur,13.104081,80.237568,2023-01-01,879.0,12,0.117,8,82,Basic Shield,29,2,1,0,0,0,0
WRK09272,Velachery,12.963825,80.236187,2015-01-01,536.0,23,0.079,3,83,Basic Shield,29,5,1,0,1,0,0
WRK09273,Adyar,12.993356,80.267275,2019-07-01,654.0,16,0.102,1,85,Basic Shield,29,6,3,1,1,1,1
WRK09274,Guindy,13.00905,80.213917,2022-03-01,614.0,20,0.293,2,80,Basic Shield,29,9,1,1,1,0,1
WRK09275,Guindy,13.018238,80.215363,2020-05-01,591.0,17,0.944,4,65,Standard Shield,49,3,2,1,0,0,1
WRK09276,T Nagar,13.032785,80.225342,2020-01-01,547.0,16,0.364,2,78,Basic Shield,29,7,4,0,1,1,0
WRK09277,T Nagar,13.018592,80.222061,2023-03-01,546.0,17,0.317,2,79,Basic Shield,29,4,0,0,0,0,0
WRK09278,Velachery,12.978778,80.233431,2022-08-01,494.0,19,0.445,4,74,Basic Shield,29,2,2,0,0,0,0
WRK09279,Guindy,13.018106,80.210175,2016-04-01,504.0,20,0.321,5,76,Basic Shield,29,9,4,1,1,1,1
WRK09280,T Nagar,13.018295,80.239868,2022-04-01,471.0,24,0.226,4,78,Basic Shield,29,9,1,0,1,0,0
WRK09281,Guindy,13.014793,80.228979,2016-01-01,773.0,11,0.147,3,86,Basic Shield,29,6,3,1,1,1,1
WRK09282,Tambaram,12.909942,80.117928,2020-01-01,579.0,10,0.355,0,85,Basic Shield,29,4,2,0,0,0,0
WRK09283,T Nagar,13.03433,80.216952,2024-05-01,658.0,15,0.537,3,74,Basic Shield,29,8,0,0,1,0,0
WRK09284,Guindy,12.987847,80.204536,2021-04-01,813.0,19,0.373,3,78,Basic Shield,29,6,2,1,1,0,1
WRK09285,Anna Nagar,13.093995,80.222697,2024-11-01,724.0,17,0.512,7,71,Basic Shield,29,6,1,0,1,0,0
WRK09286,Anna Nagar,13.095374,80.214062,2024-02-01,482.0,25,0.516,4,73,Basic Shield,29,7,2,0,1,0,0
WRK09287,Adyar,12.993567,80.239234,2019-04-01,358.0,15,0.014,3,83,Basic Shield,29,9,6,1,1,1,1
WRK09288,Anna Nagar,13.087224,80.20606,2020-11-01,417.0,17,0.438,4,74,Basic Shield,29,4,4,0,0,1,0
WRK09289,Porur,13.043441,80.166834,2018-01-01,619.0,14,0.308,1,81,Basic Shield,29,8,1,0,1,0,0
WRK09290,Tambaram,12.937692,80.111686,2023-03-01,602.0,17,0.322,5,76,Basic Shield,29,0,1,0,0,0,0
WRK09291,Adyar,13.023368,80.266818,2016-11-01,498.0,15,0.143,1,83,Basic Shield,29,4,2,1,0,0,1
WRK09292,Porur,13.026014,80.147018,2015-12-01,426.0,19,0.484,4,73,Basic Shield,29,7,3,0,1,1,0
WRK09293,Porur,13.025402,80.151487,2022-10-01,663.0,22,0.35,2,79,Basic Shield,29,4,3,0,0,1,0
WRK09294,Anna Nagar,13.085844,80.226583,2019-11-01,571.0,17,0.1,1,84,Basic Shield,29,7,3,0,1,1,0
WRK09295,Guindy,12.991973,80.229796,2022-07-01,901.0,15,0.017,4,85,Basic Shield,29,5,3,1,1,1,1
WRK09296,Sholinganallur,12.913016,80.23069,2019-05-01,557.0,17,0.404,4,75,Basic Shield,29,3,2,0,0,0,0
WRK09297,Anna Nagar,13.085188,80.202901,2021-09-01,569.0,17,0.615,1,74,Basic Shield,29,11,3,0,1,1,0
WRK09298,Sholinganallur,12.905915,80.224518,2016-04-01,507.0,23,0.202,5,78,Basic Shield,29,7,2,0,1,0,0
WRK09299,Porur,13.039229,80.167826,2024-04-01,457.0,13,0.312,2,81,Basic Shield,29,5,5,0,1,1,0
WRK09300,Guindy,13.005131,80.224709,2020-11-01,554.0,11,0.161,4,84,Basic Shield,29,6,1,1,1,0,1
WRK09301,T Nagar,13.021544,80.227112,2024-12-01,545.0,19,0.558,2,74,Basic Shield,29,9,1,0,1,0,0
WRK09302,Tambaram,12.927052,80.104576,2017-11-01,905.0,20,0.288,3,80,Basic Shield,29,4,3,0,0,1,0
WRK09303,Anna Nagar,13.108484,80.201269,2019-08-01,883.0,15,0.204,1,84,Basic Shield,29,9,0,0,1,0,0
WRK09304,Adyar,13.006396,80.240189,2015-02-01,562.0,19,0.094,2,83,Basic Shield,29,8,3,1,1,1,1
WRK09305,Velachery,12.967744,80.216874,2018-04-01,499.0,14,0.323,4,78,Basic Shield,29,7,1,0,1,0,0
WRK09306,Sholinganallur,12.9122,80.227563,2016-04-01,615.0,17,0.344,4,77,Basic Shield,29,9,2,0,1,0,0
WRK09307,Chromepet,12.967008,80.13974,2024-11-01,599.0,17,0.191,2,82,Basic Shield,29,5,0,0,1,0,0
WRK09308,T Nagar,13.045623,80.252947,2023-12-01,456.0,15,0.405,2,77,Basic Shield,29,4,2,0,0,0,0
WRK09309,Sholinganallur,12.883889,80.245718,2024-04-01,553.0,18,0.591,0,75,Basic Shield,29,7,2,0,1,0,0
WRK09310,Porur,13.025174,80.149957,2016-07-01,582.0,12,0.384,6,77,Basic Shield,29,5,0,0,1,0,0
WRK09311,Anna Nagar,13.08098,80.216414,2017-05-01,566.0,14,0.119,0,86,Basic Shield,29,4,4,0,0,1,0
WRK09312,Perambur,13.134803,80.233168,2018-04-01,544.0,10,0.107,2,88,Basic Shield,29,9,3,0,1,1,0
WRK09313,Sholinganallur,12.911414,80.235793,2022-01-01,550.0,12,0.257,5,80,Basic Shield,29,6,4,0,1,1,0
WRK09314,Chromepet,12.938726,80.154371,2024-07-01,553.0,22,0.394,1,78,Basic Shield,29,10,1,0,1,0,0
WRK09315,Chromepet,12.934296,80.147527,2018-09-01,404.0,26,0.246,2,80,Basic Shield,29,9,3,0,1,1,0
WRK09316,Porur,13.025017,80.16555,2020-02-01,794.0,12,0.535,3,78,Basic Shield,29,7,2,0,1,0,0
WRK09317,Anna Nagar,13.103478,80.202637,2021-10-01,429.0,21,0.13,2,82,Basic Shield,29,5,2,0,1,0,0
WRK09318,Porur,13.053688,80.144187,2020-10-01,575.0,18,0.11,3,82,Basic Shield,29,12,2,0,1,0,0
WRK09319,Velachery,12.969237,80.234769,2017-01-01,356.0,19,0.411,7,71,Basic Shield,29,11,1,0,1,0,0
WRK09320,Perambur,13.114393,80.234895,2019-05-01,306.0,20,0.228,6,75,Basic Shield,29,10,1,0,1,0,0
WRK09321,T Nagar,13.018506,80.239516,2017-05-01,450.0,21,0.09,2,83,Basic Shield,29,6,3,0,1,1,0
WRK09322,Guindy,12.988327,80.238011,2016-05-01,347.0,14,0.277,5,77,Basic Shield,29,6,2,1,1,0,1
WRK09323,Chromepet,12.948082,80.153058,2022-09-01,309.0,20,0.536,1,74,Basic Shield,29,5,1,0,1,0,0
WRK09324,Tambaram,12.908737,80.098569,2023-03-01,390.0,17,0.151,6,77,Basic Shield,29,6,0,0,1,0,0
WRK09325,T Nagar,13.037635,80.241585,2023-03-01,358.0,13,0.275,3,80,Basic Shield,29,7,1,0,1,0,0
WRK09326,Velachery,12.969722,80.225941,2019-09-01,431.0,17,0.523,3,73,Basic Shield,29,3,2,0,0,0,0
WRK09327,Perambur,13.121896,80.249218,2023-03-01,721.0,14,0.546,3,75,Basic Shield,29,3,1,0,0,0,0
WRK09328,Guindy,12.988595,80.237818,2018-11-01,770.0,21,0.107,5,81,Basic Shield,29,4,3,1,0,1,1
WRK09329,Perambur,13.131885,80.219778,2019-11-01,754.0,23,0.115,3,83,Basic Shield,29,7,0,0,1,0,0
WRK09330,Perambur,13.126902,80.220755,2019-04-01,670.0,13,0.214,6,80,Basic Shield,29,7,6,0,1,1,0
WRK09331,Tambaram,12.921879,80.087161,2023-04-01,610.0,24,0.059,4,82,Basic Shield,29,7,4,0,1,1,0
WRK09332,Porur,13.023202,80.164176,2018-11-01,438.0,17,0.109,4,81,Basic Shield,29,5,2,0,1,0,0
WRK09333,Chromepet,12.932697,80.132947,2022-09-01,621.0,22,0.459,3,75,Basic Shield,29,10,3,0,1,1,0
WRK09334,Porur,13.040069,80.154835,2018-06-01,508.0,21,0.363,6,74,Basic Shield,29,4,4,0,0,1,0
WRK09335,Anna Nagar,13.088559,80.210745,2017-06-01,605.0,16,0.566,4,72,Basic Shield,29,3,3,0,0,1,0
WRK09336,Sholinganallur,12.905982,80.222247,2017-09-01,595.0,13,0.302,5,78,Basic Shield,29,5,4,0,1,1,0
WRK09337,Porur,13.043239,80.167252,2022-06-01,495.0,14,0.636,1,74,Basic Shield,29,5,2,0,1,0,0
WRK09338,Tambaram,12.940581,80.083449,2024-03-01,434.0,16,0.039,2,84,Basic Shield,29,7,1,0,1,0,0
WRK09339,Adyar,13.015222,80.249693,2023-05-01,622.0,15,0.083,1,85,Basic Shield,29,5,1,1,1,0,1
WRK09340,Guindy,12.99671,80.204406,2022-07-01,695.0,22,0.467,5,74,Basic Shield,29,4,2,1,0,0,1
WRK09341,Chromepet,12.960289,80.159641,2020-01-01,635.0,19,0.074,3,83,Basic Shield,29,7,3,0,1,1,0
WRK09342,Perambur,13.118617,80.246141,2022-06-01,397.0,21,0.199,4,79,Basic Shield,29,4,0,0,0,0,0
WRK09343,Guindy,13.010602,80.209706,2015-07-01,681.0,19,0.092,3,83,Basic Shield,29,9,6,1,1,1,1
WRK09344,Anna Nagar,13.078521,80.224498,2021-08-01,776.0,21,0.323,3,79,Basic Shield,29,9,2,0,1,0,0
WRK09345,Tambaram,12.921716,80.085667,2016-06-01,708.0,21,0.356,2,79,Basic Shield,29,3,0,0,0,0,0
WRK09346,Adyar,12.99065,80.271186,2016-04-01,649.0,18,0.599,1,75,Basic Shield,29,5,2,1,1,0,1
WRK09347,T Nagar,13.024131,80.235153,2017-07-01,518.0,17,0.371,5,75,Basic Shield,29,6,2,0,1,0,0
WRK09348,Porur,13.056079,80.149294,2017-01-01,667.0,18,0.512,5,73,Basic Shield,29,8,3,0,1,1,0
WRK09349,T Nagar,13.053962,80.252803,2016-09-01,741.0,10,0.292,2,85,Basic Shield,29,2,1,0,0,0,0
WRK09350,Sholinganallur,12.89935,80.218989,2017-09-01,588.0,23,0.298,3,78,Basic Shield,29,6,1,0,1,0,0
WRK09351,Tambaram,12.921069,80.114964,2018-07-01,429.0,21,0.551,3,73,Basic Shield,29,8,2,0,1,0,0
WRK09352,Anna Nagar,13.101555,80.223947,2019-11-01,458.0,21,0.316,0,80,Basic Shield,29,3,1,0,0,0,0
WRK09353,Tambaram,12.909269,80.113267,2015-01-01,430.0,18,0.426,3,75,Basic Shield,29,7,0,0,1,0,0
WRK09354,Guindy,13.003811,80.217318,2019-12-01,484.0,16,0.345,5,75,Basic Shield,29,8,2,1,1,0,1
WRK09355,Perambur,13.125154,80.228322,2024-12-01,532.0,12,0.355,6,77,Basic Shield,29,0,1,0,0,0,0
WRK09356,Sholinganallur,12.890784,80.237917,2017-08-01,819.0,17,0.187,4,81,Basic Shield,29,3,3,0,0,1,0
WRK09357,Porur,13.028551,80.137847,2023-05-01,708.0,14,0.321,4,79,Basic Shield,29,8,1,0,1,0,0
WRK09358,Guindy,13.002882,80.215681,2017-05-01,300.0,20,0.404,9,69,Standard Shield,49,2,0,1,0,0,1
WRK09359,Chromepet,12.938812,80.137311,2019-10-01,541.0,11,0.205,4,83,Basic Shield,29,6,5,0,1,1,0
WRK09360,T Nagar,13.022128,80.240926,2021-01-01,491.0,17,0.194,2,81,Basic Shield,29,7,1,0,1,0,0
WRK09361,Tambaram,12.934172,80.100242,2015-05-01,425.0,18,0.404,3,76,Basic Shield,29,8,2,0,1,0,0
WRK09362,Perambur,13.127356,80.24384,2017-12-01,503.0,22,0.163,4,80,Basic Shield,29,6,0,0,1,0,0
WRK09363,Porur,13.023328,80.156153,2018-02-01,484.0,23,0.361,2,78,Basic Shield,29,6,1,0,1,0,0
WRK09364,Adyar,13.022337,80.25067,2016-01-01,382.0,19,0.295,2,79,Basic Shield,29,3,4,1,0,1,1
WRK09365,Guindy,13.002256,80.231719,2017-08-01,621.0,20,0.055,4,83,Basic Shield,29,6,1,1,1,0,1
WRK09366,Sholinganallur,12.913818,80.215717,2017-02-01,482.0,15,0.245,1,81,Basic Shield,29,11,1,0,1,0,0
WRK09367,T Nagar,13.038117,80.252209,2019-09-01,671.0,25,0.384,1,79,Basic Shield,29,5,4,0,1,1,0
WRK09368,Perambur,13.11773,80.218281,2020-08-01,529.0,11,0.441,1,81,Basic Shield,29,7,4,0,1,1,0
WRK09369,Velachery,12.976528,80.227122,2019-01-01,406.0,17,0.121,1,83,Basic Shield,29,7,0,0,1,0,0
WRK09370,Anna Nagar,13.103509,80.215638,2017-11-01,386.0,15,0.153,2,81,Basic Shield,29,5,0,0,1,0,0
WRK09371,Velachery,12.979143,80.233177,2024-06-01,638.0,22,0.151,2,83,Basic Shield,29,6,3,0,1,1,0
WRK09372,Sholinganallur,12.899428,80.213107,2024-06-01,489.0,13,0.454,3,77,Basic Shield,29,6,0,0,1,0,0
WRK09373,T Nagar,13.035332,80.222345,2024-05-01,711.0,14,0.314,4,79,Basic Shield,29,11,3,0,1,1,0
WRK09374,Sholinganallur,12.893087,80.212945,2017-07-01,480.0,28,0.24,3,79,Basic Shield,29,7,4,0,1,1,0
WRK09375,Guindy,13.024598,80.221913,2024-06-01,653.0,13,0.312,4,80,Basic Shield,29,3,1,1,0,0,1
WRK09376,Sholinganallur,12.906345,80.216598,2021-10-01,834.0,27,0.389,2,79,Basic Shield,29,3,1,0,0,0,0
WRK09377,Guindy,13.014227,80.222588,2022-09-01,542.0,18,0.359,3,77,Basic Shield,29,4,1,1,0,0,1
WRK09378,Anna Nagar,13.077844,80.218606,2019-03-01,492.0,18,0.27,4,78,Basic Shield,29,5,1,0,1,0,0
WRK09379,Porur,13.051097,80.153715,2019-09-01,454.0,23,0.233,2,80,Basic Shield,29,7,2,0,1,0,0
WRK09380,Porur,13.042499,80.170918,2022-02-01,714.0,20,0.388,4,76,Basic Shield,29,3,1,0,0,0,0
WRK09381,Anna Nagar,13.082442,80.210434,2016-04-01,561.0,26,0.499,6,71,Basic Shield,29,6,3,0,1,1,0
WRK09382,Tambaram,12.935967,80.117271,2018-09-01,367.0,23,0.147,1,82,Basic Shield,29,7,2,0,1,0,0
WRK09383,T Nagar,13.01901,80.230039,2015-06-01,609.0,12,0.295,6,79,Basic Shield,29,7,5,0,1,1,0
WRK09384,Porur,13.031823,80.138797,2015-11-01,732.0,14,0.067,2,86,Basic Shield,29,6,0,0,1,0,0
WRK09385,Chromepet,12.964516,80.145988,2020-08-01,522.0,15,0.165,4,80,Basic Shield,29,4,1,0,0,0,0
WRK09386,Tambaram,12.939184,80.087948,2023-07-01,602.0,17,0.077,3,83,Basic Shield,29,1,1,0,0,0,0
WRK09387,Perambur,13.121542,80.22752,2022-07-01,645.0,17,0.44,2,77,Basic Shield,29,7,3,0,1,1,0
WRK09388,Anna Nagar,13.078839,80.211384,2018-09-01,780.0,22,0.684,2,73,Basic Shield,29,8,0,0,1,0,0
WRK09389,Adyar,12.997323,80.237313,2019-04-01,639.0,16,0.305,5,77,Basic Shield,29,3,3,1,0,1,1
WRK09390,Porur,13.01916,80.154792,2024-01-01,738.0,17,0.156,5,80,Basic Shield,29,4,3,0,0,1,0
WRK09391,Velachery,12.989233,80.217915,2017-09-01,515.0,16,0.477,3,75,Basic Shield,29,8,1,0,1,0,0
WRK09392,Anna Nagar,13.080936,80.209024,2021-04-01,534.0,19,0.196,4,79,Basic Shield,29,5,2,0,1,0,0
WRK09393,T Nagar,13.022403,80.245563,2022-12-01,509.0,14,0.073,3,84,Basic Shield,29,8,2,0,1,0,0
WRK09394,Sholinganallur,12.899881,80.212445,2024-05-01,599.0,14,0.31,0,82,Basic Shield,29,7,1,0,1,0,0
WRK09395,Anna Nagar,13.074425,80.201808,2022-03-01,663.0,23,0.108,2,84,Basic Shield,29,5,0,0,1,0,0
WRK09396,Guindy,13.005597,80.220457,2021-05-01,631.0,13,0.173,2,84,Basic Shield,29,8,2,1,1,0,1
WRK09397,Guindy,13.021599,80.20626,2023-06-01,300.0,22,0.103,6,78,Basic Shield,29,7,2,1,1,0,1
WRK09398,Sholinganallur,12.90158,80.233148,2019-12-01,300.0,15,0.237,5,76,Basic Shield,29,4,4,0,0,1,0
WRK09399,Adyar,13.02521,80.2513,2018-08-01,340.0,16,0.105,4,80,Basic Shield,29,7,3,1,1,1,1
WRK09400,Porur,13.043681,80.173435,2024-06-01,521.0,21,0.231,3,79,Basic Shield,29,9,1,0,1,0,0
WRK09401,Chromepet,12.945393,80.123742,2020-02-01,635.0,13,0.173,2,84,Basic Shield,29,1,0,0,0,0,0
WRK09402,Chromepet,12.951517,80.147512,2022-03-01,475.0,21,0.327,3,77,Basic Shield,29,10,0,0,1,0,0
WRK09403,Porur,13.043413,80.168953,2021-09-01,496.0,16,0.062,4,82,Basic Shield,29,4,2,0,0,0,0
WRK09404,Adyar,12.998955,80.259978,2023-11-01,588.0,11,0.009,4,87,Basic Shield,29,10,5,1,1,1,1
WRK09405,Adyar,12.997705,80.258712,2021-09-01,557.0,12,0.144,3,84,Basic Shield,29,4,2,1,0,0,1
WRK09406,Adyar,13.011859,80.27238,2021-03-01,604.0,17,0.079,4,82,Basic Shield,29,3,4,1,0,1,1
WRK09407,Chromepet,12.960779,80.147777,2015-02-01,612.0,20,0.087,0,86,Basic Shield,29,6,0,0,1,0,0
WRK09408,Chromepet,12.947627,80.135894,2022-01-01,481.0,16,0.236,4,78,Basic Shield,29,9,1,0,1,0,0
WRK09409,Chromepet,12.960727,80.138617,2023-07-01,695.0,17,0.417,3,77,Basic Shield,29,6,4,0,1,1,0
WRK09410,Porur,13.040142,80.161978,2017-06-01,521.0,24,0.332,3,77,Basic Shield,29,4,2,0,0,0,0
WRK09411,Velachery,12.99445,80.228129,2018-04-01,506.0,18,0.182,3,80,Basic Shield,29,5,5,0,1,1,0
WRK09412,Adyar,12.990029,80.26251,2018-12-01,592.0,20,0.237,1,82,Basic Shield,29,5,0,1,1,0,1
WRK09413,Anna Nagar,13.073305,80.225182,2024-07-01,630.0,18,0.322,4,77,Basic Shield,29,9,3,0,1,1,0
WRK09414,Sholinganallur,12.914964,80.213399,2018-07-01,653.0,21,0.077,6,80,Basic Shield,29,4,3,0,0,1,0
WRK09415,Perambur,13.122696,80.215576,2024-10-01,556.0,14,0.148,5,80,Basic Shield,29,7,2,0,1,0,0
WRK09416,Porur,13.050466,80.1759,2015-06-01,649.0,19,0.416,5,74,Basic Shield,29,5,4,0,1,1,0
WRK09417,Adyar,12.995892,80.262508,2016-04-01,699.0,8,0.112,3,90,Basic Shield,29,5,3,1,1,1,1
WRK09418,Chromepet,12.953777,80.127031,2019-09-01,553.0,19,0.679,3,71,Basic Shield,29,4,0,0,0,0,0
WRK09419,Tambaram,12.922503,80.109035,2020-05-01,486.0,22,0.228,3,79,Basic Shield,29,4,1,0,0,0,0
WRK09420,Guindy,13.004299,80.237195,2020-11-01,733.0,19,0.092,3,83,Basic Shield,29,11,2,1,1,0,1
WRK09421,Porur,13.023694,80.155684,2016-10-01,681.0,19,0.12,3,83,Basic Shield,29,9,2,0,1,0,0
WRK09422,Adyar,13.014928,80.24655,2015-02-01,691.0,17,0.37,2,79,Basic Shield,29,7,4,1,1,1,1
WRK09423,T Nagar,13.031161,80.248427,2018-12-01,551.0,15,0.277,1,81,Basic Shield,29,8,3,0,1,1,0
WRK09424,Velachery,12.982554,80.211935,2023-03-01,697.0,20,0.247,2,81,Basic Shield,29,2,2,0,0,0,0
WRK09425,Anna Nagar,13.096361,80.227558,2019-12-01,500.0,21,0.159,5,79,Basic Shield,29,6,2,0,1,0,0
WRK09426,Guindy,13.024707,80.217187,2019-07-01,681.0,11,0.417,3,81,Basic Shield,29,3,3,1,0,1,1
WRK09427,Porur,13.036189,80.170095,2019-12-01,506.0,23,0.462,0,78,Basic Shield,29,3,1,0,0,0,0
WRK09428,Porur,13.039681,80.14245,2020-08-01,397.0,15,0.069,4,81,Basic Shield,29,5,0,0,1,0,0
WRK09429,Anna Nagar,13.088532,80.224439,2024-02-01,467.0,20,0.054,1,85,Basic Shield,29,2,4,0,0,1,0
WRK09430,Anna Nagar,13.10764,80.210091,2018-08-01,409.0,19,0.237,2,80,Basic Shield,29,1,4,0,0,1,0
WRK09431,Tambaram,12.938273,80.086571,2017-02-01,840.0,13,0.689,2,75,Basic Shield,29,5,2,0,1,0,0
WRK09432,Adyar,13.017122,80.23799,2022-06-01,673.0,23,0.18,3,81,Basic Shield,29,4,3,1,0,1,1
WRK09433,Chromepet,12.945139,80.154331,2017-09-01,641.0,17,0.399,5,75,Basic Shield,29,8,3,0,1,1,0
WRK09434,Perambur,13.122445,80.224211,2022-07-01,764.0,14,0.51,1,78,Basic Shield,29,3,3,0,0,1,0
WRK09435,Porur,13.053647,80.149743,2019-07-01,683.0,12,0.081,2,87,Basic Shield,29,10,2,0,1,0,0
WRK09436,Guindy,13.011426,80.212076,2016-12-01,560.0,17,0.564,3,73,Basic Shield,29,3,4,1,0,1,1
WRK09437,Porur,13.038683,80.162572,2015-11-01,665.0,14,0.387,5,76,Basic Shield,29,4,4,0,0,1,0
WRK09438,Guindy,12.987482,80.211473,2019-02-01,542.0,15,0.443,2,76,Basic Shield,29,2,2,1,0,0,1
WRK09439,Guindy,12.997186,80.215132,2020-12-01,511.0,17,0.454,1,77,Basic Shield,29,7,2,1,1,0,1
WRK09440,Sholinganallur,12.886228,80.209486,2019-11-01,666.0,17,0.32,2,79,Basic Shield,29,3,1,0,0,0,0
WRK09441,Chromepet,12.961872,80.125,2019-07-01,706.0,15,0.29,2,80,Basic Shield,29,3,3,0,0,1,0
WRK09442,T Nagar,13.03205,80.249435,2018-07-01,771.0,21,0.304,5,77,Basic Shield,29,6,2,0,1,0,0
WRK09443,Guindy,13.011103,80.235316,2016-10-01,638.0,16,0.241,4,79,Basic Shield,29,4,3,1,0,1,1
WRK09444,Guindy,13.013648,80.229735,2016-07-01,528.0,15,0.241,2,80,Basic Shield,29,4,2,1,0,0,1
WRK09445,Chromepet,12.963639,80.149633,2024-12-01,717.0,16,0.369,5,76,Basic Shield,29,4,1,0,0,0,0
WRK09446,Porur,13.036738,80.168761,2015-08-01,746.0,20,0.22,2,82,Basic Shield,29,6,1,0,1,0,0
WRK09447,Adyar,13.00988,80.268516,2016-07-01,812.0,27,0.178,5,80,Basic Shield,29,4,3,1,0,1,1
WRK09448,Sholinganallur,12.918165,80.241106,2021-05-01,453.0,25,0.266,2,79,Basic Shield,29,6,3,0,1,1,0
WRK09449,Porur,13.051853,80.141088,2019-02-01,611.0,15,0.248,3,80,Basic Shield,29,3,5,0,0,1,0
WRK09450,Velachery,12.989,80.223828,2022-10-01,799.0,15,0.394,4,77,Basic Shield,29,6,1,0,1,0,0
WRK09451,T Nagar,13.03036,80.21839,2022-05-01,601.0,14,0.233,4,80,Basic Shield,29,1,2,0,0,0,0
WRK09452,Guindy,13.01236,80.233157,2024-06-01,614.0,16,0.468,2,76,Basic Shield,29,8,4,1,1,1,1
WRK09453,Adyar,12.992898,80.275939,2023-11-01,513.0,19,0.305,5,76,Basic Shield,29,3,4,1,0,1,1
WRK09454,T Nagar,13.037254,80.216255,2023-04-01,614.0,19,0.152,2,83,Basic Shield,29,4,1,0,0,0,0
WRK09455,Perambur,13.115751,80.250504,2019-04-01,668.0,14,0.448,6,74,Basic Shield,29,8,1,0,1,0,0
WRK09456,Perambur,13.137551,80.221942,2017-01-01,536.0,24,0.695,3,70,Basic Shield,29,6,2,0,1,0,0
WRK09457,Tambaram,12.912409,80.087769,2018-08-01,539.0,19,0.374,5,75,Basic Shield,29,6,2,0,1,0,0
WRK09458,Perambur,13.125159,80.216459,2020-05-01,300.0,13,0.416,7,73,Basic Shield,29,9,2,0,1,0,0
WRK09459,Adyar,13.003141,80.273962,2024-09-01,590.0,20,0.46,3,75,Basic Shield,29,6,0,1,1,0,1
WRK09460,Tambaram,12.909292,80.099562,2024-07-01,667.0,21,0.316,4,78,Basic Shield,29,10,2,0,1,0,0
WRK09461,Adyar,12.99355,80.258195,2023-07-01,536.0,17,0.327,6,75,Basic Shield,29,8,0,1,1,0,1
WRK09462,Tambaram,12.921247,80.104142,2015-12-01,515.0,15,0.184,3,80,Basic Shield,29,8,1,0,1,0,0
WRK09463,Adyar,12.99293,80.258784,2022-02-01,552.0,22,0.247,3,79,Basic Shield,29,7,2,1,1,0,1
WRK09464,Sholinganallur,12.896268,80.242715,2019-08-01,505.0,18,0.17,1,83,Basic Shield,29,10,3,0,1,1,0
WRK09465,Sholinganallur,12.886448,80.223073,2018-11-01,555.0,20,0.128,2,83,Basic Shield,29,4,2,0,0,0,0
WRK09466,Tambaram,12.920851,80.094736,2020-05-01,616.0,15,0.242,6,77,Basic Shield,29,12,0,0,1,0,0
WRK09467,Guindy,13.000203,80.213049,2017-02-01,775.0,20,0.126,0,86,Basic Shield,29,2,1,1,0,0,1
WRK09468,Porur,13.04545,80.166929,2018-02-01,637.0,26,0.264,6,76,Basic Shield,29,2,3,0,0,1,0
WRK09469,Guindy,12.995217,80.209916,2015-03-01,435.0,18,0.387,3,76,Basic Shield,29,6,7,1,1,1,1
WRK09470,T Nagar,13.032931,80.236808,2015-09-01,576.0,15,0.032,1,86,Basic Shield,29,6,0,0,1,0,0
WRK09471,Anna Nagar,13.102331,80.195459,2022-01-01,423.0,18,0.121,1,83,Basic Shield,29,5,1,0,1,0,0
WRK09472,Sholinganallur,12.901463,80.245932,2019-11-01,300.0,23,0.554,4,71,Basic Shield,29,4,0,0,0,0,0
WRK09473,Perambur,13.116376,80.228298,2022-05-01,674.0,11,0.231,5,82,Basic Shield,29,6,0,0,1,0,0
WRK09474,Adyar,13.000467,80.261229,2019-04-01,601.0,14,0.272,6,77,Basic Shield,29,7,5,1,1,1,1
WRK09475,Sholinganallur,12.884359,80.24264,2016-04-01,685.0,18,0.121,1,85,Basic Shield,29,4,0,0,0,0,0
WRK09476,Anna Nagar,13.098534,80.223828,2015-04-01,642.0,22,0.322,5,76,Basic Shield,29,10,4,0,1,1,0
WRK09477,Perambur,13.107516,80.235216,2019-06-01,571.0,21,0.212,2,81,Basic Shield,29,7,1,0,1,0,0
WRK09478,Perambur,13.117548,80.235291,2019-02-01,764.0,22,0.215,2,82,Basic Shield,29,5,5,0,1,1,0
WRK09479,Chromepet,12.968419,80.145114,2020-11-01,613.0,26,0.683,4,70,Basic Shield,29,6,1,0,1,0,0
WRK09480,Adyar,13.014402,80.267497,2019-01-01,474.0,22,0.085,3,82,Basic Shield,29,4,1,1,0,0,1
WRK09481,Tambaram,12.907268,80.094295,2020-02-01,606.0,14,0.068,6,81,Basic Shield,29,7,2,0,1,0,0
WRK09482,Adyar,13.01461,80.254479,2023-02-01,558.0,30,0.266,3,79,Basic Shield,29,6,1,1,1,0,1
WRK09483,Sholinganallur,12.895416,80.212255,2024-12-01,631.0,21,0.214,1,82,Basic Shield,29,7,2,0,1,0,0
WRK09484,Porur,13.031424,80.139173,2020-12-01,723.0,21,0.036,3,84,Basic Shield,29,8,0,0,1,0,0
WRK09485,Guindy,13.022585,80.220434,2017-07-01,583.0,22,0.232,1,82,Basic Shield,29,7,0,1,1,0,1
WRK09486,Porur,13.034197,80.166187,2018-08-01,627.0,32,0.208,2,81,Basic Shield,29,2,2,0,0,0,0
WRK09487,T Nagar,13.050158,80.239791,2018-04-01,508.0,17,0.044,2,84,Basic Shield,29,3,5,0,0,1,0
WRK09488,Chromepet,12.938792,80.159511,2019-01-01,501.0,16,0.655,3,71,Basic Shield,29,6,6,0,1,1,0
WRK09489,Guindy,13.015718,80.211056,2019-09-01,542.0,19,0.187,2,81,Basic Shield,29,7,2,1,1,0,1
WRK09490,Guindy,13.006024,80.238904,2017-06-01,544.0,13,0.364,3,79,Basic Shield,29,7,3,1,1,1,1
WRK09491,Perambur,13.119654,80.235804,2018-08-01,523.0,32,0.258,3,79,Basic Shield,29,8,2,0,1,0,0
WRK09492,Velachery,12.979486,80.227473,2020-01-01,473.0,11,0.12,3,85,Basic Shield,29,2,0,0,0,0,0
WRK09493,Porur,13.041181,80.165359,2017-04-01,312.0,16,0.306,3,77,Basic Shield,29,5,1,0,1,0,0
WRK09494,Chromepet,12.939263,80.131604,2015-10-01,541.0,24,0.198,0,83,Basic Shield,29,8,0,0,1,0,0
WRK09495,Chromepet,12.970572,80.161966,2021-01-01,547.0,9,0.467,4,80,Basic Shield,29,6,4,0,1,1,0
WRK09496,Velachery,12.995358,80.219122,2023-04-01,606.0,17,0.092,8,78,Basic Shield,29,9,2,0,1,0,0
WRK09497,Adyar,13.023866,80.267026,2018-07-01,635.0,23,0.096,3,83,Basic Shield,29,6,1,1,1,0,1
WRK09498,Chromepet,12.956426,80.153964,2024-05-01,300.0,17,0.147,2,81,Basic Shield,29,7,2,0,1,0,0
WRK09499,Tambaram,12.928375,80.119702,2022-10-01,619.0,15,0.147,2,83,Basic Shield,29,5,1,0,1,0,0
WRK09500,Chromepet,12.944831,80.136153,2017-09-01,714.0,26,0.037,1,86,Basic Shield,29,7,0,0,1,0,0
WRK09501,Guindy,13.004075,80.225119,2015-03-01,560.0,17,0.256,6,76,Basic Shield,29,5,2,1,1,0,1
WRK09502,Velachery,12.976689,80.226692,2020-10-01,503.0,20,0.108,3,82,Basic Shield,29,7,5,0,1,1,0
WRK09503,Guindy,13.025175,80.221417,2015-08-01,551.0,14,0.249,1,82,Basic Shield,29,8,3,1,1,1,1
WRK09504,Chromepet,12.95471,80.147044,2022-02-01,814.0,25,0.262,3,80,Basic Shield,29,4,1,0,0,0,0
WRK09505,Tambaram,12.923736,80.090057,2015-05-01,691.0,16,0.08,1,85,Basic Shield,29,6,4,0,1,1,0
WRK09506,Velachery,12.964613,80.201435,2021-05-01,662.0,19,0.066,4,82,Basic Shield,29,7,1,0,1,0,0
WRK09507,Sholinganallur,12.915577,80.240918,2015-05-01,668.0,21,0.146,3,82,Basic Shield,29,10,2,0,1,0,0
WRK09508,Tambaram,12.910175,80.082463,2021-08-01,517.0,13,0.384,4,77,Basic Shield,29,10,5,0,1,1,0
WRK09509,Chromepet,12.952049,80.130648,2018-12-01,599.0,13,0.338,5,78,Basic Shield,29,4,2,0,0,0,0
WRK09510,Porur,13.055084,80.162288,2023-04-01,669.0,15,0.375,5,75,Basic Shield,29,7,1,0,1,0,0
WRK09511,Sholinganallur,12.893911,80.246697,2018-01-01,696.0,15,0.395,4,76,Basic Shield,29,1,3,0,0,1,0
WRK09512,Porur,13.043314,80.154354,2023-01-01,685.0,22,0.061,3,84,Basic Shield,29,9,1,0,1,0,0
WRK09513,Velachery,12.979114,80.226433,2016-07-01,613.0,14,0.091,3,84,Basic Shield,29,3,0,0,0,0,0
WRK09514,Porur,13.034608,80.152245,2019-12-01,645.0,19,0.391,5,75,Basic Shield,29,5,2,0,1,0,0
WRK09515,Adyar,13.013265,80.270328,2018-03-01,658.0,16,0.148,2,83,Basic Shield,29,8,2,1,1,0,1
WRK09516,T Nagar,13.020954,80.238409,2019-05-01,486.0,17,0.185,6,77,Basic Shield,29,8,2,0,1,0,0
WRK09517,Adyar,13.003355,80.24855,2019-12-01,449.0,17,0.386,3,76,Basic Shield,29,3,3,1,0,1,1
WRK09518,Sholinganallur,12.910115,80.232243,2017-09-01,601.0,19,0.171,4,80,Basic Shield,29,6,4,0,1,1,0
WRK09519,Perambur,13.100801,80.232239,2017-10-01,458.0,20,0.357,1,79,Basic Shield,29,5,0,0,1,0,0
WRK09520,Guindy,13.011209,80.218941,2015-09-01,686.0,28,0.54,9,68,Standard Shield,49,2,2,1,0,0,1
WRK09521,Sholinganallur,12.909905,80.23249,2020-04-01,583.0,22,0.355,3,77,Basic Shield,29,3,0,0,0,0,0
WRK09522,Guindy,13.02523,80.240166,2022-08-01,608.0,13,0.429,4,77,Basic Shield,29,3,3,1,0,1,1
WRK09523,Guindy,12.99665,80.204747,2015-12-01,607.0,17,0.601,1,75,Basic Shield,29,4,2,1,0,0,1
WRK09524,Tambaram,12.918762,80.082877,2016-04-01,415.0,23,0.048,9,77,Basic Shield,29,8,1,0,1,0,0
WRK09525,Chromepet,12.941375,80.14404,2015-06-01,619.0,20,0.245,3,80,Basic Shield,29,5,1,0,1,0,0
WRK09526,Guindy,12.9943,80.22926,2024-06-01,732.0,15,0.121,2,84,Basic Shield,29,13,3,1,1,1,1
WRK09527,Anna Nagar,13.091416,80.19529,2016-10-01,408.0,28,0.181,4,79,Basic Shield,29,8,2,0,1,0,0
WRK09528,Sholinganallur,12.882108,80.244074,2022-05-01,780.0,23,0.029,3,85,Basic Shield,29,6,3,0,1,1,0
WRK09529,T Nagar,13.019293,80.226927,2017-07-01,566.0,26,0.18,4,80,Basic Shield,29,10,2,0,1,0,0
WRK09530,Guindy,13.009807,80.227393,2021-04-01,524.0,23,0.466,3,75,Basic Shield,29,7,4,1,1,1,1
WRK09531,Chromepet,12.937722,80.128753,2015-09-01,549.0,15,0.291,1,80,Basic Shield,29,2,1,0,0,0,0
WRK09532,Tambaram,12.915505,80.10634,2018-12-01,772.0,23,0.371,2,79,Basic Shield,29,10,2,0,1,0,0
WRK09533,T Nagar,13.040538,80.223967,2015-01-01,391.0,18,0.336,1,79,Basic Shield,29,3,3,0,0,1,0
WRK09534,Perambur,13.103471,80.246332,2021-09-01,621.0,22,0.347,2,79,Basic Shield,29,4,1,0,0,0,0
WRK09535,Perambur,13.102117,80.222157,2018-10-01,892.0,18,0.148,7,79,Basic Shield,29,6,2,0,1,0,0
WRK09536,Sholinganallur,12.891698,80.210727,2016-02-01,700.0,18,0.461,1,78,Basic Shield,29,8,3,0,1,1,0
WRK09537,Velachery,12.990061,80.234319,2024-01-01,712.0,16,0.485,0,78,Basic Shield,29,2,2,0,0,0,0
WRK09538,Velachery,12.988188,80.200803,2021-08-01,648.0,8,0.131,5,87,Basic Shield,29,4,2,0,0,0,0
WRK09539,Perambur,13.103717,80.216078,2021-07-01,446.0,21,0.076,3,82,Basic Shield,29,5,0,0,1,0,0
WRK09540,Adyar,12.996872,80.273502,2017-10-01,410.0,12,0.207,2,83,Basic Shield,29,1,2,1,0,0,1
WRK09541,T Nagar,13.020281,80.238328,2021-12-01,482.0,18,0.375,1,78,Basic Shield,29,9,0,0,1,0,0
WRK09542,Velachery,12.97756,80.218549,2023-09-01,642.0,17,0.433,2,77,Basic Shield,29,7,0,0,1,0,0
WRK09543,Tambaram,12.914874,80.103559,2015-01-01,661.0,19,0.107,4,82,Basic Shield,29,10,1,0,1,0,0
WRK09544,Velachery,12.985987,80.217242,2024-08-01,534.0,22,0.449,4,74,Basic Shield,29,8,1,0,1,0,0
WRK09545,Anna Nagar,13.074044,80.209259,2023-09-01,598.0,28,0.132,3,82,Basic Shield,29,6,2,0,1,0,0
WRK09546,Adyar,13.013012,80.240011,2022-02-01,640.0,20,0.259,2,81,Basic Shield,29,5,1,1,1,0,1
WRK09547,Porur,13.050647,80.170173,2017-03-01,572.0,20,0.369,4,76,Basic Shield,29,5,2,0,1,0,0
WRK09548,Porur,13.03662,80.14879,2020-02-01,401.0,20,0.266,1,80,Basic Shield,29,8,4,0,1,1,0
WRK09549,Sholinganallur,12.912226,80.244405,2015-12-01,544.0,19,0.046,2,84,Basic Shield,29,3,1,0,0,0,0
WRK09550,T Nagar,13.028348,80.253079,2020-12-01,630.0,18,0.211,2,81,Basic Shield,29,8,0,0,1,0,0
WRK09551,Tambaram,12.940961,80.090401,2017-09-01,704.0,19,0.782,3,69,Standard Shield,49,4,0,0,0,0,0
WRK09552,Guindy,13.009977,80.206663,2016-02-01,331.0,21,0.564,2,73,Basic Shield,29,8,4,1,1,1,1
WRK09553,Chromepet,12.955118,80.134197,2022-04-01,573.0,17,0.255,3,79,Basic Shield,29,6,2,0,1,0,0
WRK09554,Adyar,13.000391,80.250659,2023-10-01,774.0,17,0.414,1,79,Basic Shield,29,6,1,1,1,0,1
WRK09555,Velachery,12.972645,80.202197,2015-10-01,590.0,12,0.337,2,82,Basic Shield,29,5,3,0,1,1,0
WRK09556,Sholinganallur,12.899448,80.218669,2021-07-01,388.0,11,0.248,3,82,Basic Shield,29,5,1,0,1,0,0
WRK09557,Chromepet,12.960383,80.134123,2015-03-01,600.0,24,0.122,3,82,Basic Shield,29,5,4,0,1,1,0
WRK09558,T Nagar,13.035526,80.246781,2022-05-01,443.0,16,0.113,8,76,Basic Shield,29,5,2,0,1,0,0
WRK09559,Sholinganallur,12.904409,80.237434,2017-03-01,338.0,19,0.604,3,71,Basic Shield,29,5,2,0,1,0,0
WRK09560,Adyar,13.007365,80.262009,2016-11-01,587.0,15,0.257,2,80,Basic Shield,29,2,6,1,0,1,1
WRK09561,Guindy,13.023866,80.206303,2023-07-01,418.0,16,0.252,2,80,Basic Shield,29,3,4,1,0,1,1
WRK09562,Sholinganallur,12.88808,80.211399,2023-07-01,543.0,18,0.462,1,77,Basic Shield,29,6,0,0,1,0,0
WRK09563,Tambaram,12.940711,80.084917,2023-09-01,527.0,24,0.133,2,82,Basic Shield,29,8,2,0,1,0,0
WRK09564,Velachery,12.965028,80.200368,2015-07-01,608.0,22,0.327,8,73,Basic Shield,29,6,2,0,1,0,0
WRK09565,Guindy,13.023563,80.23925,2016-11-01,498.0,14,0.377,2,78,Basic Shield,29,9,2,1,1,0,1
WRK09566,Velachery,12.972312,80.202152,2022-12-01,678.0,17,0.19,3,81,Basic Shield,29,5,3,0,1,1,0
WRK09567,Guindy,12.989463,80.203286,2023-12-01,714.0,16,0.213,1,83,Basic Shield,29,8,3,1,1,1,1
WRK09568,Velachery,12.96331,80.208802,2016-01-01,601.0,16,0.049,2,85,Basic Shield,29,4,0,0,0,0,0
WRK09569,Guindy,13.013553,80.203494,2023-02-01,776.0,14,0.148,5,81,Basic Shield,29,3,1,1,0,0,1
WRK09570,T Nagar,13.038807,80.242768,2022-02-01,647.0,19,0.144,6,79,Basic Shield,29,11,1,0,1,0,0
WRK09571,Adyar,12.99355,80.244337,2015-08-01,713.0,16,0.571,3,74,Basic Shield,29,5,1,1,1,0,1
WRK09572,Chromepet,12.95449,80.130634,2019-03-01,714.0,22,0.179,3,81,Basic Shield,29,6,1,0,1,0,0
WRK09573,Guindy,13.017835,80.215216,2017-04-01,447.0,16,0.364,4,75,Basic Shield,29,7,3,1,1,1,1
WRK09574,Chromepet,12.957962,80.159149,2023-06-01,714.0,26,0.236,3,80,Basic Shield,29,8,1,0,1,0,0
WRK09575,Perambur,13.100973,80.226803,2023-07-01,466.0,13,0.198,0,85,Basic Shield,29,2,3,0,0,1,0
WRK09576,Anna Nagar,13.071634,80.19751,2017-09-01,761.0,15,0.264,4,79,Basic Shield,29,3,1,0,0,0,0
WRK09577,Porur,13.018887,80.175853,2024-12-01,439.0,16,0.165,3,80,Basic Shield,29,4,1,0,0,0,0
WRK09578,Perambur,13.103291,80.224133,2023-03-01,605.0,9,0.33,2,85,Basic Shield,29,9,1,0,1,0,0
WRK09579,Velachery,12.966881,80.217048,2017-11-01,441.0,16,0.398,4,75,Basic Shield,29,7,3,0,1,1,0
WRK09580,Porur,13.045216,80.168939,2018-12-01,714.0,21,0.353,5,76,Basic Shield,29,6,1,0,1,0,0
WRK09581,T Nagar,13.055671,80.243351,2020-10-01,611.0,21,0.128,5,80,Basic Shield,29,5,0,0,1,0,0
WRK09582,Anna Nagar,13.078546,80.194462,2018-09-01,586.0,21,0.316,3,78,Basic Shield,29,6,1,0,1,0,0
WRK09583,T Nagar,13.055149,80.226479,2022-03-01,752.0,30,0.205,3,81,Basic Shield,29,9,5,0,1,1,0
WRK09584,Anna Nagar,13.090216,80.222744,2017-06-01,545.0,21,0.071,3,83,Basic Shield,29,7,4,0,1,1,0
WRK09585,Adyar,12.990409,80.260189,2022-02-01,592.0,24,0.168,4,80,Basic Shield,29,3,1,1,0,0,1
WRK09586,Anna Nagar,13.086194,80.216215,2019-08-01,444.0,17,0.521,4,72,Basic Shield,29,6,2,0,1,0,0
WRK09587,Tambaram,12.924697,80.082532,2023-11-01,424.0,10,0.48,1,81,Basic Shield,29,9,2,0,1,0,0
WRK09588,Adyar,12.99267,80.248056,2020-07-01,550.0,9,0.208,0,89,Basic Shield,29,7,1,1,1,0,1
WRK09589,Anna Nagar,13.071228,80.229046,2020-11-01,460.0,20,0.243,3,79,Basic Shield,29,5,2,0,1,0,0
WRK09590,Sholinganallur,12.919419,80.211825,2016-03-01,572.0,18,0.763,2,70,Basic Shield,29,9,0,0,1,0,0
WRK09591,Perambur,13.125571,80.236138,2019-12-01,386.0,19,0.336,2,78,Basic Shield,29,8,2,0,1,0,0
WRK09592,Sholinganallur,12.887966,80.245627,2023-05-01,424.0,19,0.365,4,75,Basic Shield,29,1,2,0,0,0,0
WRK09593,Perambur,13.134517,80.249101,2018-07-01,526.0,12,0.132,4,83,Basic Shield,29,3,4,0,0,1,0
WRK09594,Chromepet,12.961879,80.152173,2024-07-01,533.0,17,0.154,2,82,Basic Shield,29,2,4,0,0,1,0
WRK09595,Perambur,13.121896,80.248397,2020-10-01,548.0,18,0.295,3,78,Basic Shield,29,8,0,0,1,0,0
WRK09596,Velachery,12.971299,80.233208,2021-04-01,634.0,14,0.638,3,73,Basic Shield,29,5,1,0,1,0,0
WRK09597,Porur,13.055004,80.149956,2021-12-01,797.0,20,0.463,5,74,Basic Shield,29,5,5,0,1,1,0
WRK09598,Sholinganallur,12.909127,80.240717,2015-08-01,318.0,15,0.605,4,70,Basic Shield,29,8,4,0,1,1,0
WRK09599,Perambur,13.122386,80.253908,2015-12-01,480.0,22,0.236,3,79,Basic Shield,29,6,5,0,1,1,0
WRK09600,Porur,13.035387,80.17031,2020-05-01,568.0,19,0.221,2,81,Basic Shield,29,5,1,0,1,0,0
WRK09601,Anna Nagar,13.071396,80.198274,2015-02-01,692.0,18,0.481,0,78,Basic Shield,29,3,2,0,0,0,0
WRK09602,Chromepet,12.933907,80.155111,2022-10-01,693.0,16,0.08,2,84,Basic Shield,29,6,3,0,1,1,0
WRK09603,Anna Nagar,13.106534,80.223074,2017-03-01,574.0,23,0.446,5,73,Basic Shield,29,7,4,0,1,1,0
WRK09604,Anna Nagar,13.106265,80.220918,2021-06-01,667.0,22,0.49,4,74,Basic Shield,29,7,2,0,1,0,0
WRK09605,Tambaram,12.920299,80.092301,2023-04-01,809.0,15,0.429,3,77,Basic Shield,29,3,2,0,0,0,0
WRK09606,Perambur,13.112377,80.239203,2019-06-01,652.0,14,0.269,3,80,Basic Shield,29,8,3,0,1,1,0
WRK09607,Porur,13.026763,80.144867,2015-12-01,762.0,21,0.355,3,78,Basic Shield,29,11,2,0,1,0,0
WRK09608,Perambur,13.111196,80.226308,2022-04-01,609.0,15,0.169,4,80,Basic Shield,29,6,0,0,1,0,0
WRK09609,Guindy,13.025991,80.226926,2021-07-01,497.0,15,0.285,4,77,Basic Shield,29,4,4,1,0,1,1
WRK09610,Sholinganallur,12.909998,80.225234,2020-09-01,632.0,14,0.154,3,83,Basic Shield,29,4,2,0,0,0,0
WRK09611,Velachery,12.966635,80.201782,2021-04-01,458.0,19,0.288,3,78,Basic Shield,29,5,2,0,1,0,0
WRK09612,Sholinganallur,12.897124,80.209895,2023-01-01,666.0,20,0.278,1,81,Basic Shield,29,6,3,0,1,1,0
WRK09613,T Nagar,13.044512,80.228754,2016-09-01,601.0,15,0.415,5,74,Basic Shield,29,8,4,0,1,1,0
WRK09614,Velachery,12.991244,80.21474,2015-10-01,314.0,17,0.242,4,77,Basic Shield,29,7,1,0,1,0,0
WRK09615,Porur,13.046906,80.14862,2018-01-01,635.0,17,0.115,3,82,Basic Shield,29,3,2,0,0,0,0
WRK09616,Guindy,13.009931,80.227703,2024-04-01,529.0,15,0.183,3,80,Basic Shield,29,4,2,1,0,0,1
WRK09617,Perambur,13.123352,80.227719,2018-09-01,654.0,12,0.307,5,80,Basic Shield,29,5,3,0,1,1,0
WRK09618,Chromepet,12.935845,80.134953,2016-06-01,553.0,16,0.397,0,79,Basic Shield,29,7,1,0,1,0,0
WRK09619,Anna Nagar,13.070297,80.201955,2015-10-01,646.0,12,0.289,3,82,Basic Shield,29,5,3,0,1,1,0
WRK09620,Tambaram,12.909095,80.105268,2017-10-01,662.0,16,0.5,3,75,Basic Shield,29,11,1,0,1,0,0
WRK09621,Anna Nagar,13.073541,80.224624,2015-07-01,325.0,26,0.642,3,70,Basic Shield,29,8,0,0,1,0,0
WRK09622,Guindy,13.026624,80.203554,2017-12-01,648.0,21,0.555,1,76,Basic Shield,29,6,0,1,1,0,1
WRK09623,Adyar,13.014278,80.262726,2021-04-01,580.0,13,0.259,3,81,Basic Shield,29,5,2,1,1,0,1
WRK09624,Chromepet,12.93967,80.145638,2016-06-01,697.0,19,0.442,8,71,Basic Shield,29,5,1,0,1,0,0
WRK09625,Perambur,13.10096,80.218696,2020-01-01,799.0,12,0.276,3,83,Basic Shield,29,7,0,0,1,0,0
WRK09626,Guindy,13.002534,80.232146,2018-10-01,630.0,23,0.376,5,75,Basic Shield,29,9,1,1,1,0,1
WRK09627,Sholinganallur,12.908932,80.244427,2016-03-01,564.0,18,0.413,2,77,Basic Shield,29,11,1,0,1,0,0
WRK09628,Tambaram,12.944468,80.095919,2022-06-01,506.0,19,0.197,1,82,Basic Shield,29,8,5,0,1,1,0
WRK09629,Perambur,13.12206,80.25348,2018-05-01,736.0,27,0.237,3,80,Basic Shield,29,6,2,0,1,0,0
WRK09630,Velachery,12.967425,80.236439,2018-07-01,732.0,11,0.37,4,81,Basic Shield,29,4,2,0,0,0,0
WRK09631,T Nagar,13.025561,80.229312,2023-11-01,611.0,18,0.253,6,76,Basic Shield,29,8,0,0,1,0,0
WRK09632,Guindy,13.000005,80.210145,2015-01-01,708.0,22,0.065,3,84,Basic Shield,29,8,6,1,1,1,1
WRK09633,Sholinganallur,12.897735,80.240428,2019-03-01,537.0,23,0.201,3,80,Basic Shield,29,6,1,0,1,0,0
WRK09634,Adyar,13.021527,80.250241,2024-02-01,584.0,18,0.528,4,73,Basic Shield,29,7,0,1,1,0,1
WRK09635,T Nagar,13.034915,80.222199,2017-07-01,568.0,25,0.178,4,80,Basic Shield,29,6,0,0,1,0,0
WRK09636,Velachery,12.967484,80.232386,2019-08-01,584.0,21,0.281,2,80,Basic Shield,29,8,0,0,1,0,0
WRK09637,Sholinganallur,12.905813,80.231046,2021-08-01,588.0,17,0.249,3,79,Basic Shield,29,10,2,0,1,0,0
WRK09638,Velachery,12.961719,80.219707,2023-11-01,403.0,16,0.199,5,78,Basic Shield,29,8,4,0,1,1,0
WRK09639,Anna Nagar,13.077964,80.209161,2017-11-01,545.0,28,0.378,2,78,Basic Shield,29,9,0,0,1,0,0
WRK09640,Chromepet,12.95479,80.141758,2020-03-01,623.0,19,0.149,2,83,Basic Shield,29,11,1,0,1,0,0
WRK09641,Anna Nagar,13.106674,80.22093,2019-09-01,637.0,21,0.202,3,81,Basic Shield,29,10,2,0,1,0,0
WRK09642,Anna Nagar,13.101691,80.214153,2019-09-01,732.0,16,0.252,2,81,Basic Shield,29,6,3,0,1,1,0
WRK09643,Tambaram,12.912066,80.086122,2020-12-01,533.0,18,0.236,1,81,Basic Shield,29,9,3,0,1,1,0
WRK09644,Velachery,12.982001,80.234123,2022-12-01,474.0,19,0.079,2,83,Basic Shield,29,5,2,0,1,0,0
WRK09645,Sholinganallur,12.900732,80.237567,2017-06-01,587.0,21,0.092,1,85,Basic Shield,29,10,4,0,1,1,0
WRK09646,Guindy,13.025497,80.228856,2024-07-01,701.0,17,0.319,4,78,Basic Shield,29,6,5,1,1,1,1
WRK09647,Guindy,12.988058,80.228431,2018-08-01,557.0,18,0.518,4,73,Basic Shield,29,4,2,1,0,0,1
WRK09648,T Nagar,13.057514,80.246885,2018-08-01,565.0,15,0.094,6,79,Basic Shield,29,4,1,0,0,0,0
WRK09649,Anna Nagar,13.093588,80.205309,2015-11-01,440.0,15,0.199,3,80,Basic Shield,29,6,7,0,1,1,0
WRK09650,Perambur,13.116166,80.223116,2017-11-01,675.0,13,0.355,3,80,Basic Shield,29,14,4,0,1,1,0
WRK09651,Guindy,13.010476,80.238578,2015-11-01,430.0,19,0.051,1,85,Basic Shield,29,5,1,1,1,0,1
WRK09652,Porur,13.038405,80.176968,2021-12-01,753.0,19,0.182,2,83,Basic Shield,29,11,3,0,1,1,0
WRK09653,Velachery,12.970402,80.22096,2018-03-01,603.0,15,0.259,1,81,Basic Shield,29,8,4,0,1,1,0
WRK09654,Tambaram,12.906212,80.119668,2016-03-01,680.0,24,0.062,2,85,Basic Shield,29,10,1,0,1,0,0
WRK09655,T Nagar,13.038762,80.218904,2018-06-01,519.0,15,0.21,3,80,Basic Shield,29,10,1,0,1,0,0
WRK09656,Sholinganallur,12.884679,80.222162,2024-06-01,623.0,20,0.289,1,81,Basic Shield,29,3,2,0,0,0,0
WRK09657,Porur,13.018134,80.171983,2022-07-01,676.0,15,0.06,3,84,Basic Shield,29,6,4,0,1,1,0
WRK09658,Tambaram,12.924525,80.085455,2020-05-01,872.0,17,0.082,3,84,Basic Shield,29,4,1,0,0,0,0
WRK09659,Guindy,13.0255,80.221539,2021-12-01,673.0,22,0.37,3,77,Basic Shield,29,6,1,1,1,0,1
WRK09660,Porur,13.026739,80.171619,2017-11-01,497.0,17,0.284,2,79,Basic Shield,29,3,2,0,0,0,0
WRK09661,Velachery,12.968933,80.209016,2022-11-01,596.0,14,0.368,1,80,Basic Shield,29,2,5,0,0,1,0
WRK09662,Perambur,13.132445,80.239543,2015-05-01,741.0,18,0.309,6,76,Basic Shield,29,7,1,0,1,0,0
WRK09663,Chromepet,12.957197,80.132054,2019-03-01,626.0,11,0.163,2,86,Basic Shield,29,5,1,0,1,0,0
WRK09664,Chromepet,12.962051,80.142444,2024-09-01,613.0,18,0.695,2,72,Basic Shield,29,6,0,0,1,0,0
WRK09665,Chromepet,12.965795,80.123502,2016-10-01,619.0,16,0.147,2,83,Basic Shield,29,2,1,0,0,0,0
WRK09666,Adyar,13.022462,80.255922,2020-04-01,530.0,16,0.122,6,79,Basic Shield,29,8,3,1,1,1,1
WRK09667,Perambur,13.098823,80.235311,2018-06-01,541.0,10,0.367,3,82,Basic Shield,29,7,2,0,1,0,0
WRK09668,Perambur,13.133962,80.232645,2021-07-01,499.0,20,0.451,3,75,Basic Shield,29,7,2,0,1,0,0
WRK09669,Adyar,13.002368,80.244407,2020-04-01,609.0,22,0.08,3,83,Basic Shield,29,11,2,1,1,0,1
WRK09670,Sholinganallur,12.883274,80.24525,2015-09-01,755.0,20,0.246,5,78,Basic Shield,29,10,4,0,1,1,0
WRK09671,Perambur,13.121835,80.251418,2016-09-01,556.0,14,0.133,1,85,Basic Shield,29,3,1,0,0,0,0
WRK09672,Tambaram,12.907592,80.084301,2017-10-01,397.0,19,0.176,4,79,Basic Shield,29,4,2,0,0,0,0
WRK09673,Velachery,12.989875,80.206213,2017-03-01,744.0,10,0.193,3,86,Basic Shield,29,6,3,0,1,1,0
WRK09674,Adyar,13.011006,80.253963,2016-01-01,543.0,13,0.643,4,72,Basic Shield,29,8,1,1,1,0,1
WRK09675,Adyar,12.9999,80.259732,2022-12-01,449.0,19,0.219,2,80,Basic Shield,29,6,3,1,1,1,1
WRK09676,Chromepet,12.939542,80.160987,2023-08-01,637.0,16,0.345,2,79,Basic Shield,29,6,1,0,1,0,0
WRK09677,Tambaram,12.941527,80.095067,2015-06-01,700.0,14,0.465,3,77,Basic Shield,29,7,0,0,1,0,0
WRK09678,Anna Nagar,13.078875,80.229833,2016-05-01,563.0,16,0.088,2,84,Basic Shield,29,7,3,0,1,1,0
WRK09679,Adyar,12.989903,80.264545,2018-12-01,542.0,19,0.161,2,82,Basic Shield,29,6,4,1,1,1,1
WRK09680,Porur,13.030902,80.153968,2020-10-01,418.0,21,0.298,2,79,Basic Shield,29,6,1,0,1,0,0
WRK09681,Adyar,13.016505,80.268669,2022-09-01,898.0,18,0.497,1,78,Basic Shield,29,6,4,1,1,1,1
WRK09682,Sholinganallur,12.901947,80.219497,2021-12-01,926.0,19,0.034,2,86,Basic Shield,29,6,1,0,1,0,0
WRK09683,T Nagar,13.021251,80.233327,2021-10-01,651.0,15,0.158,4,81,Basic Shield,29,5,1,0,1,0,0
WRK09684,Perambur,13.099274,80.224898,2023-10-01,467.0,17,0.2,2,81,Basic Shield,29,9,3,0,1,1,0
WRK09685,Anna Nagar,13.089295,80.198248,2021-10-01,648.0,14,0.552,4,74,Basic Shield,29,5,3,0,1,1,0
WRK09686,Anna Nagar,13.077441,80.214913,2023-09-01,382.0,12,0.155,2,84,Basic Shield,29,5,1,0,1,0,0
WRK09687,Chromepet,12.936187,80.147789,2024-04-01,598.0,14,0.204,2,82,Basic Shield,29,10,1,0,1,0,0
WRK09688,Adyar,12.990937,80.238088,2015-07-01,765.0,14,0.316,3,80,Basic Shield,29,4,3,1,0,1,1
WRK09689,T Nagar,13.029637,80.235805,2024-02-01,526.0,19,0.112,3,82,Basic Shield,29,11,2,0,1,0,0
WRK09690,T Nagar,13.026263,80.247093,2015-04-01,594.0,17,0.74,2,71,Basic Shield,29,5,2,0,1,0,0
WRK09691,T Nagar,13.041269,80.250467,2019-12-01,513.0,14,0.258,1,82,Basic Shield,29,4,2,0,0,0,0
WRK09692,Chromepet,12.944636,80.154471,2024-02-01,653.0,19,0.167,4,80,Basic Shield,29,3,1,0,0,0,0
WRK09693,Perambur,13.102737,80.240722,2021-10-01,680.0,16,0.549,1,76,Basic Shield,29,5,1,0,1,0,0
WRK09694,Guindy,13.010636,80.211754,2016-02-01,300.0,13,0.436,4,75,Basic Shield,29,8,5,1,1,1,1
WRK09695,T Nagar,13.041557,80.231062,2016-07-01,529.0,21,0.318,2,79,Basic Shield,29,4,1,0,0,0,0
WRK09696,Tambaram,12.943104,80.118873,2024-03-01,514.0,19,0.287,3,78,Basic Shield,29,2,0,0,0,0,0
WRK09697,Sholinganallur,12.882382,80.222135,2019-06-01,608.0,19,0.169,3,81,Basic Shield,29,6,4,0,1,1,0
WRK09698,T Nagar,13.049357,80.242394,2021-07-01,502.0,18,0.295,5,76,Basic Shield,29,4,0,0,0,0,0
WRK09699,Adyar,13.013337,80.250656,2019-07-01,672.0,23,0.114,4,82,Basic Shield,29,3,4,1,0,1,1
WRK09700,T Nagar,13.031654,80.246525,2024-08-01,598.0,21,0.228,2,81,Basic Shield,29,7,2,0,1,0,0
WRK09701,Sholinganallur,12.898064,80.227714,2019-03-01,838.0,26,0.407,1,80,Basic Shield,29,6,5,0,1,1,0
WRK09702,Adyar,13.018878,80.245614,2020-11-01,575.0,14,0.264,5,78,Basic Shield,29,4,2,1,0,0,1
WRK09703,Tambaram,12.936925,80.110879,2022-04-01,620.0,20,0.641,1,74,Basic Shield,29,5,0,0,1,0,0
WRK09704,Anna Nagar,13.079854,80.221507,2016-05-01,645.0,20,0.337,4,77,Basic Shield,29,2,2,0,0,0,0
WRK09705,Sholinganallur,12.908558,80.236167,2022-12-01,793.0,12,0.346,6,79,Basic Shield,29,6,0,0,1,0,0
WRK09706,Tambaram,12.907685,80.115359,2017-02-01,616.0,18,0.233,6,77,Basic Shield,29,4,2,0,0,0,0
WRK09707,Velachery,12.970955,80.211355,2020-01-01,539.0,26,0.089,4,81,Basic Shield,29,4,2,0,0,0,0
WRK09708,Sholinganallur,12.885428,80.212571,2024-01-01,633.0,20,0.137,5,80,Basic Shield,29,8,4,0,1,1,0
WRK09709,Porur,13.020502,80.139622,2015-01-01,609.0,13,0.098,3,85,Basic Shield,29,3,1,0,0,0,0
WRK09710,Guindy,13.02097,80.208462,2021-04-01,682.0,16,0.376,4,76,Basic Shield,29,4,1,1,0,0,1
WRK09711,Guindy,12.987102,80.22094,2021-05-01,597.0,11,0.153,4,84,Basic Shield,29,4,3,1,0,1,1
WRK09712,Velachery,12.995262,80.213948,2016-04-01,589.0,22,0.432,4,75,Basic Shield,29,5,0,0,1,0,0
WRK09713,Velachery,12.978654,80.204772,2019-08-01,598.0,20,0.093,2,84,Basic Shield,29,1,1,0,0,0,0
WRK09714,T Nagar,13.051436,80.253186,2020-05-01,594.0,14,0.214,3,81,Basic Shield,29,6,2,0,1,0,0
WRK09715,Velachery,12.972042,80.22398,2018-09-01,399.0,18,0.373,3,76,Basic Shield,29,5,2,0,1,0,0
WRK09716,Guindy,12.999511,80.231619,2021-12-01,648.0,11,0.221,1,86,Basic Shield,29,6,5,1,1,1,1
WRK09717,Perambur,13.11424,80.218142,2018-09-01,514.0,15,0.26,1,81,Basic Shield,29,7,7,0,1,1,0
WRK09718,T Nagar,13.051216,80.243397,2024-12-01,657.0,19,0.2,1,83,Basic Shield,29,4,1,0,0,0,0
WRK09719,Sholinganallur,12.90997,80.221474,2020-05-01,690.0,11,0.197,4,84,Basic Shield,29,4,1,0,0,0,0
WRK09720,Perambur,13.111163,80.219905,2016-10-01,675.0,19,0.239,3,80,Basic Shield,29,2,1,0,0,0,0
WRK09721,Guindy,13.020216,80.23334,2024-12-01,779.0,20,0.212,1,83,Basic Shield,29,6,4,1,1,1,1
WRK09722,Sholinganallur,12.911137,80.235982,2015-04-01,401.0,20,0.352,2,77,Basic Shield,29,8,4,0,1,1,0
WRK09723,Perambur,13.098183,80.248123,2015-04-01,462.0,17,0.243,4,78,Basic Shield,29,2,1,0,0,0,0
WRK09724,Velachery,12.983456,80.232142,2022-06-01,599.0,17,0.063,3,83,Basic Shield,29,7,1,0,1,0,0
WRK09725,Perambur,13.127739,80.243864,2023-03-01,435.0,13,0.129,3,83,Basic Shield,29,5,1,0,1,0,0
WRK09726,Porur,13.055314,80.146179,2019-05-01,699.0,25,0.43,1,78,Basic Shield,29,7,3,0,1,1,0
WRK09727,Tambaram,12.943591,80.097909,2019-08-01,531.0,22,0.133,0,84,Basic Shield,29,7,2,0,1,0,0
WRK09728,Chromepet,12.94611,80.133044,2022-07-01,457.0,21,0.19,1,82,Basic Shield,29,2,3,0,0,1,0
WRK09729,Tambaram,12.918625,80.083743,2016-06-01,620.0,13,0.219,0,85,Basic Shield,29,2,2,0,0,0,0
WRK09730,Anna Nagar,13.073088,80.228817,2016-04-01,554.0,17,0.495,2,75,Basic Shield,29,7,5,0,1,1,0
WRK09731,Perambur,13.10797,80.233434,2015-03-01,400.0,21,0.034,5,81,Basic Shield,29,6,4,0,1,1,0
WRK09732,Adyar,13.016162,80.248575,2018-07-01,572.0,21,0.496,2,75,Basic Shield,29,5,3,1,1,1,1
WRK09733,Perambur,13.1107,80.225385,2016-05-01,415.0,10,0.198,6,82,Basic Shield,29,5,0,0,1,0,0
WRK09734,Chromepet,12.933605,80.143861,2020-11-01,512.0,23,0.243,2,80,Basic Shield,29,6,2,0,1,0,0
WRK09735,Velachery,12.98484,80.214841,2022-11-01,654.0,22,0.59,3,73,Basic Shield,29,5,3,0,1,1,0
WRK09736,Chromepet,12.953459,80.160486,2020-10-01,794.0,15,0.156,3,82,Basic Shield,29,3,2,0,0,0,0
WRK09737,Adyar,12.988499,80.268305,2017-02-01,522.0,16,0.131,4,80,Basic Shield,29,6,2,1,1,0,1
WRK09738,Adyar,13.024562,80.271869,2020-06-01,599.0,15,0.345,2,79,Basic Shield,29,7,4,1,1,1,1
WRK09739,Chromepet,12.961802,80.148453,2018-01-01,584.0,16,0.501,6,71,Basic Shield,29,6,0,0,1,0,0
WRK09740,Velachery,12.965466,80.208016,2018-07-01,534.0,21,0.414,3,76,Basic Shield,29,5,2,0,1,0,0
WRK09741,Sholinganallur,12.900278,80.243114,2019-01-01,664.0,13,0.16,2,85,Basic Shield,29,2,4,0,0,1,0
WRK09742,Sholinganallur,12.903093,80.240618,2017-05-01,492.0,11,0.287,4,81,Basic Shield,29,7,0,0,1,0,0
WRK09743,Guindy,13.019026,80.229922,2021-08-01,792.0,27,0.336,1,81,Basic Shield,29,9,1,1,1,0,1
WRK09744,Perambur,13.098715,80.246883,2021-04-01,495.0,20,0.397,3,76,Basic Shield,29,7,1,0,1,0,0
WRK09745,Perambur,13.115678,80.238649,2020-06-01,432.0,18,0.054,3,83,Basic Shield,29,7,5,0,1,1,0
WRK09746,Anna Nagar,13.089513,80.212238,2018-09-01,496.0,13,0.182,4,81,Basic Shield,29,6,0,0,1,0,0
WRK09747,Chromepet,12.957898,80.124026,2019-01-01,624.0,15,0.249,4,79,Basic Shield,29,3,3,0,0,1,0
WRK09748,Anna Nagar,13.09519,80.222443,2016-03-01,573.0,21,0.428,3,76,Basic Shield,29,6,2,0,1,0,0
WRK09749,Sholinganallur,12.899862,80.237761,2016-12-01,338.0,10,0.286,2,83,Basic Shield,29,8,1,0,1,0,0
WRK09750,Anna Nagar,13.071688,80.226699,2021-02-01,380.0,21,0.631,2,72,Basic Shield,29,7,3,0,1,1,0
WRK09751,Guindy,13.012493,80.211938,2020-04-01,654.0,17,0.508,2,76,Basic Shield,29,5,2,1,1,0,1
WRK09752,Adyar,13.003625,80.26863,2024-01-01,616.0,16,0.552,1,76,Basic Shield,29,10,0,1,1,0,1
WRK09753,Porur,13.017858,80.176878,2021-12-01,514.0,24,0.11,2,83,Basic Shield,29,11,0,0,1,0,0
WRK09754,T Nagar,13.042717,80.21457,2022-06-01,535.0,13,0.061,3,85,Basic Shield,29,7,1,0,1,0,0
WRK09755,Chromepet,12.932019,80.127693,2018-08-01,541.0,15,0.163,1,83,Basic Shield,29,6,3,0,1,1,0
WRK09756,Perambur,13.114877,80.246271,2023-01-01,911.0,16,0.129,7,79,Basic Shield,29,5,1,0,1,0,0
WRK09757,Chromepet,12.958377,80.124984,2021-08-01,780.0,14,0.463,4,76,Basic Shield,29,5,1,0,1,0,0
WRK09758,Adyar,13.01958,80.257192,2017-04-01,431.0,21,0.18,3,80,Basic Shield,29,2,2,1,0,0,1
WRK09759,Porur,13.031839,80.165338,2022-11-01,534.0,18,0.396,0,79,Basic Shield,29,6,2,0,1,0,0
WRK09760,Sholinganallur,12.909805,80.210339,2022-03-01,671.0,21,0.25,5,78,Basic Shield,29,7,3,0,1,1,0
WRK09761,Adyar,13.000972,80.242576,2016-08-01,487.0,14,0.472,2,76,Basic Shield,29,9,0,1,1,0,1
WRK09762,Adyar,13.000243,80.274289,2023-02-01,469.0,14,0.247,5,78,Basic Shield,29,5,2,1,1,0,1
WRK09763,Anna Nagar,13.095961,80.224558,2022-06-01,653.0,21,0.139,2,83,Basic Shield,29,9,2,0,1,0,0
WRK09764,Adyar,12.99044,80.272841,2017-05-01,789.0,21,0.485,2,77,Basic Shield,29,7,0,1,1,0,1
WRK09765,Guindy,13.022644,80.209769,2017-06-01,682.0,13,0.201,0,86,Basic Shield,29,4,3,1,0,1,1
WRK09766,Sholinganallur,12.913414,80.211548,2020-09-01,568.0,17,0.352,0,80,Basic Shield,29,8,0,0,1,0,0
WRK09767,Velachery,12.989622,80.201315,2017-04-01,541.0,16,0.295,2,79,Basic Shield,29,9,1,0,1,0,0
WRK09768,Adyar,13.023924,80.267074,2018-12-01,624.0,23,0.315,3,78,Basic Shield,29,11,2,1,1,0,1
WRK09769,Chromepet,12.96861,80.152048,2022-07-01,631.0,18,0.389,7,73,Basic Shield,29,6,1,0,1,0,0
WRK09770,Guindy,12.994292,80.225104,2019-05-01,611.0,19,0.039,2,85,Basic Shield,29,5,1,1,1,0,1
WRK09771,Anna Nagar,13.078056,80.227064,2016-12-01,549.0,19,0.186,5,79,Basic Shield,29,7,0,0,1,0,0
WRK09772,Sholinganallur,12.888813,80.238338,2023-07-01,438.0,13,0.063,2,85,Basic Shield,29,5,2,0,1,0,0
WRK09773,Guindy,12.994177,80.235868,2017-09-01,676.0,13,0.223,4,81,Basic Shield,29,2,4,1,0,1,1
WRK09774,Perambur,13.099725,80.235817,2015-12-01,601.0,21,0.443,4,75,Basic Shield,29,3,2,0,0,0,0
WRK09775,T Nagar,13.029051,80.233099,2021-12-01,605.0,17,0.088,3,83,Basic Shield,29,4,2,0,0,0,0
WRK09776,Velachery,12.987622,80.224057,2022-08-01,552.0,17,0.637,3,72,Basic Shield,29,6,3,0,1,1,0
WRK09777,Anna Nagar,13.084596,80.221703,2017-10-01,463.0,16,0.337,1,79,Basic Shield,29,5,1,0,1,0,0
WRK09778,Sholinganallur,12.883032,80.210951,2020-03-01,430.0,20,0.473,6,71,Basic Shield,29,6,1,0,1,0,0
WRK09779,T Nagar,13.019131,80.237739,2018-11-01,589.0,22,0.452,2,76,Basic Shield,29,6,0,0,1,0,0
WRK09780,T Nagar,13.053041,80.235098,2016-04-01,609.0,23,0.295,2,80,Basic Shield,29,7,3,0,1,1,0
WRK09781,Anna Nagar,13.079519,80.224361,2015-04-01,774.0,21,0.334,3,79,Basic Shield,29,4,2,0,0,0,0
WRK09782,Porur,13.052004,80.162481,2017-02-01,407.0,15,0.735,0,72,Basic Shield,29,6,0,0,1,0,0
WRK09783,Anna Nagar,13.094625,80.212453,2016-05-01,632.0,25,0.125,1,84,Basic Shield,29,7,1,0,1,0,0
WRK09784,Adyar,13.009039,80.271876,2024-12-01,568.0,17,0.226,1,82,Basic Shield,29,6,1,1,1,0,1
WRK09785,T Nagar,13.054433,80.224683,2018-12-01,515.0,20,0.276,1,81,Basic Shield,29,6,3,0,1,1,0
WRK09786,Porur,13.038235,80.147745,2020-12-01,736.0,19,0.19,5,79,Basic Shield,29,9,3,0,1,1,0
WRK09787,Chromepet,12.941771,80.160073,2018-05-01,581.0,12,0.638,1,77,Basic Shield,29,6,2,0,1,0,0
WRK09788,Sholinganallur,12.891903,80.217255,2017-09-01,611.0,17,0.092,5,81,Basic Shield,29,10,2,0,1,0,0
WRK09789,Guindy,13.022441,80.235544,2019-03-01,570.0,18,0.195,4,79,Basic Shield,29,4,0,1,0,0,1
WRK09790,Chromepet,12.965696,80.15536,2023-02-01,669.0,19,0.115,5,81,Basic Shield,29,6,2,0,1,0,0
WRK09791,Perambur,13.136086,80.247693,2024-04-01,535.0,20,0.373,2,78,Basic Shield,29,5,2,0,1,0,0
WRK09792,T Nagar,13.045377,80.220373,2015-12-01,634.0,16,0.59,3,73,Basic Shield,29,6,1,0,1,0,0
WRK09793,Perambur,13.135112,80.218746,2022-08-01,721.0,16,0.471,1,78,Basic Shield,29,3,1,0,0,0,0
WRK09794,Adyar,12.995562,80.259308,2022-11-01,488.0,18,0.644,1,73,Basic Shield,29,5,2,1,1,0,1
WRK09795,T Nagar,13.02754,80.229743,2016-06-01,717.0,20,0.053,2,85,Basic Shield,29,8,0,0,1,0,0
WRK09796,Sholinganallur,12.892907,80.231547,2023-06-01,677.0,12,0.193,5,82,Basic Shield,29,9,2,0,1,0,0
WRK09797,Adyar,12.997259,80.273596,2018-01-01,719.0,24,0.284,5,77,Basic Shield,29,4,0,1,0,0,1
WRK09798,Chromepet,12.93433,80.1627,2015-12-01,866.0,14,0.243,4,81,Basic Shield,29,9,1,0,1,0,0
WRK09799,Anna Nagar,13.106824,80.215261,2020-06-01,497.0,15,0.236,2,80,Basic Shield,29,7,2,0,1,0,0
WRK09800,Porur,13.018499,80.166741,2017-07-01,537.0,24,0.363,5,75,Basic Shield,29,7,6,0,1,1,0
WRK09801,Velachery,12.963057,80.231208,2023-04-01,653.0,16,0.484,7,71,Basic Shield,29,6,3,0,1,1,0
WRK09802,Velachery,12.989477,80.23796,2021-01-01,555.0,7,0.059,3,91,Basic Shield,29,5,5,0,1,1,0
WRK09803,Velachery,12.972868,80.232402,2024-04-01,534.0,26,0.509,3,74,Basic Shield,29,6,1,0,1,0,0
WRK09804,Porur,13.051237,80.159656,2021-05-01,581.0,22,0.363,0,80,Basic Shield,29,9,4,0,1,1,0
WRK09805,Chromepet,12.93602,80.161795,2015-10-01,676.0,19,0.378,2,78,Basic Shield,29,4,2,0,0,0,0
WRK09806,Perambur,13.113649,80.227872,2021-08-01,917.0,22,0.482,2,77,Basic Shield,29,8,2,0,1,0,0
WRK09807,T Nagar,13.028502,80.242299,2015-01-01,531.0,8,0.314,0,88,Basic Shield,29,6,0,0,1,0,0
WRK09808,Tambaram,12.936259,80.103325,2015-09-01,633.0,20,0.27,2,80,Basic Shield,29,7,3,0,1,1,0
WRK09809,Perambur,13.127596,80.221414,2020-04-01,463.0,23,0.353,0,80,Basic Shield,29,4,4,0,0,1,0
WRK09810,Guindy,13.021261,80.236382,2022-11-01,573.0,26,0.381,0,80,Basic Shield,29,3,3,1,0,1,1
WRK09811,Guindy,13.023767,80.238095,2021-04-01,315.0,16,0.142,2,81,Basic Shield,29,8,0,1,1,0,1
WRK09812,Porur,13.018148,80.160941,2015-11-01,466.0,15,0.213,2,81,Basic Shield,29,7,2,0,1,0,0
WRK09813,Sholinganallur,12.894185,80.222104,2023-03-01,479.0,18,0.271,2,79,Basic Shield,29,6,2,0,1,0,0
WRK09814,Adyar,13.020883,80.263614,2022-11-01,577.0,15,0.314,4,77,Basic Shield,29,6,1,1,1,0,1
WRK09815,Sholinganallur,12.920953,80.246202,2017-03-01,477.0,10,0.274,3,83,Basic Shield,29,7,6,0,1,1,0
WRK09816,Adyar,13.019986,80.262683,2019-05-01,746.0,12,0.221,6,81,Basic Shield,29,6,4,1,1,1,1
WRK09817,Anna Nagar,13.106345,80.203691,2023-11-01,671.0,12,0.566,7,73,Basic Shield,29,4,0,0,0,0,0
WRK09818,Anna Nagar,13.099231,80.192906,2018-04-01,620.0,20,0.356,0,80,Basic Shield,29,7,2,0,1,0,0
WRK09819,Guindy,12.989572,80.219285,2019-05-01,439.0,19,0.452,1,77,Basic Shield,29,8,3,1,1,1,1
WRK09820,Tambaram,12.910771,80.116877,2018-10-01,670.0,20,0.405,1,79,Basic Shield,29,13,1,0,1,0,0
WRK09821,Perambur,13.134786,80.23034,2024-07-01,771.0,22,0.08,4,83,Basic Shield,29,2,1,0,0,0,0
WRK09822,Porur,13.05342,80.155296,2018-05-01,565.0,14,0.601,1,75,Basic Shield,29,3,1,0,0,0,0
WRK09823,Adyar,13.00942,80.256281,2023-08-01,797.0,13,0.652,2,75,Basic Shield,29,5,6,1,1,1,1
WRK09824,Perambur,13.124326,80.253428,2024-11-01,620.0,19,0.052,3,84,Basic Shield,29,7,3,0,1,1,0
WRK09825,Adyar,13.018726,80.244359,2020-09-01,519.0,17,0.361,2,78,Basic Shield,29,5,3,1,1,1,1
WRK09826,T Nagar,13.023867,80.224917,2016-01-01,508.0,28,0.016,5,82,Basic Shield,29,2,1,0,0,0,0
WRK09827,Perambur,13.102169,80.226939,2024-10-01,498.0,23,0.393,2,77,Basic Shield,29,6,2,0,1,0,0
WRK09828,T Nagar,13.041104,80.231708,2024-07-01,666.0,18,0.203,1,83,Basic Shield,29,4,1,0,0,0,0
WRK09829,Velachery,13.000089,80.236012,2022-11-01,492.0,24,0.184,7,76,Basic Shield,29,7,1,0,1,0,0
WRK09830,Chromepet,12.946011,80.150861,2024-05-01,815.0,13,0.536,3,77,Basic Shield,29,9,1,0,1,0,0
WRK09831,Anna Nagar,13.093499,80.192112,2023-02-01,589.0,19,0.26,3,79,Basic Shield,29,9,2,0,1,0,0
WRK09832,T Nagar,13.040451,80.250615,2015-06-01,538.0,20,0.463,5,73,Basic Shield,29,8,0,0,1,0,0
WRK09833,Adyar,13.002479,80.260196,2017-04-01,751.0,21,0.45,1,78,Basic Shield,29,2,1,1,0,0,1
WRK09834,Adyar,13.00198,80.269697,2018-05-01,565.0,20,0.339,4,77,Basic Shield,29,2,1,1,0,0,1
WRK09835,T Nagar,13.044788,80.231355,2024-03-01,489.0,13,0.268,4,80,Basic Shield,29,4,2,0,0,0,0
WRK09836,Anna Nagar,13.10599,80.193449,2018-04-01,539.0,15,0.094,2,83,Basic Shield,29,8,3,0,1,1,0
WRK09837,Guindy,13.01306,80.238761,2023-12-01,615.0,22,0.243,2,81,Basic Shield,29,7,2,1,1,0,1
WRK09838,Adyar,12.992795,80.275004,2024-10-01,390.0,19,0.253,0,81,Basic Shield,29,7,2,1,1,0,1
WRK09839,Porur,13.051586,80.15197,2015-01-01,538.0,11,0.414,4,79,Basic Shield,29,8,0,0,1,0,0
WRK09840,Tambaram,12.915956,80.103995,2017-07-01,640.0,15,0.121,1,84,Basic Shield,29,8,0,0,1,0,0
WRK09841,Chromepet,12.963667,80.146201,2017-06-01,574.0,19,0.101,0,85,Basic Shield,29,5,2,0,1,0,0
WRK09842,Anna Nagar,13.069174,80.202803,2016-08-01,613.0,19,0.285,2,80,Basic Shield,29,5,1,0,1,0,0
WRK09843,T Nagar,13.029175,80.248638,2024-07-01,586.0,12,0.355,5,78,Basic Shield,29,3,1,0,0,0,0
WRK09844,Guindy,13.024297,80.202717,2019-11-01,558.0,15,0.144,2,82,Basic Shield,29,5,2,1,1,0,1
WRK09845,T Nagar,13.027445,80.228698,2024-09-01,524.0,20,0.334,3,77,Basic Shield,29,8,4,0,1,1,0
WRK09846,Sholinganallur,12.902912,80.24118,2024-01-01,460.0,23,0.346,4,76,Basic Shield,29,6,0,0,1,0,0
WRK09847,Tambaram,12.921012,80.102106,2021-10-01,632.0,18,0.227,1,82,Basic Shield,29,8,1,0,1,0,0
WRK09848,Guindy,13.024857,80.20698,2016-09-01,773.0,15,0.104,2,84,Basic Shield,29,8,1,1,1,0,1
WRK09849,Tambaram,12.908488,80.099455,2024-11-01,685.0,16,0.311,3,79,Basic Shield,29,8,4,0,1,1,0
WRK09850,Chromepet,12.937318,80.142456,2016-11-01,522.0,15,0.438,2,76,Basic Shield,29,5,2,0,1,0,0
WRK09851,T Nagar,13.044122,80.234873,2024-10-01,551.0,18,0.224,6,77,Basic Shield,29,5,3,0,1,1,0
WRK09852,Anna Nagar,13.102341,80.220945,2018-10-01,526.0,20,0.297,6,75,Basic Shield,29,7,2,0,1,0,0
WRK09853,Anna Nagar,13.077268,80.225801,2024-02-01,640.0,12,0.284,2,83,Basic Shield,29,6,2,0,1,0,0
WRK09854,Adyar,13.017302,80.236992,2024-03-01,790.0,13,0.11,1,87,Basic Shield,29,2,2,1,0,0,1
WRK09855,Anna Nagar,13.078304,80.203231,2015-02-01,509.0,14,0.069,2,85,Basic Shield,29,10,2,0,1,0,0
WRK09856,Sholinganallur,12.918298,80.234523,2019-05-01,516.0,16,0.029,4,83,Basic Shield,29,2,1,0,0,0,0
WRK09857,Guindy,13.004037,80.223345,2021-11-01,596.0,22,0.446,2,77,Basic Shield,29,6,1,1,1,0,1
WRK09858,Chromepet,12.937405,80.153935,2023-12-01,726.0,19,0.067,2,85,Basic Shield,29,6,3,0,1,1,0
WRK09859,Sholinganallur,12.882054,80.236544,2018-01-01,703.0,27,0.47,2,77,Basic Shield,29,7,2,0,1,0,0
WRK09860,Perambur,13.109076,80.246162,2022-01-01,705.0,17,0.285,2,80,Basic Shield,29,8,0,0,1,0,0
WRK09861,Sholinganallur,12.90039,80.209346,2016-06-01,813.0,19,0.063,6,81,Basic Shield,29,9,1,0,1,0,0
WRK09862,T Nagar,13.04685,80.227687,2021-07-01,740.0,18,0.425,3,77,Basic Shield,29,6,1,0,1,0,0
WRK09863,Anna Nagar,13.107671,80.219722,2019-07-01,544.0,20,0.238,2,80,Basic Shield,29,4,0,0,0,0,0
WRK09864,Perambur,13.124674,80.238444,2015-05-01,676.0,14,0.31,2,81,Basic Shield,29,5,3,0,1,1,0
WRK09865,Sholinganallur,12.888532,80.235385,2017-09-01,771.0,20,0.143,2,83,Basic Shield,29,6,0,0,1,0,0
WRK09866,Porur,13.044755,80.143354,2021-11-01,398.0,19,0.091,5,80,Basic Shield,29,2,2,0,0,0,0
WRK09867,Velachery,12.969902,80.22843,2020-07-01,407.0,17,0.196,3,80,Basic Shield,29,5,3,0,1,1,0
WRK09868,Guindy,13.018291,80.209496,2021-06-01,482.0,19,0.378,2,77,Basic Shield,29,7,0,1,1,0,1
WRK09869,Tambaram,12.911168,80.104021,2017-05-01,395.0,13,0.218,4,80,Basic Shield,29,11,3,0,1,1,0
WRK09870,Chromepet,12.965365,80.125395,2022-09-01,534.0,19,0.102,2,83,Basic Shield,29,5,1,0,1,0,0
WRK09871,Porur,13.023174,80.160369,2015-12-01,738.0,11,0.605,2,78,Basic Shield,29,7,0,0,1,0,0
WRK09872,T Nagar,13.053239,80.253644,2024-03-01,637.0,17,0.302,6,76,Basic Shield,29,5,0,0,1,0,0
WRK09873,Porur,13.047588,80.166044,2022-03-01,737.0,21,0.057,2,85,Basic Shield,29,10,0,0,1,0,0
WRK09874,Tambaram,12.932158,80.100751,2024-04-01,525.0,25,0.198,2,81,Basic Shield,29,1,1,0,0,0,0
WRK09875,Adyar,13.019365,80.25241,2024-09-01,560.0,17,0.403,5,74,Basic Shield,29,11,2,1,1,0,1
WRK09876,Chromepet,12.942808,80.141541,2022-09-01,563.0,14,0.176,3,82,Basic Shield,29,3,3,0,0,1,0
WRK09877,Chromepet,12.936408,80.126789,2021-11-01,583.0,13,0.512,6,73,Basic Shield,29,8,0,0,1,0,0
WRK09878,Perambur,13.119672,80.218594,2024-06-01,654.0,13,0.106,2,86,Basic Shield,29,3,2,0,0,0,0
WRK09879,Tambaram,12.935937,80.090922,2024-01-01,644.0,30,0.381,1,79,Basic Shield,29,3,3,0,0,1,0
WRK09880,Adyar,13.024825,80.245963,2015-04-01,711.0,19,0.147,1,84,Basic Shield,29,4,2,1,0,0,1
WRK09881,Velachery,12.988787,80.234968,2016-07-01,475.0,19,0.211,3,80,Basic Shield,29,7,3,0,1,1,0
WRK09882,Anna Nagar,13.091765,80.218918,2017-09-01,643.0,15,0.416,3,76,Basic Shield,29,5,2,0,1,0,0
WRK09883,Porur,13.037777,80.141747,2021-09-01,849.0,23,0.398,5,76,Basic Shield,29,4,1,0,0,0,0
WRK09884,Adyar,13.00958,80.26408,2020-04-01,737.0,15,0.328,4,78,Basic Shield,29,3,3,1,0,1,1
WRK09885,Tambaram,12.944813,80.105854,2023-12-01,371.0,17,0.284,5,76,Basic Shield,29,3,2,0,0,0,0
WRK09886,Sholinganallur,12.916039,80.223572,2020-03-01,700.0,19,0.356,2,79,Basic Shield,29,12,6,0,1,1,0
WRK09887,Porur,13.028078,80.154137,2024-12-01,565.0,19,0.268,5,77,Basic Shield,29,7,1,0,1,0,0
WRK09888,Anna Nagar,13.106086,80.193344,2020-05-01,551.0,16,0.248,6,76,Basic Shield,29,7,5,0,1,1,0
WRK09889,T Nagar,13.054313,80.240418,2015-10-01,521.0,16,0.063,2,84,Basic Shield,29,1,3,0,0,1,0
WRK09890,Velachery,12.977048,80.202443,2015-01-01,686.0,11,0.469,1,82,Basic Shield,29,4,1,0,0,0,0
WRK09891,Porur,13.039994,80.147729,2024-06-01,608.0,17,0.424,2,77,Basic Shield,29,3,1,0,0,0,0
WRK09892,Adyar,12.997447,80.26331,2016-04-01,542.0,19,0.408,1,78,Basic Shield,29,7,5,1,1,1,1
WRK09893,Porur,13.027017,80.137592,2020-02-01,409.0,15,0.303,2,78,Basic Shield,29,7,2,0,1,0,0
WRK09894,Velachery,12.973586,80.228809,2015-12-01,809.0,25,0.234,0,84,Basic Shield,29,9,5,0,1,1,0
WRK09895,Adyar,12.999041,80.265197,2018-10-01,644.0,11,0.462,3,79,Basic Shield,29,7,0,1,1,0,1
WRK09896,Sholinganallur,12.918051,80.212738,2020-01-01,577.0,16,0.503,2,75,Basic Shield,29,7,2,0,1,0,0
WRK09897,T Nagar,13.051399,80.225636,2024-12-01,664.0,19,0.518,3,74,Basic Shield,29,6,2,0,1,0,0
WRK09898,Tambaram,12.91475,80.116637,2019-10-01,523.0,14,0.334,2,79,Basic Shield,29,9,0,0,1,0,0
WRK09899,Chromepet,12.955205,80.147472,2020-06-01,641.0,15,0.209,3,81,Basic Shield,29,4,2,0,0,0,0
WRK09900,Sholinganallur,12.920266,80.216472,2023-08-01,736.0,22,0.306,3,79,Basic Shield,29,7,1,0,1,0,0
WRK09901,Adyar,13.020015,80.261328,2018-02-01,513.0,14,0.733,4,69,Standard Shield,49,8,2,1,1,0,1
WRK09902,Tambaram,12.912427,80.101653,2023-09-01,583.0,13,0.605,2,75,Basic Shield,29,6,4,0,1,1,0
WRK09903,Chromepet,12.955947,80.131565,2015-05-01,515.0,15,0.391,3,76,Basic Shield,29,5,6,0,1,1,0
WRK09904,Porur,13.043283,80.161082,2024-10-01,656.0,25,0.34,4,77,Basic Shield,29,6,2,0,1,0,0
WRK09905,Velachery,12.981084,80.200556,2023-06-01,376.0,23,0.369,4,75,Basic Shield,29,7,2,0,1,0,0
WRK09906,Velachery,12.962434,80.232517,2018-10-01,773.0,24,0.117,6,80,Basic Shield,29,8,1,0,1,0,0
WRK09907,Velachery,12.997436,80.217125,2021-01-01,495.0,13,0.625,2,74,Basic Shield,29,5,0,0,1,0,0
WRK09908,Anna Nagar,13.069424,80.217239,2015-09-01,585.0,19,0.16,1,83,Basic Shield,29,5,0,0,1,0,0
WRK09909,Tambaram,12.924756,80.097472,2016-07-01,772.0,19,0.12,2,84,Basic Shield,29,16,1,0,1,0,0
WRK09910,Tambaram,12.940761,80.083236,2016-12-01,824.0,17,0.234,2,82,Basic Shield,29,8,3,0,1,1,0
WRK09911,Tambaram,12.929878,80.097952,2024-07-01,574.0,15,0.748,4,68,Standard Shield,49,4,5,0,0,1,0
WRK09912,Tambaram,12.905864,80.093655,2024-07-01,591.0,20,0.466,3,75,Basic Shield,29,6,2,0,1,0,0
WRK09913,Tambaram,12.944099,80.089925,2015-07-01,380.0,20,0.191,6,77,Basic Shield,29,8,1,0,1,0,0
WRK09914,Perambur,13.112893,80.224582,2022-07-01,670.0,16,0.178,2,82,Basic Shield,29,9,2,0,1,0,0
WRK09915,Velachery,12.979205,80.230515,2022-05-01,516.0,23,0.089,2,83,Basic Shield,29,10,0,0,1,0,0
WRK09916,Velachery,12.982467,80.220486,2018-02-01,642.0,17,0.254,1,82,Basic Shield,29,1,1,0,0,0,0
WRK09917,Velachery,12.991499,80.216797,2018-07-01,614.0,19,0.139,2,83,Basic Shield,29,8,0,0,1,0,0
WRK09918,Guindy,13.004908,80.230907,2020-07-01,489.0,8,0.24,4,85,Basic Shield,29,6,3,1,1,1,1
WRK09919,Tambaram,12.914285,80.08214,2024-02-01,561.0,13,0.062,2,86,Basic Shield,29,6,2,0,1,0,0
WRK09920,Chromepet,12.959337,80.142532,2021-02-01,551.0,19,0.247,2,80,Basic Shield,29,5,1,0,1,0,0
WRK09921,Adyar,13.005229,80.236901,2021-03-01,720.0,17,0.106,1,85,Basic Shield,29,2,3,1,0,1,1
WRK09922,Guindy,12.987259,80.224816,2016-04-01,662.0,19,0.268,5,77,Basic Shield,29,7,3,1,1,1,1
WRK09923,Velachery,12.97967,80.213563,2020-07-01,788.0,13,0.218,1,85,Basic Shield,29,7,1,0,1,0,0
WRK09924,Perambur,13.106431,80.215413,2016-10-01,454.0,17,0.074,3,82,Basic Shield,29,3,0,0,0,0,0
WRK09925,Porur,13.022841,80.172841,2017-10-01,633.0,20,0.306,3,79,Basic Shield,29,5,1,0,1,0,0
WRK09926,Chromepet,12.963706,80.126535,2024-05-01,805.0,25,0.09,2,85,Basic Shield,29,4,5,0,0,1,0
WRK09927,Porur,13.043653,80.158977,2020-03-01,634.0,13,0.19,4,82,Basic Shield,29,5,4,0,1,1,0
WRK09928,Adyar,13.020595,80.275992,2019-08-01,556.0,16,0.53,3,74,Basic Shield,29,4,0,1,0,0,1
WRK09929,Tambaram,12.915342,80.104998,2023-12-01,671.0,18,0.086,6,80,Basic Shield,29,6,1,0,1,0,0
WRK09930,Velachery,12.967147,80.221585,2018-11-01,459.0,18,0.415,3,75,Basic Shield,29,2,3,0,0,1,0
WRK09931,Velachery,12.979601,80.21715,2024-08-01,427.0,14,0.024,2,85,Basic Shield,29,9,1,0,1,0,0
WRK09932,Tambaram,12.942259,80.094463,2023-08-01,502.0,20,0.242,3,79,Basic Shield,29,4,1,0,0,0,0
WRK09933,Velachery,12.978668,80.227799,2015-08-01,581.0,20,0.108,3,82,Basic Shield,29,3,3,0,0,1,0
WRK09934,Tambaram,12.925685,80.092261,2018-11-01,690.0,19,0.604,2,74,Basic Shield,29,5,4,0,1,1,0
WRK09935,T Nagar,13.057728,80.241838,2017-03-01,619.0,11,0.594,6,74,Basic Shield,29,6,3,0,1,1,0
WRK09936,Velachery,12.996825,80.236411,2022-03-01,460.0,18,0.394,5,74,Basic Shield,29,5,1,0,1,0,0
WRK09937,Adyar,13.025953,80.244436,2015-01-01,609.0,22,0.189,0,84,Basic Shield,29,3,1,1,0,0,1
WRK09938,Guindy,12.994309,80.216968,2018-02-01,549.0,18,0.347,1,79,Basic Shield,29,10,1,1,1,0,1
WRK09939,Guindy,13.025023,80.223003,2020-02-01,746.0,18,0.086,5,82,Basic Shield,29,6,0,1,1,0,1
WRK09940,Velachery,12.987872,80.234919,2018-08-01,636.0,14,0.511,2,76,Basic Shield,29,7,3,0,1,1,0
WRK09941,Velachery,12.972229,80.214388,2024-11-01,781.0,14,0.696,3,72,Basic Shield,29,5,2,0,1,0,0
WRK09942,Porur,13.03207,80.171713,2020-10-01,542.0,11,0.44,4,78,Basic Shield,29,6,2,0,1,0,0
WRK09943,Velachery,12.980179,80.203387,2023-05-01,649.0,21,0.273,4,78,Basic Shield,29,10,2,0,1,0,0
WRK09944,Tambaram,12.916379,80.107471,2015-05-01,712.0,14,0.358,2,80,Basic Shield,29,6,1,0,1,0,0
WRK09945,T Nagar,13.035408,80.242891,2022-12-01,671.0,17,0.326,7,74,Basic Shield,29,8,1,0,1,0,0
WRK09946,T Nagar,13.054503,80.236974,2016-07-01,669.0,17,0.107,5,81,Basic Shield,29,5,1,0,1,0,0
WRK09947,T Nagar,13.039789,80.25128,2017-03-01,567.0,20,0.559,2,74,Basic Shield,29,2,3,0,0,1,0
WRK09948,Adyar,12.99072,80.255439,2021-08-01,745.0,16,0.242,2,81,Basic Shield,29,7,5,1,1,1,1
WRK09949,T Nagar,13.023384,80.229392,2019-12-01,703.0,19,0.424,1,79,Basic Shield,29,11,3,0,1,1,0
WRK09950,Perambur,13.130339,80.253345,2015-11-01,688.0,15,0.292,0,82,Basic Shield,29,3,3,0,0,1,0
WRK09951,Anna Nagar,13.077397,80.191849,2015-02-01,531.0,19,0.469,5,73,Basic Shield,29,7,4,0,1,1,0
WRK09952,Velachery,12.998418,80.21274,2023-05-01,834.0,17,0.023,2,86,Basic Shield,29,12,4,0,1,1,0
WRK09953,Chromepet,12.932352,80.151834,2019-03-01,482.0,13,0.533,2,76,Basic Shield,29,3,0,0,0,0,0
WRK09954,Guindy,12.996204,80.226775,2020-09-01,481.0,24,0.38,2,77,Basic Shield,29,5,0,1,1,0,1
WRK09955,T Nagar,13.029132,80.215568,2018-11-01,578.0,18,0.253,6,76,Basic Shield,29,8,5,0,1,1,0
WRK09956,Tambaram,12.91922,80.082427,2019-05-01,677.0,23,0.492,3,75,Basic Shield,29,8,1,0,1,0,0
WRK09957,Perambur,13.105448,80.246332,2021-07-01,714.0,15,0.488,2,76,Basic Shield,29,6,2,0,1,0,0
WRK09958,Tambaram,12.907436,80.085122,2022-11-01,575.0,16,0.383,4,76,Basic Shield,29,8,1,0,1,0,0
WRK09959,Porur,13.05578,80.158953,2020-08-01,469.0,26,0.065,3,83,Basic Shield,29,3,4,0,0,1,0
WRK09960,Perambur,13.131052,80.23242,2016-10-01,479.0,22,0.239,1,81,Basic Shield,29,3,3,0,0,1,0
WRK09961,Adyar,13.013618,80.262911,2016-02-01,539.0,12,0.189,5,81,Basic Shield,29,10,4,1,1,1,1
WRK09962,Porur,13.019523,80.168691,2024-12-01,535.0,17,0.133,1,84,Basic Shield,29,8,0,0,1,0,0
WRK09963,Sholinganallur,12.887359,80.23849,2018-02-01,469.0,20,0.266,6,76,Basic Shield,29,11,4,0,1,1,0
WRK09964,Velachery,12.974818,80.23367,2019-02-01,308.0,21,0.558,2,73,Basic Shield,29,9,2,0,1,0,0
WRK09965,Perambur,13.107837,80.252579,2019-08-01,456.0,13,0.208,3,82,Basic Shield,29,12,3,0,1,1,0
WRK09966,Perambur,13.110803,80.231777,2020-03-01,461.0,13,0.236,5,79,Basic Shield,29,6,2,0,1,0,0
WRK09967,Chromepet,12.957733,80.125555,2023-06-01,537.0,23,0.152,1,83,Basic Shield,29,6,1,0,1,0,0
WRK09968,Tambaram,12.932727,80.111684,2015-01-01,498.0,15,0.182,4,79,Basic Shield,29,8,1,0,1,0,0
WRK09969,Adyar,13.00698,80.252807,2017-11-01,485.0,17,0.442,5,73,Basic Shield,29,6,1,1,1,0,1
WRK09970,T Nagar,13.046114,80.246236,2015-04-01,626.0,20,0.41,4,75,Basic Shield,29,7,5,0,1,1,0
WRK09971,Chromepet,12.933072,80.144755,2022-05-01,626.0,13,0.471,4,76,Basic Shield,29,7,1,0,1,0,0
WRK09972,Chromepet,12.941392,80.133692,2024-03-01,324.0,11,0.231,5,81,Basic Shield,29,13,2,0,1,0,0
WRK09973,Anna Nagar,13.101257,80.210262,2017-05-01,663.0,21,0.472,5,73,Basic Shield,29,6,3,0,1,1,0
WRK09974,Velachery,12.961871,80.224851,2015-01-01,575.0,17,0.182,2,82,Basic Shield,29,7,8,0,1,1,0
WRK09975,Tambaram,12.943731,80.094181,2016-05-01,502.0,12,0.392,1,81,Basic Shield,29,6,2,0,1,0,0
WRK09976,Sholinganallur,12.88485,80.218445,2017-03-01,588.0,20,0.534,0,77,Basic Shield,29,3,0,0,0,0,0
WRK09977,T Nagar,13.04594,80.23692,2020-01-01,735.0,18,0.286,3,79,Basic Shield,29,9,1,0,1,0,0
WRK09978,Anna Nagar,13.072109,80.225025,2015-04-01,738.0,11,0.608,4,76,Basic Shield,29,10,3,0,1,1,0
WRK09979,Tambaram,12.913647,80.093359,2021-08-01,703.0,15,0.036,2,85,Basic Shield,29,3,2,0,0,0,0
WRK09980,Perambur,13.119954,80.218135,2024-03-01,672.0,20,0.445,3,76,Basic Shield,29,7,1,0,1,0,0
WRK09981,Tambaram,12.938078,80.096259,2023-03-01,673.0,12,0.107,3,86,Basic Shield,29,6,0,0,1,0,0
WRK09982,Sholinganallur,12.910231,80.227279,2020-06-01,724.0,22,0.504,3,75,Basic Shield,29,6,1,0,1,0,0
WRK09983,Porur,13.052778,80.146221,2022-04-01,821.0,15,0.001,2,87,Basic Shield,29,9,1,0,1,0,0
WRK09984,Sholinganallur,12.892578,80.21226,2018-09-01,807.0,15,0.579,3,74,Basic Shield,29,7,1,0,1,0,0
WRK09985,Guindy,13.017217,80.209524,2024-12-01,500.0,14,0.284,2,80,Basic Shield,29,5,2,1,1,0,1
WRK09986,T Nagar,13.048703,80.231865,2017-05-01,661.0,19,0.102,3,83,Basic Shield,29,10,4,0,1,1,0
WRK09987,Perambur,13.117894,80.231301,2019-02-01,512.0,21,0.226,7,76,Basic Shield,29,3,3,0,0,1,0
WRK09988,Tambaram,12.939805,80.096654,2015-11-01,341.0,13,0.442,1,78,Basic Shield,29,6,0,0,1,0,0
WRK09989,Guindy,13.002524,80.224024,2017-08-01,599.0,16,0.499,1,77,Basic Shield,29,4,0,1,0,0,1
WRK09990,Chromepet,12.962837,80.143185,2015-07-01,648.0,18,0.084,8,78,Basic Shield,29,7,3,0,1,1,0
WRK09991,Tambaram,12.919038,80.087123,2020-03-01,300.0,23,0.184,1,81,Basic Shield,29,3,3,0,0,1,0
WRK09992,Chromepet,12.945142,80.141984,2023-12-01,485.0,19,0.483,3,74,Basic Shield,29,4,1,0,0,0,0
WRK09993,Perambur,13.101693,80.226618,2021-09-01,677.0,22,0.167,3,82,Basic Shield,29,5,1,0,1,0,0
WRK09994,Anna Nagar,13.089422,80.226442,2018-06-01,721.0,19,0.511,1,77,Basic Shield,29,1,1,0,0,0,0
WRK09995,Perambur,13.101133,80.254299,2023-09-01,615.0,12,0.287,4,81,Basic Shield,29,7,4,0,1,1,0
WRK09996,Chromepet,12.936374,80.153664,2016-05-01,573.0,15,0.053,4,82,Basic Shield,29,7,2,0,1,0,0
WRK09997,Sholinganallur,12.907288,80.231102,2020-03-01,759.0,17,0.337,4,78,Basic Shield,29,5,2,0,1,0,0
WRK09998,Adyar,12.987197,80.24501,2019-02-01,571.0,19,0.508,2,75,Basic Shield,29,3,5,1,0,1,1
WRK09999,Sholinganallur,12.912677,80.215341,2016-12-01,533.0,15,0.261,3,79,Basic Shield,29,5,1,0,1,0,0
WRK10000,Adyar,13.014567,80.266794,2017-02-01,581.0,25,0.197,2,81,Basic Shield,29,4,3,1,0,1,1
