timestamp,zone,baseline_delivery_mins,baseline_order_vol,actual_delivery_mins,actual_order_vol,rain_mm_15m,temperature,aqi_score,has_accident,has_protest,Is_Disrupted
2023-11-25 00:00:00,Velachery,28.0,150,33.134870165196936,114.67860020720921,0.0,26.57942264352354,101.87791021875066,0.0,0.0,0
2023-11-25 00:15:00,Chromepet,28.0,150,30.574153235523017,152.1528447528843,,,,0.0,0.0,0
2023-11-25 00:30:00,Chromepet,28.0,150,26.358577639101675,168.6366818557056,0.0,28.703925157612513,129.7477555208815,0.0,0.0,0
2023-11-25 00:45:00,T Nagar,28.0,150,33.244027540598196,156.25564809301147,,,,0.0,0.0,0
2023-11-25 01:00:00,Tambaram,28.0,150,19.356080569444696,169.40061623351718,,,,0.0,0.0,0
2023-11-25 01:15:00,Chromepet,28.0,150,22.899326180578907,156.00430610309954,,,,0.0,0.0,0
2023-11-25 01:30:00,T Nagar,28.0,150,24.375807097123875,111.24129039861248,,,,0.0,0.0,0
2023-11-25 01:45:00,Velachery,28.0,150,24.92957646923572,165.55496572792376,,,,0.0,0.0,0
2023-11-25 02:00:00,Velachery,28.0,150,30.96051635468586,140.5872245875099,,,,0.0,0.0,0
2023-11-25 02:15:00,T Nagar,28.0,150,31.961884028354113,158.7145758265587,,,,0.0,0.0,0
2023-11-25 02:30:00,Velachery,28.0,150,36.55877653575368,162.30228955292344,,,,0.0,0.0,0
2023-11-25 02:45:00,Guindy,28.0,150,28.914409484411266,113.50506163143268,,,,0.0,0.0,0
2023-11-25 03:00:00,Chromepet,28.0,150,22.762667449698746,144.0877810085599,0.0,29.49650777574318,61.866774410208095,0.0,0.0,0
2023-11-25 03:15:00,Guindy,28.0,150,25.170539727276847,165.6439810211714,0.0,29.143966162326663,139.5129946754774,0.0,0.0,0
2023-11-25 03:30:00,Velachery,28.0,150,26.42713589842134,123.31120896719908,,,,0.0,0.0,0
2023-11-25 03:45:00,T Nagar,28.0,150,33.3725515725684,145.58970196061398,,,,0.0,0.0,0
2023-11-25 04:00:00,Chromepet,28.0,150,31.63917302251434,178.38672477530974,,,,0.0,0.0,0
2023-11-25 04:15:00,Guindy,28.0,150,30.975725441796182,148.9962189289329,,,,0.0,0.0,0
2023-11-25 04:30:00,Guindy,28.0,150,27.83237529669941,147.66118236285004,,,,0.0,0.0,0
2023-11-25 04:45:00,Tambaram,28.0,150,21.512431604947185,127.42545660128542,,,,0.0,0.0,0
2023-11-25 05:00:00,Guindy,28.0,150,19.67544368928317,146.92240715987103,,,,0.0,0.0,0
2023-11-25 05:15:00,Chromepet,28.0,150,29.994870088936246,171.43587026960594,,,,0.0,0.0,0
2023-11-25 05:30:00,T Nagar,28.0,150,18.4919686386325,152.51782435047548,,,,0.0,0.0,0
2023-11-25 05:45:00,Velachery,28.0,150,34.24527134586742,137.20234972884643,0.0,26.68247661887679,74.05704665966816,0.0,0.0,0
2023-11-25 06:00:00,Chromepet,28.0,150,32.04414333922944,160.06422236980254,,,,0.0,0.0,0
2023-11-25 06:15:00,Velachery,28.0,150,25.369352857488106,157.15165717707217,,,,0.0,0.0,0
2023-11-25 06:30:00,Adyar,28.0,150,22.777195072769448,141.5975959372968,,,,0.0,0.0,0
2023-11-25 06:45:00,T Nagar,28.0,150,25.303026782284093,165.07567609390134,,,,0.0,0.0,0
2023-11-25 07:00:00,T Nagar,28.0,150,42.77769167245487,122.02370563952165,,,,0.0,0.0,1
2023-11-25 07:15:00,Adyar,28.0,150,33.24959532486744,158.83182006634263,,,,0.0,0.0,0
2023-11-25 07:30:00,Tambaram,28.0,150,21.26761838918588,179.43562877759183,0.0,25.37333952612372,75.68171420223801,0.0,0.0,0
2023-11-25 07:45:00,T Nagar,28.0,150,25.67782436616221,160.51206416239918,,,,0.0,0.0,0
2023-11-25 08:00:00,Velachery,28.0,150,26.34090406425121,129.827253017062,,,,0.0,0.0,0
2023-11-25 08:15:00,Adyar,28.0,150,27.13003554040917,155.844870283651,,,,1.0,0.0,0
2023-11-25 08:30:00,Chromepet,28.0,150,31.008840003077804,159.90022287945592,0.0,27.67406781977448,119.25227517879829,0.0,0.0,0
2023-11-25 08:45:00,T Nagar,28.0,150,23.94665826417492,149.43244438704212,,,,0.0,0.0,0
2023-11-25 09:00:00,Adyar,28.0,150,21.346729554010057,174.1155818764564,,,,0.0,0.0,0
2023-11-25 09:15:00,Tambaram,28.0,150,29.775081939697312,132.98345383822692,,,,0.0,0.0,0
2023-11-25 09:30:00,T Nagar,28.0,150,26.722111839724032,165.02820489505092,,,,0.0,0.0,0
2023-11-25 09:45:00,Guindy,28.0,150,29.729311072984338,159.21876597166386,0.0,30.11632286447045,50.59998524243774,0.0,0.0,0
2023-11-25 10:00:00,Adyar,28.0,150,30.645499733798534,137.13752832327577,,,,0.0,0.0,0
2023-11-25 10:15:00,T Nagar,28.0,150,19.81515047436813,124.33291081335231,0.0,28.525535805294318,112.9776917766797,0.0,0.0,0
2023-11-25 10:30:00,Guindy,28.0,150,24.18463753203942,131.58989218526403,,,,0.0,0.0,0
2023-11-25 10:45:00,Velachery,28.0,150,20.043459552657186,169.75244146400786,0.0,31.326556936783486,103.69080060739856,0.0,0.0,0
2023-11-25 11:00:00,Velachery,28.0,150,29.38400038622016,146.51829223730772,,,,0.0,0.0,0
2023-11-25 11:15:00,Chromepet,28.0,150,36.404594752883725,171.54519057687662,,,,0.0,0.0,0
2023-11-25 11:30:00,Chromepet,28.0,150,24.819548482471884,144.53592982812467,,,,0.0,0.0,0
2023-11-25 11:45:00,Guindy,28.0,150,25.75341821654954,144.1011107221741,,,,0.0,0.0,0
2023-11-25 12:00:00,Velachery,28.0,150,20.065748988256782,143.1735842815923,,,,0.0,0.0,0
2023-11-25 12:15:00,Chromepet,28.0,150,31.056870991414996,113.16787546846658,0.0,31.610637526555,128.14196072324563,0.0,0.0,0
2023-11-25 12:30:00,Adyar,28.0,150,29.002534250895497,155.39962138197305,0.0,29.1730134623566,104.4894491560265,0.0,0.0,0
2023-11-25 12:45:00,T Nagar,28.0,150,31.173006917939595,129.65643492162178,0.0,29.18198258972306,115.09259808741344,0.0,0.0,0
2023-11-25 13:00:00,Adyar,28.0,150,34.68843230846575,149.5240914453386,,,,0.0,0.0,0
2023-11-25 13:15:00,Tambaram,28.0,150,21.593724811591592,131.10726741300022,,,,0.0,0.0,0
2023-11-25 13:30:00,Tambaram,28.0,150,25.977830799348176,107.93928740426895,,,,0.0,0.0,0
2023-11-25 13:45:00,Chromepet,28.0,150,34.17235990056907,158.30068460418474,,,,0.0,0.0,0
2023-11-25 14:00:00,Tambaram,28.0,150,43.20734856822504,147.4360358673066,,,,0.0,1.0,1
2023-11-25 14:15:00,T Nagar,28.0,150,26.871951929242815,160.59999583460265,,,,0.0,0.0,0
2023-11-25 14:30:00,T Nagar,28.0,150,26.36902407814376,118.57082471127929,,,,0.0,0.0,0
2023-11-25 14:45:00,T Nagar,28.0,150,23.141291943503724,99.83834309383886,0.0,31.193580488319537,106.05201096592091,0.0,0.0,0
2023-11-25 15:00:00,Velachery,28.0,150,31.109864369625214,175.98730094475846,,,,0.0,0.0,0
2023-11-25 15:15:00,Adyar,28.0,150,22.569859187771435,130.67700961656666,,,,0.0,0.0,0
2023-11-25 15:30:00,Guindy,28.0,150,24.133550206595253,175.73177703429263,,,,0.0,0.0,0
2023-11-25 15:45:00,Chromepet,28.0,150,28.78420629443141,166.91568451023377,0.0,31.860250836097,69.64703380108192,0.0,0.0,0
2023-11-25 16:00:00,Adyar,28.0,150,24.57444693074405,155.06236881495107,,,,0.0,0.0,0
2023-11-25 16:15:00,Guindy,28.0,150,28.12000190505787,155.25572615805066,0.0,30.20595745454454,98.88408223637546,0.0,0.0,0
2023-11-25 16:30:00,Velachery,28.0,150,34.0457153425253,186.57997254697446,,,,0.0,0.0,0
2023-11-25 16:45:00,Guindy,28.0,150,23.609294160306703,143.3296777474827,,,,0.0,0.0,0
2023-11-25 17:00:00,Tambaram,28.0,150,22.12566591949313,165.04883975998308,,,,0.0,0.0,0
2023-11-25 17:15:00,Guindy,28.0,150,26.200410813998545,136.93283354202978,,,,0.0,0.0,0
2023-11-25 17:30:00,Tambaram,28.0,150,26.86405507714076,144.54694022053883,,,,0.0,0.0,0
2023-11-25 17:45:00,Guindy,28.0,150,34.90233056370143,148.20241709423445,,,,0.0,0.0,0
2023-11-25 18:00:00,Tambaram,28.0,150,15.705963302459837,126.83315781231948,,,,0.0,0.0,0
2023-11-25 18:15:00,Adyar,28.0,150,21.81351739413133,203.4339831689817,,,,0.0,0.0,0
2023-11-25 18:30:00,Velachery,28.0,150,16.57876811553733,162.67391615719933,,,,0.0,0.0,0
2023-11-25 18:45:00,Tambaram,28.0,150,32.23661562426723,153.76982795442484,0.0,26.41322125233742,51.417039261218235,0.0,0.0,0
2023-11-25 19:00:00,Adyar,28.0,150,26.88578646568782,144.80466296640537,0.0,28.518648083286667,68.8618625116099,0.0,0.0,0
2023-11-25 19:15:00,Guindy,28.0,150,31.5800254033651,145.4266793396501,,,,0.0,0.0,0
2023-11-25 19:30:00,T Nagar,28.0,150,28.285471144878993,167.64940436150022,0.0,27.434700330891825,124.16124395250351,0.0,0.0,0
2023-11-25 19:45:00,Guindy,28.0,150,28.74140202894807,144.35191489761522,,,,0.0,0.0,0
2023-11-25 20:00:00,Tambaram,28.0,150,30.528419093998657,143.59473119046993,0.0,25.95782225380714,74.84455796713206,0.0,0.0,0
2023-11-25 20:15:00,Adyar,28.0,150,31.519149931934905,150.56089523402935,,,,0.0,0.0,0
2023-11-25 20:30:00,Velachery,28.0,150,31.82479498785691,144.4242115320552,,,,0.0,0.0,0
2023-11-25 20:45:00,T Nagar,28.0,150,27.88489816298934,148.33550088770622,,,,0.0,0.0,0
2023-11-25 21:00:00,Chromepet,28.0,150,25.165976085599688,151.65368085865907,1.7914744004814012,29.857720306583072,111.32682795765119,0.0,0.0,0
2023-11-25 21:15:00,Guindy,28.0,150,34.854673558707006,182.60733154562033,,,,0.0,0.0,0
2023-11-25 21:30:00,T Nagar,28.0,150,31.85645783253906,147.80038320189587,0.0,29.08593782631383,81.26848956961831,0.0,0.0,0
2023-11-25 21:45:00,Velachery,28.0,150,33.31563510318024,154.61600753485232,,,,0.0,0.0,0
2023-11-25 22:00:00,Velachery,28.0,150,33.0988810112791,143.85753180388664,,,,0.0,0.0,0
2023-11-25 22:15:00,Adyar,28.0,150,23.418879457311675,143.48398764265934,,,,0.0,0.0,0
2023-11-25 22:30:00,Tambaram,28.0,150,28.844127145517984,140.33288576582927,,,,0.0,0.0,0
2023-11-25 22:45:00,Adyar,28.0,150,24.16128602474038,126.33658630626223,,,,0.0,0.0,0
2023-11-25 23:00:00,Tambaram,28.0,150,18.222670580493226,147.1989879203913,,,,0.0,0.0,0
2023-11-25 23:15:00,Tambaram,28.0,150,26.799838479872463,168.78333725801096,,,,0.0,0.0,0
2023-11-25 23:30:00,T Nagar,28.0,150,32.70391774949273,142.71832172481658,,,,0.0,0.0,0
2023-11-25 23:45:00,T Nagar,28.0,150,28.979149669220295,169.07361117697312,,,,0.0,0.0,0
2023-11-26 00:00:00,Guindy,28.0,150,33.74599937712015,145.56158735632062,,,,0.0,0.0,0
2023-11-26 00:15:00,Velachery,28.0,150,34.715159727840124,149.6581185983038,,,,0.0,0.0,0
2023-11-26 00:30:00,T Nagar,28.0,150,28.690664590240747,157.27888111760677,,,,0.0,0.0,0
2023-11-26 00:45:00,Tambaram,28.0,150,23.159426300738637,150.36734046787728,,,,0.0,0.0,0
2023-11-26 01:00:00,Guindy,28.0,150,24.678016417317654,167.90077335269768,,,,0.0,0.0,0
2023-11-26 01:15:00,Chromepet,28.0,150,23.465211205609382,168.43887740011544,,,,0.0,0.0,0
2023-11-26 01:30:00,Chromepet,28.0,150,24.189003109484617,137.24637922827085,,,,0.0,0.0,0
2023-11-26 01:45:00,Velachery,28.0,150,26.51685338042495,150.58523521143232,,,,0.0,0.0,0
2023-11-26 02:00:00,Velachery,28.0,150,28.220023760515808,159.50209191358093,,,,0.0,0.0,0
2023-11-26 02:15:00,Adyar,28.0,150,29.125552845786025,178.39026078552408,,,,0.0,0.0,0
2023-11-26 02:30:00,T Nagar,28.0,150,29.539882502387677,119.61167644082948,,,,0.0,0.0,0
2023-11-26 02:45:00,Tambaram,28.0,150,37.716078512255926,155.24612948993453,,,,0.0,0.0,0
2023-11-26 03:00:00,Guindy,28.0,150,28.370405445329805,122.52355237128191,,,,0.0,0.0,0
2023-11-26 03:15:00,Chromepet,28.0,150,26.01593009157694,172.27428292058823,,,,0.0,0.0,0
2023-11-26 03:30:00,Tambaram,28.0,150,22.67989151151576,147.8864037481933,,,,0.0,0.0,0
2023-11-26 03:45:00,T Nagar,28.0,150,27.849977437615745,149.38791839404647,,,,0.0,0.0,0
2023-11-26 04:00:00,T Nagar,28.0,150,34.19187032899166,124.92652859164419,,,,0.0,0.0,0
2023-11-26 04:15:00,Velachery,28.0,150,25.795347780716277,178.5019006146072,0.0,29.55053470469417,124.09190149036871,0.0,0.0,0
2023-11-26 04:30:00,Chromepet,28.0,150,34.09185584895051,149.98507200314594,0.0,25.796017317918537,132.98658241974772,0.0,0.0,0
2023-11-26 04:45:00,Tambaram,28.0,150,27.032807448389544,139.11483451650153,,,,0.0,0.0,0
2023-11-26 05:00:00,Guindy,28.0,150,31.40447086041579,174.51320349865344,,,,0.0,0.0,0
2023-11-26 05:15:00,Chromepet,28.0,150,25.702155169789535,178.9941064237034,,,,0.0,0.0,0
2023-11-26 05:30:00,T Nagar,28.0,150,27.78073589912086,141.3697999759388,,,,0.0,0.0,0
2023-11-26 05:45:00,T Nagar,28.0,150,19.6506862522835,137.01210156993702,,,,0.0,0.0,0
2023-11-26 06:00:00,Velachery,28.0,150,25.348552107920426,142.07738879136693,,,,0.0,0.0,0
2023-11-26 06:15:00,Adyar,28.0,150,25.689645903792716,163.01086238079347,,,,0.0,0.0,0
2023-11-26 06:30:00,Guindy,28.0,150,27.959007440474167,153.93006111981742,0.0,26.768274532620914,69.23564502356015,0.0,0.0,0
2023-11-26 06:45:00,Tambaram,28.0,150,21.1828892722981,159.0331722605961,,,,0.0,0.0,0
2023-11-26 07:00:00,Adyar,28.0,150,24.433680018652442,154.26954202379838,,,,0.0,0.0,0
2023-11-26 07:15:00,Adyar,28.0,150,22.10936427200642,151.6650609572307,,,,0.0,0.0,0
2023-11-26 07:30:00,Adyar,28.0,150,29.66425730207569,165.06899006743572,,,,0.0,0.0,0
2023-11-26 07:45:00,Guindy,28.0,150,36.444146368163075,171.73165888243307,,,,0.0,0.0,0
2023-11-26 08:00:00,Chromepet,28.0,150,28.800411849081247,143.572202842885,,,,0.0,0.0,0
2023-11-26 08:15:00,Guindy,28.0,150,19.77446041831211,128.08277088554038,0.0,27.50993228571909,66.22563651265799,0.0,0.0,0
2023-11-26 08:30:00,Tambaram,28.0,150,26.927084931536683,120.00388082337447,,,,0.0,0.0,0
2023-11-26 08:45:00,Adyar,28.0,150,26.668097078174803,123.39738328070543,,,,0.0,0.0,0
2023-11-26 09:00:00,Adyar,28.0,150,27.292034024660325,158.06763813440895,,,,0.0,0.0,0
2023-11-26 09:15:00,Chromepet,28.0,150,31.31592505387833,120.24197545440012,,,,0.0,0.0,0
2023-11-26 09:30:00,Velachery,28.0,150,27.071520412293207,127.69718080046115,0.0,30.782423825986807,64.22464950596299,0.0,0.0,0
2023-11-26 09:45:00,Chromepet,28.0,150,28.829338565961,133.2597993594557,0.0,25.532040114357926,115.9015348996809,0.0,0.0,0
2023-11-26 10:00:00,T Nagar,28.0,150,28.301977146807456,162.21737264493223,,,,0.0,0.0,0
2023-11-26 10:15:00,Tambaram,28.0,150,29.978615318450256,159.97590049059775,0.0,26.745468427666104,117.06270601484145,0.0,0.0,0
2023-11-26 10:30:00,Adyar,28.0,150,32.96617450814448,158.06003016127593,,,,0.0,0.0,0
2023-11-26 10:45:00,Chromepet,28.0,150,26.279732639568177,148.99206208115234,,,,0.0,0.0,0
2023-11-26 11:00:00,Velachery,28.0,150,24.895063142102977,173.70255992841015,,,,0.0,0.0,0
2023-11-26 11:15:00,Guindy,28.0,150,36.94032775973102,130.2068763914006,,,,0.0,0.0,0
2023-11-26 11:30:00,Velachery,28.0,150,28.579146350693783,145.45378906470089,,,,0.0,0.0,0
2023-11-26 11:45:00,Velachery,28.0,150,28.041790004568803,145.5167093404103,0.0,29.38831479791854,144.41810792237908,0.0,0.0,0
2023-11-26 12:00:00,Chromepet,28.0,150,33.2662766819573,142.82842420493327,,,,0.0,0.0,0
2023-11-26 12:15:00,Tambaram,28.0,150,31.447815935168226,162.33979683006098,,,,0.0,0.0,0
2023-11-26 12:30:00,Chromepet,28.0,150,25.34777201442021,140.03603287849606,,,,0.0,0.0,0
2023-11-26 12:45:00,T Nagar,28.0,150,27.811198269869738,165.15297479825634,,,,0.0,0.0,0
2023-11-26 13:00:00,T Nagar,28.0,150,15.848497166885453,184.02770912965116,0.0,29.259604901212516,62.292044039411785,0.0,0.0,0
2023-11-26 13:15:00,Adyar,28.0,150,24.48268707905109,143.4257790917993,,,,0.0,0.0,0
2023-11-26 13:30:00,T Nagar,28.0,150,30.417447768332202,119.34979651988479,0.0,30.154608769132963,98.34890393025896,0.0,0.0,0
2023-11-26 13:45:00,Tambaram,28.0,150,33.29468663172868,129.07090509247172,,,,0.0,0.0,0
2023-11-26 14:00:00,Adyar,28.0,150,27.767347257056866,134.11367653063166,0.0,30.13932267151046,130.95174290240664,0.0,0.0,0
2023-11-26 14:15:00,Adyar,28.0,150,27.17559960138086,177.0736874855816,,,,0.0,0.0,0
2023-11-26 14:30:00,T Nagar,28.0,150,34.51979287626058,128.56060620998588,,,,0.0,0.0,0
2023-11-26 14:45:00,Velachery,28.0,150,27.80259570474434,169.83081587215503,,,,0.0,0.0,0
2023-11-26 15:00:00,Chromepet,28.0,150,34.69361745070064,155.22877746298303,,,,0.0,0.0,0
2023-11-26 15:15:00,Tambaram,28.0,150,27.409930757280897,177.16214790014408,,,,0.0,0.0,0
2023-11-26 15:30:00,Guindy,28.0,150,19.844412197625594,154.52433519308423,,,,0.0,0.0,0
2023-11-26 15:45:00,Velachery,28.0,150,28.307941552430385,175.04274872128914,,,,0.0,0.0,0
2023-11-26 16:00:00,Tambaram,28.0,150,23.731557404067917,136.25603514567223,,,,0.0,0.0,0
2023-11-26 16:15:00,Velachery,28.0,150,33.875717667815046,140.3777284749427,0.0,26.489607911041716,108.50779071175987,0.0,0.0,0
2023-11-26 16:30:00,Adyar,28.0,150,23.841571385750076,143.70256152007346,,,,0.0,0.0,0
2023-11-26 16:45:00,Tambaram,28.0,150,22.733762488700563,157.31540405023702,,,,0.0,0.0,0
2023-11-26 17:00:00,Velachery,28.0,150,27.72962835134408,167.13458145462565,,,,0.0,0.0,0
2023-11-26 17:15:00,Adyar,28.0,150,27.508199997795593,147.7732473699518,,,,0.0,0.0,0
2023-11-26 17:30:00,Adyar,28.0,150,24.018904091736257,152.13611700400236,,,,0.0,0.0,0
2023-11-26 17:45:00,Guindy,28.0,150,29.41611035730924,132.54037460618517,,,,0.0,0.0,0
2023-11-26 18:00:00,Velachery,28.0,150,30.675106905591655,132.8317641716647,,,,0.0,0.0,0
2023-11-26 18:15:00,Guindy,28.0,150,28.146123104719084,175.33409042191946,0.0,27.698916244095145,64.76413839020618,0.0,0.0,0
2023-11-26 18:30:00,Tambaram,28.0,150,25.895041224546205,134.99850246369218,0.0,25.2362964751053,92.72837473372718,0.0,0.0,0
2023-11-26 18:45:00,Velachery,28.0,150,21.94664474359402,82.91900438307039,,,,0.0,0.0,0
2023-11-26 19:00:00,T Nagar,28.0,150,33.54736749608827,164.99504052006893,0.0,28.765606065505548,133.26497166579225,0.0,0.0,0
2023-11-26 19:15:00,Adyar,28.0,150,20.63308128442773,153.14279558117204,,,,0.0,0.0,0
2023-11-26 19:30:00,Guindy,28.0,150,36.06881515327764,140.25250570720522,0.0,27.998982213912143,131.14004103613252,0.0,0.0,0
2023-11-26 19:45:00,Chromepet,28.0,150,24.320204308010496,129.9413226386227,,,,0.0,0.0,0
2023-11-26 20:00:00,T Nagar,28.0,150,22.312069543929773,149.10400750457435,,,,0.0,0.0,0
2023-11-26 20:15:00,Tambaram,28.0,150,22.740108467929026,161.6052310307029,0.0,26.3139263191552,95.67322551520178,0.0,0.0,0
2023-11-26 20:30:00,Tambaram,28.0,150,22.658344948594333,149.97729055728018,,,,0.0,0.0,0
2023-11-26 20:45:00,Guindy,28.0,150,32.63852577443774,124.55771173960375,,,,0.0,0.0,0
2023-11-26 21:00:00,Adyar,28.0,150,30.66137639128786,165.08200959761976,,,,0.0,0.0,0
2023-11-26 21:15:00,Tambaram,28.0,150,41.733078569142435,170.12685930984878,,,,0.0,0.0,0
2023-11-26 21:30:00,Velachery,28.0,150,26.758438470519682,126.12796988105684,,,,0.0,0.0,0
2023-11-26 21:45:00,Adyar,28.0,150,25.411502476758077,131.86947563780728,,,,0.0,0.0,0
2023-11-26 22:00:00,Velachery,28.0,150,26.702640943285,142.85280858212448,0.0,27.794580689736357,111.60169420998395,0.0,0.0,0
2023-11-26 22:15:00,Velachery,28.0,150,35.638540150031616,164.10100883354986,0.0,30.67064773306042,139.55894125643448,0.0,0.0,0
2023-11-26 22:30:00,Guindy,28.0,150,29.693739710376825,149.9281882508042,,,,0.0,0.0,0
2023-11-26 22:45:00,Guindy,28.0,150,36.32507819107344,154.29777558879022,,,,0.0,0.0,0
2023-11-26 23:00:00,Velachery,28.0,150,27.371009556841006,149.07866168073897,,,,0.0,0.0,0
2023-11-26 23:15:00,Adyar,28.0,150,22.185354689480555,123.15212528104189,,,,0.0,0.0,0
2023-11-26 23:30:00,T Nagar,28.0,150,28.693519021473836,143.20795891527186,0.0,26.191244603904785,59.970970134567594,0.0,0.0,0
2023-11-26 23:45:00,Adyar,28.0,150,21.676169917147,162.70094869823708,,,,0.0,0.0,0
2023-11-27 00:00:00,Tambaram,28.0,150,17.811190793161124,149.93992418683604,,,,0.0,0.0,0
2023-11-27 00:15:00,T Nagar,28.0,150,29.566658855149285,153.3700696128897,,,,0.0,0.0,0
2023-11-27 00:30:00,Guindy,28.0,150,33.17558619059248,102.8076248252194,,,,0.0,0.0,0
2023-11-27 00:45:00,Velachery,28.0,150,37.28171566823203,140.3988214146449,,,,0.0,0.0,0
2023-11-27 01:00:00,Velachery,28.0,150,29.11175135649864,129.3194966170314,,,,0.0,0.0,0
2023-11-27 01:15:00,Chromepet,28.0,150,26.86825710613551,157.06871951671772,,,,0.0,0.0,0
2023-11-27 01:30:00,Velachery,28.0,150,23.03439245901753,148.23080623140615,,,,0.0,0.0,0
2023-11-27 01:45:00,Chromepet,28.0,150,23.60361988108319,165.0360250165541,,,,0.0,0.0,0
2023-11-27 02:00:00,Adyar,28.0,150,29.969338170957926,170.87669166440313,,,,0.0,0.0,0
2023-11-27 02:15:00,Adyar,28.0,150,28.61386673702788,166.3975825601304,,,,0.0,0.0,0
2023-11-27 02:30:00,Velachery,28.0,150,29.188136842025344,119.46605805858871,,,,0.0,0.0,0
2023-11-27 02:45:00,Guindy,28.0,150,20.5355021778526,157.55490456306572,,,,0.0,0.0,0
2023-11-27 03:00:00,Guindy,28.0,150,32.014823000670226,137.30621563853103,,,,0.0,0.0,0
2023-11-27 03:15:00,Chromepet,28.0,150,20.40746444971254,147.68624722897238,,,,0.0,0.0,0
2023-11-27 03:30:00,Guindy,28.0,150,25.00090937286149,159.712030206755,,,,0.0,0.0,0
2023-11-27 03:45:00,Velachery,28.0,150,29.180825842100734,151.41144911157025,,,,0.0,0.0,0
2023-11-27 04:00:00,Tambaram,28.0,150,35.308211040385864,160.05702201175507,,,,0.0,0.0,0
2023-11-27 04:15:00,Velachery,28.0,150,23.8247670288387,131.9144556510973,,,,0.0,0.0,0
2023-11-27 04:30:00,Guindy,28.0,150,33.671203756102734,153.05021929697662,,,,0.0,0.0,0
2023-11-27 04:45:00,Chromepet,28.0,150,22.547476657191915,151.50420069538114,,,,0.0,0.0,0
2023-11-27 05:00:00,Velachery,28.0,150,34.564605096708675,125.79470880080086,,,,0.0,0.0,0
2023-11-27 05:15:00,Adyar,28.0,150,32.05033454678701,117.02029646727878,,,,0.0,0.0,0
2023-11-27 05:30:00,Guindy,28.0,150,28.24040182700385,146.73461050265905,,,,0.0,0.0,0
2023-11-27 05:45:00,T Nagar,28.0,150,30.916695643338997,149.17932458620143,0.0,29.003788555785437,127.11708093779498,0.0,0.0,0
2023-11-27 06:00:00,Adyar,28.0,150,29.395355658403254,175.18638827525933,,,,0.0,0.0,0
2023-11-27 06:15:00,T Nagar,28.0,150,21.380233814418638,163.18140623139735,,,,0.0,0.0,0
2023-11-27 06:30:00,Tambaram,28.0,150,36.30628459393267,125.74354452967383,,,,0.0,0.0,0
2023-11-27 06:45:00,Velachery,28.0,150,33.80509878692629,145.7021681743161,0.0,28.20317277099773,127.6643316966972,0.0,0.0,0
2023-11-27 07:00:00,Chromepet,28.0,150,25.49696132688507,156.93197882935846,,,,0.0,0.0,0
2023-11-27 07:15:00,Velachery,28.0,150,20.782408955202705,157.13343981204295,0.0,25.82241187017769,70.51963215142759,0.0,0.0,0
2023-11-27 07:30:00,Guindy,28.0,150,27.463036077705823,154.56711259791535,,,,0.0,0.0,0
2023-11-27 07:45:00,Chromepet,28.0,150,38.538337465293466,130.96634012171046,,,,0.0,0.0,0
2023-11-27 08:00:00,Guindy,28.0,150,32.582911649065096,172.15359922260603,,,,0.0,0.0,0
2023-11-27 08:15:00,T Nagar,28.0,150,24.911232670603354,129.80442682588517,,,,0.0,0.0,0
2023-11-27 08:30:00,Chromepet,28.0,150,21.919896110325382,150.39452373821047,,,,0.0,0.0,0
2023-11-27 08:45:00,Velachery,28.0,150,29.871957898828484,182.26649247997207,,,,0.0,0.0,0
2023-11-27 09:00:00,Velachery,28.0,150,30.63282310090653,144.3679311784145,,,,0.0,0.0,0
2023-11-27 09:15:00,Guindy,28.0,150,26.77469180851335,169.02032506377407,,,,0.0,0.0,0
2023-11-27 09:30:00,Velachery,28.0,150,27.322182081770052,141.64024014712172,,,,0.0,0.0,0
2023-11-27 09:45:00,Guindy,28.0,150,39.85881872788633,144.5758023737989,,,,0.0,0.0,0
2023-11-27 10:00:00,Adyar,28.0,150,29.890515259784333,130.20895013911763,,,,0.0,0.0,0
2023-11-27 10:15:00,Tambaram,28.0,150,27.434936108265187,127.61545191677999,,,,0.0,0.0,0
2023-11-27 10:30:00,Adyar,28.0,150,22.305709668806507,157.8624588991352,0.0,25.952947193748944,88.84639369362878,0.0,0.0,0
2023-11-27 10:45:00,Velachery,28.0,150,34.72251865814158,157.05432998822596,,,,0.0,0.0,0
2023-11-27 11:00:00,Adyar,28.0,150,27.0637480911528,141.83174534146895,,,,0.0,0.0,0
2023-11-27 11:15:00,Adyar,28.0,150,37.76456894267512,151.45752083979323,,,,0.0,0.0,0
2023-11-27 11:30:00,T Nagar,28.0,150,17.315123785751283,116.01076909492855,0.0,26.55847322969367,73.08759298325278,0.0,0.0,0
2023-11-27 11:45:00,Velachery,28.0,150,37.01171793294687,159.05328215246138,,,,0.0,0.0,0
2023-11-27 12:00:00,Adyar,28.0,150,24.82394043057719,188.92156779175636,,,,0.0,0.0,0
2023-11-27 12:15:00,Guindy,28.0,150,29.126514944389374,156.61331628663567,0.0,30.902805839618054,149.72481179318547,0.0,0.0,0
2023-11-27 12:30:00,Adyar,28.0,150,31.233630239484263,164.38805973198728,,,,0.0,0.0,0
2023-11-27 12:45:00,Adyar,28.0,150,24.181447315927247,149.34919064664274,0.0,28.165279995357167,88.06440418427098,0.0,0.0,0
2023-11-27 13:00:00,Adyar,28.0,150,26.582661245380198,139.55333091948148,,,,0.0,0.0,0
2023-11-27 13:15:00,Velachery,28.0,150,27.533783938991412,143.39562619870227,,,,0.0,0.0,0
2023-11-27 13:30:00,Guindy,28.0,150,25.254672823818165,134.40182809407605,,,,0.0,0.0,0
2023-11-27 13:45:00,Tambaram,28.0,150,26.2759227859989,166.0731154396012,,,,0.0,0.0,0
2023-11-27 14:00:00,Tambaram,28.0,150,37.57819797439983,194.53364329431795,,,,0.0,0.0,0
2023-11-27 14:15:00,Guindy,28.0,150,33.44843298021728,94.33243009523125,,,,0.0,0.0,0
2023-11-27 14:30:00,Velachery,28.0,150,24.23395671285284,172.65854519833593,0.0,27.782550942557197,89.30988912787653,0.0,0.0,0
2023-11-27 14:45:00,Velachery,28.0,150,30.00498354214882,168.20975508202935,,,,0.0,0.0,0
2023-11-27 15:00:00,Adyar,28.0,150,31.238694372010073,175.1069452646513,,,,0.0,0.0,0
2023-11-27 15:15:00,T Nagar,28.0,150,35.506549166484206,171.00367440609395,,,,0.0,0.0,0
2023-11-27 15:30:00,Chromepet,28.0,150,24.111585589254037,116.30551724498324,,,,0.0,0.0,0
2023-11-27 15:45:00,T Nagar,28.0,150,34.76496379466501,134.488190417023,,,,0.0,0.0,0
2023-11-27 16:00:00,Guindy,28.0,150,30.72788800815737,157.6226243931164,,,,0.0,0.0,0
2023-11-27 16:15:00,Adyar,28.0,150,28.575555072967937,146.7559165713122,,,,0.0,0.0,0
2023-11-27 16:30:00,Adyar,28.0,150,38.852819251898495,156.9498405328848,,,,0.0,0.0,0
2023-11-27 16:45:00,Tambaram,28.0,150,34.4903830234258,132.91134406588915,0.0,26.332485833900357,64.38168219647575,0.0,0.0,0
2023-11-27 17:00:00,Tambaram,28.0,150,31.24612444797866,147.23791077616877,,,,0.0,0.0,0
2023-11-27 17:15:00,Tambaram,28.0,150,11.793065354232017,163.7738811312392,,,,0.0,0.0,0
2023-11-27 17:30:00,Velachery,28.0,150,28.115250997476707,155.16975731828714,,,,0.0,0.0,0
2023-11-27 17:45:00,Chromepet,28.0,150,32.62773279278116,146.4895837780149,,,,0.0,0.0,0
2023-11-27 18:00:00,Chromepet,28.0,150,31.83294354936465,162.8772227481961,,,,0.0,0.0,0
2023-11-27 18:15:00,Guindy,28.0,150,34.08579744940346,160.39348381387467,,,,0.0,0.0,0
2023-11-27 18:30:00,Guindy,28.0,150,38.753031694885415,129.30457537351717,0.0,26.803134439628426,57.75476281707409,0.0,0.0,0
2023-11-27 18:45:00,Adyar,28.0,150,30.576806696300967,120.90376450763299,,,,0.0,0.0,0
2023-11-27 19:00:00,Velachery,28.0,150,27.229147754821945,136.1867506608025,0.0,27.27539260492732,114.53674489394975,0.0,0.0,0
2023-11-27 19:15:00,Adyar,28.0,150,30.778260458531804,160.0512106501871,,,,0.0,0.0,0
2023-11-27 19:30:00,Chromepet,28.0,150,32.301822391367935,132.33526371280698,,,,0.0,0.0,0
2023-11-27 19:45:00,Adyar,28.0,150,23.185783565862327,150.88954263696365,,,,0.0,0.0,0
2023-11-27 20:00:00,Chromepet,28.0,150,31.83079675892136,151.33102756781096,,,,0.0,0.0,0
2023-11-27 20:15:00,Guindy,28.0,150,32.27956113954272,148.01845662437503,,,,0.0,0.0,0
2023-11-27 20:30:00,T Nagar,28.0,150,24.638557788433946,187.98875960877967,,,,0.0,0.0,0
2023-11-27 20:45:00,T Nagar,28.0,150,27.416662936509567,141.4075439001776,,,,0.0,0.0,0
2023-11-27 21:00:00,Adyar,28.0,150,18.234869628222448,142.7023401395769,,,,0.0,0.0,0
2023-11-27 21:15:00,Guindy,28.0,150,33.91168069204003,132.88714439375428,,,,0.0,0.0,0
2023-11-27 21:30:00,Tambaram,28.0,150,22.070652366458177,143.41165693761127,,,,0.0,0.0,0
2023-11-27 21:45:00,Velachery,28.0,150,31.230578212436427,134.7905991840289,,,,0.0,0.0,0
2023-11-27 22:00:00,Tambaram,28.0,150,30.630955838292305,163.66196878089204,,,,0.0,0.0,0
2023-11-27 22:15:00,Tambaram,28.0,150,22.759544375688787,158.93453503278414,,,,0.0,0.0,0
2023-11-27 22:30:00,T Nagar,28.0,150,29.97647490543346,128.40265812070106,,,,0.0,0.0,0
2023-11-27 22:45:00,Velachery,28.0,150,18.771615054116644,157.67433727157692,,,,0.0,0.0,0
2023-11-27 23:00:00,Velachery,28.0,150,24.910737463341988,149.73193629899808,0.0,27.25682324575758,93.06505714913493,0.0,0.0,0
2023-11-27 23:15:00,Guindy,28.0,150,16.75232178699202,140.459845295354,,,,0.0,0.0,0
2023-11-27 23:30:00,Tambaram,28.0,150,17.694738803887784,120.18425648088017,0.0,30.47682152551081,147.23252145666856,0.0,0.0,0
2023-11-27 23:45:00,Adyar,28.0,150,23.429934740855753,130.54983393595285,,,,0.0,0.0,0
2023-11-28 00:00:00,Chromepet,28.0,150,30.82603613441415,113.61320982571074,,,,0.0,0.0,0
2023-11-28 00:15:00,Velachery,28.0,150,22.36595853713414,128.26279352924615,,,,0.0,0.0,0
2023-11-28 00:30:00,Velachery,28.0,150,19.958791454504873,143.58580533962586,,,,0.0,0.0,0
2023-11-28 00:45:00,Chromepet,28.0,150,31.38883385435931,127.48320731154341,,,,0.0,0.0,0
2023-11-28 01:00:00,T Nagar,28.0,150,24.906721497338545,185.7626479973085,0.0,26.62467138200071,121.26316052434741,0.0,0.0,0
2023-11-28 01:15:00,T Nagar,28.0,150,22.562989023530186,145.456571035453,,,,0.0,0.0,0
2023-11-28 01:30:00,Chromepet,28.0,150,37.58049391651578,147.30498390514958,0.0,29.250206484064414,105.46161015927183,0.0,0.0,0
2023-11-28 01:45:00,Tambaram,28.0,150,32.69743827921326,142.71180554032242,,,,0.0,0.0,0
2023-11-28 02:00:00,Guindy,28.0,150,25.11596259628584,112.24562716284784,0.0,28.42136250639023,78.7083050972272,0.0,0.0,0
2023-11-28 02:15:00,Adyar,28.0,150,35.28061238171213,158.3329335393677,,,,0.0,0.0,0
2023-11-28 02:30:00,Velachery,28.0,150,32.05721361748656,173.03565866786357,0.0,30.07079090159833,91.47492743529864,0.0,0.0,0
2023-11-28 02:45:00,Guindy,28.0,150,32.790003614332186,164.98543228954406,,,,0.0,0.0,0
2023-11-28 03:00:00,Velachery,28.0,150,23.175653013333513,163.13253658034287,,,,0.0,0.0,0
2023-11-28 03:15:00,Adyar,28.0,150,28.424583951452245,165.64437117011852,0.0,30.69907276785605,59.17342091195794,0.0,0.0,0
2023-11-28 03:30:00,T Nagar,28.0,150,33.73031079814911,149.05729873317975,,,,0.0,0.0,0
2023-11-28 03:45:00,Chromepet,28.0,150,26.41375127347509,131.24872981477628,,,,0.0,0.0,0
2023-11-28 04:00:00,T Nagar,28.0,150,42.86530317735327,164.72214795640582,,,,0.0,0.0,1
2023-11-28 04:15:00,T Nagar,28.0,150,31.602585446181486,168.22343612464675,,,,0.0,0.0,0
2023-11-28 04:30:00,T Nagar,28.0,150,31.252211644119065,143.54648257136853,,,,0.0,0.0,0
2023-11-28 04:45:00,Chromepet,28.0,150,24.391158622934675,162.93426708020442,,,,0.0,0.0,0
2023-11-28 05:00:00,T Nagar,28.0,150,29.23388118637785,156.77384479971707,,,,0.0,0.0,0
2023-11-28 05:15:00,Chromepet,28.0,150,33.24715565986969,131.65093308491137,,,,0.0,0.0,0
2023-11-28 05:30:00,Adyar,28.0,150,26.135821406276243,156.65397055897486,,,,0.0,0.0,0
2023-11-28 05:45:00,Adyar,28.0,150,33.88995033775619,156.08568539293717,,,,0.0,0.0,0
2023-11-28 06:00:00,Chromepet,28.0,150,32.91931815525384,132.19027009130576,,,,0.0,0.0,0
2023-11-28 06:15:00,Tambaram,28.0,150,21.334550660065204,153.11060967120736,,,,0.0,0.0,0
2023-11-28 06:30:00,Tambaram,28.0,150,29.451250258955064,168.60833658127672,,,,0.0,0.0,0
2023-11-28 06:45:00,Tambaram,28.0,150,26.617533164820074,142.11385838218214,,,,0.0,0.0,0
2023-11-28 07:00:00,T Nagar,28.0,150,33.121393565941666,165.42795178198776,,,,0.0,0.0,0
2023-11-28 07:15:00,Adyar,28.0,150,29.1359033363519,154.0029054114388,,,,0.0,0.0,0
2023-11-28 07:30:00,T Nagar,28.0,150,33.05028519168178,181.91985625488346,,,,0.0,0.0,0
2023-11-28 07:45:00,Velachery,28.0,150,30.892614538203663,173.82089365149034,,,,0.0,0.0,0
2023-11-28 08:00:00,Adyar,28.0,150,27.80617232247426,127.6209014352704,,,,0.0,0.0,0
2023-11-28 08:15:00,Adyar,28.0,150,27.6380427924859,147.10516050620743,,,,0.0,0.0,0
2023-11-28 08:30:00,Chromepet,28.0,150,30.518952144856875,142.1692508422976,,,,0.0,0.0,0
2023-11-28 08:45:00,T Nagar,28.0,150,20.32494083811153,127.4419311653449,,,,0.0,0.0,0
2023-11-28 09:00:00,T Nagar,28.0,150,28.925706806540006,154.2293734260404,,,,0.0,0.0,0
2023-11-28 09:15:00,T Nagar,28.0,150,36.67984864312393,153.03133965288333,,,,0.0,0.0,0
2023-11-28 09:30:00,Velachery,28.0,150,28.855605306362566,174.0368964017813,,,,0.0,0.0,0
2023-11-28 09:45:00,Velachery,28.0,150,24.350499042959253,185.2741055554818,0.0,27.442267824619066,56.06957058964621,0.0,0.0,0
2023-11-28 10:00:00,Chromepet,28.0,150,24.776630460873417,153.45040308842457,,,,0.0,0.0,0
2023-11-28 10:15:00,Tambaram,28.0,150,30.30968446456315,145.85914366212037,,,,0.0,0.0,0
2023-11-28 10:30:00,Velachery,28.0,150,26.450240608205714,164.7055572278039,,,,0.0,0.0,0
2023-11-28 10:45:00,T Nagar,28.0,150,35.4364908598376,149.8062011359762,,,,0.0,0.0,0
2023-11-28 11:00:00,Tambaram,28.0,150,21.360226407654217,134.48432702019974,,,,0.0,0.0,0
2023-11-28 11:15:00,Guindy,28.0,150,29.741407855570177,127.86632277847396,,,,0.0,0.0,0
2023-11-28 11:30:00,Adyar,28.0,150,29.59066213866658,180.07492687418193,0.0,25.526695460891105,137.374198560306,0.0,0.0,0
2023-11-28 11:45:00,Adyar,28.0,150,24.108145796139986,150.58706795063358,,,,0.0,0.0,0
2023-11-28 12:00:00,T Nagar,28.0,150,29.9342678226132,171.76964025186564,,,,0.0,0.0,0
2023-11-28 12:15:00,Tambaram,28.0,150,37.44786365508958,148.25729781966146,,,,0.0,0.0,0
2023-11-28 12:30:00,T Nagar,28.0,150,33.13918478851294,135.4471128822055,,,,0.0,0.0,0
2023-11-28 12:45:00,Guindy,28.0,150,28.469443231792102,149.16377121308602,,,,0.0,0.0,0
2023-11-28 13:00:00,T Nagar,28.0,150,36.55187789556324,149.79575985501413,,,,0.0,0.0,0
2023-11-28 13:15:00,Chromepet,28.0,150,21.51358655576464,190.73192502919855,,,,0.0,0.0,0
2023-11-28 13:30:00,T Nagar,28.0,150,40.19136899500435,162.94395860449148,,,,0.0,0.0,0
2023-11-28 13:45:00,Chromepet,28.0,150,23.131166027590055,155.09720162722633,,,,0.0,0.0,0
2023-11-28 14:00:00,Velachery,28.0,150,27.7387981590335,138.15182009440323,,,,0.0,0.0,0
2023-11-28 14:15:00,Tambaram,28.0,150,25.44756772966828,148.947979035373,,,,0.0,0.0,0
2023-11-28 14:30:00,Guindy,28.0,150,26.04113996143515,153.00059197081285,,,,0.0,0.0,0
2023-11-28 14:45:00,Velachery,28.0,150,31.585072231020483,132.34252719283106,0.0,31.440242170541442,132.28982528339446,0.0,0.0,0
2023-11-28 15:00:00,Chromepet,28.0,150,29.48831056070482,158.09522609288058,,,,0.0,0.0,0
2023-11-28 15:15:00,Tambaram,28.0,150,18.63910408344718,154.56162230066118,,,,0.0,0.0,0
2023-11-28 15:30:00,Velachery,28.0,150,34.38051073212715,160.14937581423624,,,,0.0,0.0,0
2023-11-28 15:45:00,Chromepet,28.0,150,27.899753602784546,163.73130328433407,0.0,27.211712187704826,81.76940207392016,0.0,0.0,0
2023-11-28 16:00:00,T Nagar,28.0,150,40.2182219649577,179.0605707154064,,,,0.0,0.0,0
2023-11-28 16:15:00,Adyar,28.0,150,25.21953389558168,141.76471082080388,,,,0.0,0.0,0
2023-11-28 16:30:00,Chromepet,28.0,150,26.056564923202632,150.43542911156274,,,,0.0,0.0,0
2023-11-28 16:45:00,T Nagar,28.0,150,23.844921928064945,122.18946085479195,,,,0.0,0.0,0
2023-11-28 17:00:00,Chromepet,28.0,150,31.848594994169762,138.08658823228902,,,,1.0,0.0,0
2023-11-28 17:15:00,Velachery,28.0,150,29.733923566266466,165.1821173136539,,,,0.0,0.0,0
2023-11-28 17:30:00,Velachery,28.0,150,36.463170514037266,167.73292266998655,0.0,27.31503520700281,111.29885463674671,0.0,0.0,0
2023-11-28 17:45:00,Guindy,28.0,150,24.545988216938778,130.3126476111165,,,,0.0,0.0,0
2023-11-28 18:00:00,Adyar,28.0,150,31.19574224662849,162.06654287673342,,,,0.0,0.0,0
2023-11-28 18:15:00,Chromepet,28.0,150,25.649819482924382,144.57130334944412,,,,0.0,0.0,0
2023-11-28 18:30:00,Guindy,28.0,150,26.883027868943515,123.97385528574662,0.0,29.931435736919546,111.56156502315169,0.0,0.0,0
2023-11-28 18:45:00,T Nagar,28.0,150,25.904059075462577,186.3125576630849,,,,0.0,0.0,0
2023-11-28 19:00:00,Adyar,28.0,150,26.85147034939356,124.00947719914612,,,,0.0,0.0,0
2023-11-28 19:15:00,T Nagar,28.0,150,24.1135742609854,169.33246167980388,,,,0.0,0.0,0
2023-11-28 19:30:00,Guindy,28.0,150,18.808928174156616,158.35907526054012,0.0,27.723457515781295,141.08750944092668,0.0,0.0,0
2023-11-28 19:45:00,Tambaram,28.0,150,33.344639811421104,141.42231235146878,,,,0.0,0.0,0
2023-11-28 20:00:00,Adyar,28.0,150,31.321269699568667,140.97091833486766,,,,0.0,0.0,0
2023-11-28 20:15:00,Adyar,28.0,150,31.287481347013944,142.8783624880671,,,,0.0,0.0,0
2023-11-28 20:30:00,T Nagar,28.0,150,36.68756918551522,122.3763796886011,,,,0.0,0.0,0
2023-11-28 20:45:00,Guindy,28.0,150,25.076959492141864,158.6275794492627,,,,0.0,0.0,0
2023-11-28 21:00:00,Adyar,28.0,150,27.11940851730966,165.458124118889,,,,0.0,0.0,0
2023-11-28 21:15:00,Velachery,28.0,150,34.74170736320578,148.8681283440389,,,,0.0,0.0,0
2023-11-28 21:30:00,Guindy,28.0,150,26.782715751835607,177.15276391803238,,,,0.0,0.0,0
2023-11-28 21:45:00,Chromepet,28.0,150,30.504610261671747,143.3039431349091,,,,0.0,0.0,0
2023-11-28 22:00:00,T Nagar,28.0,150,19.692516055724504,157.70927330869057,0.0,28.273043423886634,103.86050169555959,0.0,0.0,0
2023-11-28 22:15:00,Adyar,28.0,150,21.232611150098148,153.0592002837769,,,,0.0,0.0,0
2023-11-28 22:30:00,Tambaram,28.0,150,30.746493071581455,164.08356210331064,,,,0.0,0.0,0
2023-11-28 22:45:00,Chromepet,28.0,150,17.902060758816543,151.95373538833655,,,,0.0,0.0,0
2023-11-28 23:00:00,Chromepet,28.0,150,33.54422981778009,154.5589290332751,,,,0.0,0.0,0
2023-11-28 23:15:00,Chromepet,28.0,150,20.22538352375573,150.5835527865611,,,,0.0,0.0,0
2023-11-28 23:30:00,Guindy,28.0,150,18.9344687944849,169.06672751542666,,,,0.0,0.0,0
2023-11-28 23:45:00,T Nagar,28.0,150,30.135323349156284,170.0972875965965,,,,0.0,0.0,0
2023-11-29 00:00:00,Tambaram,28.0,150,31.325273068000527,142.58029577143262,0.0,25.26738666517487,113.77190030149899,0.0,0.0,0
2023-11-29 00:15:00,Tambaram,28.0,150,30.946217962149973,171.99495025384442,,,,0.0,0.0,0
2023-11-29 00:30:00,Tambaram,28.0,150,22.070482867553462,139.89421312823947,,,,0.0,0.0,0
2023-11-29 00:45:00,Velachery,28.0,150,20.6419642998836,167.8337252975998,,,,0.0,0.0,0
2023-11-29 01:00:00,Adyar,28.0,150,21.82271903565641,124.78685206098675,,,,0.0,0.0,0
2023-11-29 01:15:00,T Nagar,28.0,150,30.995214298362683,118.99137472966709,,,,0.0,0.0,0
2023-11-29 01:30:00,Chromepet,28.0,150,26.683455830757005,152.44557452486322,,,,0.0,0.0,0
2023-11-29 01:45:00,Tambaram,28.0,150,32.388903660940656,155.99599252854216,,,,0.0,0.0,0
2023-11-29 02:00:00,Chromepet,28.0,150,16.01780753449186,172.18753971490452,,,,0.0,0.0,0
2023-11-29 02:15:00,Chromepet,28.0,150,33.44710185784227,166.49499069279562,,,,0.0,0.0,0
2023-11-29 02:30:00,Adyar,28.0,150,33.7252604618084,162.52573895522966,,,,0.0,0.0,0
2023-11-29 02:45:00,Guindy,28.0,150,24.42307369425374,145.5588739113103,,,,0.0,0.0,0
2023-11-29 03:00:00,Chromepet,28.0,150,21.06822267715434,154.5865251852545,0.0,25.021959665038132,124.29513304539627,0.0,0.0,0
2023-11-29 03:15:00,Velachery,28.0,150,29.932221923030834,185.28563135441857,,,,0.0,0.0,0
2023-11-29 03:30:00,Guindy,28.0,150,34.024117794938675,131.84689091002488,,,,0.0,0.0,0
2023-11-29 03:45:00,Adyar,28.0,150,28.573717028054123,183.30165305639474,,,,0.0,0.0,0
2023-11-29 04:00:00,Tambaram,28.0,150,22.09237934702604,150.11274427854096,,,,0.0,0.0,0
2023-11-29 04:15:00,Chromepet,28.0,150,24.658641349767716,148.07934412141924,,,,0.0,0.0,0
2023-11-29 04:30:00,Guindy,28.0,150,31.226401135661348,126.02188809319492,,,,0.0,0.0,0
2023-11-29 04:45:00,Velachery,28.0,150,28.37794022455263,132.57863523889466,,,,0.0,0.0,0
2023-11-29 05:00:00,Adyar,28.0,150,16.20175592205441,162.430124738778,,,,0.0,0.0,0
2023-11-29 05:15:00,Velachery,28.0,150,37.856698035917596,133.4668635743251,,,,0.0,0.0,0
2023-11-29 05:30:00,Velachery,28.0,150,20.670556334476665,146.37527310750212,,,,0.0,0.0,0
2023-11-29 05:45:00,T Nagar,28.0,150,29.193032822278315,159.8169828725452,0.0,25.09585590483035,75.29628016817594,0.0,0.0,0
2023-11-29 06:00:00,Chromepet,28.0,150,26.679926806656503,146.32748996545362,,,,0.0,0.0,0
2023-11-29 06:15:00,Chromepet,28.0,150,28.59586536020506,146.3268995122107,,,,0.0,0.0,0
2023-11-29 06:30:00,Chromepet,28.0,150,31.9056564800279,113.97560449709619,,,,0.0,0.0,0
2023-11-29 06:45:00,Adyar,28.0,150,27.604953615614523,123.36771455601578,,,,0.0,0.0,0
2023-11-29 07:00:00,Guindy,28.0,150,31.05090929513296,124.12796509201291,0.0,25.420915512881855,148.08386322269274,0.0,0.0,0
2023-11-29 07:15:00,T Nagar,28.0,150,35.636455968905146,165.80947953540652,,,,0.0,0.0,0
2023-11-29 07:30:00,Chromepet,28.0,150,38.68301207398751,167.80184609433414,0.0,29.764918919552084,50.144436734291006,0.0,0.0,0
2023-11-29 07:45:00,Velachery,28.0,150,27.724265346583238,110.941070255205,,,,0.0,0.0,0
2023-11-29 08:00:00,Tambaram,28.0,150,28.49964114696596,155.15477455816819,,,,0.0,0.0,0
2023-11-29 08:15:00,Guindy,28.0,150,23.39379455481983,142.2611901356705,,,,0.0,0.0,0
2023-11-29 08:30:00,Chromepet,28.0,150,28.052267084148426,166.3336696154966,0.0,28.132538431910774,120.965681229422,0.0,0.0,0
2023-11-29 08:45:00,Tambaram,28.0,150,31.721038745604986,149.30434475854724,,,,0.0,0.0,0
2023-11-29 09:00:00,Adyar,28.0,150,30.19511937169004,145.3905753019018,,,,0.0,0.0,0
2023-11-29 09:15:00,Chromepet,28.0,150,27.334254331137405,161.79016146282024,0.0,25.10704116420073,140.85379272209343,0.0,0.0,0
2023-11-29 09:30:00,T Nagar,28.0,150,35.051584759588636,140.80858250905607,,,,0.0,0.0,0
2023-11-29 09:45:00,Chromepet,28.0,150,31.85284326241302,138.1479148675249,,,,0.0,0.0,0
2023-11-29 10:00:00,Adyar,28.0,150,20.380657908315847,162.3858661649043,,,,0.0,0.0,0
2023-11-29 10:15:00,T Nagar,28.0,150,33.23473462082076,136.57913118043487,,,,0.0,0.0,0
2023-11-29 10:30:00,T Nagar,28.0,150,27.60791054310276,154.46033628570066,,,,0.0,0.0,0
2023-11-29 10:45:00,Tambaram,28.0,150,26.980707076344046,123.40137561097383,,,,0.0,0.0,0
2023-11-29 11:00:00,Chromepet,28.0,150,27.95993286328789,150.09661028944316,,,,0.0,0.0,0
2023-11-29 11:15:00,Velachery,28.0,150,30.897467915866887,127.63698020993316,,,,0.0,0.0,0
2023-11-29 11:30:00,Tambaram,28.0,150,31.40740996730031,122.37659469210415,,,,0.0,0.0,0
2023-11-29 11:45:00,Velachery,28.0,150,29.527419157812407,160.4592899906998,,,,0.0,0.0,0
2023-11-29 12:00:00,Chromepet,28.0,150,25.739203004765166,150.7376999717378,,,,0.0,0.0,0
2023-11-29 12:15:00,T Nagar,28.0,150,33.7668575137342,139.6359955699489,,,,0.0,0.0,0
2023-11-29 12:30:00,Guindy,28.0,150,31.84212587045448,129.91372771515228,,,,0.0,0.0,0
2023-11-29 12:45:00,Adyar,28.0,150,29.285002000685186,174.71053879386847,,,,0.0,0.0,0
2023-11-29 13:00:00,T Nagar,28.0,150,18.02771107507687,132.03586293894918,0.0,31.5675637328754,60.360294773476184,0.0,0.0,0
2023-11-29 13:15:00,T Nagar,28.0,150,41.83429767877411,174.2744867120337,,,,0.0,0.0,0
2023-11-29 13:30:00,Adyar,28.0,150,27.565522132405906,172.089822802747,,,,0.0,0.0,0
2023-11-29 13:45:00,T Nagar,28.0,150,24.869931559671944,152.3591938991406,1.7179566515321232,27.626063817147415,96.91195779967356,0.0,0.0,0
2023-11-29 14:00:00,Velachery,28.0,150,26.565902810461314,149.758317178527,,,,0.0,0.0,0
2023-11-29 14:15:00,T Nagar,28.0,150,26.574128881457383,153.39774698514566,,,,0.0,0.0,0
2023-11-29 14:30:00,Guindy,28.0,150,26.995813918490008,128.7041535192297,0.0,28.446309678670467,100.7308366278364,0.0,0.0,0
2023-11-29 14:45:00,T Nagar,28.0,150,31.734226418045854,179.61073754436234,,,,0.0,0.0,0
2023-11-29 15:00:00,Velachery,28.0,150,37.196681324073346,138.89306473057064,0.0,30.14227715276619,68.17006439920272,0.0,0.0,0
2023-11-29 15:15:00,Velachery,28.0,150,38.78196818936447,167.84631416184047,,,,0.0,0.0,0
2023-11-29 15:30:00,T Nagar,28.0,150,20.339137975510205,167.7374552576391,,,,0.0,0.0,0
2023-11-29 15:45:00,T Nagar,28.0,150,30.824924665917816,104.84330185626743,,,,0.0,0.0,0
2023-11-29 16:00:00,Chromepet,28.0,150,21.1056369247246,138.79360551823729,,,,0.0,0.0,0
2023-11-29 16:15:00,Guindy,28.0,150,29.315665058514995,146.46784257792385,,,,0.0,0.0,0
2023-11-29 16:30:00,Adyar,28.0,150,29.473335051787313,117.37824782190758,,,,0.0,0.0,0
2023-11-29 16:45:00,Guindy,28.0,150,33.27394832653175,134.35903894027527,,,,0.0,0.0,0
2023-11-29 17:00:00,Velachery,28.0,150,33.62043850282757,125.42420486966438,,,,0.0,0.0,0
2023-11-29 17:15:00,Adyar,28.0,150,32.78107668013791,167.96933202896506,,,,0.0,0.0,0
2023-11-29 17:30:00,Tambaram,28.0,150,27.162892121538018,124.12106704467551,,,,0.0,0.0,0
2023-11-29 17:45:00,Guindy,28.0,150,30.807707836037167,177.9781038578529,,,,0.0,0.0,0
2023-11-29 18:00:00,Guindy,28.0,150,30.55468036423694,120.05005046452192,0.0,30.522676218890563,107.4568077393472,0.0,0.0,0
2023-11-29 18:15:00,Tambaram,28.0,150,19.84202517544395,137.6329614849126,,,,0.0,0.0,0
2023-11-29 18:30:00,Guindy,28.0,150,30.792920805435635,124.47188624723483,0.0,29.995044856265494,129.2533415264131,0.0,0.0,0
2023-11-29 18:45:00,Tambaram,28.0,150,23.02397972056312,157.81630254988394,0.0,31.664853249680203,113.42713654570262,0.0,0.0,0
2023-11-29 19:00:00,Velachery,28.0,150,29.989003105203704,161.8375181981427,,,,0.0,0.0,0
2023-11-29 19:15:00,Chromepet,28.0,150,32.201768968420424,115.09030609089207,,,,0.0,0.0,0
2023-11-29 19:30:00,Chromepet,28.0,150,39.89851930019465,123.63195854552973,0.0,26.580146237926172,61.99710881530393,0.0,0.0,0
2023-11-29 19:45:00,Adyar,28.0,150,24.402803566975827,162.35229161045174,,,,0.0,0.0,0
2023-11-29 20:00:00,Guindy,28.0,150,23.769945478271733,151.75320683499285,,,,0.0,0.0,0
2023-11-29 20:15:00,Chromepet,28.0,150,38.964924031555945,126.7588138830133,,,,0.0,0.0,0
2023-11-29 20:30:00,T Nagar,28.0,150,27.530667301386597,156.33987090259106,,,,0.0,0.0,0
2023-11-29 20:45:00,T Nagar,28.0,150,30.718037932280662,127.61602477679688,,,,0.0,0.0,0
2023-11-29 21:00:00,Tambaram,28.0,150,30.777695413221032,134.78155450880192,,,,0.0,0.0,0
2023-11-29 21:15:00,T Nagar,28.0,150,26.655496133090768,189.16068000893176,,,,0.0,0.0,0
2023-11-29 21:30:00,Velachery,28.0,150,20.598553034168603,167.16303954049636,,,,0.0,0.0,0
2023-11-29 21:45:00,Adyar,28.0,150,26.457685413031076,140.2482585147679,,,,0.0,0.0,0
2023-11-29 22:00:00,Chromepet,28.0,150,25.890498497902065,156.2875667827616,,,,0.0,0.0,0
2023-11-29 22:15:00,T Nagar,28.0,150,35.88814028938553,121.51713457900256,,,,0.0,0.0,0
2023-11-29 22:30:00,Chromepet,28.0,150,25.67020805273619,133.18046000814198,,,,0.0,0.0,0
2023-11-29 22:45:00,Velachery,28.0,150,29.637412504118966,129.02277747673475,,,,0.0,0.0,0
2023-11-29 23:00:00,T Nagar,28.0,150,27.92862769985563,163.27307428661828,0.0,26.94087830436032,139.01647941094365,0.0,0.0,0
2023-11-29 23:15:00,Velachery,28.0,150,23.204627473325434,150.1648672897596,,,,0.0,0.0,0
2023-11-29 23:30:00,Adyar,28.0,150,18.130829403515158,163.01172205165892,,,,0.0,0.0,0
2023-11-29 23:45:00,Velachery,28.0,150,31.08221929848457,156.2747966645034,,,,0.0,0.0,0
2023-11-30 00:00:00,Guindy,28.0,150,30.69849075158,133.36042137161087,,,,0.0,0.0,0
2023-11-30 00:15:00,Adyar,28.0,150,25.316199355493506,147.15338528108927,,,,0.0,0.0,0
2023-11-30 00:30:00,Tambaram,28.0,150,26.78996892970264,147.9192520232148,,,,0.0,0.0,0
2023-11-30 00:45:00,Chromepet,28.0,150,32.452681290711254,141.96158201909984,,,,0.0,0.0,0
2023-11-30 01:00:00,Guindy,28.0,150,25.828331426528614,138.42612668207445,,,,0.0,0.0,0
2023-11-30 01:15:00,Chromepet,28.0,150,30.285217917072025,111.22044046318442,,,,0.0,0.0,0
2023-11-30 01:30:00,Tambaram,28.0,150,27.041735056075055,133.5027049731081,,,,0.0,0.0,0
2023-11-30 01:45:00,Chromepet,28.0,150,29.004148893156056,138.05003687180886,,,,0.0,0.0,0
2023-11-30 02:00:00,Velachery,28.0,150,21.584631463167867,176.92200941858792,,,,0.0,0.0,0
2023-11-30 02:15:00,T Nagar,28.0,150,33.79839854707903,175.98598170505505,,,,0.0,0.0,0
2023-11-30 02:30:00,T Nagar,28.0,150,34.26444824273659,154.23555496748142,,,,0.0,0.0,0
2023-11-30 02:45:00,Guindy,28.0,150,32.914721297336854,154.9838107031744,,,,0.0,0.0,0
2023-11-30 03:00:00,Velachery,28.0,150,21.823865348706583,119.50488384167183,0.0,27.773941836924195,141.45573703099092,0.0,0.0,0
2023-11-30 03:15:00,Adyar,28.0,150,29.20989727356623,152.47814428409706,,,,0.0,0.0,0
2023-11-30 03:30:00,Adyar,28.0,150,28.748066291312234,139.86120676752648,0.0,29.053435235924237,91.4275817263326,0.0,0.0,0
2023-11-30 03:45:00,T Nagar,28.0,150,22.961400136971104,159.28672369476297,,,,0.0,0.0,0
2023-11-30 04:00:00,Chromepet,28.0,150,35.3128726278547,148.89405845230158,,,,0.0,0.0,0
2023-11-30 04:15:00,Velachery,28.0,150,24.705605230623952,122.70120569095485,,,,0.0,0.0,0
2023-11-30 04:30:00,Velachery,28.0,150,22.562580492619297,170.91095472755853,,,,0.0,0.0,0
2023-11-30 04:45:00,Velachery,28.0,150,16.257330670806894,134.19050938755478,,,,0.0,0.0,0
2023-11-30 05:00:00,Tambaram,28.0,150,36.421102213379996,178.8648048489155,0.0,28.25964310373743,88.00084166338405,0.0,0.0,0
2023-11-30 05:15:00,Guindy,28.0,150,40.601103387637856,164.98190420056565,,,,0.0,0.0,0
2023-11-30 05:30:00,Velachery,28.0,150,31.414876541479842,137.24495564084532,,,,0.0,0.0,0
2023-11-30 05:45:00,Guindy,28.0,150,24.798106976081716,138.0679858226051,,,,0.0,0.0,0
2023-11-30 06:00:00,Guindy,28.0,150,34.69940000285446,163.15499076618053,,,,0.0,0.0,0
2023-11-30 06:15:00,Adyar,28.0,150,24.311838212373356,171.50629250477,,,,0.0,0.0,0
2023-11-30 06:30:00,Tambaram,28.0,150,35.45300869727658,131.705592101344,,,,0.0,0.0,0
2023-11-30 06:45:00,Chromepet,28.0,150,21.279805285938743,160.59616398544173,,,,0.0,0.0,0
2023-11-30 07:00:00,Guindy,28.0,150,32.09048265264932,152.1993707578049,0.0,28.48952895021271,143.26439099727315,0.0,0.0,0
2023-11-30 07:15:00,T Nagar,28.0,150,25.771287455000845,163.96212696290732,,,,0.0,0.0,0
2023-11-30 07:30:00,T Nagar,28.0,150,28.16593880742481,167.8187738619401,0.0,27.697562487725804,127.94948520327875,0.0,0.0,0
2023-11-30 07:45:00,T Nagar,28.0,150,28.263152980062355,143.46522846475796,,,,0.0,0.0,0
2023-11-30 08:00:00,Adyar,28.0,150,26.67945890307006,113.01262341899982,,,,0.0,0.0,0
2023-11-30 08:15:00,Tambaram,28.0,150,26.73732349016667,152.31966718842085,0.0,28.965955169152146,119.0914407806917,0.0,0.0,0
2023-11-30 08:30:00,Chromepet,28.0,150,26.88738513478217,209.65765658755942,,,,0.0,0.0,0
2023-11-30 08:45:00,Guindy,28.0,150,27.279905993590475,160.88993725348112,0.0,31.750180783799493,82.174390444969,0.0,0.0,0
2023-11-30 09:00:00,Chromepet,28.0,150,35.05999461209274,117.53909258115874,0.39454371700227586,30.626480864457452,51.15778763009607,0.0,0.0,0
2023-11-30 09:15:00,Tambaram,28.0,150,28.008183153930972,171.98060171661484,,,,0.0,0.0,0
2023-11-30 09:30:00,T Nagar,28.0,150,32.99927132142779,148.72686741115723,,,,0.0,0.0,0
2023-11-30 09:45:00,Chromepet,28.0,150,35.86187080185081,133.88702737580974,0.0,31.983122964109846,90.58952197446932,0.0,0.0,0
2023-11-30 10:00:00,Tambaram,28.0,150,30.540761674639796,140.26739298333925,0.0,27.834945447971034,61.84864335625325,0.0,0.0,0
2023-11-30 10:15:00,Chromepet,28.0,150,28.594509796248158,160.55268798656112,,,,0.0,0.0,0
2023-11-30 10:30:00,T Nagar,28.0,150,36.988217359523176,144.26413644235953,1.4797426939643352,26.878261188870702,74.32627441925577,0.0,0.0,0
2023-11-30 10:45:00,Guindy,28.0,150,27.316974331957088,132.0003274030154,,,,0.0,0.0,0
2023-11-30 11:00:00,T Nagar,28.0,150,24.705057529003426,145.37915239902335,,,,0.0,0.0,0
2023-11-30 11:15:00,Tambaram,28.0,150,21.78978320473764,125.95155612662256,,,,0.0,0.0,0
2023-11-30 11:30:00,Velachery,28.0,150,22.97493555033797,168.95277821456483,,,,0.0,0.0,0
2023-11-30 11:45:00,Tambaram,28.0,150,32.13993921277712,119.25445889808927,,,,0.0,0.0,0
2023-11-30 12:00:00,Guindy,28.0,150,30.405957934867736,165.1495447574039,0.0,27.200226395543048,98.49023852488338,0.0,0.0,0
2023-11-30 12:15:00,T Nagar,28.0,150,31.50012912998672,151.19861839748708,0.0,31.02975676832038,115.5474378880122,0.0,0.0,0
2023-11-30 12:30:00,T Nagar,28.0,150,19.921682096400446,137.16057901204732,,,,0.0,0.0,0
2023-11-30 12:45:00,Velachery,28.0,150,22.000956387156354,111.15643735929054,,,,0.0,0.0,0
2023-11-30 13:00:00,Guindy,28.0,150,32.584302730799074,158.08260539011508,,,,0.0,0.0,0
2023-11-30 13:15:00,Guindy,28.0,150,32.30570702211351,173.66402524266744,,,,0.0,0.0,0
2023-11-30 13:30:00,Guindy,28.0,150,31.35825244827286,172.9475759614789,,,,0.0,0.0,0
2023-11-30 13:45:00,Tambaram,28.0,150,27.968024876092123,158.51641192163186,,,,0.0,0.0,0
2023-11-30 14:00:00,T Nagar,28.0,150,29.368791241304613,140.64563074192367,,,,0.0,0.0,0
2023-11-30 14:15:00,T Nagar,28.0,150,26.615307160516213,150.07176308656477,,,,0.0,0.0,0
2023-11-30 14:30:00,Chromepet,28.0,150,31.747449901297877,151.64011620503294,,,,0.0,0.0,0
2023-11-30 14:45:00,T Nagar,28.0,150,31.212736503820285,133.67116326184694,0.7904426565109653,27.76549558689602,57.95254624046552,0.0,0.0,0
2023-11-30 15:00:00,T Nagar,28.0,150,29.153326598530043,168.52233605792907,0.0,25.008308181889348,88.0952712680463,0.0,0.0,0
2023-11-30 15:15:00,Chromepet,28.0,150,26.682757997334296,164.8173654924423,,,,0.0,0.0,0
2023-11-30 15:30:00,Tambaram,28.0,150,22.87736570917084,110.43215421243329,,,,0.0,0.0,0
2023-11-30 15:45:00,Guindy,28.0,150,28.614959494724612,136.49184010498936,,,,0.0,0.0,0
2023-11-30 16:00:00,T Nagar,28.0,150,28.554759387083802,156.36333756567464,,,,0.0,0.0,0
2023-11-30 16:15:00,Chromepet,28.0,150,28.465055474194568,134.27661470518177,,,,0.0,0.0,0
2023-11-30 16:30:00,Tambaram,28.0,150,30.10722766631224,143.07223297491115,0.0,28.795278729469906,59.77836371248023,0.0,0.0,0
2023-11-30 16:45:00,Tambaram,28.0,150,33.76328452645395,148.52713865196102,0.0,30.080256781773866,116.60483333051455,0.0,0.0,0
2023-11-30 17:00:00,T Nagar,28.0,150,21.941707313047246,135.20766722912555,,,,0.0,0.0,0
2023-11-30 17:15:00,Velachery,28.0,150,26.33837723695947,172.350238467339,0.0,30.9171619712575,76.24377811604879,0.0,0.0,0
2023-11-30 17:30:00,Adyar,28.0,150,27.144473091305606,132.3973147352299,,,,0.0,0.0,0
2023-11-30 17:45:00,Chromepet,28.0,150,31.891828021343265,148.64222213640818,0.0,27.767959155913715,80.98782554852414,0.0,0.0,0
2023-11-30 18:00:00,Guindy,28.0,150,40.97727501431537,118.5986190452906,0.6905472652991087,25.99870132257028,81.40837926839566,0.0,0.0,0
2023-11-30 18:15:00,Tambaram,28.0,150,30.928713931787428,131.389037310479,,,,0.0,0.0,0
2023-11-30 18:30:00,T Nagar,28.0,150,17.033449505774463,159.6879699718743,,,,0.0,0.0,0
2023-11-30 18:45:00,Adyar,28.0,150,27.85600291643315,144.55702596405024,,,,0.0,0.0,0
2023-11-30 19:00:00,Velachery,28.0,150,19.60956617151365,140.1728009859942,,,,0.0,0.0,0
2023-11-30 19:15:00,Chromepet,28.0,150,27.141088033746534,165.7269869441895,0.0,29.70350439328621,144.7134420210498,0.0,0.0,0
2023-11-30 19:30:00,Adyar,28.0,150,23.55897375676843,122.34882108820729,,,,0.0,0.0,0
2023-11-30 19:45:00,Tambaram,28.0,150,32.67504353739747,152.74286118943402,,,,0.0,0.0,0
2023-11-30 20:00:00,Adyar,28.0,150,29.44845468214112,175.18967111201061,,,,0.0,0.0,0
2023-11-30 20:15:00,Tambaram,28.0,150,29.188380182372576,154.45618157229802,,,,0.0,0.0,0
2023-11-30 20:30:00,Tambaram,28.0,150,36.21412608408625,130.32888413076017,0.0,27.339072274311476,128.68949970099368,0.0,0.0,0
2023-11-30 20:45:00,Guindy,28.0,150,24.930308223171107,123.29346976642161,,,,0.0,0.0,0
2023-11-30 21:00:00,Guindy,28.0,150,16.242453627659643,139.53075047503995,0.0,26.99121408693123,50.86811022097007,0.0,0.0,0
2023-11-30 21:15:00,Guindy,28.0,150,36.92445016497723,162.62416625313,,,,0.0,0.0,0
2023-11-30 21:30:00,Guindy,28.0,150,33.332585808248766,162.74695569601903,,,,0.0,0.0,0
2023-11-30 21:45:00,Velachery,28.0,150,24.92059501222862,164.83348903956409,,,,0.0,0.0,0
2023-11-30 22:00:00,T Nagar,28.0,150,14.628823193715455,167.30001770886813,,,,0.0,0.0,0
2023-11-30 22:15:00,Tambaram,28.0,150,24.61409888712088,117.65626069426253,,,,0.0,0.0,0
2023-11-30 22:30:00,Tambaram,28.0,150,33.541828982355106,172.40449615952986,,,,0.0,0.0,0
2023-11-30 22:45:00,Tambaram,28.0,150,29.718523960739947,142.3175417156915,,,,0.0,0.0,0
2023-11-30 23:00:00,Chromepet,28.0,150,29.04653823679392,157.74676964096994,0.0,30.74759362575132,138.52084805100654,0.0,0.0,0
2023-11-30 23:15:00,Velachery,28.0,150,37.345921494464726,186.5245088497153,,,,0.0,0.0,0
2023-11-30 23:30:00,Tambaram,28.0,150,20.48473366339091,102.6974092300423,,,,0.0,0.0,0
2023-11-30 23:45:00,Velachery,28.0,150,30.312356826135982,140.86537614718628,,,,0.0,0.0,0
2023-12-01 00:00:00,Tambaram,28.0,150,25.935057805663643,163.28195387079478,0.0,27.342823743639613,146.20901995095542,0.0,0.0,0
2023-12-01 00:15:00,Adyar,28.0,150,30.507093333597027,152.7213857155459,,,,0.0,0.0,0
2023-12-01 00:30:00,T Nagar,28.0,150,26.80947529160536,166.24988891911943,,,,0.0,0.0,0
2023-12-01 00:45:00,Velachery,28.0,150,35.82050148749342,145.66839912632594,,,,0.0,0.0,0
2023-12-01 01:00:00,Tambaram,28.0,150,35.56396774427864,150.72570194714316,,,,0.0,0.0,0
2023-12-01 01:15:00,T Nagar,28.0,150,31.72982114922999,132.48791020641764,,,,0.0,0.0,0
2023-12-01 01:30:00,T Nagar,28.0,150,34.47739070604905,167.68447319022303,,,,0.0,0.0,0
2023-12-01 01:45:00,T Nagar,28.0,150,29.417348045827936,118.2638427991393,,,,0.0,0.0,0
2023-12-01 02:00:00,Velachery,28.0,150,16.72183864929317,145.3414538823238,,,,0.0,0.0,0
2023-12-01 02:15:00,T Nagar,28.0,150,28.238510181499763,133.13291041099677,,,,0.0,0.0,0
2023-12-01 02:30:00,Adyar,28.0,150,32.66269952769205,119.89843995960732,,,,0.0,0.0,0
2023-12-01 02:45:00,Adyar,28.0,150,31.40779501520733,178.89251574199892,,,,0.0,0.0,0
2023-12-01 03:00:00,Tambaram,28.0,150,26.75509314023281,123.83217593707298,,,,0.0,0.0,0
2023-12-01 03:15:00,T Nagar,28.0,150,28.224872130063414,119.2064969124902,,,,0.0,0.0,0
2023-12-01 03:30:00,Adyar,28.0,150,34.7842713930731,177.04391167385688,,,,0.0,0.0,0
2023-12-01 03:45:00,Guindy,28.0,150,31.74143439631153,143.79006803497964,,,,0.0,0.0,0
2023-12-01 04:00:00,Adyar,28.0,150,29.22000879823232,143.2806188188901,,,,0.0,0.0,0
2023-12-01 04:15:00,T Nagar,28.0,150,29.432480332627932,158.5358846496572,0.0,27.32441282413361,91.88595852813538,0.0,0.0,0
2023-12-01 04:30:00,Guindy,28.0,150,26.814880996586975,163.70152834172995,,,,0.0,0.0,0
2023-12-01 04:45:00,Tambaram,28.0,150,27.180341477168152,164.0212280340211,,,,0.0,0.0,0
2023-12-01 05:00:00,Adyar,28.0,150,24.260810953193467,160.69548951004109,,,,0.0,0.0,0
2023-12-01 05:15:00,Velachery,28.0,150,24.605236794431114,143.44742767602838,,,,0.0,0.0,0
2023-12-01 05:30:00,T Nagar,28.0,150,37.093027468227106,136.6982126140675,,,,0.0,0.0,0
2023-12-01 05:45:00,Adyar,28.0,150,43.442282588309524,159.99533683851638,,,,0.0,0.0,1
2023-12-01 06:00:00,Guindy,28.0,150,33.58244757919887,145.0361025780756,,,,0.0,0.0,0
2023-12-01 06:15:00,Adyar,28.0,150,31.695490471803833,143.90844616901893,,,,0.0,0.0,0
2023-12-01 06:30:00,Tambaram,28.0,150,25.843906403173214,158.26156359272136,,,,0.0,0.0,0
2023-12-01 06:45:00,T Nagar,28.0,150,24.715589142775972,172.32538677744702,,,,0.0,0.0,0
2023-12-01 07:00:00,T Nagar,28.0,150,26.567671047428306,189.62975289555055,,,,0.0,0.0,0
2023-12-01 07:15:00,Velachery,28.0,150,26.389478175698333,180.70091252959375,,,,0.0,0.0,0
2023-12-01 07:30:00,Guindy,28.0,150,30.339041416902546,162.0528204678127,,,,0.0,0.0,0
2023-12-01 07:45:00,Guindy,28.0,150,29.165326699725114,177.55252770140171,,,,0.0,0.0,0
2023-12-01 08:00:00,Chromepet,28.0,150,33.39904754793405,139.07555543331475,,,,0.0,0.0,0
2023-12-01 08:15:00,Guindy,28.0,150,27.596460641193612,119.38849947361807,0.0,27.069765589941134,105.08581193133165,0.0,0.0,0
2023-12-01 08:30:00,Guindy,28.0,150,14.8305621984506,130.03442463287726,,,,0.0,0.0,0
2023-12-01 08:45:00,Guindy,28.0,150,32.3118487110646,124.87936480111657,,,,0.0,0.0,0
2023-12-01 09:00:00,Velachery,28.0,150,26.33964589493575,135.7373817378333,,,,0.0,0.0,0
2023-12-01 09:15:00,Guindy,28.0,150,31.789245167753528,167.63673854276155,,,,0.0,0.0,0
2023-12-01 09:30:00,T Nagar,28.0,150,26.060683768331714,155.27407527422372,,,,0.0,0.0,0
2023-12-01 09:45:00,T Nagar,28.0,150,21.125547741317423,124.29098603926245,,,,0.0,0.0,0
2023-12-01 10:00:00,T Nagar,28.0,150,31.871481309116206,147.34933962064747,,,,0.0,0.0,0
2023-12-01 10:15:00,Tambaram,28.0,150,27.76491875417372,142.8023643998013,,,,0.0,0.0,0
2023-12-01 10:30:00,Velachery,28.0,150,25.566066679024654,159.78236854288878,0.0,27.29894524246148,72.46718618469812,0.0,0.0,0
2023-12-01 10:45:00,Chromepet,28.0,150,32.749679656155116,149.91560311646754,0.0,26.069418831795073,51.11091696639261,0.0,0.0,0
2023-12-01 11:00:00,Guindy,28.0,150,16.962221372363135,170.67060145557366,,,,0.0,0.0,0
2023-12-01 11:15:00,Tambaram,28.0,150,27.100933202409355,153.8880375033616,,,,0.0,0.0,0
2023-12-01 11:30:00,Guindy,28.0,150,21.320922345992855,139.39499601993015,0.24475760716202977,27.870991182188916,106.60465931017828,0.0,0.0,0
2023-12-01 11:45:00,Guindy,28.0,150,35.70975750736614,151.54997920413922,,,,0.0,0.0,0
2023-12-01 12:00:00,Tambaram,28.0,150,25.199709809995696,165.94832570577037,,,,0.0,0.0,0
2023-12-01 12:15:00,Guindy,28.0,150,26.85945222347887,148.93498184891442,,,,0.0,0.0,0
2023-12-01 12:30:00,Tambaram,28.0,150,31.363657517027875,176.9376301785658,,,,0.0,0.0,0
2023-12-01 12:45:00,T Nagar,28.0,150,34.877994222866526,153.72142266435677,,,,0.0,0.0,0
2023-12-01 13:00:00,Chromepet,28.0,150,29.78559526828527,163.1977918707243,0.0,31.464515752087795,50.9135281972341,0.0,0.0,0
2023-12-01 13:15:00,T Nagar,28.0,150,39.269857272292,134.25670425170836,,,,0.0,0.0,0
2023-12-01 13:30:00,Adyar,28.0,150,30.12576339894474,175.29661825982174,,,,0.0,0.0,0
2023-12-01 13:45:00,T Nagar,28.0,150,31.995121073819732,183.4637290658119,,,,0.0,0.0,0
2023-12-01 14:00:00,T Nagar,28.0,150,27.73782984378091,154.52309821862403,,,,0.0,0.0,0
2023-12-01 14:15:00,Velachery,28.0,150,32.42936030401327,158.25742565121112,,,,0.0,0.0,0
2023-12-01 14:30:00,Chromepet,28.0,150,26.308168643239004,124.70469077676444,,,,0.0,0.0,0
2023-12-01 14:45:00,Chromepet,28.0,150,30.221159111257254,149.48395765358617,,,,0.0,0.0,0
2023-12-01 15:00:00,Guindy,28.0,150,35.36153862820038,179.06571570658872,,,,0.0,0.0,0
2023-12-01 15:15:00,Tambaram,28.0,150,28.914175571042218,161.94138514789614,,,,0.0,0.0,0
2023-12-01 15:30:00,Tambaram,28.0,150,25.68046548536691,135.13805909019683,,,,0.0,0.0,0
2023-12-01 15:45:00,T Nagar,28.0,150,24.673943783688305,145.69096065847688,,,,0.0,0.0,0
2023-12-01 16:00:00,Adyar,28.0,150,35.07283295193665,110.91304124919381,,,,0.0,0.0,0
2023-12-01 16:15:00,Chromepet,28.0,150,25.630996431991363,154.49204224907194,,,,0.0,0.0,0
2023-12-01 16:30:00,T Nagar,28.0,150,32.61078770951099,161.17870979172943,,,,0.0,0.0,0
2023-12-01 16:45:00,T Nagar,28.0,150,25.93625798857959,178.3081460954524,0.0,26.54404112971376,120.32944744268873,0.0,0.0,0
2023-12-01 17:00:00,Adyar,28.0,150,24.308370611205397,157.34903218401013,,,,0.0,0.0,0
2023-12-01 17:15:00,T Nagar,28.0,150,31.190939247537166,182.3491396249228,,,,0.0,0.0,0
2023-12-01 17:30:00,Chromepet,28.0,150,30.36887471705999,188.72867713854637,,,,0.0,0.0,0
2023-12-01 17:45:00,T Nagar,28.0,150,26.80199462313781,128.8159983255934,,,,0.0,0.0,0
2023-12-01 18:00:00,Velachery,28.0,150,33.554946556990444,127.70343755655209,,,,0.0,0.0,0
2023-12-01 18:15:00,Chromepet,28.0,150,24.8511617305923,147.2885020063931,,,,0.0,0.0,0
2023-12-01 18:30:00,T Nagar,28.0,150,26.778946147914095,121.8381879985327,,,,0.0,0.0,0
2023-12-01 18:45:00,Velachery,28.0,150,35.13843032161967,143.96518445224302,,,,0.0,0.0,0
2023-12-01 19:00:00,Velachery,28.0,150,25.280053746779966,133.1831852961124,,,,0.0,0.0,0
2023-12-01 19:15:00,T Nagar,28.0,150,29.80290052451879,99.58718747081681,,,,0.0,0.0,0
2023-12-01 19:30:00,T Nagar,28.0,150,26.73503854811573,158.2570327864671,,,,0.0,0.0,0
2023-12-01 19:45:00,Chromepet,28.0,150,31.856909941361856,138.0860555571275,,,,0.0,0.0,0
2023-12-01 20:00:00,Chromepet,28.0,150,27.618465966778782,167.09646041434286,,,,0.0,0.0,0
2023-12-01 20:15:00,Velachery,28.0,150,32.018587543079505,115.0602688376857,,,,0.0,0.0,0
2023-12-01 20:30:00,Tambaram,28.0,150,30.84134831292936,158.8726464894049,,,,0.0,0.0,0
2023-12-01 20:45:00,Adyar,28.0,150,23.80527640232215,159.8275348836043,,,,0.0,0.0,0
2023-12-01 21:00:00,Adyar,28.0,150,22.848443713934827,139.0138423075696,,,,0.0,0.0,0
2023-12-01 21:15:00,Adyar,28.0,150,36.9747584906953,174.20651579840222,,,,0.0,0.0,0
2023-12-01 21:30:00,Guindy,28.0,150,28.38292592127986,116.88972514756735,,,,0.0,0.0,0
2023-12-01 21:45:00,T Nagar,28.0,150,26.107457002910166,130.51914531706612,,,,0.0,0.0,0
2023-12-01 22:00:00,Chromepet,28.0,150,33.013720371554065,142.42379406682798,,,,0.0,0.0,0
2023-12-01 22:15:00,Velachery,28.0,150,18.159866009775826,173.21865794814897,,,,0.0,0.0,0
2023-12-01 22:30:00,T Nagar,28.0,150,31.584263565388973,180.55064911729323,,,,0.0,0.0,0
2023-12-01 22:45:00,Tambaram,28.0,150,20.674251183211073,155.00698866969847,,,,0.0,0.0,0
2023-12-01 23:00:00,Guindy,28.0,150,29.245056967432603,155.37986804436235,,,,0.0,0.0,0
2023-12-01 23:15:00,Chromepet,28.0,150,28.231712245622784,146.12083903347414,0.0,28.704848609571844,114.29225135949794,0.0,0.0,0
2023-12-01 23:30:00,Chromepet,28.0,150,23.59373381374617,139.54934710773998,0.0,30.005629130499564,67.23980103442602,0.0,0.0,0
2023-12-01 23:45:00,Adyar,28.0,150,27.469416731421212,180.39451425531124,0.0,27.959140508075734,89.81889247565461,0.0,0.0,0
2023-12-02 00:00:00,Chromepet,28.0,150,33.700780285045305,151.70128691575093,,,,0.0,0.0,0
2023-12-02 00:15:00,Adyar,28.0,150,33.90757435757196,126.89636323495654,,,,0.0,0.0,0
2023-12-02 00:30:00,Tambaram,28.0,150,37.10159969838838,153.27205428479533,,,,0.0,0.0,0
2023-12-02 00:45:00,Guindy,28.0,150,28.497226394213804,193.10287650962366,,,,0.0,0.0,0
2023-12-02 01:00:00,Chromepet,28.0,150,28.619971844036293,144.29993843926803,,,,0.0,0.0,0
2023-12-02 01:15:00,Adyar,28.0,150,28.329881392915617,155.93341437772273,,,,0.0,0.0,0
2023-12-02 01:30:00,Velachery,28.0,150,21.46180089575634,156.22362385060356,,,,0.0,0.0,0
2023-12-02 01:45:00,Tambaram,28.0,150,23.539301019735447,160.90949191909985,,,,0.0,0.0,0
2023-12-02 02:00:00,Guindy,28.0,150,21.12482371445847,144.56033437247845,0.0,29.91079561223106,78.02982838442409,0.0,0.0,0
2023-12-02 02:15:00,Velachery,28.0,150,28.50434075359088,171.4783532827292,,,,0.0,0.0,0
2023-12-02 02:30:00,T Nagar,28.0,150,37.2023501298484,140.3022667818436,0.0,31.645930089026095,139.0894127438985,0.0,0.0,0
2023-12-02 02:45:00,Velachery,28.0,150,22.318383259002214,141.31444388767363,,,,0.0,0.0,0
2023-12-02 03:00:00,Tambaram,28.0,150,42.93385575844902,147.02274957213464,,,,0.0,0.0,1
2023-12-02 03:15:00,Tambaram,28.0,150,26.069814393206943,134.6128403865754,,,,0.0,0.0,0
2023-12-02 03:30:00,Chromepet,28.0,150,32.55902171685123,187.8894418345161,,,,0.0,0.0,0
2023-12-02 03:45:00,Guindy,28.0,150,28.380244591661924,165.44428718443447,0.0,25.772579250513587,143.83695230642894,0.0,0.0,0
2023-12-02 04:00:00,Tambaram,28.0,150,32.026612084799964,163.2224833178763,0.0,31.77671964465702,108.85664553901172,0.0,0.0,0
2023-12-02 04:15:00,T Nagar,28.0,150,26.68675022803504,141.84208475987597,,,,0.0,0.0,0
2023-12-02 04:30:00,Adyar,28.0,150,30.15388060612056,160.40390070969218,,,,0.0,0.0,0
2023-12-02 04:45:00,Guindy,28.0,150,30.6656735106389,108.96462763580206,,,,0.0,0.0,0
2023-12-02 05:00:00,Tambaram,28.0,150,23.806074366790202,149.8359943657654,,,,0.0,0.0,0
2023-12-02 05:15:00,T Nagar,28.0,150,29.653296804597634,180.51097026265592,,,,0.0,0.0,0
2023-12-02 05:30:00,Tambaram,28.0,150,26.18171020872847,146.146794738533,,,,0.0,0.0,0
2023-12-02 05:45:00,T Nagar,28.0,150,39.84440520327847,149.16186597996239,,,,0.0,0.0,0
2023-12-02 06:00:00,Tambaram,28.0,150,29.72459276430638,114.25161972090707,,,,0.0,0.0,0
2023-12-02 06:15:00,Velachery,28.0,150,32.45008636454289,139.78136985148433,0.0,29.41178171640589,52.99087911150541,0.0,0.0,0
2023-12-02 06:30:00,Velachery,28.0,150,36.97216644018406,100.50599346854969,,,,0.0,0.0,0
2023-12-02 06:45:00,Adyar,28.0,150,22.33906774744915,113.48285363983214,0.0,28.976642959592542,112.29948336899133,0.0,0.0,0
2023-12-02 07:00:00,Guindy,28.0,150,22.239437324467488,168.80572376341777,,,,0.0,0.0,0
2023-12-02 07:15:00,Tambaram,28.0,150,33.016500384512334,159.85068260379953,,,,0.0,0.0,0
2023-12-02 07:30:00,Chromepet,28.0,150,22.737699261998188,137.56608442896822,,,,0.0,0.0,0
2023-12-02 07:45:00,Chromepet,28.0,150,33.777238247127414,139.52667203425642,0.0,30.395181163827765,116.12982909711572,0.0,0.0,0
2023-12-02 08:00:00,Adyar,28.0,150,28.30851566482667,137.38997020871034,,,,0.0,0.0,0
2023-12-02 08:15:00,Tambaram,28.0,150,26.319209575155536,122.03866637450965,,,,0.0,0.0,0
2023-12-02 08:30:00,Chromepet,28.0,150,19.54367834287435,162.04994717586877,,,,0.0,0.0,0
2023-12-02 08:45:00,Adyar,28.0,150,24.555091698157746,140.7270394278548,,,,0.0,0.0,0
2023-12-02 09:00:00,Guindy,28.0,150,25.03025091377003,145.47010539877465,,,,0.0,0.0,0
2023-12-02 09:15:00,Guindy,28.0,150,28.45043397168949,163.45452799066442,,,,0.0,0.0,0
2023-12-02 09:30:00,Adyar,28.0,150,14.918182294766144,149.01872197166725,,,,0.0,0.0,0
2023-12-02 09:45:00,Guindy,28.0,150,26.07461531956298,144.48607614048532,,,,0.0,0.0,0
2023-12-02 10:00:00,Velachery,28.0,150,35.19437756710183,137.9562990669594,,,,0.0,0.0,0
2023-12-02 10:15:00,Adyar,28.0,150,26.85950724476044,162.8283603172956,,,,0.0,0.0,0
2023-12-02 10:30:00,Velachery,28.0,150,20.97843460230135,170.4620339900886,0.0,31.649829120383966,97.45766938604609,0.0,0.0,0
2023-12-02 10:45:00,Guindy,28.0,150,23.16878448868301,184.4663370573075,,,,0.0,0.0,0
2023-12-02 11:00:00,Tambaram,28.0,150,26.924537796083296,147.17998122036823,,,,0.0,0.0,0
2023-12-02 11:15:00,Chromepet,28.0,150,24.570472007005574,164.1835496538482,,,,0.0,0.0,0
2023-12-02 11:30:00,Tambaram,28.0,150,23.535791682527197,163.28637471711258,,,,0.0,0.0,0
2023-12-02 11:45:00,Adyar,28.0,150,17.734598091519803,132.40882869290127,,,,0.0,0.0,0
2023-12-02 12:00:00,T Nagar,28.0,150,29.281655646818898,145.03858995913674,,,,0.0,0.0,0
2023-12-02 12:15:00,T Nagar,28.0,150,21.52131106211896,137.62844809491276,,,,0.0,0.0,0
2023-12-02 12:30:00,Guindy,28.0,150,26.498542936700677,114.20766379363965,,,,0.0,0.0,0
2023-12-02 12:45:00,Velachery,28.0,150,32.241038811627824,138.53093811859662,0.0,26.109849999892013,75.78284496170905,0.0,0.0,0
2023-12-02 13:00:00,Velachery,28.0,150,19.613425621686865,130.52287295553964,,,,0.0,0.0,0
2023-12-02 13:15:00,T Nagar,28.0,150,23.307352659724984,133.61644441575237,,,,0.0,0.0,0
2023-12-02 13:30:00,Guindy,28.0,150,32.846531710784504,149.64089797544315,0.0,31.411593216188827,127.33951946685289,0.0,0.0,0
2023-12-02 13:45:00,T Nagar,28.0,150,23.914122397603236,174.32521941954997,,,,0.0,0.0,0
2023-12-02 14:00:00,Chromepet,28.0,150,24.702970606293416,153.5150534223761,,,,0.0,0.0,0
2023-12-02 14:15:00,Tambaram,28.0,150,31.221196283906906,150.2940089855116,0.0,29.20772501034548,130.17801268683058,0.0,0.0,0
2023-12-02 14:30:00,Adyar,28.0,150,15.5271652640905,140.11570471566696,0.0,30.459434339257736,142.59283875754693,0.0,0.0,0
2023-12-02 14:45:00,T Nagar,28.0,150,27.835629833022125,176.45287981945245,0.0,26.91416036752366,85.04314126667175,0.0,0.0,0
2023-12-02 15:00:00,Tambaram,28.0,150,26.485878272108756,187.6363850026623,,,,0.0,0.0,0
2023-12-02 15:15:00,Adyar,28.0,150,26.410868277869135,129.99074061810953,,,,0.0,0.0,0
2023-12-02 15:30:00,Tambaram,28.0,150,30.882588576469335,149.0038881946664,,,,0.0,0.0,0
2023-12-02 15:45:00,Guindy,28.0,150,30.421438032393308,144.44787161564074,,,,0.0,0.0,0
2023-12-02 16:00:00,Tambaram,28.0,150,27.163266912990448,174.02409043790746,,,,0.0,0.0,0
2023-12-02 16:15:00,Velachery,28.0,150,30.741632956070372,138.9004700442387,,,,0.0,0.0,0
2023-12-02 16:30:00,T Nagar,28.0,150,41.75115947149138,117.90621276263434,,,,0.0,0.0,0
2023-12-02 16:45:00,T Nagar,28.0,150,29.658878811912015,145.64017669922157,,,,0.0,0.0,0
2023-12-02 17:00:00,T Nagar,28.0,150,34.40463277640088,186.48449507867866,,,,0.0,0.0,0
2023-12-02 17:15:00,Chromepet,28.0,150,27.991957848115806,147.80416175003123,,,,0.0,0.0,0
2023-12-02 17:30:00,Tambaram,28.0,150,28.477261822923435,163.81698669636393,,,,0.0,0.0,0
2023-12-02 17:45:00,Chromepet,28.0,150,33.06986639188942,130.76605740402462,,,,0.0,0.0,0
2023-12-02 18:00:00,T Nagar,28.0,150,28.237349044285185,141.1079547329467,,,,0.0,0.0,0
2023-12-02 18:15:00,Guindy,28.0,150,26.589142241096695,168.10010934739609,,,,0.0,0.0,0
2023-12-02 18:30:00,Chromepet,28.0,150,22.314191402184093,145.05091296645898,,,,0.0,0.0,0
2023-12-02 18:45:00,Guindy,28.0,150,20.618885819729208,149.8095505482763,,,,0.0,0.0,0
2023-12-02 19:00:00,Chromepet,28.0,150,24.770101091671922,144.25043510646108,0.0,30.521766179616986,75.30053280956096,0.0,0.0,0
2023-12-02 19:15:00,Velachery,28.0,150,21.064825982520038,138.75007820256906,,,,0.0,0.0,0
2023-12-02 19:30:00,Tambaram,28.0,150,38.99379038657803,132.72337759732386,,,,0.0,0.0,0
2023-12-02 19:45:00,Tambaram,28.0,150,31.362980821176823,175.88362137985933,,,,0.0,0.0,0
2023-12-02 20:00:00,Velachery,28.0,150,24.737116927679516,178.78179284293998,,,,0.0,0.0,0
2023-12-02 20:15:00,Adyar,28.0,150,32.88313385976573,151.00130171037313,,,,0.0,0.0,0
2023-12-02 20:30:00,Adyar,28.0,150,23.066232824853678,131.00458896719505,0.0,25.544906841142616,66.30933394326829,0.0,0.0,0
2023-12-02 20:45:00,Velachery,28.0,150,26.257156940151297,141.79000242192961,,,,0.0,0.0,0
2023-12-02 21:00:00,Guindy,28.0,150,18.966218865621897,153.4851181952347,,,,0.0,0.0,0
2023-12-02 21:15:00,Guindy,28.0,150,31.632495518758006,170.69218084048606,0.0,27.746864610051055,63.00385250859417,0.0,0.0,0
2023-12-02 21:30:00,Velachery,28.0,150,23.149580508790535,166.30448737519637,,,,0.0,0.0,0
2023-12-02 21:45:00,Chromepet,28.0,150,28.93704974591912,149.42720309985629,,,,0.0,0.0,0
2023-12-02 22:00:00,Adyar,28.0,150,37.39808144284007,160.16214373725876,,,,0.0,0.0,0
2023-12-02 22:15:00,Chromepet,28.0,150,28.81781784591831,170.8351589010914,0.0,29.112401795159794,143.51680566204305,0.0,0.0,0
2023-12-02 22:30:00,Guindy,28.0,150,28.39976014063499,145.51192176890146,0.0,27.888834929744963,104.3174177863396,0.0,0.0,0
2023-12-02 22:45:00,Guindy,28.0,150,24.1025182797439,142.3625457685436,,,,0.0,0.0,0
2023-12-02 23:00:00,Tambaram,28.0,150,28.580525629872284,151.04540666505744,0.0,28.565286430853625,60.60631118664057,0.0,0.0,0
2023-12-02 23:15:00,Tambaram,28.0,150,28.83307716004831,188.57445300126108,,,,0.0,0.0,0
2023-12-02 23:30:00,Adyar,28.0,150,36.27491520972947,162.46525628955226,,,,0.0,0.0,0
2023-12-02 23:45:00,Velachery,28.0,150,30.141751187851817,129.91389089142308,,,,0.0,0.0,0
2023-12-03 00:00:00,Velachery,28.0,150,27.785119802047898,155.93587180065694,,,,0.0,0.0,0
2023-12-03 00:15:00,Chromepet,28.0,150,32.28738763795269,130.15303333962427,,,,0.0,0.0,0
2023-12-03 00:30:00,Guindy,28.0,150,42.451518731201816,25.665386932303754,13.411099100044934,23.634042186645026,73.4591014263691,0.0,0.0,1
2023-12-03 00:45:00,Chromepet,28.0,150,30.70518844621413,124.85081110738548,,,,0.0,0.0,0
2023-12-03 01:00:00,Adyar,28.0,150,24.47914062973325,166.14490083379138,,,,0.0,0.0,0
2023-12-03 01:15:00,Tambaram,28.0,150,24.96640214347308,152.11142232292607,,,,0.0,0.0,0
2023-12-03 01:30:00,Tambaram,28.0,150,33.75645069535312,149.52344313071237,,,,0.0,0.0,0
2023-12-03 01:45:00,Guindy,28.0,150,27.681407742865385,160.90971863811617,,,,0.0,0.0,0
2023-12-03 02:00:00,Guindy,28.0,150,29.489124603878782,161.12292788823999,,,,0.0,0.0,0
2023-12-03 02:15:00,Chromepet,28.0,150,32.50383057401626,158.194750165653,,,,0.0,0.0,0
2023-12-03 02:30:00,Guindy,28.0,150,29.75809855003247,152.01785898482882,,,,0.0,0.0,0
2023-12-03 02:45:00,Adyar,28.0,150,30.32652823017418,175.32340161129034,,,,0.0,0.0,0
2023-12-03 03:00:00,Adyar,28.0,150,31.8017744707322,129.39526648501294,,,,0.0,0.0,0
2023-12-03 03:15:00,Tambaram,28.0,150,25.503555300113337,130.73929475635552,,,,0.0,0.0,0
2023-12-03 03:30:00,Adyar,28.0,150,25.723220643296706,133.55221004640484,,,,0.0,0.0,0
2023-12-03 03:45:00,Chromepet,28.0,150,19.86904759379,129.681024586413,,,,0.0,0.0,0
2023-12-03 04:00:00,Guindy,28.0,150,27.66441046866588,141.67094436581394,,,,0.0,0.0,0
2023-12-03 04:15:00,T Nagar,28.0,150,23.76276503157041,141.0446788682263,,,,0.0,0.0,0
2023-12-03 04:30:00,Guindy,28.0,150,32.510172833290326,178.5378210481829,,,,0.0,0.0,0
2023-12-03 04:45:00,Velachery,28.0,150,38.830038426369164,106.11475502304019,,,,0.0,0.0,0
2023-12-03 05:00:00,Chromepet,28.0,150,26.65703074150626,154.26997428793558,,,,0.0,0.0,0
2023-12-03 05:15:00,Chromepet,28.0,150,23.48832615966365,129.97943997316744,,,,0.0,0.0,0
2023-12-03 05:30:00,Guindy,28.0,150,56.251711573124126,23.829739968715426,10.705162832550428,24.26172760602002,146.9966411403339,0.0,0.0,1
2023-12-03 05:45:00,Guindy,28.0,150,27.99574227849999,156.61010328711927,,,,0.0,0.0,0
2023-12-03 06:00:00,Tambaram,28.0,150,26.54336593076906,158.6216543960541,,,,0.0,0.0,0
2023-12-03 06:15:00,Adyar,28.0,150,21.795769939439857,129.89810344419018,,,,0.0,0.0,0
2023-12-03 06:30:00,Tambaram,28.0,150,25.74654945419762,150.29463367300704,,,,0.0,0.0,0
2023-12-03 06:45:00,Adyar,28.0,150,48.58237462946781,21.053543919234862,4.717704661452505,22.546115859409642,110.95151458664171,0.0,0.0,1
2023-12-03 07:00:00,Tambaram,28.0,150,25.23480828555088,178.66432455960083,,,,0.0,0.0,0
2023-12-03 07:15:00,Velachery,28.0,150,31.26077762665797,166.81621470236328,,,,0.0,0.0,0
2023-12-03 07:30:00,T Nagar,28.0,150,34.48594383702025,142.54409810012555,,,,0.0,0.0,0
2023-12-03 07:45:00,T Nagar,28.0,150,25.481938365023993,136.5655920872465,,,,0.0,0.0,0
2023-12-03 08:00:00,Chromepet,28.0,150,36.93106336281572,189.87849411744287,,,,0.0,0.0,0
2023-12-03 08:15:00,Velachery,28.0,150,28.47955365986339,150.8937782056765,,,,0.0,0.0,0
2023-12-03 08:30:00,Tambaram,28.0,150,49.99718981077822,16.337291853115605,13.829724356332882,25.608789388057634,148.66001581455566,0.0,0.0,1
2023-12-03 08:45:00,Velachery,28.0,150,26.708110854168847,175.2153714800171,,,,0.0,0.0,0
2023-12-03 09:00:00,Chromepet,28.0,150,32.98842225556565,154.93238315897588,,,,0.0,0.0,0
2023-12-03 09:15:00,Velachery,28.0,150,29.781729672141132,163.74642553531845,,,,0.0,0.0,0
2023-12-03 09:30:00,Chromepet,28.0,150,26.380916345533695,138.73429421906835,,,,0.0,0.0,0
2023-12-03 09:45:00,Tambaram,28.0,150,65.52758829065895,32.349440313134615,13.979823730429622,25.868958873584145,52.3652775557762,0.0,0.0,1
2023-12-03 10:00:00,Chromepet,28.0,150,54.39714357405285,30.224920399275724,9.7639073028257,23.0800539484043,63.63227805017093,0.0,0.0,1
2023-12-03 10:15:00,Tambaram,28.0,150,44.734777617393185,32.65152556906319,8.535367497000353,23.46697584975891,105.7700733391731,0.0,0.0,1
2023-12-03 10:30:00,Velachery,28.0,150,26.214475114706733,191.6037716568972,,,,0.0,0.0,0
2023-12-03 10:45:00,T Nagar,28.0,150,34.274114983432334,167.85538434933488,,,,0.0,0.0,0
2023-12-03 11:00:00,Guindy,28.0,150,23.696597689707527,166.57986312404105,,,,0.0,0.0,0
2023-12-03 11:15:00,T Nagar,28.0,150,24.336090644103336,153.3260855885952,,,,0.0,0.0,0
2023-12-03 11:30:00,T Nagar,28.0,150,20.912678718751557,159.34530168864424,,,,0.0,0.0,0
2023-12-03 11:45:00,Chromepet,28.0,150,25.86624008947053,158.6178439891912,,,,0.0,0.0,0
2023-12-03 12:00:00,Velachery,28.0,150,24.756856091028084,165.70954710585764,,,,0.0,0.0,0
2023-12-03 12:15:00,Guindy,28.0,150,23.329180185265788,173.8317223026986,,,,0.0,0.0,0
2023-12-03 12:30:00,Guindy,28.0,150,26.531184395514295,167.22082540203854,,,,0.0,0.0,0
2023-12-03 12:45:00,Adyar,28.0,150,61.12706729706325,30.267180036241,3.5879976029861984,22.27334872350682,97.98351744163514,0.0,0.0,1
2023-12-03 13:00:00,Guindy,28.0,150,56.73123190356418,42.28041000396968,5.443157959626541,25.118501347837334,114.52217102187043,0.0,0.0,1
2023-12-03 13:15:00,Guindy,28.0,150,32.97736134597187,172.48377410285056,,,,0.0,0.0,0
2023-12-03 13:30:00,Chromepet,28.0,150,78.2698759157232,22.411092280310065,11.31189272684566,22.038933377235935,130.82876055077816,0.0,0.0,1
2023-12-03 13:45:00,T Nagar,28.0,150,22.52162605507274,129.05275758531755,,,,0.0,0.0,0
2023-12-03 14:00:00,Tambaram,28.0,150,28.063234256048414,142.39309508558873,,,,0.0,0.0,0
2023-12-03 14:15:00,Tambaram,28.0,150,30.42288493176515,149.35936138732413,,,,0.0,0.0,0
2023-12-03 14:30:00,Chromepet,28.0,150,28.25621166955237,165.0279170829143,,,,0.0,0.0,0
2023-12-03 14:45:00,Velachery,28.0,150,72.96098429110633,43.90157795748718,6.445174890500495,22.73519026916721,52.93984226919244,0.0,0.0,1
2023-12-03 15:00:00,T Nagar,28.0,150,28.52045370746591,127.97903113022947,,,,0.0,0.0,0
2023-12-03 15:15:00,Guindy,28.0,150,33.500386850300764,160.7198974932808,,,,0.0,0.0,0
2023-12-03 15:30:00,Chromepet,28.0,150,18.95430504560916,148.5137630239883,,,,0.0,0.0,0
2023-12-03 15:45:00,Guindy,28.0,150,25.205242453015423,135.91917212864476,,,,0.0,0.0,0
2023-12-03 16:00:00,Velachery,28.0,150,27.524472827035257,165.3878972789407,,,,0.0,0.0,0
2023-12-03 16:15:00,T Nagar,28.0,150,27.599329301295157,175.49629922181,,,,0.0,0.0,0
2023-12-03 16:30:00,Velachery,28.0,150,26.96655862554139,173.3364660424469,,,,0.0,0.0,0
2023-12-03 16:45:00,Velachery,28.0,150,55.68317653073722,24.683642917215817,8.920690736321294,25.76335476836371,118.70273393006508,0.0,0.0,1
2023-12-03 17:00:00,Velachery,28.0,150,20.091468472297294,157.83584653485843,,,,0.0,0.0,0
2023-12-03 17:15:00,Velachery,28.0,150,34.198493536195194,17.903753326750486,9.388683471897574,22.231040190372088,120.41152730134263,0.0,0.0,1
2023-12-03 17:30:00,Velachery,28.0,150,33.991596726170854,158.83709043387384,,,,0.0,0.0,0
2023-12-03 17:45:00,Guindy,28.0,150,26.360273081701557,152.45993849751105,,,,0.0,0.0,0
2023-12-03 18:00:00,Adyar,28.0,150,30.71686510758253,141.68029826247727,,,,0.0,0.0,0
2023-12-03 18:15:00,Adyar,28.0,150,63.499750634141506,32.23517009673488,4.716406760762817,22.143878224156637,115.20708778977495,0.0,0.0,1
2023-12-03 18:30:00,Velachery,28.0,150,30.294423659184112,145.0737134618448,,,,0.0,0.0,0
2023-12-03 18:45:00,Tambaram,28.0,150,35.5130928446933,125.13215246883755,,,,0.0,0.0,0
2023-12-03 19:00:00,Adyar,28.0,150,24.573564402574206,163.20163329570462,,,,0.0,0.0,0
2023-12-03 19:15:00,Guindy,28.0,150,29.29243727634967,156.554606407802,,,,0.0,0.0,0
2023-12-03 19:30:00,Chromepet,28.0,150,25.21908210214719,188.36867063025122,,,,0.0,0.0,0
2023-12-03 19:45:00,Adyar,28.0,150,31.512137029008265,140.0649363443215,,,,0.0,0.0,0
2023-12-03 20:00:00,Guindy,28.0,150,30.91270925269822,140.8508152746032,,,,0.0,0.0,0
2023-12-03 20:15:00,T Nagar,28.0,150,34.832085016933334,157.2986193110995,,,,0.0,0.0,0
2023-12-03 20:30:00,T Nagar,28.0,150,52.87272521673867,39.95380732015434,13.977795137889215,24.191887364499706,141.62989743706896,0.0,0.0,1
2023-12-03 20:45:00,T Nagar,28.0,150,23.848287954044345,156.83413420011553,,,,0.0,0.0,0
2023-12-03 21:00:00,T Nagar,28.0,150,31.91789541589086,174.15629299285362,,,,0.0,0.0,0
2023-12-03 21:15:00,Adyar,28.0,150,24.206793098587983,143.32971741311502,,,,0.0,0.0,0
2023-12-03 21:30:00,Guindy,28.0,150,27.962349303779206,139.54489683733408,,,,0.0,0.0,0
2023-12-03 21:45:00,Chromepet,28.0,150,26.898302116723507,156.74268288612058,,,,0.0,0.0,0
2023-12-03 22:00:00,Velachery,28.0,150,28.81445680398225,128.96802872578715,,,,0.0,0.0,0
2023-12-03 22:15:00,Velachery,28.0,150,16.836468193425155,161.4095234004725,,,,0.0,0.0,0
2023-12-03 22:30:00,Adyar,28.0,150,29.233984706278207,132.0185809998955,,,,0.0,0.0,0
2023-12-03 22:45:00,Adyar,28.0,150,26.864414472808004,170.649727282764,,,,0.0,0.0,0
2023-12-03 23:00:00,Adyar,28.0,150,36.72229325762346,178.3052624391314,,,,0.0,0.0,0
2023-12-03 23:15:00,T Nagar,28.0,150,30.72140433457374,184.84615365625987,,,,0.0,0.0,0
2023-12-03 23:30:00,T Nagar,28.0,150,34.97311235245354,161.29716719360525,,,,0.0,0.0,0
2023-12-03 23:45:00,Chromepet,28.0,150,34.25584543796111,160.86365821932256,,,,0.0,0.0,0
2023-12-04 00:00:00,Adyar,28.0,150,30.773831957476794,162.10336042441858,,,,0.0,0.0,0
2023-12-04 00:15:00,Chromepet,28.0,150,23.150449103300073,168.3903121030879,,,,0.0,0.0,0
2023-12-04 00:30:00,Adyar,28.0,150,27.8807169615779,149.52039922912857,,,,0.0,0.0,0
2023-12-04 00:45:00,Adyar,28.0,150,28.825816301259863,133.00500594881072,,,,0.0,0.0,0
2023-12-04 01:00:00,Tambaram,28.0,150,29.21049477905935,158.067687399583,,,,0.0,0.0,0
2023-12-04 01:15:00,Velachery,28.0,150,30.253794379136803,144.80175946986049,,,,0.0,0.0,0
2023-12-04 01:30:00,Tambaram,28.0,150,31.9517916742965,179.13358028224064,,,,0.0,0.0,0
2023-12-04 01:45:00,Adyar,28.0,150,33.08739194212573,139.1793653588338,,,,0.0,0.0,0
2023-12-04 02:00:00,Velachery,28.0,150,63.24591883093196,28.528678361127003,12.65090720557033,24.454252600692946,70.98287536850569,0.0,0.0,1
2023-12-04 02:15:00,Guindy,28.0,150,21.794442428284043,132.91600300719762,,,,0.0,0.0,0
2023-12-04 02:30:00,Guindy,28.0,150,31.74627202777958,174.6565457543613,,,,0.0,0.0,0
2023-12-04 02:45:00,Chromepet,28.0,150,25.869627162260926,144.86306022763318,,,,0.0,0.0,0
2023-12-04 03:00:00,Chromepet,28.0,150,26.4380441760443,139.90756325495417,,,,0.0,0.0,0
2023-12-04 03:15:00,Adyar,28.0,150,29.677327001322414,151.37156973166373,,,,0.0,0.0,0
2023-12-04 03:30:00,Chromepet,28.0,150,68.39501957631401,16.69374003488237,9.353986108835027,25.231120264761003,127.84026354187502,0.0,0.0,1
2023-12-04 03:45:00,Chromepet,28.0,150,32.389490115356345,118.23541039989172,,,,0.0,0.0,0
2023-12-04 04:00:00,Guindy,28.0,150,27.121363332455243,199.6192331231852,,,,0.0,0.0,0
2023-12-04 04:15:00,Chromepet,28.0,150,22.258533771917232,175.146877045969,,,,0.0,0.0,0
2023-12-04 04:30:00,Tambaram,28.0,150,33.635965609070546,111.49283495076936,,,,0.0,0.0,0
2023-12-04 04:45:00,Tambaram,28.0,150,75.16436501382431,27.67641866239301,6.439592034671213,24.593057755143533,122.84514350645959,0.0,0.0,1
2023-12-04 05:00:00,Tambaram,28.0,150,31.645878698064763,187.7348386845466,,,,0.0,0.0,0
2023-12-04 05:15:00,Velachery,28.0,150,37.21480375461652,172.15068375889672,,,,0.0,0.0,0
2023-12-04 05:30:00,Guindy,28.0,150,23.509458215838592,129.46183148950732,,,,0.0,0.0,0
2023-12-04 05:45:00,Guindy,28.0,150,27.34314844751735,157.76857216117938,,,,0.0,0.0,0
2023-12-04 06:00:00,Chromepet,28.0,150,28.19012414922866,180.11160782503376,,,,0.0,0.0,0
2023-12-04 06:15:00,T Nagar,28.0,150,85.08184264948176,17.64919195269142,12.172270390703817,23.733707254048294,120.41166128551703,0.0,0.0,1
2023-12-04 06:30:00,Chromepet,28.0,150,35.178045577744584,138.1242180664924,,,,0.0,0.0,0
2023-12-04 06:45:00,T Nagar,28.0,150,77.63290256165455,32.0812608439329,3.230378034844035,25.279330308911607,65.24294933152841,0.0,0.0,1
2023-12-04 07:00:00,Velachery,28.0,150,26.648884094045208,140.72785190005712,,,,0.0,0.0,0
2023-12-04 07:15:00,Guindy,28.0,150,22.4054560447325,186.59705791390434,,,,0.0,0.0,0
2023-12-04 07:30:00,Guindy,28.0,150,80.45793171695489,35.39219631900519,6.9700301720758,25.680369027778948,71.67400915304931,0.0,0.0,1
2023-12-04 07:45:00,Chromepet,28.0,150,27.91810418597845,150.02676615262746,,,,0.0,0.0,0
2023-12-04 08:00:00,Velachery,28.0,150,28.11010527556507,169.93597472894123,,,,0.0,0.0,0
2023-12-04 08:15:00,Tambaram,28.0,150,16.71306319535845,169.92226251636754,,,,0.0,0.0,0
2023-12-04 08:30:00,Tambaram,28.0,150,20.977121482854372,168.43733255629704,,,,0.0,0.0,0
2023-12-04 08:45:00,Velachery,28.0,150,63.33440763696246,23.26046266135355,13.913084574364618,24.385426473492615,110.14375992031592,0.0,0.0,1
2023-12-04 09:00:00,T Nagar,28.0,150,24.836932854720757,119.91032785448958,,,,0.0,0.0,0
2023-12-04 09:15:00,Velachery,28.0,150,32.90354383463805,100.94038303944032,,,,0.0,0.0,0
2023-12-04 09:30:00,Tambaram,28.0,150,24.796145655725116,156.18417285536245,,,,0.0,0.0,0
2023-12-04 09:45:00,Chromepet,28.0,150,68.36582171463652,33.24120670668947,11.233494368821464,25.319421250829752,121.15933294275762,0.0,0.0,1
2023-12-04 10:00:00,Guindy,28.0,150,30.863847723873516,147.8428721159905,,,,0.0,0.0,0
2023-12-04 10:15:00,Adyar,28.0,150,24.59848706632279,164.09381980299798,,,,0.0,0.0,0
2023-12-04 10:30:00,T Nagar,28.0,150,55.08145187387529,23.33332296175087,5.082813807033468,23.649782101606966,101.6289005097317,0.0,0.0,1
2023-12-04 10:45:00,Chromepet,28.0,150,56.55312304400245,19.798378341597186,13.741969707270938,24.276481124247834,111.98285878594206,0.0,0.0,1
2023-12-04 11:00:00,T Nagar,28.0,150,27.805966735552705,142.71977629526702,,,,0.0,0.0,0
2023-12-04 11:15:00,Guindy,28.0,150,21.73661578519266,85.69093487880095,,,,0.0,0.0,0
2023-12-04 11:30:00,Chromepet,28.0,150,89.82615775474028,27.939770125523054,4.140415881144623,25.76562178924203,113.34597872923888,1.0,1.0,1
2023-12-04 11:45:00,Chromepet,28.0,150,50.561072870091884,152.9948150358659,,,,1.0,1.0,1
2023-12-04 12:00:00,Chromepet,28.0,150,23.138575744537782,149.5872158852349,,,,0.0,0.0,0
2023-12-04 12:15:00,T Nagar,28.0,150,37.43353327369989,26.419765684815275,12.23987897636477,24.91048695340499,56.01382747397857,0.0,0.0,1
2023-12-04 12:30:00,Tambaram,28.0,150,24.708494618477175,182.95271878460642,,,,0.0,0.0,0
2023-12-04 12:45:00,T Nagar,28.0,150,27.882334918592203,130.83325905220605,,,,0.0,0.0,0
2023-12-04 13:00:00,Guindy,28.0,150,31.962556350593562,152.72897314413075,,,,0.0,0.0,0
2023-12-04 13:15:00,Chromepet,28.0,150,28.74528156133016,140.73629623682143,,,,0.0,0.0,0
2023-12-04 13:30:00,Guindy,28.0,150,64.61110181086977,45.57869777944552,12.974859200971158,24.596674536198282,98.67665199202051,0.0,0.0,1
2023-12-04 13:45:00,Adyar,28.0,150,29.68848490055532,146.8019157634891,,,,0.0,0.0,0
2023-12-04 14:00:00,Velachery,28.0,150,28.14169851273314,164.05375778596604,,,,0.0,0.0,0
2023-12-04 14:15:00,Velachery,28.0,150,31.506583034584818,218.340183830212,,,,0.0,0.0,0
2023-12-04 14:30:00,T Nagar,28.0,150,32.78619202412825,125.64461616692013,,,,0.0,0.0,0
2023-12-04 14:45:00,T Nagar,28.0,150,29.005505183746873,170.72106680573881,,,,0.0,0.0,0
2023-12-04 15:00:00,Chromepet,28.0,150,30.87964857904434,176.97676455868785,,,,0.0,0.0,0
2023-12-04 15:15:00,Adyar,28.0,150,25.05705117531814,162.23900045330757,,,,0.0,0.0,0
2023-12-04 15:30:00,T Nagar,28.0,150,23.84175050128029,151.29584285286893,,,,0.0,0.0,0
2023-12-04 15:45:00,T Nagar,28.0,150,30.79300607105094,155.87520339702706,,,,0.0,0.0,0
2023-12-04 16:00:00,Guindy,28.0,150,19.45561185360016,132.00689191641584,,,,0.0,0.0,0
2023-12-04 16:15:00,Tambaram,28.0,150,22.2083914394265,142.48849079783284,,,,0.0,0.0,0
2023-12-04 16:30:00,Velachery,28.0,150,27.100083279979838,123.92385959008162,,,,0.0,0.0,0
2023-12-04 16:45:00,Tambaram,28.0,150,81.31618735831687,42.45073667660882,11.771609734837686,24.780281991541237,95.55430473645755,0.0,0.0,1
2023-12-04 17:00:00,Tambaram,28.0,150,49.18558593347213,34.489802226636186,4.336399291444995,22.473120994029625,65.69477314218352,0.0,0.0,1
2023-12-04 17:15:00,Tambaram,28.0,150,32.930562406617206,116.86097561010521,,,,0.0,0.0,0
2023-12-04 17:30:00,Tambaram,28.0,150,77.23767185572973,23.95992846317803,8.44894190503768,25.05760513152584,130.56695030321674,0.0,0.0,1
2023-12-04 17:45:00,Chromepet,28.0,150,29.326612159322995,114.74316759966607,,,,0.0,0.0,0
2023-12-04 18:00:00,Guindy,28.0,150,67.59476121483783,38.69869986868701,11.00680434059782,22.353401435594893,74.10255088628523,0.0,0.0,1
2023-12-04 18:15:00,Guindy,28.0,150,32.672026080888784,166.74754901264953,,,,0.0,0.0,0
2023-12-04 18:30:00,Guindy,28.0,150,32.063193832753264,142.97009554720137,,,,0.0,0.0,0
2023-12-04 18:45:00,Guindy,28.0,150,53.23328374618844,20.51784713679251,10.162205741295592,23.68185988071672,96.2320878258659,0.0,0.0,1
2023-12-04 19:00:00,Guindy,28.0,150,24.280146240270252,154.8104947364901,,,,0.0,0.0,0
2023-12-04 19:15:00,Chromepet,28.0,150,26.683198791671913,175.77994766423382,,,,0.0,0.0,0
2023-12-04 19:30:00,Guindy,28.0,150,52.53397143749603,26.458021482887332,4.090013098149711,25.046179391499283,106.5529129214363,0.0,0.0,1
2023-12-04 19:45:00,Adyar,28.0,150,24.422046665329958,134.91991447823528,,,,0.0,0.0,0
2023-12-04 20:00:00,Velachery,28.0,150,59.96334265276022,19.342636063440263,8.467877822563285,22.296086144511722,110.54684036419097,0.0,0.0,1
2023-12-04 20:15:00,Guindy,28.0,150,32.55331184019949,111.35384963178703,,,,0.0,0.0,0
2023-12-04 20:30:00,T Nagar,28.0,150,28.5729622315863,143.95789648984112,,,,0.0,0.0,0
2023-12-04 20:45:00,Adyar,28.0,150,19.494692791101734,135.66246677974743,,,,0.0,0.0,0
2023-12-04 21:00:00,Velachery,28.0,150,51.250458153242334,19.311947972205243,10.920006610563542,24.528699237171097,138.26565243363848,0.0,0.0,1
2023-12-04 21:15:00,Chromepet,28.0,150,23.620840127310014,133.5687399705388,,,,0.0,0.0,0
2023-12-04 21:30:00,Velachery,28.0,150,27.089553596491445,161.01433061268125,,,,0.0,0.0,0
2023-12-04 21:45:00,Adyar,28.0,150,28.43154595146777,159.5061832959966,,,,0.0,0.0,0
2023-12-04 22:00:00,Chromepet,28.0,150,28.73837628775561,156.69235343840904,,,,0.0,0.0,0
2023-12-04 22:15:00,Adyar,28.0,150,37.068200648486666,127.63813123316906,,,,0.0,0.0,0
2023-12-04 22:30:00,Adyar,28.0,150,21.85445545064268,154.47420294274767,,,,0.0,0.0,0
2023-12-04 22:45:00,Tambaram,28.0,150,31.09190838140147,147.61666906614244,,,,0.0,0.0,0
2023-12-04 23:00:00,Tambaram,28.0,150,22.530923482614632,123.97444123587331,,,,0.0,0.0,0
2023-12-04 23:15:00,Adyar,28.0,150,26.729214274015707,112.78655650471539,,,,0.0,0.0,0
2023-12-04 23:30:00,Adyar,28.0,150,27.351063442692944,138.56125024642424,,,,0.0,0.0,0
2023-12-04 23:45:00,Chromepet,28.0,150,26.107304688557107,141.47354846581385,,,,0.0,0.0,0
2023-12-05 00:00:00,Tambaram,28.0,150,28.874193300579915,126.00136547003379,,,,0.0,0.0,0
2023-12-05 00:15:00,Tambaram,28.0,150,31.06807788379069,189.2210005858732,,,,0.0,0.0,0
2023-12-05 00:30:00,Guindy,28.0,150,23.61515634470615,107.39642890511098,,,,0.0,0.0,0
2023-12-05 00:45:00,Chromepet,28.0,150,26.696652399702256,166.0167004406411,,,,0.0,0.0,0
2023-12-05 01:00:00,Adyar,28.0,150,25.25439143051237,163.50964549336462,,,,0.0,0.0,0
2023-12-05 01:15:00,Adyar,28.0,150,23.94619706229524,137.5495190197717,,,,0.0,0.0,0
2023-12-05 01:30:00,Adyar,28.0,150,36.92931556274405,101.02568424681164,,,,0.0,0.0,0
2023-12-05 01:45:00,Adyar,28.0,150,28.221018762878067,178.69235762777822,,,,0.0,0.0,0
2023-12-05 02:00:00,Tambaram,28.0,150,34.58437079151155,167.3148636298145,,,,0.0,0.0,0
2023-12-05 02:15:00,Adyar,28.0,150,23.976164592008704,169.0820401512421,,,,0.0,0.0,0
2023-12-05 02:30:00,Tambaram,28.0,150,27.339965339931755,123.90060802685338,,,,0.0,0.0,0
2023-12-05 02:45:00,Chromepet,28.0,150,26.399934109228628,153.34331406814024,,,,0.0,0.0,0
2023-12-05 03:00:00,T Nagar,28.0,150,35.2108541836594,116.20224433001098,0.0,27.718695699964574,140.14419326646328,0.0,0.0,0
2023-12-05 03:15:00,T Nagar,28.0,150,32.99448605893024,160.319925722652,0.0,31.21249515671694,133.969592688227,0.0,0.0,0
2023-12-05 03:30:00,Chromepet,28.0,150,26.86275837822808,171.23433984929864,0.0,31.132289627389763,116.2394886390598,0.0,0.0,0
2023-12-05 03:45:00,Chromepet,28.0,150,29.63666353310062,178.39474950359323,,,,0.0,0.0,0
2023-12-05 04:00:00,Velachery,28.0,150,32.11166799339976,156.4589363108177,0.0,30.962772512532535,110.04165453378945,0.0,0.0,0
2023-12-05 04:15:00,Chromepet,28.0,150,27.522997895630052,152.52340252583258,,,,0.0,0.0,0
2023-12-05 04:30:00,Adyar,28.0,150,32.65257502140561,171.08982309273208,,,,0.0,0.0,0
2023-12-05 04:45:00,T Nagar,28.0,150,23.464645458662147,129.20461245972865,,,,0.0,0.0,0
2023-12-05 05:00:00,T Nagar,28.0,150,21.427939373884755,106.84337988188778,,,,0.0,0.0,0
2023-12-05 05:15:00,Guindy,28.0,150,27.18338516822485,121.91191443976463,,,,0.0,0.0,0
2023-12-05 05:30:00,T Nagar,28.0,150,25.620110580427014,126.57734997145208,,,,0.0,0.0,0
2023-12-05 05:45:00,Guindy,28.0,150,30.000543908945076,126.3961422289548,,,,0.0,0.0,0
2023-12-05 06:00:00,Adyar,28.0,150,24.961087281513556,154.79270651627775,,,,0.0,0.0,0
2023-12-05 06:15:00,Velachery,28.0,150,31.903729589472945,163.63225887234145,,,,0.0,0.0,0
2023-12-05 06:30:00,Chromepet,28.0,150,28.85655594428884,175.53286570032998,,,,0.0,0.0,0
2023-12-05 06:45:00,Tambaram,28.0,150,26.613136498385735,125.60918720615925,,,,0.0,0.0,0
2023-12-05 07:00:00,Guindy,28.0,150,27.501830412610563,142.68533588294795,0.0,30.888014877238685,120.32085584605524,0.0,0.0,0
2023-12-05 07:15:00,T Nagar,28.0,150,32.55169836040506,174.46795035411972,,,,0.0,0.0,0
2023-12-05 07:30:00,Chromepet,28.0,150,30.48795992178675,138.4126169661181,1.4680808904529985,29.190220511664656,101.32743503917322,0.0,0.0,0
2023-12-05 07:45:00,Chromepet,28.0,150,23.94887934955593,195.17063022796862,,,,0.0,0.0,0
2023-12-05 08:00:00,T Nagar,28.0,150,33.01596801505455,145.03466072034908,,,,0.0,0.0,0
2023-12-05 08:15:00,T Nagar,28.0,150,28.191977833036777,200.1768122508288,,,,0.0,0.0,0
2023-12-05 08:30:00,Tambaram,28.0,150,29.122593486683545,112.65620546821737,,,,0.0,0.0,0
2023-12-05 08:45:00,Adyar,28.0,150,26.63181904489987,147.25076256402767,1.370405865235804,30.38539800810316,121.86809647634003,0.0,0.0,0
2023-12-05 09:00:00,Velachery,28.0,150,13.124916010687814,127.18433167138514,,,,0.0,0.0,0
2023-12-05 09:15:00,Chromepet,28.0,150,26.002797499337756,157.9823693310583,,,,0.0,0.0,0
2023-12-05 09:30:00,Adyar,28.0,150,19.990840308831785,144.288016193031,,,,0.0,0.0,0
2023-12-05 09:45:00,Velachery,28.0,150,21.458643399400245,169.64065405828836,,,,0.0,0.0,0
2023-12-05 10:00:00,Chromepet,28.0,150,29.900305361688975,158.81204288065953,,,,0.0,0.0,0
2023-12-05 10:15:00,T Nagar,28.0,150,28.701827330858006,141.6816105890187,,,,0.0,0.0,0
2023-12-05 10:30:00,Adyar,28.0,150,35.69570312698843,156.17068426130822,,,,0.0,0.0,0
2023-12-05 10:45:00,Adyar,28.0,150,17.991716834666065,142.18674160736626,,,,0.0,0.0,0
2023-12-05 11:00:00,Chromepet,28.0,150,26.884077344744195,131.76672553664977,0.0,29.730987613782652,113.95812102843848,0.0,0.0,0
2023-12-05 11:15:00,T Nagar,28.0,150,26.291226553404833,174.46584916778204,,,,0.0,0.0,0
2023-12-05 11:30:00,Tambaram,28.0,150,34.8938762588789,173.39743347069648,,,,0.0,0.0,0
2023-12-05 11:45:00,Chromepet,28.0,150,27.08499260401605,169.243210468537,,,,0.0,0.0,0
2023-12-05 12:00:00,Chromepet,28.0,150,24.473541742353127,120.12723000235316,,,,0.0,0.0,0
2023-12-05 12:15:00,Velachery,28.0,150,26.54944222705264,115.2811250465139,0.0,29.886669655726052,97.8699849975068,0.0,0.0,0
2023-12-05 12:30:00,Guindy,28.0,150,33.85624373445149,125.21766764892112,,,,0.0,0.0,0
2023-12-05 12:45:00,Chromepet,28.0,150,25.26000431855595,153.0681958500545,,,,0.0,0.0,0
2023-12-05 13:00:00,Tambaram,28.0,150,12.818358842845104,135.06333519230708,,,,0.0,0.0,0
2023-12-05 13:15:00,Tambaram,28.0,150,32.920550428804724,154.95075846071956,,,,0.0,0.0,0
2023-12-05 13:30:00,T Nagar,28.0,150,36.555043154412886,180.44537712377107,0.0,31.252055702253116,85.4650310631917,0.0,0.0,0
2023-12-05 13:45:00,Chromepet,28.0,150,34.834463019915745,164.15937470218637,,,,0.0,0.0,0
2023-12-05 14:00:00,Guindy,28.0,150,27.741526584762855,154.00087875915673,,,,0.0,0.0,0
2023-12-05 14:15:00,Guindy,28.0,150,22.1442294214348,108.96148737225639,,,,0.0,0.0,0
2023-12-05 14:30:00,T Nagar,28.0,150,28.187789845963064,132.54025042221167,0.0,28.922077956476326,55.51724707240051,0.0,0.0,0
2023-12-05 14:45:00,Guindy,28.0,150,28.338616262881555,145.95593581506262,0.0,25.708116290644963,65.39455781911236,0.0,0.0,0
2023-12-05 15:00:00,Chromepet,28.0,150,29.828556776730704,137.175171841016,,,,0.0,0.0,0
2023-12-05 15:15:00,Adyar,28.0,150,31.52943865094815,137.75251127709726,,,,0.0,0.0,0
2023-12-05 15:30:00,Chromepet,28.0,150,32.532419634259824,152.9554494545053,,,,0.0,0.0,0
2023-12-05 15:45:00,Velachery,28.0,150,24.216159097834936,128.6899027824922,,,,0.0,0.0,0
2023-12-05 16:00:00,Tambaram,28.0,150,32.525784352394574,123.57289258401082,0.0,26.37441949203783,90.90808795348414,0.0,0.0,0
2023-12-05 16:15:00,Guindy,28.0,150,22.49729075531111,190.3169300991314,,,,0.0,0.0,0
2023-12-05 16:30:00,Velachery,28.0,150,23.865646943373548,137.81471484418788,,,,0.0,0.0,0
2023-12-05 16:45:00,Velachery,28.0,150,17.100189925650426,165.51290371879531,,,,0.0,0.0,0
2023-12-05 17:00:00,Tambaram,28.0,150,25.226165505471663,142.16492096931873,,,,0.0,0.0,0
2023-12-05 17:15:00,Adyar,28.0,150,27.628233840106308,162.51833288014473,,,,0.0,0.0,0
2023-12-05 17:30:00,T Nagar,28.0,150,22.937121574979425,159.1281185001808,,,,0.0,0.0,0
2023-12-05 17:45:00,Adyar,28.0,150,27.677973302146125,131.29017837809226,,,,0.0,0.0,0
2023-12-05 18:00:00,Adyar,28.0,150,23.042868139751942,171.7212418628835,,,,0.0,0.0,0
2023-12-05 18:15:00,Chromepet,28.0,150,32.02833177833557,166.21937068599456,,,,0.0,0.0,0
2023-12-05 18:30:00,Velachery,28.0,150,27.77613414229966,188.29818848119186,,,,0.0,0.0,0
2023-12-05 18:45:00,Adyar,28.0,150,27.690679554226204,154.34615456672026,,,,0.0,0.0,0
2023-12-05 19:00:00,Adyar,28.0,150,26.54881433536821,110.87698067423318,,,,0.0,0.0,0
2023-12-05 19:15:00,Chromepet,28.0,150,30.30987815299245,117.36845984776038,0.0,29.65539242191345,50.89222291837508,0.0,0.0,0
2023-12-05 19:30:00,Chromepet,28.0,150,27.665992107345406,137.53466716023647,,,,0.0,0.0,0
2023-12-05 19:45:00,Tambaram,28.0,150,22.901540082209706,141.8426026974377,,,,0.0,0.0,0
2023-12-05 20:00:00,Guindy,28.0,150,19.397190002685115,142.1349020337337,,,,0.0,0.0,0
2023-12-05 20:15:00,Guindy,28.0,150,30.39576468081145,149.47237887924956,,,,0.0,0.0,0
2023-12-05 20:30:00,Guindy,28.0,150,19.961670816960144,136.26994477930148,,,,0.0,0.0,0
2023-12-05 20:45:00,Velachery,28.0,150,33.635960114380794,158.63027472505627,,,,0.0,0.0,0
2023-12-05 21:00:00,Guindy,28.0,150,31.01206339675942,154.6787903034383,,,,0.0,0.0,0
2023-12-05 21:15:00,Velachery,28.0,150,40.90176869081554,159.21413284199735,,,,0.0,0.0,0
2023-12-05 21:30:00,Tambaram,28.0,150,26.30401019996029,114.75039404660124,,,,0.0,0.0,0
2023-12-05 21:45:00,Chromepet,28.0,150,27.692436633240565,120.58034546267783,,,,0.0,0.0,0
2023-12-05 22:00:00,Chromepet,28.0,150,33.851537398381126,155.71812415488603,,,,0.0,0.0,0
2023-12-05 22:15:00,Chromepet,28.0,150,26.72836552816129,128.82168091497016,,,,0.0,0.0,0
2023-12-05 22:30:00,Adyar,28.0,150,25.09333986086738,158.14036487971052,0.0,29.126435496451126,129.76318007297152,0.0,0.0,0
2023-12-05 22:45:00,Adyar,28.0,150,36.210505410220875,106.38586684642547,,,,0.0,0.0,0
2023-12-05 23:00:00,Guindy,28.0,150,17.320113035023923,167.82967547679493,,,,0.0,0.0,0
2023-12-05 23:15:00,Chromepet,28.0,150,21.22465858126753,141.0660396779616,,,,0.0,0.0,0
2023-12-05 23:30:00,Velachery,28.0,150,29.175362900063178,142.62348201978938,,,,0.0,0.0,0
2023-12-05 23:45:00,Guindy,28.0,150,30.649091715796903,113.11335218914255,,,,0.0,0.0,0
2023-12-06 00:00:00,Tambaram,28.0,150,34.53702372977006,179.089446064521,0.0,29.85572111480729,117.75786594220696,0.0,0.0,0
2023-12-06 00:15:00,Velachery,28.0,150,23.04289086623793,190.62279030267428,,,,0.0,0.0,0
2023-12-06 00:30:00,Tambaram,28.0,150,28.057052198165007,187.94919942842154,,,,0.0,0.0,0
2023-12-06 00:45:00,T Nagar,28.0,150,28.046211330588566,140.5031589655731,,,,0.0,0.0,0
2023-12-06 01:00:00,Chromepet,28.0,150,27.268300523463154,116.06654789194019,,,,1.0,0.0,0
2023-12-06 01:15:00,Chromepet,28.0,150,36.03894106412988,118.08113354915727,,,,1.0,0.0,0
2023-12-06 01:30:00,Guindy,28.0,150,36.65234272352029,97.3603423149062,,,,0.0,0.0,0
2023-12-06 01:45:00,Guindy,28.0,150,27.598504465471958,109.57897252310553,,,,0.0,0.0,0
2023-12-06 02:00:00,Guindy,28.0,150,33.909526764809016,139.80439500850883,,,,0.0,0.0,0
2023-12-06 02:15:00,Velachery,28.0,150,22.853115662259356,119.99185194449255,0.0,25.99279836745421,74.19532454904527,0.0,0.0,0
2023-12-06 02:30:00,Adyar,28.0,150,25.344169590075943,142.53696465728643,0.0,31.12021384161792,66.31230368340044,0.0,0.0,0
2023-12-06 02:45:00,T Nagar,28.0,150,22.95342930295401,123.96324926147656,,,,0.0,0.0,0
2023-12-06 03:00:00,Guindy,28.0,150,25.019140793946903,146.66162756147966,,,,0.0,0.0,0
2023-12-06 03:15:00,Tambaram,28.0,150,38.06943802014095,164.9589131089279,,,,0.0,0.0,0
2023-12-06 03:30:00,T Nagar,28.0,150,32.92151728241446,152.18154613087472,,,,0.0,0.0,0
2023-12-06 03:45:00,T Nagar,28.0,150,27.14094579292491,163.09458314759115,,,,0.0,0.0,0
2023-12-06 04:00:00,Tambaram,28.0,150,27.667013210597386,142.57028319944814,,,,0.0,0.0,0
2023-12-06 04:15:00,Chromepet,28.0,150,21.297769835932247,119.87729440200235,,,,0.0,0.0,0
2023-12-06 04:30:00,Chromepet,28.0,150,27.486859230488182,120.57023032778487,,,,0.0,0.0,0
2023-12-06 04:45:00,Velachery,28.0,150,34.623857296097924,126.22148483074061,,,,0.0,0.0,0
2023-12-06 05:00:00,T Nagar,28.0,150,24.840921684638005,178.37667932675208,,,,0.0,0.0,0
2023-12-06 05:15:00,Guindy,28.0,150,31.538690044509572,131.94713537555972,,,,0.0,0.0,0
2023-12-06 05:30:00,Adyar,28.0,150,25.158283855759322,171.22318814347196,,,,0.0,0.0,0
2023-12-06 05:45:00,Chromepet,28.0,150,22.9090973630618,143.13027027774166,,,,0.0,0.0,0
2023-12-06 06:00:00,Chromepet,28.0,150,25.6029420611821,152.53916248375185,,,,0.0,0.0,0
2023-12-06 06:15:00,Adyar,28.0,150,26.306442436943804,167.6884573883936,,,,0.0,0.0,0
2023-12-06 06:30:00,Tambaram,28.0,150,35.08592870566679,152.26918279806912,,,,0.0,0.0,0
2023-12-06 06:45:00,Velachery,28.0,150,25.686463080545288,159.4759623479901,,,,0.0,0.0,0
2023-12-06 07:00:00,Tambaram,28.0,150,22.594390718771027,133.4276984275955,,,,0.0,0.0,0
2023-12-06 07:15:00,Adyar,28.0,150,36.056783638323964,135.65945873061818,,,,0.0,0.0,0
2023-12-06 07:30:00,Adyar,28.0,150,28.232827831537712,172.99963112301361,,,,0.0,0.0,0
2023-12-06 07:45:00,Adyar,28.0,150,19.080120070318827,182.5101563589509,,,,0.0,0.0,0
2023-12-06 08:00:00,T Nagar,28.0,150,28.4046355287453,149.91408574869428,0.0,27.21094960751642,89.00423128573621,0.0,0.0,0
2023-12-06 08:15:00,Chromepet,28.0,150,39.08373528642907,106.7394480815657,0.0,26.54083915367531,69.89221546644997,0.0,0.0,0
2023-12-06 08:30:00,T Nagar,28.0,150,31.833843208825186,124.89476396347499,,,,0.0,0.0,0
2023-12-06 08:45:00,Velachery,28.0,150,36.995638155503066,140.50317365075566,,,,0.0,0.0,0
2023-12-06 09:00:00,Guindy,28.0,150,31.596781072264115,144.87649570049342,,,,0.0,0.0,0
2023-12-06 09:15:00,Guindy,28.0,150,18.263625392307997,144.44889161204338,,,,0.0,0.0,0
2023-12-06 09:30:00,T Nagar,28.0,150,34.93820195158829,166.25431412663178,0.0,29.943705993375566,111.08500678585031,0.0,0.0,0
2023-12-06 09:45:00,Velachery,28.0,150,19.22628391089453,128.3350370046564,0.0,26.43276797407916,53.73997958515243,0.0,0.0,0
2023-12-06 10:00:00,Adyar,28.0,150,23.635581100304947,168.78508622194744,,,,0.0,0.0,0
2023-12-06 10:15:00,Chromepet,28.0,150,17.43180729411267,131.72396780390528,,,,0.0,0.0,0
2023-12-06 10:30:00,Velachery,28.0,150,26.663389731234734,148.60773750594936,0.0,27.451834362307295,122.3767329783729,0.0,0.0,0
2023-12-06 10:45:00,Tambaram,28.0,150,27.30471048981911,181.08331006312193,0.0,27.77840398894959,85.0493334175209,0.0,0.0,0
2023-12-06 11:00:00,Guindy,28.0,150,24.516093782079185,140.60066782750806,,,,0.0,0.0,0
2023-12-06 11:15:00,Velachery,28.0,150,24.43052930585575,121.61910841653331,0.0,26.203476481122784,130.54702683199173,0.0,0.0,0
2023-12-06 11:30:00,Chromepet,28.0,150,32.50397245809767,179.02635752134557,0.0,29.72072142203009,93.28762830769361,0.0,0.0,0
2023-12-06 11:45:00,Tambaram,28.0,150,25.02130904447045,123.99024189612479,,,,0.0,0.0,0
2023-12-06 12:00:00,Velachery,28.0,150,30.544364979428117,128.46190246271334,,,,0.0,0.0,0
2023-12-06 12:15:00,Velachery,28.0,150,28.54362449227424,158.30910768259272,0.0,26.13145029066035,63.29399727746478,0.0,0.0,0
2023-12-06 12:30:00,Adyar,28.0,150,28.8917118064726,134.4635699957953,,,,0.0,0.0,0
2023-12-06 12:45:00,Guindy,28.0,150,35.789585947571894,156.1975427867537,,,,0.0,0.0,0
2023-12-06 13:00:00,Tambaram,28.0,150,23.126749827765995,147.58165672280037,,,,0.0,0.0,0
2023-12-06 13:15:00,Guindy,28.0,150,30.764762079088264,143.48052790121764,,,,0.0,0.0,0
2023-12-06 13:30:00,Adyar,28.0,150,32.620194288757595,160.74957777621069,,,,0.0,0.0,0
2023-12-06 13:45:00,Adyar,28.0,150,32.872148197643384,155.14560288590783,,,,0.0,0.0,0
2023-12-06 14:00:00,Chromepet,28.0,150,32.29620971453039,148.40365882288825,,,,0.0,0.0,0
2023-12-06 14:15:00,Adyar,28.0,150,29.85263635066446,155.92375230550323,,,,0.0,0.0,0
2023-12-06 14:30:00,Guindy,28.0,150,24.07604886280358,130.2869674842082,,,,0.0,0.0,0
2023-12-06 14:45:00,Adyar,28.0,150,34.34480780814846,160.56132901319083,1.972319841218372,27.409206770754135,56.657712280802656,0.0,0.0,0
2023-12-06 15:00:00,Guindy,28.0,150,31.574112847194026,147.56897003241326,,,,0.0,0.0,0
2023-12-06 15:15:00,Tambaram,28.0,150,23.49931080984136,153.71586854726294,0.0,31.01241079891551,100.9146512884514,0.0,0.0,0
2023-12-06 15:30:00,Tambaram,28.0,150,29.1360789867472,163.640121844299,,,,0.0,0.0,0
2023-12-06 15:45:00,Guindy,28.0,150,30.732433040071097,138.8130308758831,,,,0.0,0.0,0
2023-12-06 16:00:00,Velachery,28.0,150,30.43973729655963,109.58168393162681,,,,0.0,0.0,0
2023-12-06 16:15:00,Tambaram,28.0,150,35.97393611043714,164.15129702008662,,,,0.0,0.0,0
2023-12-06 16:30:00,Adyar,28.0,150,37.44114725333111,132.93984025987947,0.0,26.25381959006126,66.43498320441739,0.0,0.0,0
2023-12-06 16:45:00,Adyar,28.0,150,21.901589811627744,153.50305680720842,,,,0.0,0.0,0
2023-12-06 17:00:00,Guindy,28.0,150,25.501100351421538,154.64633235870505,,,,0.0,0.0,0
2023-12-06 17:15:00,Guindy,28.0,150,32.13462605132589,143.77510281483944,,,,0.0,0.0,0
2023-12-06 17:30:00,T Nagar,28.0,150,26.397503400517905,84.46178015398009,,,,0.0,0.0,0
2023-12-06 17:45:00,Adyar,28.0,150,28.82235431565006,184.09498570703013,0.0,25.119434346494014,68.60058569150254,0.0,0.0,0
2023-12-06 18:00:00,Chromepet,28.0,150,23.460312244578578,136.19704642939598,,,,0.0,0.0,0
2023-12-06 18:15:00,Chromepet,28.0,150,27.478278432387494,160.2780084751725,,,,0.0,0.0,0
2023-12-06 18:30:00,Adyar,28.0,150,33.6210676477346,155.8113924961583,0.0,28.42264390494713,69.36681220149414,0.0,0.0,0
2023-12-06 18:45:00,Adyar,28.0,150,28.705335535217145,104.25772825934646,,,,0.0,0.0,0
2023-12-06 19:00:00,Tambaram,28.0,150,21.933818551160364,145.12970930010403,0.0,30.509017677678468,63.71165626547701,0.0,0.0,0
2023-12-06 19:15:00,Guindy,28.0,150,33.296663184833456,143.76016455704388,,,,0.0,0.0,0
2023-12-06 19:30:00,Adyar,28.0,150,29.337986714366888,198.90619298848546,,,,0.0,0.0,0
2023-12-06 19:45:00,Chromepet,28.0,150,27.57693449496705,139.22310778977172,,,,0.0,0.0,0
2023-12-06 20:00:00,Chromepet,28.0,150,34.48023854033878,176.12277540603003,,,,0.0,0.0,0
2023-12-06 20:15:00,Velachery,28.0,150,25.52158188389393,157.81042213225982,,,,0.0,0.0,0
2023-12-06 20:30:00,Tambaram,28.0,150,29.89883114337391,145.9636405403871,,,,0.0,0.0,0
2023-12-06 20:45:00,Velachery,28.0,150,30.707378878789058,126.81699534900113,,,,0.0,0.0,0
2023-12-06 21:00:00,Tambaram,28.0,150,34.25502330976477,120.43850848297694,0.0,28.314425986285645,93.53091152934815,0.0,0.0,0
2023-12-06 21:15:00,T Nagar,28.0,150,36.52148336725494,150.66826202750192,0.0,30.62511707144306,134.26496880973596,0.0,0.0,0
2023-12-06 21:30:00,Velachery,28.0,150,32.26710951431411,166.01201607923983,,,,0.0,0.0,0
2023-12-06 21:45:00,T Nagar,28.0,150,26.633662087084744,145.50441391631728,,,,0.0,0.0,0
2023-12-06 22:00:00,T Nagar,28.0,150,27.97667380911584,177.12293752989143,,,,0.0,0.0,0
2023-12-06 22:15:00,Chromepet,28.0,150,26.127268145093222,101.64114318665096,,,,0.0,0.0,0
2023-12-06 22:30:00,Guindy,28.0,150,36.4797306934983,114.45154090511232,,,,0.0,0.0,0
2023-12-06 22:45:00,T Nagar,28.0,150,27.555364162123972,162.66050298835594,,,,0.0,0.0,0
2023-12-06 23:00:00,Velachery,28.0,150,15.04276691325591,146.647725776602,0.0,26.311983343116776,145.40187591534328,0.0,0.0,0
2023-12-06 23:15:00,T Nagar,28.0,150,21.199273965896488,155.17655601065323,0.0,30.09628019768614,147.5249895265198,0.0,0.0,0
2023-12-06 23:30:00,Velachery,28.0,150,17.2998461893259,173.2322963707015,,,,0.0,0.0,0
2023-12-06 23:45:00,Adyar,28.0,150,30.24597380955674,182.79945374369723,0.0,25.23933382391708,71.56613082213946,0.0,0.0,0
2023-12-07 00:00:00,Tambaram,28.0,150,21.40625902813377,170.5753628001229,0.0,28.02133380374461,105.23259542998629,0.0,0.0,0
2023-12-07 00:15:00,Tambaram,28.0,150,28.93043822475599,135.2124717523056,,,,0.0,0.0,0
2023-12-07 00:30:00,Guindy,28.0,150,26.338800331239362,157.46645118659586,,,,0.0,0.0,0
2023-12-07 00:45:00,Tambaram,28.0,150,32.127734337169905,158.39599493398575,,,,0.0,0.0,0
2023-12-07 01:00:00,Tambaram,28.0,150,31.02522011268286,143.8309794688444,,,,0.0,0.0,0
2023-12-07 01:15:00,Chromepet,28.0,150,27.67422983663434,173.1395297930696,,,,0.0,0.0,0
2023-12-07 01:30:00,Tambaram,28.0,150,23.95725179702226,157.15707432730008,,,,0.0,0.0,0
2023-12-07 01:45:00,Tambaram,28.0,150,28.11956742193047,107.18794517461663,,,,0.0,0.0,0
2023-12-07 02:00:00,Tambaram,28.0,150,34.64809427681488,139.04609089610707,,,,0.0,0.0,0
2023-12-07 02:15:00,T Nagar,28.0,150,32.60953745116868,136.69665123897022,,,,0.0,0.0,0
2023-12-07 02:30:00,Velachery,28.0,150,28.142661226920644,148.79755797362975,,,,0.0,0.0,0
2023-12-07 02:45:00,Velachery,28.0,150,30.22998801495828,139.07871101533192,,,,0.0,0.0,0
2023-12-07 03:00:00,T Nagar,28.0,150,21.523989783796843,120.48000934258911,0.0,25.506764925887484,105.6523324832082,0.0,0.0,0
2023-12-07 03:15:00,Adyar,28.0,150,31.36958430337031,153.4581199678028,,,,0.0,0.0,0
2023-12-07 03:30:00,T Nagar,28.0,150,28.892595382810594,180.90045078689602,0.0,29.901949772899442,59.98642443571922,0.0,0.0,0
2023-12-07 03:45:00,T Nagar,28.0,150,36.80451578670591,163.1625904069816,,,,0.0,0.0,0
2023-12-07 04:00:00,T Nagar,28.0,150,30.221192516918922,123.220531038822,,,,0.0,0.0,0
2023-12-07 04:15:00,Velachery,28.0,150,24.673726422107126,195.8930440919858,,,,0.0,0.0,0
2023-12-07 04:30:00,Adyar,28.0,150,30.074799703300478,107.9289532046878,,,,0.0,0.0,0
2023-12-07 04:45:00,Tambaram,28.0,150,28.09851197758773,135.53194918526256,,,,0.0,0.0,0
2023-12-07 05:00:00,Guindy,28.0,150,19.848986293906158,171.68158278698596,0.0,30.950006233294197,82.39967513345249,0.0,0.0,0
2023-12-07 05:15:00,Chromepet,28.0,150,39.48953549558538,148.63123383168454,,,,0.0,0.0,0
2023-12-07 05:30:00,Tambaram,28.0,150,21.0127633925175,142.86603424123723,,,,0.0,0.0,0
2023-12-07 05:45:00,Tambaram,28.0,150,24.486588092175236,140.17137900460384,,,,0.0,0.0,0
2023-12-07 06:00:00,Velachery,28.0,150,38.117700474038635,158.55867875641042,,,,0.0,0.0,0
2023-12-07 06:15:00,Guindy,28.0,150,21.83321446710599,156.08872296847733,0.0,31.55439388198531,54.422939418685814,0.0,0.0,0
2023-12-07 06:30:00,Guindy,28.0,150,20.250699225389678,118.10858791913219,,,,0.0,0.0,0
2023-12-07 06:45:00,Adyar,28.0,150,26.202777719627193,159.59429221824118,,,,0.0,0.0,0
2023-12-07 07:00:00,Tambaram,28.0,150,32.39421890147004,141.78921949112174,,,,0.0,0.0,0
2023-12-07 07:15:00,Adyar,28.0,150,26.99687800695357,130.42440502889605,,,,0.0,0.0,0
2023-12-07 07:30:00,T Nagar,28.0,150,33.06889737421939,148.1982561994984,,,,0.0,0.0,0
2023-12-07 07:45:00,Guindy,28.0,150,36.70246737365441,137.6409849254443,,,,0.0,0.0,0
2023-12-07 08:00:00,Adyar,28.0,150,30.289242263649214,156.9675409249802,,,,0.0,0.0,0
2023-12-07 08:15:00,Tambaram,28.0,150,21.748987908993424,136.04502504398107,0.0,25.077476408401118,80.69997965142171,0.0,0.0,0
2023-12-07 08:30:00,Velachery,28.0,150,22.41583989172878,172.03483734697645,,,,0.0,0.0,0
2023-12-07 08:45:00,Adyar,28.0,150,28.2615169154741,150.29045551933973,,,,0.0,0.0,0
2023-12-07 09:00:00,Velachery,28.0,150,26.126634686558656,160.5862903693168,,,,0.0,0.0,0
2023-12-07 09:15:00,T Nagar,28.0,150,31.860046247234724,163.580798807282,,,,0.0,0.0,0
2023-12-07 09:30:00,Adyar,28.0,150,28.915617892199503,138.31466004352163,,,,0.0,0.0,0
2023-12-07 09:45:00,Adyar,28.0,150,26.46578668878649,122.71787606690684,,,,0.0,0.0,0
2023-12-07 10:00:00,Chromepet,28.0,150,34.06012187205937,169.7793504204442,,,,0.0,0.0,0
2023-12-07 10:15:00,Adyar,28.0,150,27.272101248857364,179.25076953854006,,,,0.0,0.0,0
2023-12-07 10:30:00,Velachery,28.0,150,28.767829274042818,165.0147391790278,,,,0.0,0.0,0
2023-12-07 10:45:00,Velachery,28.0,150,23.93866968713526,125.31711874212453,,,,0.0,0.0,0
2023-12-07 11:00:00,Velachery,28.0,150,24.62409662068866,176.73414971818443,0.0,27.476019182582554,67.99212087195811,0.0,0.0,0
2023-12-07 11:15:00,Guindy,28.0,150,25.59393172400644,136.3735634961678,,,,0.0,0.0,0
2023-12-07 11:30:00,T Nagar,28.0,150,33.53676347716774,175.39226067810404,0.0,25.518498011456554,69.52891125177646,0.0,0.0,0
2023-12-07 11:45:00,Adyar,28.0,150,32.99336912973744,183.10854979399934,0.0,30.15630991397662,93.11930858564949,0.0,0.0,0
2023-12-07 12:00:00,Chromepet,28.0,150,31.444721901522435,138.22698491237347,,,,0.0,0.0,0
2023-12-07 12:15:00,Adyar,28.0,150,23.231664295812855,144.56259719467596,,,,0.0,0.0,0
2023-12-07 12:30:00,Adyar,28.0,150,27.691487580190742,159.00007867333068,,,,0.0,0.0,0
2023-12-07 12:45:00,Chromepet,28.0,150,32.88071809783474,168.37396918062865,,,,0.0,0.0,0
2023-12-07 13:00:00,T Nagar,28.0,150,33.46273996933387,157.0217627156399,0.0,27.629463784369747,113.72667948080331,0.0,0.0,0
2023-12-07 13:15:00,Guindy,28.0,150,23.334079902071274,151.42060080831868,,,,0.0,0.0,0
2023-12-07 13:30:00,Guindy,28.0,150,25.427395932528274,169.06970191466914,,,,0.0,0.0,0
2023-12-07 13:45:00,Chromepet,28.0,150,36.008673890781,204.218810834707,,,,0.0,0.0,0
2023-12-07 14:00:00,Tambaram,28.0,150,25.528994205212683,180.4493447126399,,,,0.0,0.0,0
2023-12-07 14:15:00,Adyar,28.0,150,28.3781924744282,130.9628823340883,,,,0.0,0.0,0
2023-12-07 14:30:00,Velachery,28.0,150,28.51887109971287,140.0206238285706,,,,0.0,0.0,0
2023-12-07 14:45:00,Adyar,28.0,150,28.729933470304815,120.08375311063506,,,,0.0,0.0,0
2023-12-07 15:00:00,Chromepet,28.0,150,29.547652205121267,169.21964666739197,,,,0.0,0.0,0
2023-12-07 15:15:00,Adyar,28.0,150,19.87599284532203,167.30292066681795,,,,0.0,0.0,0
2023-12-07 15:30:00,Chromepet,28.0,150,35.56723474033526,155.68730328370268,,,,0.0,0.0,0
2023-12-07 15:45:00,T Nagar,28.0,150,26.897715857377978,173.33171853675424,0.0,28.466360062037847,123.99725376337916,0.0,0.0,0
2023-12-07 16:00:00,Guindy,28.0,150,29.78734936602155,142.31881441696993,0.0,28.58336520197767,111.288069476581,0.0,0.0,0
2023-12-07 16:15:00,Adyar,28.0,150,25.313672867213818,129.2222226473408,,,,0.0,0.0,0
2023-12-07 16:30:00,Tambaram,28.0,150,26.536293356375282,125.40921940835999,,,,0.0,0.0,0
2023-12-07 16:45:00,Chromepet,28.0,150,32.607866832150805,169.10447026598368,,,,0.0,0.0,0
2023-12-07 17:00:00,Velachery,28.0,150,30.951578322793708,142.81204574691182,,,,0.0,0.0,0
2023-12-07 17:15:00,Adyar,28.0,150,20.82141723781763,171.76158559999155,,,,0.0,0.0,0
2023-12-07 17:30:00,Chromepet,28.0,150,36.016111560090614,123.78463085526434,0.0,27.998431852441822,82.8543001636182,0.0,0.0,0
2023-12-07 17:45:00,Velachery,28.0,150,27.427212328463735,169.9249233189277,,,,0.0,0.0,0
2023-12-07 18:00:00,Guindy,28.0,150,23.090008683563717,143.50299003054198,,,,0.0,0.0,0
2023-12-07 18:15:00,Chromepet,28.0,150,26.720009572353412,172.94987621447606,0.0,29.048023616977204,78.21416812261077,0.0,0.0,0
2023-12-07 18:30:00,Adyar,28.0,150,27.1845556628467,135.97497654151445,0.0,27.465734741370905,51.386155733468065,0.0,0.0,0
2023-12-07 18:45:00,Chromepet,28.0,150,27.172944116644494,158.85543263210423,,,,0.0,0.0,0
2023-12-07 19:00:00,Velachery,28.0,150,30.92987851026382,117.51927778789167,,,,0.0,0.0,0
2023-12-07 19:15:00,Velachery,28.0,150,29.000963081096412,143.6863327446511,,,,0.0,0.0,0
2023-12-07 19:30:00,Adyar,28.0,150,38.87764838080813,173.8388317214377,,,,0.0,0.0,0
2023-12-07 19:45:00,Guindy,28.0,150,28.457145160849088,109.70459411703389,,,,0.0,0.0,0
2023-12-07 20:00:00,Velachery,28.0,150,35.660593067852965,156.2431710572945,,,,0.0,0.0,0
2023-12-07 20:15:00,Guindy,28.0,150,34.850574455290634,154.00766699877548,,,,0.0,0.0,0
2023-12-07 20:30:00,Adyar,28.0,150,30.454675911339276,168.89077094144153,0.0,27.075982183684967,64.25644431365507,0.0,0.0,0
2023-12-07 20:45:00,T Nagar,28.0,150,22.41298741638205,158.47741792947986,,,,0.0,0.0,0
2023-12-07 21:00:00,T Nagar,28.0,150,24.195925425897485,127.05751629103213,,,,0.0,0.0,0
2023-12-07 21:15:00,Adyar,28.0,150,31.38683746390521,139.39786097473404,,,,0.0,0.0,0
2023-12-07 21:30:00,T Nagar,28.0,150,27.893696765836125,145.65495468155635,,,,0.0,0.0,0
2023-12-07 21:45:00,Guindy,28.0,150,32.59443429685667,138.28972650703852,,,,0.0,0.0,0
2023-12-07 22:00:00,Velachery,28.0,150,36.95171116562433,165.08262952109666,,,,0.0,0.0,0
2023-12-07 22:15:00,Chromepet,28.0,150,30.84095214636395,172.06811084753247,,,,0.0,0.0,0
2023-12-07 22:30:00,T Nagar,28.0,150,21.621383635542173,109.67195187546557,,,,0.0,0.0,0
2023-12-07 22:45:00,T Nagar,28.0,150,28.050309415864533,179.30502659342974,,,,0.0,0.0,0
2023-12-07 23:00:00,Chromepet,28.0,150,11.131295311405793,130.6545363205875,0.0,26.609297321273072,52.467856762075485,0.0,0.0,0
2023-12-07 23:15:00,Chromepet,28.0,150,28.817529453405765,149.16071997030846,,,,0.0,0.0,0
2023-12-07 23:30:00,Guindy,28.0,150,34.13532066954152,158.3001932761091,,,,0.0,0.0,0
2023-12-07 23:45:00,T Nagar,28.0,150,32.66058208678481,155.40523002662925,,,,0.0,0.0,0
2023-12-08 00:00:00,Chromepet,28.0,150,29.840318341579216,198.9131958422653,,,,0.0,0.0,0
2023-12-08 00:15:00,Chromepet,28.0,150,28.163471797632813,162.55761488909548,,,,0.0,0.0,0
2023-12-08 00:30:00,Velachery,28.0,150,28.907113391932537,142.72482249767972,,,,0.0,0.0,0
2023-12-08 00:45:00,T Nagar,28.0,150,26.442420774671568,132.19704408180257,,,,0.0,0.0,0
2023-12-08 01:00:00,Tambaram,28.0,150,28.87911583882416,150.37912460659365,,,,0.0,0.0,0
2023-12-08 01:15:00,Adyar,28.0,150,27.973229401739676,150.5136197264195,,,,0.0,0.0,0
2023-12-08 01:30:00,T Nagar,28.0,150,31.834039562663467,176.9632534834186,0.0,26.30777938147668,138.1279131770599,0.0,0.0,0
2023-12-08 01:45:00,Velachery,28.0,150,30.689829782296986,127.38532972904096,,,,0.0,0.0,0
2023-12-08 02:00:00,Adyar,28.0,150,35.19744754891212,156.87179892674348,,,,0.0,0.0,0
2023-12-08 02:15:00,Velachery,28.0,150,20.937517254186968,156.88270506165,,,,0.0,0.0,0
2023-12-08 02:30:00,Velachery,28.0,150,21.081324342652167,198.1234108645421,,,,0.0,0.0,0
2023-12-08 02:45:00,Guindy,28.0,150,23.37517566171489,142.6351371827514,,,,0.0,0.0,0
2023-12-08 03:00:00,Chromepet,28.0,150,29.685486608079465,173.87764042823275,0.0,31.77467009014058,144.90465594880916,0.0,0.0,0
2023-12-08 03:15:00,Tambaram,28.0,150,25.603121195270113,132.42541708422098,,,,0.0,0.0,0
2023-12-08 03:30:00,Adyar,28.0,150,31.134836522657427,116.948599814934,,,,0.0,0.0,0
2023-12-08 03:45:00,Chromepet,28.0,150,31.614004520491733,140.59476489645414,,,,0.0,0.0,0
2023-12-08 04:00:00,Chromepet,28.0,150,31.10985471668673,169.83102420232436,,,,0.0,0.0,0
2023-12-08 04:15:00,Guindy,28.0,150,32.552989029026094,128.329618574068,,,,0.0,0.0,0
2023-12-08 04:30:00,T Nagar,28.0,150,25.078855484368653,137.17744433534187,,,,0.0,0.0,0
2023-12-08 04:45:00,Tambaram,28.0,150,34.1919018703558,163.400668133767,,,,0.0,0.0,0
2023-12-08 05:00:00,Chromepet,28.0,150,25.279177824877323,145.8114592534476,,,,0.0,0.0,0
2023-12-08 05:15:00,Tambaram,28.0,150,24.27989352126569,114.60286741173553,,,,0.0,0.0,0
2023-12-08 05:30:00,Velachery,28.0,150,27.59312373845616,197.730820573351,,,,0.0,0.0,0
2023-12-08 05:45:00,T Nagar,28.0,150,24.59977046036002,153.46608976608576,,,,0.0,0.0,0
2023-12-08 06:00:00,Adyar,28.0,150,21.85861285669411,191.34518741663527,,,,0.0,0.0,0
2023-12-08 06:15:00,Chromepet,28.0,150,29.86817697391011,159.31657840498463,,,,0.0,0.0,0
2023-12-08 06:30:00,Adyar,28.0,150,36.745995927110954,145.086690982898,,,,0.0,0.0,0
2023-12-08 06:45:00,Chromepet,28.0,150,26.3599255780716,141.0771851728671,,,,0.0,0.0,0
2023-12-08 07:00:00,Chromepet,28.0,150,28.430294219578524,175.30704442082703,,,,0.0,0.0,0
2023-12-08 07:15:00,Chromepet,28.0,150,24.33911683948292,121.53047885717524,,,,0.0,0.0,0
2023-12-08 07:30:00,Tambaram,28.0,150,24.075006239734854,158.37861234991087,,,,0.0,0.0,0
2023-12-08 07:45:00,Velachery,28.0,150,35.11469684655219,105.03822032471713,,,,0.0,0.0,0
2023-12-08 08:00:00,T Nagar,28.0,150,19.577399322811743,150.22391035582552,,,,0.0,0.0,0
2023-12-08 08:15:00,Velachery,28.0,150,27.94124079771603,174.55606166862424,,,,0.0,0.0,0
2023-12-08 08:30:00,Velachery,28.0,150,29.93530342225294,167.41661836241917,,,,0.0,0.0,0
2023-12-08 08:45:00,Guindy,28.0,150,24.664980565536982,142.8970370257022,,,,0.0,0.0,0
2023-12-08 09:00:00,T Nagar,28.0,150,28.159415466694448,140.92485772536654,,,,0.0,0.0,0
2023-12-08 09:15:00,Chromepet,28.0,150,34.35741168132206,126.29869969996993,,,,0.0,0.0,0
2023-12-08 09:30:00,Guindy,28.0,150,29.357690706071068,191.82032345432503,,,,0.0,0.0,0
2023-12-08 09:45:00,Guindy,28.0,150,26.112414480083757,146.6023213908674,,,,0.0,0.0,0
2023-12-08 10:00:00,Velachery,28.0,150,26.680265971320296,162.59051503787353,,,,0.0,0.0,0
2023-12-08 10:15:00,Adyar,28.0,150,19.87354747924649,125.46182158997203,,,,0.0,0.0,0
2023-12-08 10:30:00,Chromepet,28.0,150,28.9632928583319,158.68991217191126,,,,0.0,0.0,0
2023-12-08 10:45:00,Adyar,28.0,150,23.760189493009555,148.92009840823542,,,,0.0,0.0,0
2023-12-08 11:00:00,Velachery,28.0,150,25.393044202235245,154.4495991808449,,,,0.0,0.0,0
2023-12-08 11:15:00,Velachery,28.0,150,23.67163719342021,137.15177283636262,,,,0.0,0.0,0
2023-12-08 11:30:00,Chromepet,28.0,150,31.962498553197165,136.02895480049483,,,,0.0,0.0,0
2023-12-08 11:45:00,Tambaram,28.0,150,21.60007382641318,153.80588120943847,,,,0.0,0.0,0
2023-12-08 12:00:00,Adyar,28.0,150,31.34499304260967,121.06952694778944,,,,0.0,0.0,0
2023-12-08 12:15:00,Tambaram,28.0,150,34.546487996248295,156.791208215046,,,,0.0,0.0,0
2023-12-08 12:30:00,Chromepet,28.0,150,28.62763614023434,158.83679723084205,,,,0.0,0.0,0
2023-12-08 12:45:00,Tambaram,28.0,150,28.193144712326237,127.62552146264285,,,,0.0,0.0,0
2023-12-08 13:00:00,Velachery,28.0,150,26.781400055539386,151.8310206921722,,,,0.0,0.0,0
2023-12-08 13:15:00,Chromepet,28.0,150,32.1861755748097,134.49127227449597,,,,0.0,0.0,0
2023-12-08 13:30:00,Guindy,28.0,150,27.42707460841455,98.54113748526899,,,,0.0,0.0,0
2023-12-08 13:45:00,Velachery,28.0,150,24.189751314858132,150.16564874640707,,,,0.0,0.0,0
2023-12-08 14:00:00,Chromepet,28.0,150,19.10827711996793,161.5917811622973,,,,0.0,0.0,0
2023-12-08 14:15:00,Guindy,28.0,150,30.25320880351674,145.93156041249284,,,,0.0,0.0,0
2023-12-08 14:30:00,Tambaram,28.0,150,31.560791763654095,158.81110574907578,,,,0.0,0.0,0
2023-12-08 14:45:00,Guindy,28.0,150,26.367019129603477,108.71175556215837,,,,0.0,0.0,0
2023-12-08 15:00:00,T Nagar,28.0,150,29.037470204462693,127.61967674966084,,,,0.0,0.0,0
2023-12-08 15:15:00,Velachery,28.0,150,19.954352299794202,163.9215729451466,,,,0.0,0.0,0
2023-12-08 15:30:00,Adyar,28.0,150,30.178193230209033,163.67060380410652,,,,0.0,0.0,0
2023-12-08 15:45:00,Tambaram,28.0,150,31.14522572260087,166.5852809459655,,,,0.0,0.0,0
2023-12-08 16:00:00,Tambaram,28.0,150,30.6678675437903,169.88017844589217,,,,0.0,0.0,0
2023-12-08 16:15:00,Adyar,28.0,150,35.296957764085576,164.3022009578864,0.7281354918943462,25.059335846656925,73.80228740166524,0.0,0.0,0
2023-12-08 16:30:00,Adyar,28.0,150,30.656289954046084,171.10168657496985,,,,0.0,0.0,0
2023-12-08 16:45:00,Velachery,28.0,150,28.31856397204606,160.0999193818859,,,,0.0,0.0,0
2023-12-08 17:00:00,Adyar,28.0,150,24.23329675093695,129.88518552099336,,,,0.0,0.0,0
2023-12-08 17:15:00,Guindy,28.0,150,32.18856502500647,134.79454058756906,,,,0.0,0.0,0
2023-12-08 17:30:00,Tambaram,28.0,150,28.974550207278437,154.44660540004634,,,,0.0,0.0,0
2023-12-08 17:45:00,Adyar,28.0,150,20.865233182682335,138.75676494123735,,,,0.0,0.0,0
2023-12-08 18:00:00,Chromepet,28.0,150,20.17841287732442,191.39053315520573,,,,0.0,0.0,0
2023-12-08 18:15:00,Adyar,28.0,150,17.524618040156444,111.0152998803778,0.0,26.859304285010218,87.71561802937846,0.0,0.0,0
2023-12-08 18:30:00,Chromepet,28.0,150,22.51692201757331,151.3527200893139,,,,0.0,0.0,0
2023-12-08 18:45:00,Adyar,28.0,150,29.277919652524385,161.52800627086563,,,,0.0,0.0,0
2023-12-08 19:00:00,Chromepet,28.0,150,32.410613050284525,182.55252810946186,,,,0.0,0.0,0
2023-12-08 19:15:00,Velachery,28.0,150,23.17044885944602,159.0639762397206,,,,0.0,0.0,0
2023-12-08 19:30:00,Tambaram,28.0,150,26.3058907769065,136.8870453862231,,,,0.0,0.0,0
2023-12-08 19:45:00,Guindy,28.0,150,31.716319810131886,125.13959408279588,,,,0.0,0.0,0
2023-12-08 20:00:00,Tambaram,28.0,150,27.60586140755124,152.71607905381396,,,,0.0,0.0,0
2023-12-08 20:15:00,Guindy,28.0,150,30.265156162317986,119.65411226667982,0.0,25.322898800840296,111.29694800802353,0.0,0.0,0
2023-12-08 20:30:00,Adyar,28.0,150,32.20577963446065,143.15032845147022,,,,0.0,0.0,0
2023-12-08 20:45:00,Adyar,28.0,150,39.58346162577297,149.51147698720763,,,,0.0,0.0,0
2023-12-08 21:00:00,Adyar,28.0,150,27.9234243204947,149.44717909237934,,,,0.0,0.0,0
2023-12-08 21:15:00,Chromepet,28.0,150,25.43480679084814,150.44756912514495,,,,0.0,0.0,0
2023-12-08 21:30:00,Chromepet,28.0,150,20.429890789467954,131.620554888295,,,,0.0,0.0,0
2023-12-08 21:45:00,Tambaram,28.0,150,27.948149626064303,161.28516094512293,,,,0.0,0.0,0
2023-12-08 22:00:00,Guindy,28.0,150,28.534796864437173,152.07913021044544,,,,0.0,0.0,0
2023-12-08 22:15:00,Velachery,28.0,150,33.653079299269244,156.04948108095863,,,,0.0,0.0,0
2023-12-08 22:30:00,Guindy,28.0,150,34.97266302978907,128.45942909576155,,,,0.0,0.0,0
2023-12-08 22:45:00,Velachery,28.0,150,41.67769386834364,168.8111153244214,,,,0.0,0.0,0
2023-12-08 23:00:00,Chromepet,28.0,150,29.150981261520034,113.97061969405603,,,,0.0,0.0,0
2023-12-08 23:15:00,Chromepet,28.0,150,28.455719539159603,166.5866274835037,,,,0.0,0.0,0
2023-12-08 23:30:00,Tambaram,28.0,150,23.056873523864137,157.4520750858299,,,,0.0,0.0,0
2023-12-08 23:45:00,Adyar,28.0,150,22.666739904809113,152.87624969250527,,,,0.0,0.0,0
2023-12-09 00:00:00,Guindy,28.0,150,32.087044090048884,149.28179096254775,,,,0.0,0.0,0
2023-12-09 00:15:00,Guindy,28.0,150,31.608219226536832,145.94156736662615,,,,0.0,0.0,0
2023-12-09 00:30:00,Velachery,28.0,150,26.663946901620918,163.03996465279815,,,,0.0,0.0,0
2023-12-09 00:45:00,Adyar,28.0,150,36.38571400273679,149.65807931210836,,,,0.0,0.0,0
2023-12-09 01:00:00,Tambaram,28.0,150,27.19010784278439,170.78757027711825,,,,0.0,0.0,0
2023-12-09 01:15:00,Velachery,28.0,150,23.63356210964614,115.05174591028364,,,,0.0,0.0,0
2023-12-09 01:30:00,Chromepet,28.0,150,29.88040219453523,112.3816447666204,0.0,31.195551117205124,130.96359140142698,0.0,0.0,0
2023-12-09 01:45:00,Velachery,28.0,150,27.66787607311168,166.62073227693787,,,,0.0,0.0,0
2023-12-09 02:00:00,Chromepet,28.0,150,20.56460521818081,132.76933958961533,0.0,25.43318807619677,70.31884247998539,0.0,0.0,0
2023-12-09 02:15:00,Chromepet,28.0,150,26.663492023109736,170.75116887728385,,,,0.0,0.0,0
2023-12-09 02:30:00,Chromepet,28.0,150,26.182594890463886,173.707137264803,0.0,28.225420608405543,140.3951002572228,0.0,0.0,0
2023-12-09 02:45:00,Velachery,28.0,150,30.26660789255163,114.2121830038719,,,,0.0,0.0,0
2023-12-09 03:00:00,Guindy,28.0,150,32.03302389216485,151.63948378947478,,,,0.0,0.0,0
2023-12-09 03:15:00,Chromepet,28.0,150,31.585717362424163,120.66351800277012,,,,0.0,0.0,0
2023-12-09 03:30:00,Velachery,28.0,150,27.229348081141353,137.27051831223653,0.0,31.93065707266738,116.01561666078005,0.0,0.0,0
2023-12-09 03:45:00,Chromepet,28.0,150,23.146353277045606,160.18836739743168,0.0,30.228667432150154,76.07972243816779,0.0,0.0,0
2023-12-09 04:00:00,Velachery,28.0,150,31.34174679484524,153.93314238153485,,,,0.0,0.0,0
2023-12-09 04:15:00,Guindy,28.0,150,26.036911888585607,124.58033665505172,,,,0.0,0.0,0
2023-12-09 04:30:00,Adyar,28.0,150,15.06985223118166,146.03736302235623,,,,0.0,0.0,0
2023-12-09 04:45:00,Velachery,28.0,150,21.84697191222584,139.02794906771575,,,,0.0,0.0,0
2023-12-09 05:00:00,Chromepet,28.0,150,24.822258274147945,115.92755640215191,,,,0.0,0.0,0
2023-12-09 05:15:00,T Nagar,28.0,150,32.75616281602652,172.79019533249695,,,,0.0,0.0,0
2023-12-09 05:30:00,T Nagar,28.0,150,24.549414338769253,133.9944097714329,,,,0.0,0.0,0
2023-12-09 05:45:00,T Nagar,28.0,150,26.501636689094546,181.43869762337866,,,,0.0,0.0,0
2023-12-09 06:00:00,T Nagar,28.0,150,23.33185249209996,138.36248373259843,,,,0.0,0.0,0
2023-12-09 06:15:00,Guindy,28.0,150,32.16929605480338,164.42859318979092,,,,0.0,0.0,0
2023-12-09 06:30:00,Adyar,28.0,150,18.187864515138447,136.79790151232268,,,,0.0,0.0,0
2023-12-09 06:45:00,T Nagar,28.0,150,22.585235840809034,158.95003907484687,0.0,28.214788741642224,131.0605604840888,0.0,0.0,0
2023-12-09 07:00:00,T Nagar,28.0,150,29.87256207835261,159.3307248367969,,,,0.0,0.0,0
2023-12-09 07:15:00,Chromepet,28.0,150,23.460267711316988,170.49612824392727,,,,0.0,0.0,0
2023-12-09 07:30:00,Tambaram,28.0,150,22.064775894181054,153.98042518469626,,,,0.0,0.0,0
2023-12-09 07:45:00,Chromepet,28.0,150,28.299737639797886,175.30854107606206,,,,0.0,0.0,0
2023-12-09 08:00:00,Chromepet,28.0,150,27.943350978999423,166.473300713178,,,,0.0,0.0,0
2023-12-09 08:15:00,Adyar,28.0,150,30.31592898386442,147.10522860274534,0.0,27.978161605365038,132.808718866101,0.0,0.0,0
2023-12-09 08:30:00,Chromepet,28.0,150,28.739821820082923,130.18055790312417,,,,0.0,0.0,0
2023-12-09 08:45:00,Tambaram,28.0,150,29.43616503020705,134.49051791865259,,,,0.0,0.0,0
2023-12-09 09:00:00,Adyar,28.0,150,35.12342164729,124.9777839133713,,,,1.0,0.0,0
2023-12-09 09:15:00,Velachery,28.0,150,26.330759541000486,141.53416697371873,,,,0.0,0.0,0
2023-12-09 09:30:00,Guindy,28.0,150,25.25847470295219,162.54649424491242,0.0,29.9559186056916,63.63349025861875,0.0,0.0,0
2023-12-09 09:45:00,T Nagar,28.0,150,20.088190671507164,160.27031706787477,,,,0.0,0.0,0
2023-12-09 10:00:00,T Nagar,28.0,150,23.493219706454415,154.3856956945824,,,,0.0,0.0,0
2023-12-09 10:15:00,Velachery,28.0,150,29.99532667322971,157.42575724192972,,,,0.0,0.0,0
2023-12-09 10:30:00,Tambaram,28.0,150,28.1800585644561,183.3241983779247,,,,0.0,0.0,0
2023-12-09 10:45:00,Tambaram,28.0,150,33.869119090915255,115.73746959241217,0.0,28.912976126264738,71.56579484558378,0.0,0.0,0
2023-12-09 11:00:00,T Nagar,28.0,150,22.440568651975013,146.94917589917964,,,,0.0,0.0,0
2023-12-09 11:15:00,Guindy,28.0,150,31.874970920822044,112.33794172179567,,,,0.0,0.0,0
2023-12-09 11:30:00,T Nagar,28.0,150,26.046212454193256,180.30153958931555,,,,0.0,0.0,0
2023-12-09 11:45:00,Guindy,28.0,150,25.672682101228233,143.04321532553703,,,,0.0,0.0,0
2023-12-09 12:00:00,T Nagar,28.0,150,33.38057330626573,140.51516813762905,,,,0.0,0.0,0
2023-12-09 12:15:00,T Nagar,28.0,150,25.50653798807582,133.06514134577947,,,,0.0,0.0,0
2023-12-09 12:30:00,Adyar,28.0,150,34.1659665513325,160.6081069852919,0.0,30.048495992150773,103.02966085204683,0.0,0.0,0
2023-12-09 12:45:00,Chromepet,28.0,150,34.53936824513131,155.03083060966833,,,,0.0,0.0,0
2023-12-09 13:00:00,T Nagar,28.0,150,28.631956982646102,164.44873916048107,,,,0.0,0.0,0
2023-12-09 13:15:00,Tambaram,28.0,150,29.50638326276266,151.7623062131883,,,,0.0,0.0,0
2023-12-09 13:30:00,T Nagar,28.0,150,28.37184854533055,150.90187398201343,,,,0.0,0.0,0
2023-12-09 13:45:00,T Nagar,28.0,150,27.350152919809045,192.25590217756965,,,,0.0,0.0,0
2023-12-09 14:00:00,Chromepet,28.0,150,26.9120496873307,145.06681785554983,,,,0.0,0.0,0
2023-12-09 14:15:00,Velachery,28.0,150,32.81855737579093,164.41744951606208,,,,0.0,0.0,0
2023-12-09 14:30:00,T Nagar,28.0,150,26.43185417151524,181.59372599185926,,,,0.0,0.0,0
2023-12-09 14:45:00,Guindy,28.0,150,29.984018065047675,121.70197649767124,,,,0.0,0.0,0
2023-12-09 15:00:00,Adyar,28.0,150,30.96649960397141,202.37487883035004,,,,0.0,0.0,0
2023-12-09 15:15:00,Tambaram,28.0,150,24.648687950864897,162.58640482744323,,,,0.0,0.0,0
2023-12-09 15:30:00,Adyar,28.0,150,30.772580195468436,147.0824830418924,,,,0.0,0.0,0
2023-12-09 15:45:00,Guindy,28.0,150,26.356696011010804,131.97695437682913,0.0,31.964944637881977,60.82406217289896,0.0,0.0,0
2023-12-09 16:00:00,Adyar,28.0,150,26.01782650816534,173.9760551016976,,,,0.0,0.0,0
2023-12-09 16:15:00,Guindy,28.0,150,29.621789364906665,131.9200242017065,,,,0.0,0.0,0
2023-12-09 16:30:00,Guindy,28.0,150,22.21306713031393,130.997296179482,0.0,27.690709513199618,110.34187254681498,0.0,0.0,0
2023-12-09 16:45:00,Guindy,28.0,150,29.48281483836166,191.1387945071461,,,,0.0,0.0,0
2023-12-09 17:00:00,Tambaram,28.0,150,31.80388432055707,135.98914587408117,,,,0.0,0.0,0
2023-12-09 17:15:00,Velachery,28.0,150,25.559992761657096,181.70871621357267,,,,0.0,0.0,0
2023-12-09 17:30:00,Velachery,28.0,150,19.517790438574497,175.7037338195457,,,,0.0,0.0,0
2023-12-09 17:45:00,Chromepet,28.0,150,29.558367293542826,179.64207932110793,,,,0.0,0.0,0
2023-12-09 18:00:00,Chromepet,28.0,150,32.91169812579264,169.6581468123196,0.0,27.980971447564677,75.74462850579164,0.0,0.0,0
2023-12-09 18:15:00,Tambaram,28.0,150,26.6842326239014,148.03640953830745,0.0,26.105376700262962,119.85192061802714,0.0,0.0,0
2023-12-09 18:30:00,Tambaram,28.0,150,33.87879644426894,199.90686779262694,,,,0.0,0.0,0
2023-12-09 18:45:00,Guindy,28.0,150,25.777178924199347,174.86508065077584,,,,0.0,0.0,0
2023-12-09 19:00:00,Tambaram,28.0,150,25.518176620675902,177.8623241230773,,,,0.0,0.0,0
2023-12-09 19:15:00,Velachery,28.0,150,36.15597695957019,158.64591826430038,0.0,31.86643907968815,85.27500959380671,0.0,0.0,0
2023-12-09 19:30:00,Adyar,28.0,150,29.060650371193216,97.35867409862948,,,,0.0,0.0,0
2023-12-09 19:45:00,Chromepet,28.0,150,33.924749911651695,158.13809487625355,,,,0.0,0.0,0
2023-12-09 20:00:00,T Nagar,28.0,150,33.49424089793255,120.64728513861868,,,,0.0,0.0,0
2023-12-09 20:15:00,Tambaram,28.0,150,23.833901956783492,156.74277197621592,,,,0.0,0.0,0
2023-12-09 20:30:00,Adyar,28.0,150,34.04168795022902,117.68848457435563,0.0,27.762567045987275,94.09565397304212,0.0,0.0,0
2023-12-09 20:45:00,Guindy,28.0,150,23.079303351407404,139.49767514961047,,,,0.0,0.0,0
2023-12-09 21:00:00,T Nagar,28.0,150,31.838670571656095,109.04533830479897,,,,0.0,0.0,0
2023-12-09 21:15:00,Adyar,28.0,150,25.32311429745092,124.06095747791562,,,,0.0,0.0,0
2023-12-09 21:30:00,Adyar,28.0,150,30.296486685900124,142.2784393865183,,,,0.0,0.0,0
2023-12-09 21:45:00,T Nagar,28.0,150,27.21982469367752,100.43214515962026,0.0,29.042758198038822,58.96013475144457,0.0,0.0,0
2023-12-09 22:00:00,Guindy,28.0,150,36.0129475723391,164.57534341636457,0.0,31.884249852835815,78.99117316773047,0.0,0.0,0
2023-12-09 22:15:00,Chromepet,28.0,150,29.62394889752757,161.5381170270792,,,,0.0,0.0,0
2023-12-09 22:30:00,Velachery,28.0,150,22.345300088157575,154.89922756194426,,,,0.0,0.0,0
2023-12-09 22:45:00,Adyar,28.0,150,32.55571609757635,153.3459494161112,,,,0.0,0.0,0
2023-12-09 23:00:00,Tambaram,28.0,150,29.813026712278482,153.44662882656405,,,,0.0,0.0,0
2023-12-09 23:15:00,Velachery,28.0,150,35.40413771877356,138.45755372588053,,,,0.0,0.0,0
2023-12-09 23:30:00,Adyar,28.0,150,27.872977566984865,151.2590778100524,,,,0.0,0.0,0
2023-12-09 23:45:00,Tambaram,28.0,150,28.582708587596272,123.10895160992267,,,,0.0,0.0,0
2023-12-10 00:00:00,Chromepet,28.0,150,32.68777388884313,169.9755649576083,,,,0.0,0.0,0
